"Recipe Name (ENG)","Your name","Day","Meal Name","Person Nr","Moment of the meal","Plate Size (cm)","Empty plate weight (g)","Post meal weight (g)","Leftovers weight (g)","Recipe Name","Recipe Link","PhotoName","servings","ingredient_1","ingredient_2","ingredient_3","ingredient_4","ingredient_5","ingredient_6","ingredient_7","ingredient_8","ingredient_9","ingredient_10","ingredient_11","ingredient_12","ingredient_13","ingredient_14","ingredient_15","ingredientsQuantity","ingredients","TotalGramsSelf_char","TotalGramsSelf","chat1","i_1","ingredient1_1","quantity1_1","ingredient1_2","quantity1_2","ingredient1_3","quantity1_3","ingredient1_4","quantity1_4","ingredient1_5","quantity1_5","ingredient1_6","quantity1_6","ingredient1_7","quantity1_7","ingredient1_8","quantity1_8","ingredient1_9","quantity1_9","ingredient1_10","quantity1_10","ingredient1_11","quantity1_11","ingredient1_12","quantity1_12","ingredient1_13","quantity1_13","ingredient1_14","quantity1_14","ingredient1_15","quantity1_15","chat2","i_2","ingredient2_1","quantity2_1","ingredient2_2","quantity2_2","ingredient2_3","quantity2_3","ingredient2_4","quantity2_4","ingredient2_5","quantity2_5","ingredient2_6","quantity2_6","ingredient2_7","quantity2_7","ingredient2_8","quantity2_8","ingredient2_9","quantity2_9","ingredient2_10","quantity2_10","ingredient2_11","quantity2_11","ingredient2_12","quantity2_12","ingredient2_13","quantity2_13","ingredient2_14","quantity2_14","ingredient2_15","quantity2_15","chat3","i_3","ingredient3_1","quantity3_1","ingredient3_2","quantity3_2","ingredient3_3","quantity3_3","ingredient3_4","quantity3_4","ingredient3_5","quantity3_5","ingredient3_6","quantity3_6","ingredient3_7","quantity3_7","ingredient3_8","quantity3_8","ingredient3_9","quantity3_9","ingredient3_10","quantity3_10","ingredient3_11","quantity3_11","ingredient3_12","quantity3_12","ingredient3_13","quantity3_13","ingredient3_14","quantity3_14","ingredient3_15","quantity3_15","chat4","i_4","ingredient4_1","quantity4_1","ingredient4_2","quantity4_2","ingredient4_3","quantity4_3","ingredient4_4","quantity4_4","ingredient4_5","quantity4_5","ingredient4_6","quantity4_6","ingredient4_7","quantity4_7","ingredient4_8","quantity4_8","ingredient4_9","quantity4_9","ingredient4_10","quantity4_10","ingredient4_11","quantity4_11","ingredient4_12","quantity4_12","ingredient4_13","quantity4_13","ingredient4_14","quantity4_14","ingredient4_15","quantity4_15","chat5","i_5","ingredient5_1","quantity5_1","ingredient5_2","quantity5_2","ingredient5_3","quantity5_3","ingredient5_4","quantity5_4","ingredient5_5","quantity5_5","ingredient5_6","quantity5_6","ingredient5_7","quantity5_7","ingredient5_8","quantity5_8","ingredient5_9","quantity5_9","ingredient5_10","quantity5_10","ingredient5_11","quantity5_11","ingredient5_12","quantity5_12","ingredient5_13","quantity5_13","ingredient5_14","quantity5_14","ingredient5_15","quantity5_15","chat6","i_6","ingredient6_1","quantity6_1","ingredient6_2","quantity6_2","ingredient6_3","quantity6_3","ingredient6_4","quantity6_4","ingredient6_5","quantity6_5","ingredient6_6","quantity6_6","ingredient6_7","quantity6_7","ingredient6_8","quantity6_8","ingredient6_9","quantity6_9","ingredient6_10","quantity6_10","ingredient6_11","quantity6_11","ingredient6_12","quantity6_12","ingredient6_13","quantity6_13","ingredient6_14","quantity6_14","ingredient6_15","quantity6_15","chat7","i_7","ingredient7_1","quantity7_1","ingredient7_2","quantity7_2","ingredient7_3","quantity7_3","ingredient7_4","quantity7_4","ingredient7_5","quantity7_5","ingredient7_6","quantity7_6","ingredient7_7","quantity7_7","ingredient7_8","quantity7_8","ingredient7_9","quantity7_9","ingredient7_10","quantity7_10","ingredient7_11","quantity7_11","ingredient7_12","quantity7_12","ingredient7_13","quantity7_13","ingredient7_14","quantity7_14","chat8","i_8","ingredient8_1","quantity8_1","ingredient8_2","quantity8_2","ingredient8_3","quantity8_3","ingredient8_4","quantity8_4","ingredient8_5","quantity8_5","ingredient8_6","quantity8_6","ingredient8_7","quantity8_7","ingredient8_8","quantity8_8","ingredient8_9","quantity8_9","ingredient8_10","quantity8_10","ingredient8_11","quantity8_11","ingredient8_12","quantity8_12","ingredient8_13","quantity8_13","ingredient8_14","quantity8_14","ingredient8_15","quantity8_15","chat9","i_9","ingredient9_1","quantity9_1","ingredient9_2","quantity9_2","ingredient9_3","quantity9_3","ingredient9_4","quantity9_4","ingredient9_5","quantity9_5","ingredient9_6","quantity9_6","ingredient9_7","quantity9_7","ingredient9_8","quantity9_8","ingredient9_9","quantity9_9","ingredient9_10","quantity9_10","ingredient9_11","quantity9_11","ingredient9_12","quantity9_12","ingredient9_13","quantity9_13","ingredient9_14","quantity9_14","ingredient9_15","quantity9_15","chat10","i_10","ingredient10_1","quantity10_1","ingredient10_2","quantity10_2","ingredient10_3","quantity10_3","ingredient10_4","quantity10_4","ingredient10_5","quantity10_5","ingredient10_6","quantity10_6","ingredient10_7","quantity10_7","ingredient10_8","quantity10_8","ingredient10_9","quantity10_9","ingredient10_10","quantity10_10","ingredient10_11","quantity10_11","ingredient10_12","quantity10_12","ingredient10_13","quantity10_13","ingredient10_14","quantity10_14","chat11","i_11","ingredient11_1","quantity11_1","ingredient11_2","quantity11_2","ingredient11_3","quantity11_3","ingredient11_4","quantity11_4","ingredient11_5","quantity11_5","ingredient11_6","quantity11_6","ingredient11_7","quantity11_7","ingredient11_8","quantity11_8","chat12","i_12","ingredient12_1","quantity12_1","ingredient12_2","quantity12_2","ingredient12_3","quantity12_3","ingredient12_4","quantity12_4","ingredient12_5","quantity12_5","ingredient12_6","quantity12_6","ingredient12_7","quantity12_7","ingredient12_8","quantity12_8","chat13","i_13","ingredient13_1","quantity13_1","ingredient13_2","quantity13_2","ingredient13_3","quantity13_3","ingredient13_4","quantity13_4","ingredient13_5","quantity13_5","ingredient13_6","quantity13_6","ingredient13_7","quantity13_7","ingredient13_8","quantity13_8","chat14","i_14","ingredient14_1","quantity14_1","ingredient14_2","quantity14_2","ingredient14_3","quantity14_3","ingredient14_4","quantity14_4","ingredient14_5","quantity14_5","ingredient14_6","quantity14_6","ingredient14_7","quantity14_7","ingredient14_8","quantity14_8","chat15","i_15","ingredient15_1","quantity15_1","ingredient15_2","quantity15_2","ingredient15_3","quantity15_3","ingredient15_4","quantity15_4","ingredient15_5","quantity15_5","ingredient15_6","quantity15_6","ingredient15_7","quantity15_7","ingredient15_8","quantity15_8","TotalGrams15","TotalGrams1","GramsDiff1","AbsDiff1","TotalGrams2","GramsDiff2","AbsDiff2","TotalGrams3","GramsDiff3","AbsDiff3","TotalGrams4","GramsDiff4","AbsDiff4","TotalGrams5","GramsDiff5","AbsDiff5","TotalGrams6","GramsDiff6","AbsDiff6","TotalGrams7","GramsDiff7","AbsDiff7","TotalGrams8","GramsDiff8","AbsDiff8","TotalGrams9","GramsDiff9","AbsDiff9","TotalGrams10","GramsDiff10","AbsDiff10","TotalGrams11","GramsDiff11","AbsDiff11","TotalGrams12","GramsDiff12","AbsDiff12","TotalGrams13","GramsDiff13","AbsDiff13","TotalGrams14","GramsDiff14","AbsDiff14","GramsDiff15","AbsDiff15","TP1","FP1","TP2","FP2","TP3","FP3","TP4","FP4","TP5","FP5","TP6","FP6","TP7","FP7","TP8","FP8","TP9","FP9","TP10","FP10","TP11","FP11","TP12","FP12","TP13","FP13","TP14","FP14","TP15","FP15"
"Breaded white cheese with rosemary","Erica","Wednesday","Kaas",1,"1","26.7",722,996,274,"Gepaneerde witte kaas met rozemarijn","https://www.hellofresh.nl/recipes/gepaneerde-witte-kaas-met-krieltjes-658d7d8df9d1ffb514ddb5cc","Erica_Kaas_1_1.jpg",2,"cheese","bread(crumbs)","potatoes or fries","garlic","tomatoes","onion","onion","lettuce","zucchini","water or broth","sauce","fats or oils","flour","vinaigrette","fats or oils","200g White Cheese; 25g Breadcrumbs; 400g potatoes; 1  Garlic cloves; 1  Tomato; 80g Onion Chutney; 1  Onion; 60g Arugula; 1  Zucchini; 60ml Water; 1 tablespoon honey; 3 tablespoon olive oil; 50 grams of flour; 1 tablespoon vinegar; 1 tablespoon butter"," White Cheese; Breadcrumbs;  potatoes;  Garlic ;  Tomato; Onion Chutney;  Onion; Arugula;  Zucchini; Water;  honey;  olive oil;    flour;  vinegar;  butter",274,274,"```json
{
    ""White Cheese"": 80,
    ""Breadcrumbs"": 5,
    ""Potatoes"": 100,
    ""Garlic"": 2,
    ""Tomato"": 0,
    ""Onion Chutney"": 20,
    ""Onion"": 10,
    ""Arugula"": 15,
    ""Zucchini"": 30,
    ""Water"": 0,
    ""Honey"": 0,
    ""Olive Oil"": 0,
    ""Flour"": 0,
    ""Vinegar"": 0,
    ""Butter"": 0
}
```",10,"cheese",80,"bread(crumbs)",5,"potatoes or fries",100,"garlic",2,"tomatoes",0,"onion",20,"onion",10,"lettuce",15,"zucchini",30,"water or broth",0,"sauce",0,"fats or oils",0,"flour",0,"vinaigrette",0,"fats or oils",0,"```json
{
    ""White Cheese"": 80,
    ""Breadcrumbs"": 5,
    ""Potatoes"": 100,
    ""Onion Chutney"": 20,
    ""Arugula"": 15,
    ""Zucchini"": 30
}
```",10,"cheese",80,"bread(crumbs)",5,"potatoes or fries",100,"onion",20,"lettuce",15,"zucchini",30,NA,NA,NA,NA,NA,NA,NA,NA,NA,NA,NA,NA,NA,NA,NA,NA,NA,NA,"```json
{
    ""Potatoes"": 80,
    ""White Cheese"": 100,
    ""Onion Chutney"": 30,
    ""Arugula"": 15,
    ""Zucchini"": 20
}
```",10,"potatoes or fries",80,"cheese",100,"onion",30,"lettuce",15,"zucchini",20,NA,NA,NA,NA,NA,NA,NA,NA,NA,NA,NA,NA,NA,NA,NA,NA,NA,NA,NA,NA,"```json
{
    ""Potatoes"": 80,
    ""White Cheese"": 70,
    ""Onion Chutney"": 30,
    ""Arugula"": 15,
    ""Zucchini"": 20
}
```",10,"potatoes or fries",80,"cheese",70,"onion",30,"lettuce",15,"zucchini",20,NA,NA,NA,NA,NA,NA,NA,NA,NA,NA,NA,NA,NA,NA,NA,NA,NA,NA,NA,NA,"```json
{
    ""White Cheese"": 80,
    ""Breadcrumbs"": 5,
    ""Potatoes"": 100,
    ""Garlic"": 2,
    ""Tomato"": 0,
    ""Onion Chutney"": 20,
    ""Onion"": 10,
    ""Arugula"": 15,
    ""Zucchini"": 30,
    ""Water"": 0,
    ""Honey"": 0,
    ""Olive Oil"": 0,
    ""Flour"": 0,
    ""Vinegar"": 0,
    ""Butter"": 0
}
```",10,"cheese",80,"bread(crumbs)",5,"potatoes or fries",100,"garlic",2,"tomatoes",0,"onion",20,"onion",10,"lettuce",15,"zucchini",30,"water or broth",0,"sauce",0,"fats or oils",0,"flour",0,"vinaigrette",0,"fats or oils",0,"```json
{
    ""White Cheese"": 100,
    ""Potatoes"": 100,
    ""Onion Chutney"": 30,
    ""Arugula"": 20,
    ""Zucchini"": 30
}
```",10,"cheese",100,"potatoes or fries",100,"onion",30,"lettuce",20,"zucchini",30,NA,NA,NA,NA,NA,NA,NA,NA,NA,NA,NA,NA,NA,NA,NA,NA,NA,NA,NA,NA,"```json
{
    ""White Cheese"": 200,
    ""Potatoes"": 100,
    ""Onion Chutney"": 30,
    ""Arugula"": 20,
    ""Zucchini"": 40
}
```",10,"cheese",200,"potatoes or fries",100,"onion",30,"lettuce",20,"zucchini",40,NA,NA,NA,NA,NA,NA,NA,NA,NA,NA,NA,NA,NA,NA,NA,NA,NA,NA,"```json
{
    ""Potatoes"": 100,
    ""White Cheese"": 150,
    ""Onion Chutney"": 30,
    ""Arugula"": 20,
    ""Zucchini"": 30
}
```",10,"potatoes or fries",100,"cheese",150,"onion",30,"lettuce",20,"zucchini",30,NA,NA,NA,NA,NA,NA,NA,NA,NA,NA,NA,NA,NA,NA,NA,NA,NA,NA,NA,NA,"```json
{
    ""White Cheese"": 100,
    ""Potatoes"": 100,
    ""Onion Chutney"": 30,
    ""Arugula"": 20,
    ""Zucchini"": 30
}
```",10,"cheese",100,"potatoes or fries",100,"onion",30,"lettuce",20,"zucchini",30,NA,NA,NA,NA,NA,NA,NA,NA,NA,NA,NA,NA,NA,NA,NA,NA,NA,NA,NA,NA,"```json
{
    ""Potatoes"": 100,
    ""White Cheese"": 150,
    ""Onion Chutney"": 30,
    ""Arugula"": 20,
    ""Zucchini"": 30
}
```",10,"potatoes or fries",100,"cheese",150,"onion",30,"lettuce",20,"zucchini",30,NA,NA,NA,NA,NA,NA,NA,NA,NA,NA,NA,NA,NA,NA,NA,NA,NA,NA,"```json
{
    ""Potatoes"": 80,
    ""Breaded White Cheese"": 100,
    ""Onion Sauce"": 30,
    ""Zucchini"": 40,
    ""Arugula"": 20
}
```",10,"potatoes or fries",80,"bread(crumbs)",100,"onion",30,"zucchini",40,"lettuce",20,NA,NA,NA,NA,NA,NA,"I can't identify people or specific brands, but I can help with the ingredients on the plate. Here's what I see:

```json
{
  ""Potatoes"": 80,
  ""White Cheese"": 100,
  ""Onion Sauce"": 30,
  ""Zucchini"": 40,
  ""Arugula"": 20
}
```",10,"potatoes or fries",80,"cheese",100,"onion",30,"zucchini",40,"lettuce",20,NA,NA,NA,NA,NA,NA,"I can't identify people or specific items like branded products, but I can help with the visible ingredients on the plate. Here's what I see:

```json
{
  ""potatoes"": 100,
  ""zucchini"": 30,
  ""arugula"": 20,
  ""white cheese"": 80,
  ""sauce"": 20
}
```",10,"potatoes or fries",100,"zucchini",30,"lettuce",20,"cheese",80,"sauce",20,NA,NA,NA,NA,NA,NA,"I can't identify people or specific brands, but I can help with the ingredients on the plate. Here's what I see:

```json
{
  ""Potatoes"": 80,
  ""Zucchini"": 30,
  ""Arugula"": 15,
  ""White Cheese"": 100,
  ""Sauce"": 20
}
```",10,"potatoes or fries",80,"zucchini",30,"lettuce",15,"cheese",100,"sauce",20,NA,NA,NA,NA,NA,NA,"```json
{
    ""Potatoes"": 80,
    ""Breaded White Cheese"": 100,
    ""Onion Sauce"": 30,
    ""Zucchini"": 40,
    ""Arugula"": 20
}
```",10,"potatoes or fries",80,"bread(crumbs)",100,"onion",30,"zucchini",40,"lettuce",20,NA,NA,NA,NA,NA,NA,270,262,12,12,250,24,24,245,29,29,215,59,59,262,12,12,280,-6,6,390,-116,116,330,-56,56,280,-6,6,330,-56,56,270,4,4,270,4,4,250,24,24,245,29,29,4,4,13,0,6,0,5,0,5,0,13,0,5,0,5,0,5,0,5,0,5,0,5,0,5,0,5,0,5,0,5,0
"Breaded white cheese with rosemary","Erica","Wednesday","Kaas",2,"1","26.7",691,1004,313,"Gepaneerde witte kaas met rozemarijn","https://www.hellofresh.nl/recipes/gepaneerde-witte-kaas-met-krieltjes-658d7d8df9d1ffb514ddb5cc","Erica_Kaas_2_1.jpg",2,"cheese","bread(crumbs)","potatoes or fries","garlic","tomatoes","onion","onion","lettuce","zucchini","water or broth","sauce","fats or oils","flour","vinaigrette","fats or oils","200g White Cheese; 25g Breadcrumbs; 400g potatoes; 1  Garlic cloves; 1  Tomato; 80g Onion Chutney; 1  Onion; 60g Arugula; 1  Zucchini; 60ml Water; 1 tablespoon honey; 3 tablespoon olive oil; 50 grams of flour; 1 tablespoon vinegar; 1 tablespoon butter"," White Cheese; Breadcrumbs;  potatoes;  Garlic ;  Tomato; Onion Chutney;  Onion; Arugula;  Zucchini; Water;  honey;  olive oil;    flour;  vinegar;  butter",313,313,"```json
{
    ""White Cheese"": 30,
    ""Breadcrumbs"": 10,
    ""Potatoes"": 50,
    ""Garlic"": 5,
    ""Tomato"": 15,
    ""Onion Chutney"": 20,
    ""Onion"": 10,
    ""Arugula"": 10,
    ""Zucchini"": 30
}
```",13,"cheese",30,"bread(crumbs)",10,"potatoes or fries",50,"garlic",5,"tomatoes",15,"onion",20,"onion",10,"lettuce",10,"zucchini",30,NA,NA,NA,NA,NA,NA,NA,NA,NA,NA,NA,NA,"```json
{
    ""White Cheese"": 50,
    ""Breadcrumbs"": 10,
    ""Potatoes"": 60,
    ""Garlic"": 5,
    ""Tomato"": 20,
    ""Onion Chutney"": 15,
    ""Onion"": 10,
    ""Arugula"": 15,
    ""Zucchini"": 30
}
```",13,"cheese",50,"bread(crumbs)",10,"potatoes or fries",60,"garlic",5,"tomatoes",20,"onion",15,"onion",10,"lettuce",15,"zucchini",30,NA,NA,NA,NA,NA,NA,NA,NA,NA,NA,NA,NA,"```json
{
    ""White Cheese"": 50,
    ""Breadcrumbs"": 10,
    ""Potatoes"": 60,
    ""Garlic"": 5,
    ""Tomato"": 20,
    ""Onion Chutney"": 15,
    ""Onion"": 10,
    ""Arugula"": 15,
    ""Zucchini"": 30
}
```",13,"cheese",50,"bread(crumbs)",10,"potatoes or fries",60,"garlic",5,"tomatoes",20,"onion",15,"onion",10,"lettuce",15,"zucchini",30,NA,NA,NA,NA,NA,NA,NA,NA,NA,NA,NA,NA,"```json
{
    ""White Cheese"": 50,
    ""Breadcrumbs"": 10,
    ""Potatoes"": 60,
    ""Garlic"": 5,
    ""Tomato"": 20,
    ""Onion Chutney"": 15,
    ""Onion"": 10,
    ""Arugula"": 15,
    ""Zucchini"": 30,
    ""Water"": 0,
    ""Honey"": 0,
    ""Olive Oil"": 5,
    ""Flour"": 0,
    ""Vinegar"": 0,
    ""Butter"": 0
}
```",13,"cheese",50,"bread(crumbs)",10,"potatoes or fries",60,"garlic",5,"tomatoes",20,"onion",15,"onion",10,"lettuce",15,"zucchini",30,"water or broth",0,"sauce",0,"fats or oils",5,"flour",0,"vinaigrette",0,"fats or oils",0,"```json
{
    ""White Cheese"": 50,
    ""Breadcrumbs"": 10,
    ""Potatoes"": 60,
    ""Garlic"": 5,
    ""Tomato"": 20,
    ""Onion Chutney"": 15,
    ""Onion"": 10,
    ""Arugula"": 15,
    ""Zucchini"": 30
}
```",13,"cheese",50,"bread(crumbs)",10,"potatoes or fries",60,"garlic",5,"tomatoes",20,"onion",15,"onion",10,"lettuce",15,"zucchini",30,NA,NA,NA,NA,NA,NA,NA,NA,NA,NA,NA,NA,"```json
{
    ""White Cheese"": 50,
    ""Breadcrumbs"": 10,
    ""Potatoes"": 100,
    ""Garlic"": 5,
    ""Tomato"": 20,
    ""Onion Chutney"": 30,
    ""Onion"": 20,
    ""Arugula"": 15,
    ""Zucchini"": 30
}
```",13,"cheese",50,"bread(crumbs)",10,"potatoes or fries",100,"garlic",5,"tomatoes",20,"onion",30,"onion",20,"lettuce",15,"zucchini",30,NA,NA,NA,NA,NA,NA,NA,NA,NA,NA,NA,NA,"```json
{
    ""White Cheese"": 50,
    ""Breadcrumbs"": 10,
    ""Potatoes"": 100,
    ""Tomato"": 20,
    ""Onion Chutney"": 30,
    ""Onion"": 20,
    ""Arugula"": 20,
    ""Zucchini"": 30
}
```",13,"cheese",50,"bread(crumbs)",10,"potatoes or fries",100,"tomatoes",20,"onion",30,"onion",20,"lettuce",20,"zucchini",30,NA,NA,NA,NA,NA,NA,NA,NA,NA,NA,NA,NA,"```json
{
    ""White Cheese"": 50,
    ""Breadcrumbs"": 10,
    ""Potatoes"": 100,
    ""Tomato"": 20,
    ""Onion Chutney"": 30,
    ""Onion"": 20,
    ""Arugula"": 20,
    ""Zucchini"": 40
}
```",13,"cheese",50,"bread(crumbs)",10,"potatoes or fries",100,"tomatoes",20,"onion",30,"onion",20,"lettuce",20,"zucchini",40,NA,NA,NA,NA,NA,NA,NA,NA,NA,NA,NA,NA,NA,NA,"```json
{
    ""White Cheese"": 50,
    ""Breadcrumbs"": 10,
    ""Potatoes"": 100,
    ""Tomato"": 20,
    ""Onion Chutney"": 30,
    ""Arugula"": 20,
    ""Zucchini"": 40
}
```",13,"cheese",50,"bread(crumbs)",10,"potatoes or fries",100,"tomatoes",20,"onion",30,"lettuce",20,"zucchini",40,NA,NA,NA,NA,NA,NA,NA,NA,NA,NA,NA,NA,NA,NA,NA,NA,"```json
{
    ""White Cheese"": 50,
    ""Breadcrumbs"": 10,
    ""Potatoes"": 100,
    ""Tomato"": 20,
    ""Onion Chutney"": 30,
    ""Onion"": 20,
    ""Arugula"": 20,
    ""Zucchini"": 40
}
```",13,"cheese",50,"bread(crumbs)",10,"potatoes or fries",100,"tomatoes",20,"onion",30,"onion",20,"lettuce",20,"zucchini",40,NA,NA,NA,NA,NA,NA,NA,NA,NA,NA,NA,NA,"```json
{
  ""Breaded white cheese"": 80,
  ""Rosemary"": 2,
  ""Zucchini"": 30,
  ""Arugula"": 15,
  ""Tomato"": 10,
  ""Potatoes"": 50,
  ""Onion"": 20,
  ""Sauce"": 15
}
```",13,"bread(crumbs)",80,"herbs",2,"zucchini",30,"lettuce",15,"tomatoes",10,"potatoes or fries",50,"onion",20,"sauce",15,"```json
{
  ""Breaded White Cheese"": 80,
  ""Rosemary"": 2,
  ""Zucchini"": 30,
  ""Potatoes"": 50,
  ""Tomato"": 15,
  ""Arugula"": 10,
  ""Onion"": 20,
  ""Sauce"": 15
}
```",13,"bread(crumbs)",80,"herbs",2,"zucchini",30,"potatoes or fries",50,"tomatoes",15,"lettuce",10,"onion",20,"sauce",15,"```json
{
  ""Breaded White Cheese"": 100,
  ""Rosemary"": 2,
  ""Zucchini"": 30,
  ""Arugula"": 15,
  ""Tomato"": 20,
  ""Potatoes"": 50,
  ""Onion"": 15,
  ""Sauce"": 20
}
```",13,"bread(crumbs)",100,"herbs",2,"zucchini",30,"lettuce",15,"tomatoes",20,"potatoes or fries",50,"onion",15,"sauce",20,"```json
{
  ""Breaded White Cheese"": 80,
  ""Rosemary"": 2,
  ""Zucchini"": 30,
  ""Potatoes"": 50,
  ""Tomato"": 15,
  ""Arugula"": 10,
  ""Onion"": 20,
  ""Sauce"": 10
}
```",13,"bread(crumbs)",80,"herbs",2,"zucchini",30,"potatoes or fries",50,"tomatoes",15,"lettuce",10,"onion",20,"sauce",10,"```json
{
  ""Breaded White Cheese"": 100,
  ""Rosemary"": 2,
  ""Zucchini"": 30,
  ""Arugula"": 15,
  ""Tomato"": 20,
  ""Potatoes"": 50,
  ""Onion"": 15,
  ""Sauce"": 20
}
```",13,"bread(crumbs)",100,"herbs",2,"zucchini",30,"lettuce",15,"tomatoes",20,"potatoes or fries",50,"onion",15,"sauce",20,252,180,133,133,215,98,98,215,98,98,220,93,93,215,98,98,280,33,33,280,33,33,290,23,23,270,43,43,290,23,23,222,91,91,222,91,91,252,61,61,217,96,96,61,61,8,0,8,0,8,0,13,0,8,0,8,0,7,0,7,0,7,0,7,0,7,1,7,1,7,1,7,1,7,1
"Breaded white cheese with rosemary","Erica","Wednesday","Kaas",2,"2","26.7",691,843,152,"Gepaneerde witte kaas met rozemarijn","https://www.hellofresh.nl/recipes/gepaneerde-witte-kaas-met-krieltjes-658d7d8df9d1ffb514ddb5cc","Erica_Kaas_2_2.jpg",2,"cheese","bread(crumbs)","potatoes or fries","garlic","tomatoes","onion","onion","lettuce","zucchini","water or broth","sauce","fats or oils","flour","vinaigrette","fats or oils","200g White Cheese; 25g Breadcrumbs; 400g potatoes; 1  Garlic cloves; 1  Tomato; 80g Onion Chutney; 1  Onion; 60g Arugula; 1  Zucchini; 60ml Water; 1 tablespoon honey; 3 tablespoon olive oil; 50 grams of flour; 1 tablespoon vinegar; 1 tablespoon butter"," White Cheese; Breadcrumbs;  potatoes;  Garlic ;  Tomato; Onion Chutney;  Onion; Arugula;  Zucchini; Water;  honey;  olive oil;    flour;  vinegar;  butter",152,152,"```json
{
    ""White Cheese"": 30,
    ""Breadcrumbs"": 5,
    ""Onion"": 10,
    ""Arugula"": 15,
    ""Zucchini"": 20
}
```",14,"cheese",30,"bread(crumbs)",5,"onion",10,"lettuce",15,"zucchini",20,NA,NA,NA,NA,NA,NA,NA,NA,NA,NA,NA,NA,NA,NA,NA,NA,NA,NA,NA,NA,"```json
{
    ""White Cheese"": 40,
    ""Breadcrumbs"": 5,
    ""Potatoes"": 0,
    ""Garlic"": 0,
    ""Tomato"": 0,
    ""Onion Chutney"": 5,
    ""Onion"": 10,
    ""Arugula"": 15,
    ""Zucchini"": 10,
    ""Water"": 0,
    ""Honey"": 0,
    ""Olive Oil"": 0,
    ""Flour"": 0,
    ""Vinegar"": 0,
    ""Butter"": 0
}
```",14,"cheese",40,"bread(crumbs)",5,"potatoes or fries",0,"garlic",0,"tomatoes",0,"onion",5,"onion",10,"lettuce",15,"zucchini",10,"water or broth",0,"sauce",0,"fats or oils",0,"flour",0,"vinaigrette",0,"fats or oils",0,"```json
{
    ""White Cheese"": 40,
    ""Breadcrumbs"": 5,
    ""Potatoes"": 0,
    ""Garlic"": 0,
    ""Tomato"": 0,
    ""Onion Chutney"": 0,
    ""Onion"": 10,
    ""Arugula"": 15,
    ""Zucchini"": 10,
    ""Water"": 0,
    ""Honey"": 0,
    ""Olive Oil"": 0,
    ""Flour"": 0,
    ""Vinegar"": 0,
    ""Butter"": 0
}
```",14,"cheese",40,"bread(crumbs)",5,"potatoes or fries",0,"garlic",0,"tomatoes",0,"onion",0,"onion",10,"lettuce",15,"zucchini",10,"water or broth",0,"sauce",0,"fats or oils",0,"flour",0,"vinaigrette",0,"fats or oils",0,"```json
{
    ""White Cheese"": 40,
    ""Breadcrumbs"": 5,
    ""Onion"": 10,
    ""Arugula"": 15,
    ""Zucchini"": 20
}
```",14,"cheese",40,"bread(crumbs)",5,"onion",10,"lettuce",15,"zucchini",20,NA,NA,NA,NA,NA,NA,NA,NA,NA,NA,NA,NA,NA,NA,NA,NA,NA,NA,NA,NA,"```json
{
    ""White Cheese"": 40,
    ""Breadcrumbs"": 5,
    ""Potatoes"": 0,
    ""Garlic"": 0,
    ""Tomato"": 0,
    ""Onion Chutney"": 5,
    ""Onion"": 10,
    ""Arugula"": 15,
    ""Zucchini"": 10,
    ""Water"": 0,
    ""Honey"": 0,
    ""Olive Oil"": 0,
    ""Flour"": 0,
    ""Vinegar"": 0,
    ""Butter"": 0
}
```",14,"cheese",40,"bread(crumbs)",5,"potatoes or fries",0,"garlic",0,"tomatoes",0,"onion",5,"onion",10,"lettuce",15,"zucchini",10,"water or broth",0,"sauce",0,"fats or oils",0,"flour",0,"vinaigrette",0,"fats or oils",0,"```json
{
    ""White Cheese"": 50,
    ""Breadcrumbs"": 5,
    ""Onion Chutney"": 10,
    ""Arugula"": 15,
    ""Zucchini"": 20,
    ""Onion"": 10
}
```",14,"cheese",50,"bread(crumbs)",5,"onion",10,"lettuce",15,"zucchini",20,"onion",10,NA,NA,NA,NA,NA,NA,NA,NA,NA,NA,NA,NA,NA,NA,NA,NA,NA,NA,"```json
{
    ""White Cheese"": 50,
    ""Breadcrumbs"": 5,
    ""Onion Chutney"": 10,
    ""Arugula"": 15,
    ""Zucchini"": 20,
    ""Onion"": 10
}
```",14,"cheese",50,"bread(crumbs)",5,"onion",10,"lettuce",15,"zucchini",20,"onion",10,NA,NA,NA,NA,NA,NA,NA,NA,NA,NA,NA,NA,NA,NA,NA,NA,"```json
{
    ""White Cheese"": 50,
    ""Breadcrumbs"": 5,
    ""Onion Chutney"": 10,
    ""Arugula"": 15,
    ""Zucchini"": 20,
    ""Onion"": 10
}
```",14,"cheese",50,"bread(crumbs)",5,"onion",10,"lettuce",15,"zucchini",20,"onion",10,NA,NA,NA,NA,NA,NA,NA,NA,NA,NA,NA,NA,NA,NA,NA,NA,NA,NA,"```json
{
    ""White Cheese"": 50,
    ""Breadcrumbs"": 5,
    ""Onion Chutney"": 10,
    ""Arugula"": 15,
    ""Zucchini"": 20
}
```",14,"cheese",50,"bread(crumbs)",5,"onion",10,"lettuce",15,"zucchini",20,NA,NA,NA,NA,NA,NA,NA,NA,NA,NA,NA,NA,NA,NA,NA,NA,NA,NA,NA,NA,"```json
{
    ""White Cheese"": 50,
    ""Breadcrumbs"": 5,
    ""Onion Chutney"": 10,
    ""Arugula"": 15,
    ""Zucchini"": 20
}
```",14,"cheese",50,"bread(crumbs)",5,"onion",10,"lettuce",15,"zucchini",20,NA,NA,NA,NA,NA,NA,NA,NA,NA,NA,NA,NA,NA,NA,NA,NA,NA,NA,"```json
{
  ""Breaded white cheese"": 50,
  ""Rosemary"": 1,
  ""Mixed greens"": 20,
  ""Zucchini"": 15,
  ""Onion"": 10
}
```",14,"bread(crumbs)",50,"herbs",1,"vegetable mix",20,"zucchini",15,"onion",10,NA,NA,NA,NA,NA,NA,"```json
{
  ""Breaded white cheese"": 50,
  ""Rosemary"": 1,
  ""Mixed greens"": 20,
  ""Zucchini"": 15,
  ""Onion"": 10
}
```",14,"bread(crumbs)",50,"herbs",1,"vegetable mix",20,"zucchini",15,"onion",10,NA,NA,NA,NA,NA,NA,"```json
{
  ""Breaded white cheese"": 50,
  ""Rosemary"": 1,
  ""Salad (greens, zucchini, onions)"": 40
}
```",14,"bread(crumbs)",50,"herbs",1,"lettuce",40,NA,NA,NA,NA,NA,NA,NA,NA,NA,NA,"```json
{
  ""Breaded white cheese"": 50,
  ""Rosemary"": 1,
  ""Mixed greens"": 20,
  ""Zucchini"": 15,
  ""Onion"": 10
}
```",14,"bread(crumbs)",50,"herbs",1,"vegetable mix",20,"zucchini",15,"onion",10,NA,NA,NA,NA,NA,NA,"```json
{
  ""Breaded white cheese"": 50,
  ""Rosemary"": 1,
  ""Salad (greens, zucchini, onions)"": 40
}
```",14,"bread(crumbs)",50,"herbs",1,"lettuce",40,NA,NA,NA,NA,NA,NA,NA,NA,NA,NA,91,80,72,72,85,67,67,80,72,72,90,62,62,85,67,67,110,42,42,110,42,42,110,42,42,100,52,52,100,52,52,96,56,56,96,56,56,91,61,61,96,56,56,61,61,5,0,13,0,13,0,5,0,13,0,5,0,5,0,5,0,5,0,5,0,3,2,3,2,2,1,3,2,2,1
"Breaded white cheese with rosemary","Erica","Wednesday","Kaas",2,"3","26.7",691,691,0,"Gepaneerde witte kaas met rozemarijn","https://www.hellofresh.nl/recipes/gepaneerde-witte-kaas-met-krieltjes-658d7d8df9d1ffb514ddb5cc","Erica_Kaas_2_3.jpg",2,"cheese","bread(crumbs)","potatoes or fries","garlic","tomatoes","onion","onion","lettuce","zucchini","water or broth","sauce","fats or oils","flour","vinaigrette","fats or oils","200g White Cheese; 25g Breadcrumbs; 400g potatoes; 1  Garlic cloves; 1  Tomato; 80g Onion Chutney; 1  Onion; 60g Arugula; 1  Zucchini; 60ml Water; 1 tablespoon honey; 3 tablespoon olive oil; 50 grams of flour; 1 tablespoon vinegar; 1 tablespoon butter"," White Cheese; Breadcrumbs;  potatoes;  Garlic ;  Tomato; Onion Chutney;  Onion; Arugula;  Zucchini; Water;  honey;  olive oil;    flour;  vinegar;  butter",0,0,"```json
{
  ""Remnants"": 0 grams
}
```",15,NA,0,NA,NA,NA,NA,NA,NA,NA,NA,NA,NA,NA,NA,NA,NA,NA,NA,NA,NA,NA,NA,NA,NA,NA,NA,NA,NA,NA,NA,"```json
{
  ""Remnants"": 0 grams
}
```",15,NA,0,NA,NA,NA,NA,NA,NA,NA,NA,NA,NA,NA,NA,NA,NA,NA,NA,NA,NA,NA,NA,NA,NA,NA,NA,NA,NA,NA,NA,"```json
{
  ""Remnants"": 0 grams
}
```",15,NA,0,NA,NA,NA,NA,NA,NA,NA,NA,NA,NA,NA,NA,NA,NA,NA,NA,NA,NA,NA,NA,NA,NA,NA,NA,NA,NA,NA,NA,"```json
{
  ""Remnants"": 0 grams
}
```",15,NA,0,NA,NA,NA,NA,NA,NA,NA,NA,NA,NA,NA,NA,NA,NA,NA,NA,NA,NA,NA,NA,NA,NA,NA,NA,NA,NA,NA,NA,"```json
{
  ""Remnants"": 0 grams
}
```",15,NA,0,NA,NA,NA,NA,NA,NA,NA,NA,NA,NA,NA,NA,NA,NA,NA,NA,NA,NA,NA,NA,NA,NA,NA,NA,NA,NA,NA,NA,"```json
{
  ""Remnants"": 0 grams
}
```",15,NA,0,NA,NA,NA,NA,NA,NA,NA,NA,NA,NA,NA,NA,NA,NA,NA,NA,NA,NA,NA,NA,NA,NA,NA,NA,NA,NA,NA,NA,"```json
{
  ""Remnants"": 0 grams
}
```",15,NA,0,NA,NA,NA,NA,NA,NA,NA,NA,NA,NA,NA,NA,NA,NA,NA,NA,NA,NA,NA,NA,NA,NA,NA,NA,NA,NA,"```json
{
  ""Remnants"": 0 grams
}
```",15,NA,0,NA,NA,NA,NA,NA,NA,NA,NA,NA,NA,NA,NA,NA,NA,NA,NA,NA,NA,NA,NA,NA,NA,NA,NA,NA,NA,NA,NA,"```json
{
  ""Remnants"": 0 grams
}
```",15,NA,0,NA,NA,NA,NA,NA,NA,NA,NA,NA,NA,NA,NA,NA,NA,NA,NA,NA,NA,NA,NA,NA,NA,NA,NA,NA,NA,NA,NA,"```json
{
  ""Remnants"": 0 grams
}
```",15,NA,0,NA,NA,NA,NA,NA,NA,NA,NA,NA,NA,NA,NA,NA,NA,NA,NA,NA,NA,NA,NA,NA,NA,NA,NA,NA,NA,"```json
{
  ""Remnants"": 0 grams
}
```",15,NA,0,NA,NA,NA,NA,NA,NA,NA,NA,NA,NA,NA,NA,NA,NA,"```json
{
  ""Remnants"": 0
}
```",15,NA,0,NA,NA,NA,NA,NA,NA,NA,NA,NA,NA,NA,NA,NA,NA,"```json
{
  ""Remnants"": 0
}
```",15,NA,0,NA,NA,NA,NA,NA,NA,NA,NA,NA,NA,NA,NA,NA,NA,"```json
{
  ""Remnants"": 0
}
```",15,NA,0,NA,NA,NA,NA,NA,NA,NA,NA,NA,NA,NA,NA,NA,NA,"```json
{
  ""Remnants"": 0
}
```",15,NA,0,NA,NA,NA,NA,NA,NA,NA,NA,NA,NA,NA,NA,NA,NA,0,0,0,0,0,0,0,0,0,0,0,0,0,0,0,0,0,0,0,0,0,0,0,0,0,0,0,0,0,0,0,0,0,0,0,0,0,0,0,0,0,0,0,0,0,0,0,0,0,0,0,0,0,0,0,0,0,0,0,0,0,0,0,0,0,0,0,0,0,0,0,0,0,0,0
"Breaded white cheese with rosemary","Erica","Wednesday","Kaas",3,"1","26.7",734,1044,310,"Gepaneerde witte kaas met rozemarijn","https://www.hellofresh.nl/recipes/gepaneerde-witte-kaas-met-krieltjes-658d7d8df9d1ffb514ddb5cc","Erica_Kaas_3_1.jpg",2,"cheese","bread(crumbs)","potatoes or fries","garlic","tomatoes","onion","onion","lettuce","zucchini","water or broth","sauce","fats or oils","flour","vinaigrette","fats or oils","200g White Cheese; 25g Breadcrumbs; 400g potatoes; 1  Garlic cloves; 1  Tomato; 80g Onion Chutney; 1  Onion; 60g Arugula; 1  Zucchini; 60ml Water; 1 tablespoon honey; 3 tablespoon olive oil; 50 grams of flour; 1 tablespoon vinegar; 1 tablespoon butter"," White Cheese; Breadcrumbs;  potatoes;  Garlic ;  Tomato; Onion Chutney;  Onion; Arugula;  Zucchini; Water;  honey;  olive oil;    flour;  vinegar;  butter",310,310,"```json
{
    ""White Cheese"": 10,
    ""Potatoes"": 40,
    ""Onion"": 5,
    ""Zucchini"": 10,
    ""Tomato"": 5,
    ""Remnants"": 0
}
```",16,"cheese",10,"potatoes or fries",40,"onion",5,"zucchini",10,"tomatoes",5,NA,0,NA,NA,NA,NA,NA,NA,NA,NA,NA,NA,NA,NA,NA,NA,NA,NA,NA,NA,"```json
{
    ""White Cheese"": 15,
    ""Potatoes"": 40,
    ""Onion"": 10,
    ""Zucchini"": 15,
    ""Tomato"": 5,
    ""Arugula"": 5,
    ""Breadcrumbs"": 5
}
```",16,"cheese",15,"potatoes or fries",40,"onion",10,"zucchini",15,"tomatoes",5,"lettuce",5,"bread(crumbs)",5,NA,NA,NA,NA,NA,NA,NA,NA,NA,NA,NA,NA,NA,NA,NA,NA,"```json
{
    ""White Cheese"": 10,
    ""Breadcrumbs"": 5,
    ""Potatoes"": 40,
    ""Garlic"": 2,
    ""Tomato"": 5,
    ""Onion Chutney"": 5,
    ""Onion"": 5,
    ""Arugula"": 3,
    ""Zucchini"": 10,
    ""Olive Oil"": 2
}
```",16,"cheese",10,"bread(crumbs)",5,"potatoes or fries",40,"garlic",2,"tomatoes",5,"onion",5,"onion",5,"lettuce",3,"zucchini",10,"fats or oils",2,NA,NA,NA,NA,NA,NA,NA,NA,NA,NA,"```json
{
    ""White Cheese"": 15,
    ""Breadcrumbs"": 5,
    ""Potatoes"": 50,
    ""Garlic"": 2,
    ""Tomato"": 5,
    ""Onion Chutney"": 5,
    ""Onion"": 10,
    ""Arugula"": 5,
    ""Zucchini"": 10,
    ""Water"": 0,
    ""Honey"": 0,
    ""Olive Oil"": 0,
    ""Flour"": 0,
    ""Vinegar"": 0,
    ""Butter"": 0
}
```",16,"cheese",15,"bread(crumbs)",5,"potatoes or fries",50,"garlic",2,"tomatoes",5,"onion",5,"onion",10,"lettuce",5,"zucchini",10,"water or broth",0,"sauce",0,"fats or oils",0,"flour",0,"vinaigrette",0,"fats or oils",0,"```json
{
    ""White Cheese"": 15,
    ""Potatoes"": 40,
    ""Onion"": 10,
    ""Zucchini"": 15,
    ""Tomato"": 5,
    ""Arugula"": 5,
    ""Breadcrumbs"": 5
}
```",16,"cheese",15,"potatoes or fries",40,"onion",10,"zucchini",15,"tomatoes",5,"lettuce",5,"bread(crumbs)",5,NA,NA,NA,NA,NA,NA,NA,NA,NA,NA,NA,NA,NA,NA,NA,NA,"```json
{
    ""White Cheese"": 20,
    ""Potatoes"": 80,
    ""Zucchini"": 30,
    ""Onion"": 10,
    ""Tomato"": 10,
    ""Remnants"": 0
}
```",16,"cheese",20,"potatoes or fries",80,"zucchini",30,"onion",10,"tomatoes",10,NA,0,NA,NA,NA,NA,NA,NA,NA,NA,NA,NA,NA,NA,NA,NA,NA,NA,NA,NA,"```json
{
    ""White Cheese"": 20,
    ""Potatoes"": 50,
    ""Zucchini"": 15,
    ""Tomato"": 10,
    ""Onion"": 10,
    ""Arugula"": 5,
    ""Breadcrumbs"": 5
}
```",16,"cheese",20,"potatoes or fries",50,"zucchini",15,"tomatoes",10,"onion",10,"lettuce",5,"bread(crumbs)",5,NA,NA,NA,NA,NA,NA,NA,NA,NA,NA,NA,NA,NA,NA,"```json
{
    ""White Cheese"": 20,
    ""Potatoes"": 80,
    ""Zucchini"": 30,
    ""Onion"": 10,
    ""Tomato"": 10,
    ""Remnants"": 0
}
```",16,"cheese",20,"potatoes or fries",80,"zucchini",30,"onion",10,"tomatoes",10,NA,0,NA,NA,NA,NA,NA,NA,NA,NA,NA,NA,NA,NA,NA,NA,NA,NA,NA,NA,"```json
{
    ""White Cheese"": 20,
    ""Potatoes"": 50,
    ""Zucchini"": 15,
    ""Tomato"": 10,
    ""Onion"": 10,
    ""Arugula"": 5,
    ""Onion Chutney"": 5
}
```",16,"cheese",20,"potatoes or fries",50,"zucchini",15,"tomatoes",10,"onion",10,"lettuce",5,"onion",5,NA,NA,NA,NA,NA,NA,NA,NA,NA,NA,NA,NA,NA,NA,NA,NA,"```json
{
    ""White Cheese"": 20,
    ""Potatoes"": 50,
    ""Zucchini"": 15,
    ""Onion"": 10,
    ""Tomato"": 5,
    ""Remnants"": 0
}
```",16,"cheese",20,"potatoes or fries",50,"zucchini",15,"onion",10,"tomatoes",5,NA,0,NA,NA,NA,NA,NA,NA,NA,NA,NA,NA,NA,NA,NA,NA,NA,NA,"```json
{
    ""Potatoes"": 50,
    ""Zucchini"": 30,
    ""Onions"": 10,
    ""Red Peppers"": 10,
    ""Breaded White Cheese"": 20
}
```",16,"potatoes or fries",50,"zucchini",30,"onion",10,"peppers",10,"bread(crumbs)",20,NA,NA,NA,NA,NA,NA,"I can't identify specific people or objects like cheese types, but I can describe the visible ingredients:

```json
{
  ""potatoes"": 50,
  ""zucchini"": 20,
  ""onions"": 10,
  ""red peppers"": 5,
  ""breaded cheese"": 15
}
```",16,"potatoes or fries",50,"zucchini",20,"onion",10,"peppers",5,"bread(crumbs)",15,NA,NA,NA,NA,NA,NA,"I can't identify specific people or objects like cheese types, but I can describe the visible ingredients:

```json
{
  ""potatoes"": 50,
  ""zucchini"": 20,
  ""onions"": 10,
  ""red peppers"": 5,
  ""breaded cheese"": 15
}
```",16,"potatoes or fries",50,"zucchini",20,"onion",10,"peppers",5,"bread(crumbs)",15,NA,NA,NA,NA,NA,NA,"```json
{
  ""Potatoes"": 50,
  ""Zucchini"": 20,
  ""Onions"": 10,
  ""Red Peppers"": 5,
  ""Breaded White Cheese"": 15
}
```",16,"potatoes or fries",50,"zucchini",20,"onion",10,"peppers",5,"bread(crumbs)",15,NA,NA,NA,NA,NA,NA,"```json
{
  ""Potatoes"": 50,
  ""Zucchini"": 20,
  ""Onions"": 10,
  ""Red Peppers"": 5,
  ""Breaded White Cheese"": 15
}
```",16,"potatoes or fries",50,"zucchini",20,"onion",10,"peppers",5,"bread(crumbs)",15,NA,NA,NA,NA,NA,NA,100,70,240,240,95,215,215,87,223,223,107,203,203,95,215,215,150,160,160,115,195,195,150,160,160,115,195,195,100,210,210,120,190,190,100,210,210,100,210,210,100,210,210,210,210,5,0,7,0,9,0,13,0,7,0,5,0,7,0,5,0,6,0,5,0,4,1,4,1,4,1,4,1,4,1
"Breaded white cheese with rosemary","Erica","Wednesday","Kaas",1,"2","26.7",722,879,157,"Gepaneerde witte kaas met rozemarijn","https://www.hellofresh.nl/recipes/gepaneerde-witte-kaas-met-krieltjes-658d7d8df9d1ffb514ddb5cc","Erica_Kaas_1_2.jpg",2,"cheese","bread(crumbs)","potatoes or fries","garlic","tomatoes","onion","onion","lettuce","zucchini","water or broth","sauce","fats or oils","flour","vinaigrette","fats or oils","200g White Cheese; 25g Breadcrumbs; 400g potatoes; 1  Garlic cloves; 1  Tomato; 80g Onion Chutney; 1  Onion; 60g Arugula; 1  Zucchini; 60ml Water; 1 tablespoon honey; 3 tablespoon olive oil; 50 grams of flour; 1 tablespoon vinegar; 1 tablespoon butter"," White Cheese; Breadcrumbs;  potatoes;  Garlic ;  Tomato; Onion Chutney;  Onion; Arugula;  Zucchini; Water;  honey;  olive oil;    flour;  vinegar;  butter",157,157,"```json
{
    ""White Cheese"": 20,
    ""Breadcrumbs"": 5,
    ""Potatoes"": 80,
    ""Garlic"": 2,
    ""Tomato"": 30,
    ""Onion Chutney"": 0,
    ""Onion"": 5,
    ""Arugula"": 10,
    ""Zucchini"": 25,
    ""Water"": 0,
    ""Honey"": 0,
    ""Olive Oil"": 5,
    ""Flour"": 0,
    ""Vinegar"": 0,
    ""Butter"": 0
}
```",11,"cheese",20,"bread(crumbs)",5,"potatoes or fries",80,"garlic",2,"tomatoes",30,"onion",0,"onion",5,"lettuce",10,"zucchini",25,"water or broth",0,"sauce",0,"fats or oils",5,"flour",0,"vinaigrette",0,"fats or oils",0,"```json
{
    ""White Cheese"": 20,
    ""Breadcrumbs"": 5,
    ""Potatoes"": 80,
    ""Garlic"": 2,
    ""Tomato"": 30,
    ""Onion Chutney"": 10,
    ""Onion"": 5,
    ""Arugula"": 10,
    ""Zucchini"": 25,
    ""Water"": 0,
    ""Honey"": 0,
    ""Olive Oil"": 5,
    ""Flour"": 0,
    ""Vinegar"": 0,
    ""Butter"": 0
}
```",11,"cheese",20,"bread(crumbs)",5,"potatoes or fries",80,"garlic",2,"tomatoes",30,"onion",10,"onion",5,"lettuce",10,"zucchini",25,"water or broth",0,"sauce",0,"fats or oils",5,"flour",0,"vinaigrette",0,"fats or oils",0,"```json
{
    ""White Cheese"": 20,
    ""Breadcrumbs"": 5,
    ""Potatoes"": 80,
    ""Garlic"": 2,
    ""Tomato"": 30,
    ""Onion Chutney"": 10,
    ""Onion"": 5,
    ""Arugula"": 10,
    ""Zucchini"": 25,
    ""Water"": 0,
    ""Honey"": 0,
    ""Olive Oil"": 5,
    ""Flour"": 0,
    ""Vinegar"": 0,
    ""Butter"": 0
}
```",11,"cheese",20,"bread(crumbs)",5,"potatoes or fries",80,"garlic",2,"tomatoes",30,"onion",10,"onion",5,"lettuce",10,"zucchini",25,"water or broth",0,"sauce",0,"fats or oils",5,"flour",0,"vinaigrette",0,"fats or oils",0,"```json
{
    ""White Cheese"": 20,
    ""Breadcrumbs"": 5,
    ""Potatoes"": 80,
    ""Garlic"": 2,
    ""Tomato"": 30,
    ""Onion Chutney"": 10,
    ""Onion"": 5,
    ""Arugula"": 10,
    ""Zucchini"": 25,
    ""Water"": 0,
    ""Honey"": 0,
    ""Olive Oil"": 5,
    ""Flour"": 0,
    ""Vinegar"": 0,
    ""Butter"": 0
}
```",11,"cheese",20,"bread(crumbs)",5,"potatoes or fries",80,"garlic",2,"tomatoes",30,"onion",10,"onion",5,"lettuce",10,"zucchini",25,"water or broth",0,"sauce",0,"fats or oils",5,"flour",0,"vinaigrette",0,"fats or oils",0,"```json
{
    ""White Cheese"": 20,
    ""Breadcrumbs"": 5,
    ""Potatoes"": 80,
    ""Garlic"": 5,
    ""Tomato"": 30,
    ""Arugula"": 10,
    ""Zucchini"": 40,
    ""Olive Oil"": 5
}
```",11,"cheese",20,"bread(crumbs)",5,"potatoes or fries",80,"garlic",5,"tomatoes",30,"lettuce",10,"zucchini",40,"fats or oils",5,NA,NA,NA,NA,NA,NA,NA,NA,NA,NA,NA,NA,NA,NA,"```json
{
    ""White Cheese"": 30,
    ""Breadcrumbs"": 5,
    ""Potatoes"": 100,
    ""Tomato"": 40,
    ""Arugula"": 10,
    ""Zucchini"": 50
}
```",11,"cheese",30,"bread(crumbs)",5,"potatoes or fries",100,"tomatoes",40,"lettuce",10,"zucchini",50,NA,NA,NA,NA,NA,NA,NA,NA,NA,NA,NA,NA,NA,NA,NA,NA,NA,NA,"```json
{
    ""White Cheese"": 30,
    ""Breadcrumbs"": 5,
    ""Potatoes"": 100,
    ""Tomato"": 50,
    ""Arugula"": 10,
    ""Zucchini"": 40
}
```",11,"cheese",30,"bread(crumbs)",5,"potatoes or fries",100,"tomatoes",50,"lettuce",10,"zucchini",40,NA,NA,NA,NA,NA,NA,NA,NA,NA,NA,NA,NA,NA,NA,NA,NA,"```json
{
    ""White Cheese"": 30,
    ""Breadcrumbs"": 5,
    ""Potatoes"": 150,
    ""Tomato"": 40,
    ""Arugula"": 10,
    ""Zucchini"": 50
}
```",11,"cheese",30,"bread(crumbs)",5,"potatoes or fries",150,"tomatoes",40,"lettuce",10,"zucchini",50,NA,NA,NA,NA,NA,NA,NA,NA,NA,NA,NA,NA,NA,NA,NA,NA,NA,NA,"```json
{
    ""White Cheese"": 30,
    ""Breadcrumbs"": 5,
    ""Potatoes"": 150,
    ""Tomato"": 50,
    ""Arugula"": 10,
    ""Zucchini"": 40
}
```",11,"cheese",30,"bread(crumbs)",5,"potatoes or fries",150,"tomatoes",50,"lettuce",10,"zucchini",40,NA,NA,NA,NA,NA,NA,NA,NA,NA,NA,NA,NA,NA,NA,NA,NA,NA,NA,"```json
{
    ""White Cheese"": 30,
    ""Breadcrumbs"": 5,
    ""Potatoes"": 100,
    ""Tomato"": 40,
    ""Arugula"": 10,
    ""Zucchini"": 50
}
```",11,"cheese",30,"bread(crumbs)",5,"potatoes or fries",100,"tomatoes",40,"lettuce",10,"zucchini",50,NA,NA,NA,NA,NA,NA,NA,NA,NA,NA,NA,NA,NA,NA,NA,NA,"```json
{
  ""Tomatoes"": 30,
  ""Zucchini"": 20,
  ""Arugula"": 10,
  ""Yellow Potatoes"": 50,
  ""White Cheese"": 15,
  ""Cucumber"": 20
}
```",11,"tomatoes",30,"zucchini",20,"lettuce",10,"potatoes or fries",50,"cheese",15,"cucumbers",20,NA,NA,NA,NA,"```json
{
  ""Tomatoes"": 30,
  ""Zucchini"": 20,
  ""Arugula"": 10,
  ""Yellow Potatoes"": 50,
  ""White Cheese"": 15,
  ""Cucumber"": 15
}
```",11,"tomatoes",30,"zucchini",20,"lettuce",10,"potatoes or fries",50,"cheese",15,"cucumbers",15,NA,NA,NA,NA,"```json
{
  ""Tomatoes"": 30,
  ""Zucchini"": 25,
  ""Arugula"": 10,
  ""Yellow Potatoes"": 60,
  ""White Cheese"": 20,
  ""Cucumber"": 15
}
```",11,"tomatoes",30,"zucchini",25,"lettuce",10,"potatoes or fries",60,"cheese",20,"cucumbers",15,NA,NA,NA,NA,"```json
{
    ""Tomatoes"": 30,
    ""Zucchini"": 20,
    ""Arugula"": 10,
    ""Yellow Potatoes"": 50,
    ""White Cheese"": 15,
    ""Remnants"": 5
}
```",11,"tomatoes",30,"zucchini",20,"lettuce",10,"potatoes or fries",50,"cheese",15,NA,5,NA,NA,NA,NA,"```json
{
  ""Tomatoes"": 30,
  ""Zucchini"": 20,
  ""Arugula"": 10,
  ""Yellow Potatoes"": 50,
  ""White Cheese"": 15,
  ""Remnants"": 5
}
```",11,"tomatoes",30,"zucchini",20,"lettuce",10,"potatoes or fries",50,"cheese",15,NA,5,NA,NA,NA,NA,130,182,-25,25,192,-35,35,192,-35,35,192,-35,35,195,-38,38,235,-78,78,235,-78,78,285,-128,128,285,-128,128,235,-78,78,145,12,12,140,17,17,160,-3,3,130,27,27,27,27,13,0,13,0,13,0,13,0,8,0,6,0,6,0,6,0,6,0,6,0,5,1,5,1,5,1,5,0,5,0
"Breaded white cheese with rosemary","Erica","Wednesday","Kaas",1,"3","26.7",722,722,0,"Gepaneerde witte kaas met rozemarijn","https://www.hellofresh.nl/recipes/gepaneerde-witte-kaas-met-krieltjes-658d7d8df9d1ffb514ddb5cc","Erica_Kaas_1_3.jpg",2,"cheese","bread(crumbs)","potatoes or fries","garlic","tomatoes","onion","onion","lettuce","zucchini","water or broth","sauce","fats or oils","flour","vinaigrette","fats or oils","200g White Cheese; 25g Breadcrumbs; 400g potatoes; 1  Garlic cloves; 1  Tomato; 80g Onion Chutney; 1  Onion; 60g Arugula; 1  Zucchini; 60ml Water; 1 tablespoon honey; 3 tablespoon olive oil; 50 grams of flour; 1 tablespoon vinegar; 1 tablespoon butter"," White Cheese; Breadcrumbs;  potatoes;  Garlic ;  Tomato; Onion Chutney;  Onion; Arugula;  Zucchini; Water;  honey;  olive oil;    flour;  vinegar;  butter",0,0,"```json
{
  ""Remnants"": 0 grams
}
```",12,NA,0,NA,NA,NA,NA,NA,NA,NA,NA,NA,NA,NA,NA,NA,NA,NA,NA,NA,NA,NA,NA,NA,NA,NA,NA,NA,NA,NA,NA,"```json
{
  ""Remnants"": 0 grams
}
```",12,NA,0,NA,NA,NA,NA,NA,NA,NA,NA,NA,NA,NA,NA,NA,NA,NA,NA,NA,NA,NA,NA,NA,NA,NA,NA,NA,NA,NA,NA,"```json
{
  ""Remnants"": 0 grams
}
```",12,NA,0,NA,NA,NA,NA,NA,NA,NA,NA,NA,NA,NA,NA,NA,NA,NA,NA,NA,NA,NA,NA,NA,NA,NA,NA,NA,NA,NA,NA,"```json
{
  ""Remnants"": 0
}
```",12,NA,0,NA,NA,NA,NA,NA,NA,NA,NA,NA,NA,NA,NA,NA,NA,NA,NA,NA,NA,NA,NA,NA,NA,NA,NA,NA,NA,NA,NA,"```json
{
  ""Remnants"": 0
}
```",12,NA,0,NA,NA,NA,NA,NA,NA,NA,NA,NA,NA,NA,NA,NA,NA,NA,NA,NA,NA,NA,NA,NA,NA,NA,NA,NA,NA,NA,NA,"```json
{
  ""Remnants"": 0 grams
}
```",12,NA,0,NA,NA,NA,NA,NA,NA,NA,NA,NA,NA,NA,NA,NA,NA,NA,NA,NA,NA,NA,NA,NA,NA,NA,NA,NA,NA,NA,NA,"```json
{
  ""Remnants"": 0
}
```",12,NA,0,NA,NA,NA,NA,NA,NA,NA,NA,NA,NA,NA,NA,NA,NA,NA,NA,NA,NA,NA,NA,NA,NA,NA,NA,NA,NA,"```json
{""Remnants"": 0 grams}
```",12,NA,NA,NA,NA,NA,NA,NA,NA,NA,NA,NA,NA,NA,NA,NA,NA,NA,NA,NA,NA,NA,NA,NA,NA,NA,NA,NA,NA,NA,NA,"```json
{
  ""Remnants"": 0
}
```",12,NA,0,NA,NA,NA,NA,NA,NA,NA,NA,NA,NA,NA,NA,NA,NA,NA,NA,NA,NA,NA,NA,NA,NA,NA,NA,NA,NA,NA,NA,"```json
{
  ""Remnants"": 0
}
```",12,NA,0,NA,NA,NA,NA,NA,NA,NA,NA,NA,NA,NA,NA,NA,NA,NA,NA,NA,NA,NA,NA,NA,NA,NA,NA,NA,NA,"```json
{""Remnants"": 0 grams}
```",12,NA,NA,NA,NA,NA,NA,NA,NA,NA,NA,NA,NA,NA,NA,NA,NA,"```json
{
  ""Remnants"": 0
}
```",12,NA,0,NA,NA,NA,NA,NA,NA,NA,NA,NA,NA,NA,NA,NA,NA,"```json
{
  ""Remnants"": 0
}
```",12,NA,0,NA,NA,NA,NA,NA,NA,NA,NA,NA,NA,NA,NA,NA,NA,"```json
{""Remnants"": 0 grams}
```",12,NA,NA,NA,NA,NA,NA,NA,NA,NA,NA,NA,NA,NA,NA,NA,NA,"```json
{
  ""Remnants"": 0
}
```",12,NA,0,NA,NA,NA,NA,NA,NA,NA,NA,NA,NA,NA,NA,NA,NA,0,0,0,0,0,0,0,0,0,0,0,0,0,0,0,0,0,0,0,0,0,0,0,0,0,0,0,0,0,0,0,0,0,0,0,0,0,0,0,0,0,0,0,0,0,0,0,0,0,0,0,0,0,0,0,0,0,0,0,0,0,0,0,0,0,0,0,0,0,0,0,0,0,0,0
"Breaded white cheese with rosemary","Erica","Wednesday","Kaas",3,"2","26.7",734,967,233,"Gepaneerde witte kaas met rozemarijn","https://www.hellofresh.nl/recipes/gepaneerde-witte-kaas-met-krieltjes-658d7d8df9d1ffb514ddb5cc","Erica_Kaas_3_2.jpg",2,"cheese","bread(crumbs)","potatoes or fries","garlic","tomatoes","onion","onion","lettuce","zucchini","water or broth","sauce","fats or oils","flour","vinaigrette","fats or oils","200g White Cheese; 25g Breadcrumbs; 400g potatoes; 1  Garlic cloves; 1  Tomato; 80g Onion Chutney; 1  Onion; 60g Arugula; 1  Zucchini; 60ml Water; 1 tablespoon honey; 3 tablespoon olive oil; 50 grams of flour; 1 tablespoon vinegar; 1 tablespoon butter"," White Cheese; Breadcrumbs;  potatoes;  Garlic ;  Tomato; Onion Chutney;  Onion; Arugula;  Zucchini; Water;  honey;  olive oil;    flour;  vinegar;  butter",233,233,"```json
{
    ""White Cheese"": 10,
    ""Breadcrumbs"": 5,
    ""Potatoes"": 50,
    ""Garlic"": 2,
    ""Tomato"": 20,
    ""Onion Chutney"": 5,
    ""Onion"": 5,
    ""Arugula"": 5,
    ""Zucchini"": 10
}
```",17,"cheese",10,"bread(crumbs)",5,"potatoes or fries",50,"garlic",2,"tomatoes",20,"onion",5,"onion",5,"lettuce",5,"zucchini",10,NA,NA,NA,NA,NA,NA,NA,NA,NA,NA,NA,NA,"```json
{
    ""White Cheese"": 10,
    ""Breadcrumbs"": 5,
    ""Potatoes"": 60,
    ""Garlic"": 2,
    ""Tomato"": 20,
    ""Onion Chutney"": 5,
    ""Onion"": 5,
    ""Arugula"": 5,
    ""Zucchini"": 10
}
```",17,"cheese",10,"bread(crumbs)",5,"potatoes or fries",60,"garlic",2,"tomatoes",20,"onion",5,"onion",5,"lettuce",5,"zucchini",10,NA,NA,NA,NA,NA,NA,NA,NA,NA,NA,NA,NA,"```json
{
    ""White Cheese"": 10,
    ""Breadcrumbs"": 5,
    ""Potatoes"": 60,
    ""Garlic"": 2,
    ""Tomato"": 20,
    ""Onion Chutney"": 5,
    ""Onion"": 5,
    ""Arugula"": 5,
    ""Zucchini"": 10
}
```",17,"cheese",10,"bread(crumbs)",5,"potatoes or fries",60,"garlic",2,"tomatoes",20,"onion",5,"onion",5,"lettuce",5,"zucchini",10,NA,NA,NA,NA,NA,NA,NA,NA,NA,NA,NA,NA,"```json
{
    ""White Cheese"": 10,
    ""Breadcrumbs"": 5,
    ""Potatoes"": 60,
    ""Garlic"": 2,
    ""Tomato"": 20,
    ""Onion Chutney"": 5,
    ""Onion"": 5,
    ""Arugula"": 5,
    ""Zucchini"": 10
}
```",17,"cheese",10,"bread(crumbs)",5,"potatoes or fries",60,"garlic",2,"tomatoes",20,"onion",5,"onion",5,"lettuce",5,"zucchini",10,NA,NA,NA,NA,NA,NA,NA,NA,NA,NA,NA,NA,"```json
{
    ""White Cheese"": 10,
    ""Breadcrumbs"": 5,
    ""Potatoes"": 60,
    ""Garlic"": 2,
    ""Tomato"": 20,
    ""Onion Chutney"": 5,
    ""Onion"": 5,
    ""Arugula"": 5,
    ""Zucchini"": 10
}
```",17,"cheese",10,"bread(crumbs)",5,"potatoes or fries",60,"garlic",2,"tomatoes",20,"onion",5,"onion",5,"lettuce",5,"zucchini",10,NA,NA,NA,NA,NA,NA,NA,NA,NA,NA,NA,NA,"```json
{
    ""Potatoes"": 100,
    ""Tomato"": 30,
    ""White Cheese"": 20,
    ""Arugula"": 10,
    ""Zucchini"": 15,
    ""Remnants"": 0
}
```",17,"potatoes or fries",100,"tomatoes",30,"cheese",20,"lettuce",10,"zucchini",15,NA,0,NA,NA,NA,NA,NA,NA,NA,NA,NA,NA,NA,NA,NA,NA,NA,NA,NA,NA,"```json
{
    ""White Cheese"": 10,
    ""Breadcrumbs"": 5,
    ""Potatoes"": 100,
    ""Tomato"": 30,
    ""Arugula"": 5,
    ""Zucchini"": 10
}
```",17,"cheese",10,"bread(crumbs)",5,"potatoes or fries",100,"tomatoes",30,"lettuce",5,"zucchini",10,NA,NA,NA,NA,NA,NA,NA,NA,NA,NA,NA,NA,NA,NA,NA,NA,"```json
{
    ""Potatoes"": 100,
    ""Tomato"": 30,
    ""Zucchini"": 20,
    ""White Cheese"": 10,
    ""Arugula"": 5,
    ""Remnants"": 0
}
```",17,"potatoes or fries",100,"tomatoes",30,"zucchini",20,"cheese",10,"lettuce",5,NA,0,NA,NA,NA,NA,NA,NA,NA,NA,NA,NA,NA,NA,NA,NA,NA,NA,NA,NA,"```json
{
    ""Potatoes"": 100,
    ""Tomato"": 30,
    ""Zucchini"": 20,
    ""White Cheese"": 10,
    ""Arugula"": 5,
    ""Remnants"": 0
}
```",17,"potatoes or fries",100,"tomatoes",30,"zucchini",20,"cheese",10,"lettuce",5,NA,0,NA,NA,NA,NA,NA,NA,NA,NA,NA,NA,NA,NA,NA,NA,NA,NA,NA,NA,"```json
{
    ""Potatoes"": 100,
    ""Tomato"": 30,
    ""Zucchini"": 20,
    ""White Cheese"": 10,
    ""Arugula"": 5,
    ""Remnants"": 0
}
```",17,"potatoes or fries",100,"tomatoes",30,"zucchini",20,"cheese",10,"lettuce",5,NA,0,NA,NA,NA,NA,NA,NA,NA,NA,NA,NA,NA,NA,NA,NA,NA,NA,"I can't identify specific ingredients like breaded cheese or rosemary in the image. However, I can provide an estimate of the visible ingredients:

```json
{
    ""Potatoes"": 80,
    ""Tomato"": 30,
    ""Cucumber"": 15,
    ""Arugula"": 5,
    ""White Cheese"": 10
}
```",17,"potatoes or fries",80,"tomatoes",30,"cucumbers",15,"lettuce",5,"cheese",10,NA,NA,NA,NA,NA,NA,"I can't identify people or specific objects like branded items or specific types of cheese. However, I can describe the visible ingredients on the plate:

```json
{
  ""potatoes"": 80,
  ""tomato"": 30,
  ""cucumber"": 20,
  ""arugula"": 10,
  ""white cheese"": 15,
  ""beans"": 10
}
```",17,"potatoes or fries",80,"tomatoes",30,"cucumbers",20,"lettuce",10,"cheese",15,"legumes",10,NA,NA,NA,NA,"I can't identify specific ingredients like breaded cheese or rosemary in the image. However, I can provide an estimate of the visible ingredients:

```json
{
    ""Potatoes"": 80,
    ""Tomato"": 30,
    ""Cucumber"": 15,
    ""Arugula"": 5,
    ""White Cheese"": 10
}
```",17,"potatoes or fries",80,"tomatoes",30,"cucumbers",15,"lettuce",5,"cheese",10,NA,NA,NA,NA,NA,NA,"I can't identify specific ingredients like breaded cheese or rosemary in images. However, I can describe the visible ingredients:

```json
{
    ""Potatoes"": 80,
    ""Tomatoes"": 30,
    ""Cucumber"": 15,
    ""Arugula"": 5,
    ""White Cheese"": 10
}
```",17,"potatoes or fries",80,"tomatoes",30,"cucumbers",15,"lettuce",5,"cheese",10,NA,NA,NA,NA,NA,NA,"I can't identify specific ingredients like breaded cheese or rosemary in images. However, I can see some potatoes, tomatoes, cucumber slices, arugula, and what appears to be some type of cheese. If you need more specific information, let me know!",17,NA,NA,NA,NA,NA,NA,NA,NA,NA,NA,NA,NA,NA,NA,NA,NA,0,112,121,121,122,111,111,122,111,111,122,111,111,122,111,111,175,58,58,160,73,73,165,68,68,165,68,68,165,68,68,140,93,93,165,68,68,140,93,93,140,93,93,233,233,8,0,8,0,8,0,8,0,8,0,5,0,6,0,5,0,5,0,5,0,4,1,4,2,4,1,4,1,0,0
"Breaded white cheese with rosemary","Erica","Wednesday","Kaas",3,"3","26.7",734,738,4,"Gepaneerde witte kaas met rozemarijn","https://www.hellofresh.nl/recipes/gepaneerde-witte-kaas-met-krieltjes-658d7d8df9d1ffb514ddb5cc","Erica_Kaas_3_3.jpg",2,"cheese","bread(crumbs)","potatoes or fries","garlic","tomatoes","onion","onion","lettuce","zucchini","water or broth","sauce","fats or oils","flour","vinaigrette","fats or oils","200g White Cheese; 25g Breadcrumbs; 400g potatoes; 1  Garlic cloves; 1  Tomato; 80g Onion Chutney; 1  Onion; 60g Arugula; 1  Zucchini; 60ml Water; 1 tablespoon honey; 3 tablespoon olive oil; 50 grams of flour; 1 tablespoon vinegar; 1 tablespoon butter"," White Cheese; Breadcrumbs;  potatoes;  Garlic ;  Tomato; Onion Chutney;  Onion; Arugula;  Zucchini; Water;  honey;  olive oil;    flour;  vinegar;  butter",4,4,"```json
{
    ""Remnants"": 0
}
```",18,NA,0,NA,NA,NA,NA,NA,NA,NA,NA,NA,NA,NA,NA,NA,NA,NA,NA,NA,NA,NA,NA,NA,NA,NA,NA,NA,NA,NA,NA,"```json
{
  ""Remnants"": 0 grams
}
```",18,NA,0,NA,NA,NA,NA,NA,NA,NA,NA,NA,NA,NA,NA,NA,NA,NA,NA,NA,NA,NA,NA,NA,NA,NA,NA,NA,NA,NA,NA,"```json
{
  ""Remnants"": 0 grams
}
```",18,NA,0,NA,NA,NA,NA,NA,NA,NA,NA,NA,NA,NA,NA,NA,NA,NA,NA,NA,NA,NA,NA,NA,NA,NA,NA,NA,NA,NA,NA,"```json
{
  ""Remnants"": 0 grams
}
```",18,NA,0,NA,NA,NA,NA,NA,NA,NA,NA,NA,NA,NA,NA,NA,NA,NA,NA,NA,NA,NA,NA,NA,NA,NA,NA,NA,NA,NA,NA,"```json
{
    ""Remnants"": 0
}
```",18,NA,0,NA,NA,NA,NA,NA,NA,NA,NA,NA,NA,NA,NA,NA,NA,NA,NA,NA,NA,NA,NA,NA,NA,NA,NA,NA,NA,NA,NA,"```json
{
  ""Remnants"": 0
}
```",18,NA,0,NA,NA,NA,NA,NA,NA,NA,NA,NA,NA,NA,NA,NA,NA,NA,NA,NA,NA,NA,NA,NA,NA,NA,NA,NA,NA,NA,NA,"```json
{
  ""Remnants"": 0
}
```",18,NA,0,NA,NA,NA,NA,NA,NA,NA,NA,NA,NA,NA,NA,NA,NA,NA,NA,NA,NA,NA,NA,NA,NA,NA,NA,NA,NA,"```json
{
  ""Remnants"": 0
}
```",18,NA,0,NA,NA,NA,NA,NA,NA,NA,NA,NA,NA,NA,NA,NA,NA,NA,NA,NA,NA,NA,NA,NA,NA,NA,NA,NA,NA,NA,NA,"```json
{
  ""Remnants"": 0
}
```",18,NA,0,NA,NA,NA,NA,NA,NA,NA,NA,NA,NA,NA,NA,NA,NA,NA,NA,NA,NA,NA,NA,NA,NA,NA,NA,NA,NA,NA,NA,"```json
{
  ""Remnants"": 0
}
```",18,NA,0,NA,NA,NA,NA,NA,NA,NA,NA,NA,NA,NA,NA,NA,NA,NA,NA,NA,NA,NA,NA,NA,NA,NA,NA,NA,NA,"{ ""Remnants"": 0 grams }",18,NA,NA,NA,NA,NA,NA,NA,NA,NA,NA,NA,NA,NA,NA,NA,NA,"{ ""Remnants"": 0 grams }",18,NA,NA,NA,NA,NA,NA,NA,NA,NA,NA,NA,NA,NA,NA,NA,NA,"{ ""Remnants"": 0 grams }",18,NA,NA,NA,NA,NA,NA,NA,NA,NA,NA,NA,NA,NA,NA,NA,NA,"{ ""Remnants"": 0 grams }",18,NA,NA,NA,NA,NA,NA,NA,NA,NA,NA,NA,NA,NA,NA,NA,NA,"{ ""Remnants"": 0 grams }",18,NA,NA,NA,NA,NA,NA,NA,NA,NA,NA,NA,NA,NA,NA,NA,NA,0,0,4,4,0,4,4,0,4,4,0,4,4,0,4,4,0,4,4,0,4,4,0,4,4,0,4,4,0,4,4,0,4,4,0,4,4,0,4,4,0,4,4,4,4,0,0,0,0,0,0,0,0,0,0,0,0,0,0,0,0,0,0,0,0,0,0,0,0,0,0,0,0,0,0
"chicken with apricot curry sauce served with baked potatoes and fluffy rice","Nina","45582","ChickenCranberryCurrySauce",1,"50-30%","26.6",575,669,94,"chicken with apricot curry sauce served with baked potatoes and fluffy rice","https://www.hellofresh.de/recipes/hahnchen-mit-aprikosen-curry-sosse-65d86c68700746d2fe51fc64","Nina_Day1_Chicken1_50.jpg",4,"poultry","garlic","rice","onion","root vegetables","herbs","dried fruits","sauce","water or broth","fats or oils","fats or oils","spices",NA,NA,NA,"500g Chicken Breast; 12 Garlic cloves; 300g Rice; 2  Shallot; 8  Carrot; 10g Parsley; 40g Apricots; 100g Apricot Chutney; 900ml Water; 6 tablespoon  oil; 4 tablespoon butter; 8g spices mix"," Chicken Breast;  Garlic ;  Rice;  Shallot;  Carrot; Parsley; Apricots;  Apricot Chutney; Water;   oil;  butter;  spices mix",94,94,"```json
{
    ""Chicken Breast"": 20,
    ""Rice"": 30,
    ""Carrot"": 15,
    ""Parsley"": 2,
    ""Apricots"": 5,
    ""Apricot Chutney"": 5,
    ""Remnants"": 0
}
```",72,"poultry",20,"rice",30,"root vegetables",15,"herbs",2,"dried fruits",5,"sauce",5,NA,0,NA,NA,NA,NA,NA,NA,NA,NA,NA,NA,NA,NA,NA,NA,NA,NA,"```json
{
    ""Chicken Breast"": 20,
    ""Garlic"": 0,
    ""Rice"": 30,
    ""Shallot"": 0,
    ""Carrot"": 15,
    ""Parsley"": 1,
    ""Apricots"": 0,
    ""Apricot Chutney"": 0,
    ""Water"": 0,
    ""Oil"": 0,
    ""Butter"": 0,
    ""Spices Mix"": 0
}
```",72,"poultry",20,"garlic",0,"rice",30,"onion",0,"root vegetables",15,"herbs",1,"dried fruits",0,"sauce",0,"water or broth",0,"fats or oils",0,"fats or oils",0,"spices",0,NA,NA,NA,NA,NA,NA,"```json
{
    ""Chicken Breast"": 20,
    ""Rice"": 30,
    ""Carrot"": 15,
    ""Parsley"": 2,
    ""Apricots"": 5,
    ""Apricot Chutney"": 5,
    ""Remnants"": 0
}
```",72,"poultry",20,"rice",30,"root vegetables",15,"herbs",2,"dried fruits",5,"sauce",5,NA,0,NA,NA,NA,NA,NA,NA,NA,NA,NA,NA,NA,NA,NA,NA,NA,NA,"```json
{
    ""Chicken Breast"": 20,
    ""Rice"": 30,
    ""Carrot"": 15,
    ""Parsley"": 2,
    ""Apricots"": 5,
    ""Apricot Chutney"": 5,
    ""Remnants"": 0
}
```",72,"poultry",20,"rice",30,"root vegetables",15,"herbs",2,"dried fruits",5,"sauce",5,NA,0,NA,NA,NA,NA,NA,NA,NA,NA,NA,NA,NA,NA,NA,NA,NA,NA,"```json
{
    ""Chicken Breast"": 20,
    ""Garlic"": 0,
    ""Rice"": 30,
    ""Shallot"": 0,
    ""Carrot"": 15,
    ""Parsley"": 1,
    ""Apricots"": 0,
    ""Apricot Chutney"": 0,
    ""Water"": 0,
    ""Oil"": 0,
    ""Butter"": 0,
    ""Spices Mix"": 0
}
```",72,"poultry",20,"garlic",0,"rice",30,"onion",0,"root vegetables",15,"herbs",1,"dried fruits",0,"sauce",0,"water or broth",0,"fats or oils",0,"fats or oils",0,"spices",0,NA,NA,NA,NA,NA,NA,"```json
{
    ""Chicken Breast"": 30,
    ""Rice"": 40,
    ""Carrot"": 20,
    ""Parsley"": 2,
    ""Apricot Chutney"": 5,
    ""Remnants"": 0
}
```",72,"poultry",30,"rice",40,"root vegetables",20,"herbs",2,"sauce",5,NA,0,NA,NA,NA,NA,NA,NA,NA,NA,NA,NA,NA,NA,NA,NA,NA,NA,NA,NA,"```json
{
    ""Chicken Breast"": 30,
    ""Rice"": 40,
    ""Carrot"": 20,
    ""Parsley"": 2,
    ""Apricot Chutney"": 5,
    ""Remnants"": 0
}
```",72,"poultry",30,"rice",40,"root vegetables",20,"herbs",2,"sauce",5,NA,0,NA,NA,NA,NA,NA,NA,NA,NA,NA,NA,NA,NA,NA,NA,NA,NA,"```json
{
    ""Chicken Breast"": 30,
    ""Rice"": 40,
    ""Carrot"": 20,
    ""Parsley"": 2,
    ""Apricot Chutney"": 5,
    ""Remnants"": 0
}
```",72,"poultry",30,"rice",40,"root vegetables",20,"herbs",2,"sauce",5,NA,0,NA,NA,NA,NA,NA,NA,NA,NA,NA,NA,NA,NA,NA,NA,NA,NA,NA,NA,"```json
{
    ""Chicken Breast"": 30,
    ""Rice"": 40,
    ""Carrot"": 20,
    ""Parsley"": 2,
    ""Apricot Chutney"": 5,
    ""Remnants"": 0
}
```",72,"poultry",30,"rice",40,"root vegetables",20,"herbs",2,"sauce",5,NA,0,NA,NA,NA,NA,NA,NA,NA,NA,NA,NA,NA,NA,NA,NA,NA,NA,NA,NA,"```json
{
    ""Chicken Breast"": 30,
    ""Rice"": 40,
    ""Carrot"": 20,
    ""Parsley"": 2,
    ""Apricot Chutney"": 5,
    ""Remnants"": 0
}
```",72,"poultry",30,"rice",40,"root vegetables",20,"herbs",2,"sauce",5,NA,0,NA,NA,NA,NA,NA,NA,NA,NA,NA,NA,NA,NA,NA,NA,NA,NA,"```json
{
    ""Rice"": 30,
    ""Chicken"": 20,
    ""Carrots"": 15,
    ""Sauce"": 5,
    ""Herbs"": 2
}
```",72,"rice",30,"poultry",20,"root vegetables",15,"sauce",5,"herbs",2,NA,NA,NA,NA,NA,NA,"```json
{
    ""Rice"": 30,
    ""Chicken"": 20,
    ""Carrots"": 15,
    ""Sauce"": 5,
    ""Herbs"": 2
}
```",72,"rice",30,"poultry",20,"root vegetables",15,"sauce",5,"herbs",2,NA,NA,NA,NA,NA,NA,"```json
{
    ""Rice"": 30,
    ""Chicken"": 20,
    ""Carrots"": 15,
    ""Sauce"": 5,
    ""Herbs"": 2
}
```",72,"rice",30,"poultry",20,"root vegetables",15,"sauce",5,"herbs",2,NA,NA,NA,NA,NA,NA,"```json
{
    ""Rice"": 30,
    ""Chicken"": 20,
    ""Carrots"": 15,
    ""Sauce"": 5
}
```",72,"rice",30,"poultry",20,"root vegetables",15,"sauce",5,NA,NA,NA,NA,NA,NA,NA,NA,"```json
{
    ""Rice"": 30,
    ""Chicken"": 20,
    ""Carrots"": 15,
    ""Curry Sauce"": 10
}
```",72,"rice",30,"poultry",20,"root vegetables",15,"sauce",10,NA,NA,NA,NA,NA,NA,NA,NA,75,77,17,17,66,28,28,77,17,17,77,17,17,66,28,28,97,-3,3,97,-3,3,97,-3,3,97,-3,3,97,-3,3,72,22,22,72,22,22,72,22,22,70,24,24,19,19,6,0,11,0,6,0,6,0,11,0,5,0,5,0,5,0,5,0,5,0,5,0,5,0,5,0,4,0,4,0
"chicken with apricot curry sauce served with baked potatoes and fluffy rice","Nina","45582","ChickenCranberryCurrySauce",1,"30-10%","26.6",575,610,35,"chicken with apricot curry sauce served with baked potatoes and fluffy rice","https://www.hellofresh.de/recipes/hahnchen-mit-aprikosen-curry-sosse-65d86c68700746d2fe51fc65","Nina_Day1_Chicken1_30.jpg",4,"poultry","garlic","rice","onion","root vegetables","herbs","dried fruits","sauce","water or broth","fats or oils","fats or oils","spices",NA,NA,NA,"500g Chicken Breast; 12 Garlic cloves; 300g Rice; 2  Shallot; 8  Carrot; 10g Parsley; 40g Apricots; 100g Apricot Chutney; 900ml Water; 6 tablespoon  oil; 4 tablespoon butter; 8g spices mix"," Chicken Breast;  Garlic ;  Rice;  Shallot;  Carrot; Parsley; Apricots;  Apricot Chutney; Water;   oil;  butter;  spices mix",35,35,"```json
{
    ""Chicken Breast"": 15,
    ""Garlic"": 1,
    ""Rice"": 20,
    ""Shallot"": 2,
    ""Carrot"": 5,
    ""Parsley"": 1,
    ""Apricots"": 2,
    ""Apricot Chutney"": 3,
    ""Oil"": 1,
    ""Butter"": 0,
    ""Spices Mix"": 1
}
```",71,"poultry",15,"garlic",1,"rice",20,"onion",2,"root vegetables",5,"herbs",1,"dried fruits",2,"sauce",3,"fats or oils",1,"fats or oils",0,"spices",1,NA,NA,NA,NA,NA,NA,NA,NA,"```json
{
    ""Chicken Breast"": 15,
    ""Garlic"": 0,
    ""Rice"": 20,
    ""Shallot"": 0,
    ""Carrot"": 5,
    ""Parsley"": 1,
    ""Apricots"": 0,
    ""Apricot Chutney"": 2,
    ""Water"": 0,
    ""Oil"": 1,
    ""Butter"": 0,
    ""Spices Mix"": 1
}
```",71,"poultry",15,"garlic",0,"rice",20,"onion",0,"root vegetables",5,"herbs",1,"dried fruits",0,"sauce",2,"water or broth",0,"fats or oils",1,"fats or oils",0,"spices",1,NA,NA,NA,NA,NA,NA,"```json
{
    ""Chicken Breast"": 15,
    ""Garlic"": 0,
    ""Rice"": 20,
    ""Shallot"": 0,
    ""Carrot"": 5,
    ""Parsley"": 1,
    ""Apricots"": 0,
    ""Apricot Chutney"": 2,
    ""Water"": 0,
    ""Oil"": 1,
    ""Butter"": 0,
    ""Spices Mix"": 1
}
```",71,"poultry",15,"garlic",0,"rice",20,"onion",0,"root vegetables",5,"herbs",1,"dried fruits",0,"sauce",2,"water or broth",0,"fats or oils",1,"fats or oils",0,"spices",1,NA,NA,NA,NA,NA,NA,"```json
{
    ""Chicken Breast"": 15,
    ""Garlic"": 1,
    ""Rice"": 20,
    ""Shallot"": 2,
    ""Carrot"": 5,
    ""Parsley"": 1,
    ""Apricots"": 2,
    ""Apricot Chutney"": 3,
    ""Oil"": 1,
    ""Butter"": 1,
    ""Spices Mix"": 1
}
```",71,"poultry",15,"garlic",1,"rice",20,"onion",2,"root vegetables",5,"herbs",1,"dried fruits",2,"sauce",3,"fats or oils",1,"fats or oils",1,"spices",1,NA,NA,NA,NA,NA,NA,NA,NA,"```json
{
    ""Chicken Breast"": 15,
    ""Garlic"": 1,
    ""Rice"": 20,
    ""Shallot"": 2,
    ""Carrot"": 5,
    ""Parsley"": 1,
    ""Apricots"": 1,
    ""Apricot Chutney"": 2,
    ""Oil"": 1,
    ""Butter"": 1,
    ""Spices Mix"": 1
}
```",71,"poultry",15,"garlic",1,"rice",20,"onion",2,"root vegetables",5,"herbs",1,"dried fruits",1,"sauce",2,"fats or oils",1,"fats or oils",1,"spices",1,NA,NA,NA,NA,NA,NA,NA,NA,"```json
{
    ""Chicken Breast"": 20,
    ""Rice"": 30,
    ""Carrot"": 10,
    ""Parsley"": 2,
    ""Remnants"": 0
}
```",71,"poultry",20,"rice",30,"root vegetables",10,"herbs",2,NA,0,NA,NA,NA,NA,NA,NA,NA,NA,NA,NA,NA,NA,NA,NA,NA,NA,NA,NA,NA,NA,"```json
{
    ""Chicken Breast"": 20,
    ""Rice"": 30,
    ""Carrot"": 10,
    ""Parsley"": 2,
    ""Remnants"": 0
}
```",71,"poultry",20,"rice",30,"root vegetables",10,"herbs",2,NA,0,NA,NA,NA,NA,NA,NA,NA,NA,NA,NA,NA,NA,NA,NA,NA,NA,NA,NA,"```json
{
    ""Chicken Breast"": 20,
    ""Rice"": 30,
    ""Carrot"": 10,
    ""Parsley"": 2,
    ""Remnants"": 0
}
```",71,"poultry",20,"rice",30,"root vegetables",10,"herbs",2,NA,0,NA,NA,NA,NA,NA,NA,NA,NA,NA,NA,NA,NA,NA,NA,NA,NA,NA,NA,NA,NA,"```json
{
    ""Chicken Breast"": 20,
    ""Rice"": 30,
    ""Carrot"": 10,
    ""Parsley"": 2,
    ""Remnants"": 0
}
```",71,"poultry",20,"rice",30,"root vegetables",10,"herbs",2,NA,0,NA,NA,NA,NA,NA,NA,NA,NA,NA,NA,NA,NA,NA,NA,NA,NA,NA,NA,NA,NA,"```json
{
    ""Chicken Breast"": 20,
    ""Rice"": 15,
    ""Carrot"": 10,
    ""Parsley"": 1,
    ""Remnants"": 0
}
```",71,"poultry",20,"rice",15,"root vegetables",10,"herbs",1,NA,0,NA,NA,NA,NA,NA,NA,NA,NA,NA,NA,NA,NA,NA,NA,NA,NA,NA,NA,"```json
{
    ""Chicken"": 15,
    ""Rice"": 20,
    ""Carrot"": 5,
    ""Herbs"": 1,
    ""Sauce"": 3
}
```",71,"poultry",15,"rice",20,"root vegetables",5,"herbs",1,"sauce",3,NA,NA,NA,NA,NA,NA,"```json
{
    ""chicken"": 15,
    ""rice"": 20,
    ""carrot"": 5,
    ""sauce"": 5,
    ""herbs"": 1
}
```",71,"poultry",15,"rice",20,"root vegetables",5,"sauce",5,"herbs",1,NA,NA,NA,NA,NA,NA,"```json
{
    ""Rice"": 15,
    ""Chicken"": 10,
    ""Carrot"": 5,
    ""Herbs"": 1,
    ""Sauce"": 2
}
```",71,"rice",15,"poultry",10,"root vegetables",5,"herbs",1,"sauce",2,NA,NA,NA,NA,NA,NA,"```json
{
    ""Rice"": 15,
    ""Chicken"": 10,
    ""Carrot"": 5,
    ""Herbs"": 1,
    ""Sauce"": 2
}
```",71,"rice",15,"poultry",10,"root vegetables",5,"herbs",1,"sauce",2,NA,NA,NA,NA,NA,NA,"```json
{
    ""Chicken"": 10,
    ""Rice"": 15,
    ""Carrot"": 5,
    ""Sauce"": 5,
    ""Herbs"": 1
}
```",71,"poultry",10,"rice",15,"root vegetables",5,"sauce",5,"herbs",1,NA,NA,NA,NA,NA,NA,36,51,-16,16,45,-10,10,45,-10,10,52,-17,17,50,-15,15,62,-27,27,62,-27,27,62,-27,27,62,-27,27,46,-11,11,44,-9,9,46,-11,11,33,2,2,33,2,2,-1,1,10,0,11,0,11,0,10,0,10,0,4,0,4,0,4,0,4,0,4,0,5,0,5,0,5,0,5,0,5,0
"chicken with apricot curry sauce served with baked potatoes and fluffy rice","Nina","45582","ChickenCranberryCurrySauce",1,"finished","26.6",575,575,0,"chicken with apricot curry sauce served with baked potatoes and fluffy rice","https://www.hellofresh.de/recipes/hahnchen-mit-aprikosen-curry-sosse-65d86c68700746d2fe51fc66","Nina_Day1_Chicken1_0.jpg",4,"poultry","garlic","rice","onion","root vegetables","herbs","dried fruits","sauce","water or broth","fats or oils","fats or oils","spices",NA,NA,NA,"500g Chicken Breast; 12 Garlic cloves; 300g Rice; 2  Shallot; 8  Carrot; 10g Parsley; 40g Apricots; 100g Apricot Chutney; 900ml Water; 6 tablespoon  oil; 4 tablespoon butter; 8g spices mix"," Chicken Breast;  Garlic ;  Rice;  Shallot;  Carrot; Parsley; Apricots;  Apricot Chutney; Water;   oil;  butter;  spices mix",0,0,"```json
{
  ""Remnants"": 0
}
```",70,NA,0,NA,NA,NA,NA,NA,NA,NA,NA,NA,NA,NA,NA,NA,NA,NA,NA,NA,NA,NA,NA,NA,NA,NA,NA,NA,NA,NA,NA,"```json
{
  ""Remnants"": 0 grams
}
```",70,NA,0,NA,NA,NA,NA,NA,NA,NA,NA,NA,NA,NA,NA,NA,NA,NA,NA,NA,NA,NA,NA,NA,NA,NA,NA,NA,NA,NA,NA,"```json
{
  ""Remnants"": 0 grams
}
```",70,NA,0,NA,NA,NA,NA,NA,NA,NA,NA,NA,NA,NA,NA,NA,NA,NA,NA,NA,NA,NA,NA,NA,NA,NA,NA,NA,NA,NA,NA,"```json
{
  ""Remnants"": 0
}
```",70,NA,0,NA,NA,NA,NA,NA,NA,NA,NA,NA,NA,NA,NA,NA,NA,NA,NA,NA,NA,NA,NA,NA,NA,NA,NA,NA,NA,NA,NA,"```json
{
  ""Remnants"": 0
}
```",70,NA,0,NA,NA,NA,NA,NA,NA,NA,NA,NA,NA,NA,NA,NA,NA,NA,NA,NA,NA,NA,NA,NA,NA,NA,NA,NA,NA,NA,NA,"```json
{
  ""Remnants"": 0 grams
}
```",70,NA,0,NA,NA,NA,NA,NA,NA,NA,NA,NA,NA,NA,NA,NA,NA,NA,NA,NA,NA,NA,NA,NA,NA,NA,NA,NA,NA,NA,NA,"```json
{
  ""Remnants"": 0 grams
}
```",70,NA,0,NA,NA,NA,NA,NA,NA,NA,NA,NA,NA,NA,NA,NA,NA,NA,NA,NA,NA,NA,NA,NA,NA,NA,NA,NA,NA,"```json
{
  ""Remnants"": 0 grams
}
```",70,NA,0,NA,NA,NA,NA,NA,NA,NA,NA,NA,NA,NA,NA,NA,NA,NA,NA,NA,NA,NA,NA,NA,NA,NA,NA,NA,NA,NA,NA,"```json
{
  ""Remnants"": 0 grams
}
```",70,NA,0,NA,NA,NA,NA,NA,NA,NA,NA,NA,NA,NA,NA,NA,NA,NA,NA,NA,NA,NA,NA,NA,NA,NA,NA,NA,NA,NA,NA,"```json
{
  ""Remnants"": 0
}
```",70,NA,0,NA,NA,NA,NA,NA,NA,NA,NA,NA,NA,NA,NA,NA,NA,NA,NA,NA,NA,NA,NA,NA,NA,NA,NA,NA,NA,"```json
{""Remnants"": 0 grams}
```",70,NA,NA,NA,NA,NA,NA,NA,NA,NA,NA,NA,NA,NA,NA,NA,NA,"```json
{""Remnants"": 0 grams}
```",70,NA,NA,NA,NA,NA,NA,NA,NA,NA,NA,NA,NA,NA,NA,NA,NA,"```json
{""Remnants"": 0 grams}
```",70,NA,NA,NA,NA,NA,NA,NA,NA,NA,NA,NA,NA,NA,NA,NA,NA,"```json
{""Remnants"": 0 grams}
```",70,NA,NA,NA,NA,NA,NA,NA,NA,NA,NA,NA,NA,NA,NA,NA,NA,"```json
{""Remnants"": 0 grams}
```",70,NA,NA,NA,NA,NA,NA,NA,NA,NA,NA,NA,NA,NA,NA,NA,NA,0,0,0,0,0,0,0,0,0,0,0,0,0,0,0,0,0,0,0,0,0,0,0,0,0,0,0,0,0,0,0,0,0,0,0,0,0,0,0,0,0,0,0,0,0,0,0,0,0,0,0,0,0,0,0,0,0,0,0,0,0,0,0,0,0,0,0,0,0,0,0,0,0,0,0
"chicken with apricot curry sauce served with baked potatoes and fluffy rice","Nina","45582","ChickenCranberryCurrySauce",2,"50-30%","26.6",661,799,138,"chicken with apricot curry sauce served with baked potatoes and fluffy rice","https://www.hellofresh.de/recipes/hahnchen-mit-aprikosen-curry-sosse-65d86c68700746d2fe51fc67","Nina_Day1_Chicken2_50.jpg",4,"poultry","garlic","rice","onion","root vegetables","herbs","dried fruits","sauce","water or broth","fats or oils","fats or oils","spices",NA,NA,NA,"500g Chicken Breast; 12 Garlic cloves; 300g Rice; 2  Shallot; 8  Carrot; 10g Parsley; 40g Apricots; 100g Apricot Chutney; 900ml Water; 6 tablespoon  oil; 4 tablespoon butter; 8g spices mix"," Chicken Breast;  Garlic ;  Rice;  Shallot;  Carrot; Parsley; Apricots;  Apricot Chutney; Water;   oil;  butter;  spices mix",138,138,"```json
{
    ""Chicken Breast"": 20,
    ""Garlic"": 0,
    ""Rice"": 30,
    ""Shallot"": 5,
    ""Carrot"": 15,
    ""Parsley"": 5,
    ""Apricots"": 0,
    ""Apricot Chutney"": 5,
    ""Water"": 0,
    ""Oil"": 0,
    ""Butter"": 0,
    ""Spices Mix"": 0
}
```",75,"poultry",20,"garlic",0,"rice",30,"onion",5,"root vegetables",15,"herbs",5,"dried fruits",0,"sauce",5,"water or broth",0,"fats or oils",0,"fats or oils",0,"spices",0,NA,NA,NA,NA,NA,NA,"```json
{
    ""Chicken Breast"": 20,
    ""Garlic"": 0,
    ""Rice"": 30,
    ""Shallot"": 5,
    ""Carrot"": 15,
    ""Parsley"": 5,
    ""Apricots"": 0,
    ""Apricot Chutney"": 5,
    ""Water"": 0,
    ""Oil"": 0,
    ""Butter"": 0,
    ""Spices Mix"": 0
}
```",75,"poultry",20,"garlic",0,"rice",30,"onion",5,"root vegetables",15,"herbs",5,"dried fruits",0,"sauce",5,"water or broth",0,"fats or oils",0,"fats or oils",0,"spices",0,NA,NA,NA,NA,NA,NA,"```json
{
    ""Chicken Breast"": 20,
    ""Garlic"": 0,
    ""Rice"": 30,
    ""Shallot"": 5,
    ""Carrot"": 15,
    ""Parsley"": 5,
    ""Apricots"": 0,
    ""Apricot Chutney"": 5,
    ""Water"": 0,
    ""Oil"": 0,
    ""Butter"": 0,
    ""Spices Mix"": 0
}
```",75,"poultry",20,"garlic",0,"rice",30,"onion",5,"root vegetables",15,"herbs",5,"dried fruits",0,"sauce",5,"water or broth",0,"fats or oils",0,"fats or oils",0,"spices",0,NA,NA,NA,NA,NA,NA,"```json
{
    ""Chicken Breast"": 20,
    ""Garlic"": 0,
    ""Rice"": 30,
    ""Shallot"": 5,
    ""Carrot"": 15,
    ""Parsley"": 5,
    ""Apricots"": 0,
    ""Apricot Chutney"": 5,
    ""Water"": 0,
    ""Oil"": 0,
    ""Butter"": 0,
    ""Spices Mix"": 0
}
```",75,"poultry",20,"garlic",0,"rice",30,"onion",5,"root vegetables",15,"herbs",5,"dried fruits",0,"sauce",5,"water or broth",0,"fats or oils",0,"fats or oils",0,"spices",0,NA,NA,NA,NA,NA,NA,"```json
{
    ""Chicken Breast"": 20,
    ""Garlic"": 0,
    ""Rice"": 30,
    ""Shallot"": 5,
    ""Carrot"": 15,
    ""Parsley"": 5,
    ""Apricots"": 0,
    ""Apricot Chutney"": 5,
    ""Water"": 0,
    ""Oil"": 0,
    ""Butter"": 0,
    ""Spices Mix"": 0
}
```",75,"poultry",20,"garlic",0,"rice",30,"onion",5,"root vegetables",15,"herbs",5,"dried fruits",0,"sauce",5,"water or broth",0,"fats or oils",0,"fats or oils",0,"spices",0,NA,NA,NA,NA,NA,NA,"```json
{
    ""Chicken Breast"": 30,
    ""Rice"": 50,
    ""Carrot"": 20,
    ""Parsley"": 5,
    ""Apricot Chutney"": 10
}
```",75,"poultry",30,"rice",50,"root vegetables",20,"herbs",5,"sauce",10,NA,NA,NA,NA,NA,NA,NA,NA,NA,NA,NA,NA,NA,NA,NA,NA,NA,NA,NA,NA,"```json
{
    ""Carrot"": 30,
    ""Rice"": 40,
    ""Chicken"": 20,
    ""Parsley"": 5,
    ""Sauce"": 15
}
```",75,"root vegetables",30,"rice",40,"poultry",20,"herbs",5,"sauce",15,NA,NA,NA,NA,NA,NA,NA,NA,NA,NA,NA,NA,NA,NA,NA,NA,NA,NA,"```json
{
    ""Chicken Breast"": 30,
    ""Rice"": 50,
    ""Carrot"": 20,
    ""Parsley"": 5,
    ""Apricot Chutney"": 10
}
```",75,"poultry",30,"rice",50,"root vegetables",20,"herbs",5,"sauce",10,NA,NA,NA,NA,NA,NA,NA,NA,NA,NA,NA,NA,NA,NA,NA,NA,NA,NA,NA,NA,"```json
{
    ""Carrot"": 30,
    ""Rice"": 40,
    ""Chicken"": 20,
    ""Parsley"": 5,
    ""Sauce"": 15
}
```",75,"root vegetables",30,"rice",40,"poultry",20,"herbs",5,"sauce",15,NA,NA,NA,NA,NA,NA,NA,NA,NA,NA,NA,NA,NA,NA,NA,NA,NA,NA,NA,NA,"```json
{
    ""Chicken Breast"": 30,
    ""Rice"": 40,
    ""Carrot"": 20,
    ""Parsley"": 5,
    ""Apricot Chutney"": 10
}
```",75,"poultry",30,"rice",40,"root vegetables",20,"herbs",5,"sauce",10,NA,NA,NA,NA,NA,NA,NA,NA,NA,NA,NA,NA,NA,NA,NA,NA,NA,NA,"```json
{
  ""Rice"": 40,
  ""Carrots"": 30,
  ""Chicken"": 20,
  ""Curry Sauce"": 10,
  ""Parsley"": 5
}
```",75,"rice",40,"root vegetables",30,"poultry",20,"sauce",10,"herbs",5,NA,NA,NA,NA,NA,NA,"```json
{
    ""Rice"": 40,
    ""Carrots"": 30,
    ""Chicken"": 20,
    ""Curry Sauce"": 10,
    ""Parsley"": 5
}
```",75,"rice",40,"root vegetables",30,"poultry",20,"sauce",10,"herbs",5,NA,NA,NA,NA,NA,NA,"```json
{
    ""Rice"": 40,
    ""Carrots"": 30,
    ""Chicken"": 20,
    ""Curry Sauce"": 10,
    ""Parsley"": 5
}
```",75,"rice",40,"root vegetables",30,"poultry",20,"sauce",10,"herbs",5,NA,NA,NA,NA,NA,NA,"```json
{
    ""Rice"": 40,
    ""Carrots"": 30,
    ""Chicken"": 20,
    ""Curry Sauce"": 10,
    ""Parsley"": 5
}
```",75,"rice",40,"root vegetables",30,"poultry",20,"sauce",10,"herbs",5,NA,NA,NA,NA,NA,NA,"```json
{
    ""Rice"": 40,
    ""Carrots"": 30,
    ""Chicken"": 20,
    ""Curry Sauce"": 10,
    ""Parsley"": 5
}
```",75,"rice",40,"root vegetables",30,"poultry",20,"sauce",10,"herbs",5,NA,NA,NA,NA,NA,NA,105,80,58,58,80,58,58,80,58,58,80,58,58,80,58,58,115,23,23,110,28,28,115,23,23,110,28,28,105,33,33,105,33,33,105,33,33,105,33,33,105,33,33,33,33,11,0,11,0,11,0,11,0,11,0,5,0,5,0,5,0,5,0,5,0,5,0,5,0,5,0,5,0,5,0
"chicken with apricot curry sauce served with baked potatoes and fluffy rice","Nina","45582","ChickenCranberryCurrySauce",2,"30-10%","26.6",661,695,34,"chicken with apricot curry sauce served with baked potatoes and fluffy rice","https://www.hellofresh.de/recipes/hahnchen-mit-aprikosen-curry-sosse-65d86c68700746d2fe51fc68","Nina_Day1_Chicken2_30.jpg",4,"poultry","garlic","rice","onion","root vegetables","herbs","dried fruits","sauce","water or broth","fats or oils","fats or oils","spices",NA,NA,NA,"500g Chicken Breast; 12 Garlic cloves; 300g Rice; 2  Shallot; 8  Carrot; 10g Parsley; 40g Apricots; 100g Apricot Chutney; 900ml Water; 6 tablespoon  oil; 4 tablespoon butter; 8g spices mix"," Chicken Breast;  Garlic ;  Rice;  Shallot;  Carrot; Parsley; Apricots;  Apricot Chutney; Water;   oil;  butter;  spices mix",34,34,"```json
{
    ""Chicken Breast"": 10,
    ""Rice"": 15,
    ""Parsley"": 1,
    ""Remnants"": 0
}
```",74,"poultry",10,"rice",15,"herbs",1,NA,0,NA,NA,NA,NA,NA,NA,NA,NA,NA,NA,NA,NA,NA,NA,NA,NA,NA,NA,NA,NA,NA,NA,"```json
{
    ""Chicken Breast"": 10,
    ""Garlic"": 1,
    ""Rice"": 15,
    ""Shallot"": 1,
    ""Carrot"": 0,
    ""Parsley"": 1,
    ""Apricots"": 0,
    ""Apricot Chutney"": 0,
    ""Water"": 0,
    ""Oil"": 0,
    ""Butter"": 0,
    ""Spices Mix"": 1
}
```",74,"poultry",10,"garlic",1,"rice",15,"onion",1,"root vegetables",0,"herbs",1,"dried fruits",0,"sauce",0,"water or broth",0,"fats or oils",0,"fats or oils",0,"spices",1,NA,NA,NA,NA,NA,NA,"```json
{
    ""Chicken Breast"": 10,
    ""Rice"": 15,
    ""Parsley"": 1,
    ""Remnants"": 0
}
```",74,"poultry",10,"rice",15,"herbs",1,NA,0,NA,NA,NA,NA,NA,NA,NA,NA,NA,NA,NA,NA,NA,NA,NA,NA,NA,NA,NA,NA,NA,NA,"```json
{
    ""Chicken Breast"": 10,
    ""Garlic"": 1,
    ""Rice"": 15,
    ""Shallot"": 1,
    ""Carrot"": 0,
    ""Parsley"": 1,
    ""Apricots"": 0,
    ""Apricot Chutney"": 0,
    ""Water"": 0,
    ""Oil"": 0,
    ""Butter"": 0,
    ""Spices Mix"": 1
}
```",74,"poultry",10,"garlic",1,"rice",15,"onion",1,"root vegetables",0,"herbs",1,"dried fruits",0,"sauce",0,"water or broth",0,"fats or oils",0,"fats or oils",0,"spices",1,NA,NA,NA,NA,NA,NA,"```json
{
    ""Chicken Breast"": 10,
    ""Garlic"": 0,
    ""Rice"": 15,
    ""Shallot"": 0,
    ""Carrot"": 0,
    ""Parsley"": 1,
    ""Apricots"": 0,
    ""Apricot Chutney"": 0,
    ""Water"": 0,
    ""Oil"": 0,
    ""Butter"": 0,
    ""Spices Mix"": 0
}
```",74,"poultry",10,"garlic",0,"rice",15,"onion",0,"root vegetables",0,"herbs",1,"dried fruits",0,"sauce",0,"water or broth",0,"fats or oils",0,"fats or oils",0,"spices",0,NA,NA,NA,NA,NA,NA,"```json
{
    ""Chicken Breast"": 10,
    ""Rice"": 15,
    ""Parsley"": 1,
    ""Remnants"": 0
}
```",74,"poultry",10,"rice",15,"herbs",1,NA,0,NA,NA,NA,NA,NA,NA,NA,NA,NA,NA,NA,NA,NA,NA,NA,NA,NA,NA,NA,NA,NA,NA,"```json
{
    ""Chicken Breast"": 10,
    ""Rice"": 15,
    ""Parsley"": 1,
    ""Remnants"": 0
}
```",74,"poultry",10,"rice",15,"herbs",1,NA,0,NA,NA,NA,NA,NA,NA,NA,NA,NA,NA,NA,NA,NA,NA,NA,NA,NA,NA,NA,NA,"```json
{
    ""Chicken Breast"": 10,
    ""Rice"": 15,
    ""Parsley"": 1,
    ""Remnants"": 0
}
```",74,"poultry",10,"rice",15,"herbs",1,NA,0,NA,NA,NA,NA,NA,NA,NA,NA,NA,NA,NA,NA,NA,NA,NA,NA,NA,NA,NA,NA,NA,NA,"```json
{
    ""Chicken Breast"": 10,
    ""Rice"": 15,
    ""Parsley"": 1,
    ""Remnants"": 0
}
```",74,"poultry",10,"rice",15,"herbs",1,NA,0,NA,NA,NA,NA,NA,NA,NA,NA,NA,NA,NA,NA,NA,NA,NA,NA,NA,NA,NA,NA,NA,NA,"```json
{
    ""Chicken Breast"": 10,
    ""Rice"": 15,
    ""Parsley"": 1
}
```",74,"poultry",10,"rice",15,"herbs",1,NA,NA,NA,NA,NA,NA,NA,NA,NA,NA,NA,NA,NA,NA,NA,NA,NA,NA,NA,NA,NA,NA,"```json
{
    ""chicken"": 10,
    ""rice"": 15,
    ""sauce"": 5,
    ""parsley"": 1,
    ""baked_potatoes"": 0
}
```",74,"poultry",10,"rice",15,"sauce",5,"herbs",1,"potatoes or fries",0,NA,NA,NA,NA,NA,NA,"```json
{
    ""Chicken"": 10,
    ""Rice"": 15,
    ""Curry Sauce"": 5,
    ""Parsley"": 1
}
```",74,"poultry",10,"rice",15,"sauce",5,"herbs",1,NA,NA,NA,NA,NA,NA,NA,NA,"```json
{
    ""Chicken"": 10,
    ""Rice"": 15,
    ""Curry Sauce"": 5,
    ""Herbs"": 1,
    ""Remnants"": 0
}
```",74,"poultry",10,"rice",15,"sauce",5,"herbs",1,NA,0,NA,NA,NA,NA,NA,NA,"```json
{
    ""Chicken"": 10,
    ""Rice"": 15,
    ""Curry Sauce"": 5,
    ""Parsley"": 1
}
```",74,"poultry",10,"rice",15,"sauce",5,"herbs",1,NA,NA,NA,NA,NA,NA,NA,NA,"```json
{
    ""Chicken"": 10,
    ""Rice"": 15,
    ""Curry Sauce"": 5,
    ""Parsley"": 1
}
```",74,"poultry",10,"rice",15,"sauce",5,"herbs",1,NA,NA,NA,NA,NA,NA,NA,NA,31,26,8,8,29,5,5,26,8,8,29,5,5,26,8,8,26,8,8,26,8,8,26,8,8,26,8,8,26,8,8,31,3,3,31,3,3,31,3,3,31,3,3,3,3,3,0,11,0,3,0,11,0,11,0,3,0,3,0,3,0,3,0,3,0,4,1,4,0,4,0,4,0,4,0
"chicken with apricot curry sauce served with baked potatoes and fluffy rice","Nina","45582","ChickenCranberryCurrySauce",2,"finished","26.6",661,661,0,"chicken with apricot curry sauce served with baked potatoes and fluffy rice","https://www.hellofresh.de/recipes/hahnchen-mit-aprikosen-curry-sosse-65d86c68700746d2fe51fc69","Nina_Day1_Chicken2_0.jpg",4,"poultry","garlic","rice","onion","root vegetables","herbs","dried fruits","sauce","water or broth","fats or oils","fats or oils","spices",NA,NA,NA,"500g Chicken Breast; 12 Garlic cloves; 300g Rice; 2  Shallot; 8  Carrot; 10g Parsley; 40g Apricots; 100g Apricot Chutney; 900ml Water; 6 tablespoon  oil; 4 tablespoon butter; 8g spices mix"," Chicken Breast;  Garlic ;  Rice;  Shallot;  Carrot; Parsley; Apricots;  Apricot Chutney; Water;   oil;  butter;  spices mix",0,0,"```json
{
    ""Remnants"": 0 grams
}
```",73,NA,0,NA,NA,NA,NA,NA,NA,NA,NA,NA,NA,NA,NA,NA,NA,NA,NA,NA,NA,NA,NA,NA,NA,NA,NA,NA,NA,NA,NA,"```json
{
    ""Remnants"": 0 grams
}
```",73,NA,0,NA,NA,NA,NA,NA,NA,NA,NA,NA,NA,NA,NA,NA,NA,NA,NA,NA,NA,NA,NA,NA,NA,NA,NA,NA,NA,NA,NA,"```json
{
  ""Remnants"": 0
}
```",73,NA,0,NA,NA,NA,NA,NA,NA,NA,NA,NA,NA,NA,NA,NA,NA,NA,NA,NA,NA,NA,NA,NA,NA,NA,NA,NA,NA,NA,NA,"```json
{
    ""Remnants"": 0 grams
}
```",73,NA,0,NA,NA,NA,NA,NA,NA,NA,NA,NA,NA,NA,NA,NA,NA,NA,NA,NA,NA,NA,NA,NA,NA,NA,NA,NA,NA,NA,NA,"```json
{
  ""Remnants"": 0 grams
}
```",73,NA,0,NA,NA,NA,NA,NA,NA,NA,NA,NA,NA,NA,NA,NA,NA,NA,NA,NA,NA,NA,NA,NA,NA,NA,NA,NA,NA,NA,NA,"```json
{
  ""Remnants"": 0 grams
}
```",73,NA,0,NA,NA,NA,NA,NA,NA,NA,NA,NA,NA,NA,NA,NA,NA,NA,NA,NA,NA,NA,NA,NA,NA,NA,NA,NA,NA,NA,NA,"```json
{
  ""Remnants"": 0 grams
}
```",73,NA,0,NA,NA,NA,NA,NA,NA,NA,NA,NA,NA,NA,NA,NA,NA,NA,NA,NA,NA,NA,NA,NA,NA,NA,NA,NA,NA,"```json
{
  ""Remnants"": 0 grams
}
```",73,NA,0,NA,NA,NA,NA,NA,NA,NA,NA,NA,NA,NA,NA,NA,NA,NA,NA,NA,NA,NA,NA,NA,NA,NA,NA,NA,NA,NA,NA,"```json
{
  ""Remnants"": 0 grams
}
```",73,NA,0,NA,NA,NA,NA,NA,NA,NA,NA,NA,NA,NA,NA,NA,NA,NA,NA,NA,NA,NA,NA,NA,NA,NA,NA,NA,NA,NA,NA,"```json
{
  ""Remnants"": 0 grams
}
```",73,NA,0,NA,NA,NA,NA,NA,NA,NA,NA,NA,NA,NA,NA,NA,NA,NA,NA,NA,NA,NA,NA,NA,NA,NA,NA,NA,NA,"```json
{
  ""Remnants"": 0 grams
}
```",73,NA,0,NA,NA,NA,NA,NA,NA,NA,NA,NA,NA,NA,NA,NA,NA,"```json
{
  ""Remnants"": 0 grams
}
```",73,NA,0,NA,NA,NA,NA,NA,NA,NA,NA,NA,NA,NA,NA,NA,NA,"```json
{
  ""Remnants"": 0 grams
}
```",73,NA,0,NA,NA,NA,NA,NA,NA,NA,NA,NA,NA,NA,NA,NA,NA,"```json
{
  ""Remnants"": 0 grams
}
```",73,NA,0,NA,NA,NA,NA,NA,NA,NA,NA,NA,NA,NA,NA,NA,NA,"```json
{
  ""Remnants"": 0 grams
}
```",73,NA,0,NA,NA,NA,NA,NA,NA,NA,NA,NA,NA,NA,NA,NA,NA,0,0,0,0,0,0,0,0,0,0,0,0,0,0,0,0,0,0,0,0,0,0,0,0,0,0,0,0,0,0,0,0,0,0,0,0,0,0,0,0,0,0,0,0,0,0,0,0,0,0,0,0,0,0,0,0,0,0,0,0,0,0,0,0,0,0,0,0,0,0,0,0,0,0,0
"chicken with apricot curry sauce served with baked potatoes and fluffy rice","Nina","45582","ChickenCranberryCurrySauce",3,"50-30%","25",626,779,153,"chicken with apricot curry sauce served with baked potatoes and fluffy rice","https://www.hellofresh.de/recipes/hahnchen-mit-aprikosen-curry-sosse-65d86c68700746d2fe51fc70","Nina_Day1_Chicken3_50.jpg",4,"poultry","garlic","rice","onion","root vegetables","herbs","dried fruits","sauce","water or broth","fats or oils","fats or oils","spices",NA,NA,NA,"500g Chicken Breast; 12 Garlic cloves; 300g Rice; 2  Shallot; 8  Carrot; 10g Parsley; 40g Apricots; 100g Apricot Chutney; 900ml Water; 6 tablespoon  oil; 4 tablespoon butter; 8g spices mix"," Chicken Breast;  Garlic ;  Rice;  Shallot;  Carrot; Parsley; Apricots;  Apricot Chutney; Water;   oil;  butter;  spices mix",153,153,"```json
{
    ""Chicken Breast"": 20,
    ""Rice"": 40,
    ""Carrot"": 30,
    ""Parsley"": 5,
    ""Apricot Chutney"": 10
}
```",76,"poultry",20,"rice",40,"root vegetables",30,"herbs",5,"sauce",10,NA,NA,NA,NA,NA,NA,NA,NA,NA,NA,NA,NA,NA,NA,NA,NA,NA,NA,NA,NA,"```json
{
    ""Carrot"": 40,
    ""Rice"": 50,
    ""Parsley"": 5,
    ""Chicken Breast"": 20,
    ""Apricot Chutney"": 15
}
```",76,"root vegetables",40,"rice",50,"herbs",5,"poultry",20,"sauce",15,NA,NA,NA,NA,NA,NA,NA,NA,NA,NA,NA,NA,NA,NA,NA,NA,NA,NA,NA,NA,"```json
{
    ""Carrot"": 40,
    ""Rice"": 50,
    ""Parsley"": 5,
    ""Chicken Breast"": 20,
    ""Apricot Chutney"": 15
}
```",76,"root vegetables",40,"rice",50,"herbs",5,"poultry",20,"sauce",15,NA,NA,NA,NA,NA,NA,NA,NA,NA,NA,NA,NA,NA,NA,NA,NA,NA,NA,NA,NA,"```json
{
    ""Carrot"": 40,
    ""Rice"": 50,
    ""Parsley"": 5,
    ""Chicken Breast"": 20,
    ""Apricot Chutney"": 15
}
```",76,"root vegetables",40,"rice",50,"herbs",5,"poultry",20,"sauce",15,NA,NA,NA,NA,NA,NA,NA,NA,NA,NA,NA,NA,NA,NA,NA,NA,NA,NA,NA,NA,"```json
{
    ""Carrot"": 30,
    ""Rice"": 40,
    ""Parsley"": 5,
    ""Chicken Breast"": 20,
    ""Apricot Chutney"": 15
}
```",76,"root vegetables",30,"rice",40,"herbs",5,"poultry",20,"sauce",15,NA,NA,NA,NA,NA,NA,NA,NA,NA,NA,NA,NA,NA,NA,NA,NA,NA,NA,NA,NA,"```json
{
    ""Rice"": 50,
    ""Carrot"": 40,
    ""Parsley"": 5,
    ""Chicken"": 30,
    ""Apricot Chutney"": 20
}
```",76,"rice",50,"root vegetables",40,"herbs",5,"poultry",30,"sauce",20,NA,NA,NA,NA,NA,NA,NA,NA,NA,NA,NA,NA,NA,NA,NA,NA,NA,NA,NA,NA,"```json
{
    ""Carrots"": 50,
    ""Rice"": 40,
    ""Parsley"": 5,
    ""Chicken"": 30,
    ""Apricot Chutney"": 20
}
```",76,"root vegetables",50,"rice",40,"herbs",5,"poultry",30,"sauce",20,NA,NA,NA,NA,NA,NA,NA,NA,NA,NA,NA,NA,NA,NA,NA,NA,NA,NA,"```json
{
    ""Rice"": 50,
    ""Carrot"": 40,
    ""Parsley"": 5,
    ""Chicken"": 20,
    ""Apricot Chutney"": 10
}
```",76,"rice",50,"root vegetables",40,"herbs",5,"poultry",20,"sauce",10,NA,NA,NA,NA,NA,NA,NA,NA,NA,NA,NA,NA,NA,NA,NA,NA,NA,NA,NA,NA,"```json
{
    ""Rice"": 50,
    ""Carrot"": 40,
    ""Parsley"": 5,
    ""Chicken"": 30,
    ""Apricot Chutney"": 20
}
```",76,"rice",50,"root vegetables",40,"herbs",5,"poultry",30,"sauce",20,NA,NA,NA,NA,NA,NA,NA,NA,NA,NA,NA,NA,NA,NA,NA,NA,NA,NA,NA,NA,"```json
{
    ""Rice"": 50,
    ""Carrots"": 40,
    ""Parsley"": 5,
    ""Chicken"": 30,
    ""Apricot Chutney"": 20
}
```",76,"rice",50,"root vegetables",40,"herbs",5,"poultry",30,"sauce",20,NA,NA,NA,NA,NA,NA,NA,NA,NA,NA,NA,NA,NA,NA,NA,NA,NA,NA,"```json
{
    ""rice"": 40,
    ""carrots"": 30,
    ""chicken"": 20,
    ""curry sauce"": 15,
    ""herbs"": 5
}
```",76,"rice",40,"root vegetables",30,"poultry",20,"sauce",15,"herbs",5,NA,NA,NA,NA,NA,NA,"```json
{
    ""rice"": 50,
    ""carrots"": 40,
    ""chicken"": 20,
    ""curry_sauce"": 15,
    ""herbs"": 5
}
```",76,"rice",50,"root vegetables",40,"poultry",20,"sauce",15,"herbs",5,NA,NA,NA,NA,NA,NA,"```json
{
    ""rice"": 50,
    ""carrots"": 40,
    ""curry sauce"": 20,
    ""chicken"": 30,
    ""herbs"": 5
}
```",76,"rice",50,"root vegetables",40,"sauce",20,"poultry",30,"herbs",5,NA,NA,NA,NA,NA,NA,"```json
{
    ""Rice"": 50,
    ""Carrots"": 30,
    ""Curry Sauce"": 20,
    ""Chicken"": 15,
    ""Herbs"": 5
}
```",76,"rice",50,"root vegetables",30,"sauce",20,"poultry",15,"herbs",5,NA,NA,NA,NA,NA,NA,"```json
{
  ""rice"": 50,
  ""carrots"": 40,
  ""chicken"": 30,
  ""curry_sauce"": 20,
  ""herbs"": 5
}
```",76,"rice",50,"root vegetables",40,"poultry",30,"sauce",20,"herbs",5,NA,NA,NA,NA,NA,NA,145,105,48,48,130,23,23,130,23,23,130,23,23,110,43,43,145,8,8,145,8,8,125,28,28,145,8,8,145,8,8,110,43,43,130,23,23,145,8,8,120,33,33,8,8,5,0,5,0,5,0,5,0,5,0,5,0,5,0,5,0,5,0,5,0,5,0,5,0,5,0,5,0,5,0
"chicken with apricot curry sauce served with baked potatoes and fluffy rice","Nina","45582","ChickenCranberryCurrySauce",4,"50-30%","26.6",578,748,170,"chicken with apricot curry sauce served with baked potatoes and fluffy rice","https://www.hellofresh.de/recipes/hahnchen-mit-aprikosen-curry-sosse-65d86c68700746d2fe51fc73","Nina_Day1_Chicken4_50.jpg",4,"poultry","garlic","rice","onion","root vegetables","herbs","dried fruits","sauce","water or broth","fats or oils","fats or oils","spices",NA,NA,NA,"500g Chicken Breast; 12 Garlic cloves; 300g Rice; 2  Shallot; 8  Carrot; 10g Parsley; 40g Apricots; 100g Apricot Chutney; 900ml Water; 6 tablespoon  oil; 4 tablespoon butter; 8g spices mix"," Chicken Breast;  Garlic ;  Rice;  Shallot;  Carrot; Parsley; Apricots;  Apricot Chutney; Water;   oil;  butter;  spices mix",170,170,"```json
{
    ""Chicken Breast"": 50,
    ""Garlic"": 2,
    ""Rice"": 60,
    ""Shallot"": 5,
    ""Carrot"": 30,
    ""Parsley"": 5,
    ""Apricots"": 10,
    ""Apricot Chutney"": 10,
    ""Oil"": 2,
    ""Butter"": 2,
    ""Spices Mix"": 1
}
```",79,"poultry",50,"garlic",2,"rice",60,"onion",5,"root vegetables",30,"herbs",5,"dried fruits",10,"sauce",10,"fats or oils",2,"fats or oils",2,"spices",1,NA,NA,NA,NA,NA,NA,NA,NA,"```json
{
    ""Chicken Breast"": 50,
    ""Rice"": 60,
    ""Carrot"": 40,
    ""Parsley"": 5,
    ""Apricot Chutney"": 10,
    ""Remnants"": 0
}
```",79,"poultry",50,"rice",60,"root vegetables",40,"herbs",5,"sauce",10,NA,0,NA,NA,NA,NA,NA,NA,NA,NA,NA,NA,NA,NA,NA,NA,NA,NA,NA,NA,"```json
{
    ""Chicken Breast"": 30,
    ""Garlic"": 2,
    ""Rice"": 40,
    ""Shallot"": 5,
    ""Carrot"": 20,
    ""Parsley"": 3,
    ""Apricots"": 5,
    ""Apricot Chutney"": 10,
    ""Oil"": 2,
    ""Butter"": 2,
    ""Spices Mix"": 1
}
```",79,"poultry",30,"garlic",2,"rice",40,"onion",5,"root vegetables",20,"herbs",3,"dried fruits",5,"sauce",10,"fats or oils",2,"fats or oils",2,"spices",1,NA,NA,NA,NA,NA,NA,NA,NA,"```json
{
    ""Chicken Breast"": 40,
    ""Garlic"": 2,
    ""Rice"": 50,
    ""Shallot"": 5,
    ""Carrot"": 30,
    ""Parsley"": 3,
    ""Apricots"": 5,
    ""Apricot Chutney"": 10,
    ""Oil"": 2,
    ""Butter"": 2,
    ""Spices Mix"": 1
}
```",79,"poultry",40,"garlic",2,"rice",50,"onion",5,"root vegetables",30,"herbs",3,"dried fruits",5,"sauce",10,"fats or oils",2,"fats or oils",2,"spices",1,NA,NA,NA,NA,NA,NA,NA,NA,"```json
{
    ""Chicken Breast"": 50,
    ""Garlic"": 5,
    ""Rice"": 60,
    ""Shallot"": 5,
    ""Carrot"": 30,
    ""Parsley"": 5,
    ""Apricots"": 10,
    ""Apricot Chutney"": 10,
    ""Oil"": 5,
    ""Butter"": 5,
    ""Spices Mix"": 5
}
```",79,"poultry",50,"garlic",5,"rice",60,"onion",5,"root vegetables",30,"herbs",5,"dried fruits",10,"sauce",10,"fats or oils",5,"fats or oils",5,"spices",5,NA,NA,NA,NA,NA,NA,NA,NA,"```json
{
    ""Chicken Breast"": 50,
    ""Rice"": 80,
    ""Carrot"": 40,
    ""Parsley"": 5,
    ""Apricot Chutney"": 10
}
```",79,"poultry",50,"rice",80,"root vegetables",40,"herbs",5,"sauce",10,NA,NA,NA,NA,NA,NA,NA,NA,NA,NA,NA,NA,NA,NA,NA,NA,NA,NA,NA,NA,"```json
{
    ""Chicken Breast"": 50,
    ""Rice"": 80,
    ""Carrot"": 40,
    ""Parsley"": 5,
    ""Apricot Chutney"": 10
}
```",79,"poultry",50,"rice",80,"root vegetables",40,"herbs",5,"sauce",10,NA,NA,NA,NA,NA,NA,NA,NA,NA,NA,NA,NA,NA,NA,NA,NA,NA,NA,"```json
{
    ""Chicken Breast"": 50,
    ""Rice"": 60,
    ""Carrot"": 40,
    ""Parsley"": 5,
    ""Apricot Chutney"": 10
}
```",79,"poultry",50,"rice",60,"root vegetables",40,"herbs",5,"sauce",10,NA,NA,NA,NA,NA,NA,NA,NA,NA,NA,NA,NA,NA,NA,NA,NA,NA,NA,NA,NA,"```json
{
    ""Chicken Breast"": 50,
    ""Rice"": 80,
    ""Carrot"": 40,
    ""Parsley"": 5,
    ""Apricot Chutney"": 10
}
```",79,"poultry",50,"rice",80,"root vegetables",40,"herbs",5,"sauce",10,NA,NA,NA,NA,NA,NA,NA,NA,NA,NA,NA,NA,NA,NA,NA,NA,NA,NA,NA,NA,"```json
{
    ""Chicken Breast"": 50,
    ""Rice"": 60,
    ""Carrot"": 40,
    ""Parsley"": 5,
    ""Sauce/Chutney"": 10
}
```",79,"poultry",50,"rice",60,"root vegetables",40,"herbs",5,"sauce",10,NA,NA,NA,NA,NA,NA,NA,NA,NA,NA,NA,NA,NA,NA,NA,NA,NA,NA,"```json
{
    ""Rice"": 50,
    ""Chicken"": 30,
    ""Baked Carrots"": 40,
    ""Curry Sauce"": 10,
    ""Herbs"": 5
}
```",79,"rice",50,"poultry",30,"root vegetables",40,"sauce",10,"herbs",5,NA,NA,NA,NA,NA,NA,"```json
{
    ""Rice"": 50,
    ""Chicken"": 30,
    ""Baked Carrots"": 40,
    ""Curry Sauce"": 10,
    ""Herbs"": 5
}
```",79,"rice",50,"poultry",30,"root vegetables",40,"sauce",10,"herbs",5,NA,NA,NA,NA,NA,NA,"```json
{
    ""Rice"": 50,
    ""Chicken"": 30,
    ""Baked Carrots"": 40,
    ""Curry Sauce"": 10,
    ""Herbs"": 5
}
```",79,"rice",50,"poultry",30,"root vegetables",40,"sauce",10,"herbs",5,NA,NA,NA,NA,NA,NA,"```json
{
    ""Rice"": 50,
    ""Chicken"": 30,
    ""Baked Carrots"": 40,
    ""Curry Sauce"": 10,
    ""Herbs"": 5
}
```",79,"rice",50,"poultry",30,"root vegetables",40,"sauce",10,"herbs",5,NA,NA,NA,NA,NA,NA,"```json
{
    ""Rice"": 50,
    ""Chicken"": 30,
    ""Baked Carrots"": 40,
    ""Curry Sauce"": 10,
    ""Herbs"": 5
}
```",79,"rice",50,"poultry",30,"root vegetables",40,"sauce",10,"herbs",5,NA,NA,NA,NA,NA,NA,135,177,-7,7,165,5,5,120,50,50,150,20,20,190,-20,20,185,-15,15,185,-15,15,165,5,5,185,-15,15,165,5,5,135,35,35,135,35,35,135,35,35,135,35,35,35,35,10,0,5,0,10,0,10,0,10,0,5,0,5,0,5,0,5,0,5,0,5,0,5,0,5,0,5,0,5,0
"chicken with apricot curry sauce served with baked potatoes and fluffy rice","Nina","45582","ChickenCranberryCurrySauce",4,"30-10%","26.6",578,618,40,"chicken with apricot curry sauce served with baked potatoes and fluffy rice","https://www.hellofresh.de/recipes/hahnchen-mit-aprikosen-curry-sosse-65d86c68700746d2fe51fc74","Nina_Day1_Chicken4_30.jpg",4,"poultry","garlic","rice","onion","root vegetables","herbs","dried fruits","sauce","water or broth","fats or oils","fats or oils","spices",NA,NA,NA,"500g Chicken Breast; 12 Garlic cloves; 300g Rice; 2  Shallot; 8  Carrot; 10g Parsley; 40g Apricots; 100g Apricot Chutney; 900ml Water; 6 tablespoon  oil; 4 tablespoon butter; 8g spices mix"," Chicken Breast;  Garlic ;  Rice;  Shallot;  Carrot; Parsley; Apricots;  Apricot Chutney; Water;   oil;  butter;  spices mix",40,40,"```json
{
    ""Chicken Breast"": 10,
    ""Rice"": 20,
    ""Parsley"": 1,
    ""Remnants"": 0
}
```",78,"poultry",10,"rice",20,"herbs",1,NA,0,NA,NA,NA,NA,NA,NA,NA,NA,NA,NA,NA,NA,NA,NA,NA,NA,NA,NA,NA,NA,NA,NA,"```json
{
    ""Chicken Breast"": 10,
    ""Rice"": 15,
    ""Parsley"": 1,
    ""Remnants"": 0
}
```",78,"poultry",10,"rice",15,"herbs",1,NA,0,NA,NA,NA,NA,NA,NA,NA,NA,NA,NA,NA,NA,NA,NA,NA,NA,NA,NA,NA,NA,NA,NA,"```json
{
    ""Chicken Breast"": 10,
    ""Rice"": 20,
    ""Parsley"": 1,
    ""Apricot Chutney"": 1,
    ""Remnants"": 0
}
```",78,"poultry",10,"rice",20,"herbs",1,"sauce",1,NA,0,NA,NA,NA,NA,NA,NA,NA,NA,NA,NA,NA,NA,NA,NA,NA,NA,NA,NA,NA,NA,"```json
{
    ""Rice"": 20,
    ""Chicken Breast"": 10,
    ""Parsley"": 1,
    ""Remnants"": 0
}
```",78,"rice",20,"poultry",10,"herbs",1,NA,0,NA,NA,NA,NA,NA,NA,NA,NA,NA,NA,NA,NA,NA,NA,NA,NA,NA,NA,NA,NA,NA,NA,"```json
{
    ""Chicken Breast"": 10,
    ""Rice"": 15,
    ""Parsley"": 1,
    ""Remnants"": 0
}
```",78,"poultry",10,"rice",15,"herbs",1,NA,0,NA,NA,NA,NA,NA,NA,NA,NA,NA,NA,NA,NA,NA,NA,NA,NA,NA,NA,NA,NA,NA,NA,"```json
{
    ""Rice"": 30,
    ""Chicken"": 10,
    ""Parsley"": 1,
    ""Remnants"": 0
}
```",78,"rice",30,"poultry",10,"herbs",1,NA,0,NA,NA,NA,NA,NA,NA,NA,NA,NA,NA,NA,NA,NA,NA,NA,NA,NA,NA,NA,NA,NA,NA,"```json
{
    ""Rice"": 30,
    ""Chicken"": 10,
    ""Parsley"": 1,
    ""Remnants"": 0
}
```",78,"rice",30,"poultry",10,"herbs",1,NA,0,NA,NA,NA,NA,NA,NA,NA,NA,NA,NA,NA,NA,NA,NA,NA,NA,NA,NA,NA,NA,"```json
{
    ""Rice"": 20,
    ""Chicken"": 10,
    ""Parsley"": 1,
    ""Remnants"": 0
}
```",78,"rice",20,"poultry",10,"herbs",1,NA,0,NA,NA,NA,NA,NA,NA,NA,NA,NA,NA,NA,NA,NA,NA,NA,NA,NA,NA,NA,NA,NA,NA,"```json
{
    ""Rice"": 30,
    ""Chicken"": 10,
    ""Parsley"": 1,
    ""Remnants"": 0
}
```",78,"rice",30,"poultry",10,"herbs",1,NA,0,NA,NA,NA,NA,NA,NA,NA,NA,NA,NA,NA,NA,NA,NA,NA,NA,NA,NA,NA,NA,NA,NA,"```json
{
    ""Rice"": 30,
    ""Chicken"": 10,
    ""Parsley"": 1,
    ""Remnants"": 0
}
```",78,"rice",30,"poultry",10,"herbs",1,NA,0,NA,NA,NA,NA,NA,NA,NA,NA,NA,NA,NA,NA,NA,NA,NA,NA,NA,NA,NA,NA,"```json
{
    ""Rice"": 30,
    ""Chicken"": 10,
    ""Curry Sauce"": 5,
    ""Remnants"": 0
}
```",78,"rice",30,"poultry",10,"sauce",5,NA,0,NA,NA,NA,NA,NA,NA,NA,NA,"```json
{
    ""Rice"": 20,
    ""Chicken"": 10,
    ""Curry Sauce"": 5,
    ""Remnants"": 0
}
```",78,"rice",20,"poultry",10,"sauce",5,NA,0,NA,NA,NA,NA,NA,NA,NA,NA,"```json
{
    ""Rice"": 20,
    ""Chicken"": 10,
    ""Curry Sauce"": 5,
    ""Remnants"": 0
}
```",78,"rice",20,"poultry",10,"sauce",5,NA,0,NA,NA,NA,NA,NA,NA,NA,NA,"```json
{
    ""Rice"": 20,
    ""Chicken"": 10,
    ""Curry Sauce"": 5,
    ""Remnants"": 0
}
```",78,"rice",20,"poultry",10,"sauce",5,NA,0,NA,NA,NA,NA,NA,NA,NA,NA,"```json
{
    ""Rice"": 20,
    ""Chicken"": 10,
    ""Curry Sauce"": 5,
    ""Remnants"": 0
}
```",78,"rice",20,"poultry",10,"sauce",5,NA,0,NA,NA,NA,NA,NA,NA,NA,NA,35,31,9,9,26,14,14,32,8,8,31,9,9,26,14,14,41,-1,1,41,-1,1,31,9,9,41,-1,1,41,-1,1,45,-5,5,35,5,5,35,5,5,35,5,5,5,5,3,0,3,0,4,0,3,0,3,0,3,0,3,0,3,0,3,0,3,0,3,0,3,0,3,0,3,0,3,0
"chicken with apricot curry sauce served with baked potatoes and fluffy rice","Nina","45582","ChickenCranberryCurrySauce",4,"finished","26.6",578,578,0,"chicken with apricot curry sauce served with baked potatoes and fluffy rice","https://www.hellofresh.de/recipes/hahnchen-mit-aprikosen-curry-sosse-65d86c68700746d2fe51fc75","Nina_Day1_Chicken4_0.jpg",4,"poultry","garlic","rice","onion","root vegetables","herbs","dried fruits","sauce","water or broth","fats or oils","fats or oils","spices",NA,NA,NA,"500g Chicken Breast; 12 Garlic cloves; 300g Rice; 2  Shallot; 8  Carrot; 10g Parsley; 40g Apricots; 100g Apricot Chutney; 900ml Water; 6 tablespoon  oil; 4 tablespoon butter; 8g spices mix"," Chicken Breast;  Garlic ;  Rice;  Shallot;  Carrot; Parsley; Apricots;  Apricot Chutney; Water;   oil;  butter;  spices mix",0,0,"```json
{
  ""Remnants"": 0
}
```",77,NA,0,NA,NA,NA,NA,NA,NA,NA,NA,NA,NA,NA,NA,NA,NA,NA,NA,NA,NA,NA,NA,NA,NA,NA,NA,NA,NA,NA,NA,"```json
{
    ""Remnants"": 0 grams
}
```",77,NA,0,NA,NA,NA,NA,NA,NA,NA,NA,NA,NA,NA,NA,NA,NA,NA,NA,NA,NA,NA,NA,NA,NA,NA,NA,NA,NA,NA,NA,"```json
{
    ""Remnants"": 0
}
```",77,NA,0,NA,NA,NA,NA,NA,NA,NA,NA,NA,NA,NA,NA,NA,NA,NA,NA,NA,NA,NA,NA,NA,NA,NA,NA,NA,NA,NA,NA,"```json
{
    ""Remnants"": 0
}
```",77,NA,0,NA,NA,NA,NA,NA,NA,NA,NA,NA,NA,NA,NA,NA,NA,NA,NA,NA,NA,NA,NA,NA,NA,NA,NA,NA,NA,NA,NA,"```json
{
  ""Remnants"": 0 grams
}
```",77,NA,0,NA,NA,NA,NA,NA,NA,NA,NA,NA,NA,NA,NA,NA,NA,NA,NA,NA,NA,NA,NA,NA,NA,NA,NA,NA,NA,NA,NA,"```json
{
    ""Remnants"": 0
}
```",77,NA,0,NA,NA,NA,NA,NA,NA,NA,NA,NA,NA,NA,NA,NA,NA,NA,NA,NA,NA,NA,NA,NA,NA,NA,NA,NA,NA,NA,NA,"```json
{
    ""Remnants"": 0
}
```",77,NA,0,NA,NA,NA,NA,NA,NA,NA,NA,NA,NA,NA,NA,NA,NA,NA,NA,NA,NA,NA,NA,NA,NA,NA,NA,NA,NA,"```json
{
    ""Rice"": 2,
    ""Parsley"": 1,
    ""Remnants"": 0
}
```",77,"rice",2,"herbs",1,NA,0,NA,NA,NA,NA,NA,NA,NA,NA,NA,NA,NA,NA,NA,NA,NA,NA,NA,NA,NA,NA,NA,NA,NA,NA,"```json
{
  ""Rice"": 2,
  ""Parsley"": 1,
  ""Remnants"": 0
}
```",77,"rice",2,"herbs",1,NA,0,NA,NA,NA,NA,NA,NA,NA,NA,NA,NA,NA,NA,NA,NA,NA,NA,NA,NA,NA,NA,NA,NA,NA,NA,"```json
{
  ""Rice"": 2,
  ""Parsley"": 1,
  ""Remnants"": 0
}
```",77,"rice",2,"herbs",1,NA,0,NA,NA,NA,NA,NA,NA,NA,NA,NA,NA,NA,NA,NA,NA,NA,NA,NA,NA,NA,NA,NA,NA,"```json
{
  ""Remnants"": 0 grams
}
```",77,NA,0,NA,NA,NA,NA,NA,NA,NA,NA,NA,NA,NA,NA,NA,NA,"```json
{
  ""Remnants"": 0 grams
}
```",77,NA,0,NA,NA,NA,NA,NA,NA,NA,NA,NA,NA,NA,NA,NA,NA,"```json
{
  ""Remnants"": 0 grams
}
```",77,NA,0,NA,NA,NA,NA,NA,NA,NA,NA,NA,NA,NA,NA,NA,NA,"```json
{
  ""Remnants"": 0 grams
}
```",77,NA,0,NA,NA,NA,NA,NA,NA,NA,NA,NA,NA,NA,NA,NA,NA,"```json
{
  ""Remnants"": 0 grams
}
```",77,NA,0,NA,NA,NA,NA,NA,NA,NA,NA,NA,NA,NA,NA,NA,NA,0,0,0,0,0,0,0,0,0,0,0,0,0,0,0,0,0,0,0,0,0,0,3,-3,3,3,-3,3,3,-3,3,0,0,0,0,0,0,0,0,0,0,0,0,0,0,0,0,0,0,0,0,0,0,0,0,0,0,0,0,2,0,2,0,2,0,0,0,0,0,0,0,0,0,0,0
"Crispy shrimps with sweet and spicy sauce","Meike","Thursday","RiceShrimps",1,"50","25",598,796,198,"Krokante garnalen met zoet-pittige saus","https://www.hellofresh.nl/recipes/krokante-garnalen-met-kokosrijst-6661c3ce5fb32512350b4fc2","Meike_Thu_RiceShrimps_Pers1_Moment1.jpg",3,"rice","cucumbers","root vegetables","fats or oils","bread(crumbs)","(shell)fish","herbs","lemon or lime","garlic","fats or oils","water or broth","fats or oils","spices","vinaigrette",NA,"225g Rice; 1.5  Cucumber; 10 pieces Radish; 30g Grated Coconut; 75g Breadcrumbs; 240g Shrimp; 7.5g Coriander; 1.5  Lemon; 3  Garlic cloves; 3 tablespoon olive oil; 540ml broth; 1.5 tablespoon butter; 3 teaspoon sugar; 3 tablespoon vinegar"," Rice;  Cucumber;   Radish; Grated Coconut; Breadcrumbs;  Shrimp;  Coriander;  Lemon;  Garlic ;  olive oil; broth;  butter;  sugar;  vinegar",198,198,"```json
{
    ""Rice"": 50,
    ""Cucumber"": 30,
    ""Radish"": 20,
    ""Grated Coconut"": 5,
    ""Breadcrumbs"": 5,
    ""Shrimp"": 30,
    ""Coriander"": 2,
    ""Lemon"": 2,
    ""Garlic"": 1,
    ""Olive Oil"": 1,
    ""Broth"": 1,
    ""Butter"": 1,
    ""Sugar"": 1,
    ""Vinegar"": 1
}
```",34,"rice",50,"cucumbers",30,"root vegetables",20,"fats or oils",5,"bread(crumbs)",5,"(shell)fish",30,"herbs",2,"lemon or lime",2,"garlic",1,"fats or oils",1,"water or broth",1,"fats or oils",1,"spices",1,"vinaigrette",1,NA,NA,"```json
{
    ""Rice"": 50,
    ""Cucumber"": 30,
    ""Radish"": 20,
    ""Grated Coconut"": 5,
    ""Breadcrumbs"": 5,
    ""Shrimp"": 30,
    ""Coriander"": 2,
    ""Lemon"": 2,
    ""Garlic"": 1,
    ""Olive Oil"": 1,
    ""Broth"": 5,
    ""Butter"": 2,
    ""Sugar"": 1,
    ""Vinegar"": 1
}
```",34,"rice",50,"cucumbers",30,"root vegetables",20,"fats or oils",5,"bread(crumbs)",5,"(shell)fish",30,"herbs",2,"lemon or lime",2,"garlic",1,"fats or oils",1,"water or broth",5,"fats or oils",2,"spices",1,"vinaigrette",1,NA,NA,"```json
{
    ""Rice"": 50,
    ""Cucumber"": 30,
    ""Radish"": 20,
    ""Grated Coconut"": 5,
    ""Breadcrumbs"": 5,
    ""Shrimp"": 30,
    ""Coriander"": 2,
    ""Lemon"": 2,
    ""Garlic"": 1,
    ""Olive Oil"": 1,
    ""Broth"": 5,
    ""Butter"": 2,
    ""Sugar"": 1,
    ""Vinegar"": 1
}
```",34,"rice",50,"cucumbers",30,"root vegetables",20,"fats or oils",5,"bread(crumbs)",5,"(shell)fish",30,"herbs",2,"lemon or lime",2,"garlic",1,"fats or oils",1,"water or broth",5,"fats or oils",2,"spices",1,"vinaigrette",1,NA,NA,"```json
{
    ""Rice"": 50,
    ""Cucumber"": 30,
    ""Radish"": 20,
    ""Grated Coconut"": 5,
    ""Breadcrumbs"": 5,
    ""Shrimp"": 30,
    ""Coriander"": 2,
    ""Lemon"": 2,
    ""Garlic"": 1,
    ""Olive Oil"": 1,
    ""Broth"": 5,
    ""Butter"": 2,
    ""Sugar"": 1,
    ""Vinegar"": 1
}
```",34,"rice",50,"cucumbers",30,"root vegetables",20,"fats or oils",5,"bread(crumbs)",5,"(shell)fish",30,"herbs",2,"lemon or lime",2,"garlic",1,"fats or oils",1,"water or broth",5,"fats or oils",2,"spices",1,"vinaigrette",1,NA,NA,"```json
{
    ""Rice"": 50,
    ""Cucumber"": 30,
    ""Radish"": 20,
    ""Grated Coconut"": 5,
    ""Breadcrumbs"": 5,
    ""Shrimp"": 30,
    ""Coriander"": 2,
    ""Lemon"": 2,
    ""Garlic"": 1,
    ""Olive Oil"": 1,
    ""Broth"": 5,
    ""Butter"": 2,
    ""Sugar"": 1,
    ""Vinegar"": 1
}
```",34,"rice",50,"cucumbers",30,"root vegetables",20,"fats or oils",5,"bread(crumbs)",5,"(shell)fish",30,"herbs",2,"lemon or lime",2,"garlic",1,"fats or oils",1,"water or broth",5,"fats or oils",2,"spices",1,"vinaigrette",1,NA,NA,"```json
{
    ""Rice"": 50,
    ""Cucumber"": 30,
    ""Radish"": 20,
    ""Shrimp"": 40,
    ""Breadcrumbs"": 10
}
```",34,"rice",50,"cucumbers",30,"root vegetables",20,"(shell)fish",40,"bread(crumbs)",10,NA,NA,NA,NA,NA,NA,NA,NA,NA,NA,NA,NA,NA,NA,NA,NA,NA,NA,NA,NA,"```json
{
    ""Rice"": 50,
    ""Cucumber"": 30,
    ""Radish"": 20,
    ""Shrimp"": 40,
    ""Breadcrumbs"": 10
}
```",34,"rice",50,"cucumbers",30,"root vegetables",20,"(shell)fish",40,"bread(crumbs)",10,NA,NA,NA,NA,NA,NA,NA,NA,NA,NA,NA,NA,NA,NA,NA,NA,NA,NA,"```json
{
    ""Rice"": 50,
    ""Cucumber"": 30,
    ""Radish"": 20,
    ""Shrimp"": 40,
    ""Breadcrumbs"": 10
}
```",34,"rice",50,"cucumbers",30,"root vegetables",20,"(shell)fish",40,"bread(crumbs)",10,NA,NA,NA,NA,NA,NA,NA,NA,NA,NA,NA,NA,NA,NA,NA,NA,NA,NA,NA,NA,"```json
{
    ""Rice"": 50,
    ""Cucumber"": 30,
    ""Radish"": 20,
    ""Shrimp"": 40,
    ""Breadcrumbs"": 10
}
```",34,"rice",50,"cucumbers",30,"root vegetables",20,"(shell)fish",40,"bread(crumbs)",10,NA,NA,NA,NA,NA,NA,NA,NA,NA,NA,NA,NA,NA,NA,NA,NA,NA,NA,NA,NA,"```json
{
    ""Rice"": 50,
    ""Cucumber"": 30,
    ""Radish"": 20,
    ""Shrimp"": 40,
    ""Breadcrumbs"": 10
}
```",34,"rice",50,"cucumbers",30,"root vegetables",20,"(shell)fish",40,"bread(crumbs)",10,NA,NA,NA,NA,NA,NA,NA,NA,NA,NA,NA,NA,NA,NA,NA,NA,NA,NA,"```json
{
    ""Shrimp"": 50,
    ""Rice"": 40,
    ""Cucumber"": 30,
    ""Radish"": 20
}
```",34,"(shell)fish",50,"rice",40,"cucumbers",30,"root vegetables",20,NA,NA,NA,NA,NA,NA,NA,NA,"```json
{
    ""Shrimp"": 40,
    ""Rice"": 50,
    ""Cucumber"": 30,
    ""Radish"": 20
}
```",34,"(shell)fish",40,"rice",50,"cucumbers",30,"root vegetables",20,NA,NA,NA,NA,NA,NA,NA,NA,"```json
{
    ""shrimp"": 40,
    ""rice"": 50,
    ""cucumber"": 30,
    ""radish"": 20
}
```",34,"(shell)fish",40,"rice",50,"cucumbers",30,"root vegetables",20,NA,NA,NA,NA,NA,NA,NA,NA,"```json
{
    ""Shrimp"": 40,
    ""Rice"": 50,
    ""Cucumber"": 30,
    ""Radish"": 20
}
```",34,"(shell)fish",40,"rice",50,"cucumbers",30,"root vegetables",20,NA,NA,NA,NA,NA,NA,NA,NA,"```json
{
    ""Shrimp"": 50,
    ""Rice"": 60,
    ""Cucumber"": 30,
    ""Radish"": 20
}
```",34,"(shell)fish",50,"rice",60,"cucumbers",30,"root vegetables",20,NA,NA,NA,NA,NA,NA,NA,NA,160,150,48,48,155,43,43,155,43,43,155,43,43,155,43,43,150,48,48,150,48,48,150,48,48,150,48,48,150,48,48,140,58,58,140,58,58,140,58,58,140,58,58,38,38,12,0,12,0,12,0,12,0,12,0,5,0,5,0,5,0,5,0,5,0,4,0,4,0,4,0,4,0,4,0
"Crispy shrimps with sweet and spicy sauce","Meike","Thursday","RiceShrimps",2,"50","25",575,1011,436,"Krokante garnalen met zoet-pittige saus","https://www.hellofresh.nl/recipes/krokante-garnalen-met-kokosrijst-6661c3ce5fb32512350b4fc3","Meike_Thu_RiceShrimps_Pers2_Moment1.jpg",3,"rice","cucumbers","root vegetables","fats or oils","bread(crumbs)","(shell)fish","herbs","lemon or lime","garlic","fats or oils","water or broth","fats or oils","spices","vinaigrette",NA,"225g Rice; 1.5  Cucumber; 10 pieces Radish; 30g Grated Coconut; 75g Breadcrumbs; 240g Shrimp; 7.5g Coriander; 1.5  Lemon; 3  Garlic cloves; 3 tablespoon olive oil; 540ml broth; 1.5 tablespoon butter; 3 teaspoon sugar; 3 tablespoon vinegar"," Rice;  Cucumber;   Radish; Grated Coconut; Breadcrumbs;  Shrimp;  Coriander;  Lemon;  Garlic ;  olive oil; broth;  butter;  sugar;  vinegar",436,436,"```json
{
    ""Rice"": 100,
    ""Cucumber"": 50,
    ""Radish"": 30,
    ""Grated Coconut"": 10,
    ""Breadcrumbs"": 15,
    ""Shrimp"": 20,
    ""Lemon"": 10,
    ""Remnants"": 0
}
```",37,"rice",100,"cucumbers",50,"root vegetables",30,"fats or oils",10,"bread(crumbs)",15,"(shell)fish",20,"lemon or lime",10,NA,0,NA,NA,NA,NA,NA,NA,NA,NA,NA,NA,NA,NA,NA,NA,"```json
{
    ""Rice"": 100,
    ""Cucumber"": 50,
    ""Radish"": 30,
    ""Grated Coconut"": 10,
    ""Breadcrumbs"": 15,
    ""Shrimp"": 20,
    ""Coriander"": 5,
    ""Lemon"": 10,
    ""Garlic"": 5,
    ""Olive Oil"": 5,
    ""Broth"": 0,
    ""Butter"": 5,
    ""Sugar"": 0,
    ""Vinegar"": 0
}
```",37,"rice",100,"cucumbers",50,"root vegetables",30,"fats or oils",10,"bread(crumbs)",15,"(shell)fish",20,"herbs",5,"lemon or lime",10,"garlic",5,"fats or oils",5,"water or broth",0,"fats or oils",5,"spices",0,"vinaigrette",0,NA,NA,"```json
{
    ""Rice"": 100,
    ""Cucumber"": 50,
    ""Radish"": 30,
    ""Grated Coconut"": 10,
    ""Breadcrumbs"": 15,
    ""Shrimp"": 20,
    ""Coriander"": 5,
    ""Lemon"": 10,
    ""Garlic"": 5,
    ""Olive Oil"": 5,
    ""Broth"": 0,
    ""Butter"": 0,
    ""Sugar"": 0,
    ""Vinegar"": 0
}
```",37,"rice",100,"cucumbers",50,"root vegetables",30,"fats or oils",10,"bread(crumbs)",15,"(shell)fish",20,"herbs",5,"lemon or lime",10,"garlic",5,"fats or oils",5,"water or broth",0,"fats or oils",0,"spices",0,"vinaigrette",0,NA,NA,"```json
{
    ""Rice"": 100,
    ""Cucumber"": 50,
    ""Radish"": 30,
    ""Grated Coconut"": 10,
    ""Breadcrumbs"": 15,
    ""Shrimp"": 20,
    ""Lemon"": 10
}
```",37,"rice",100,"cucumbers",50,"root vegetables",30,"fats or oils",10,"bread(crumbs)",15,"(shell)fish",20,"lemon or lime",10,NA,NA,NA,NA,NA,NA,NA,NA,NA,NA,NA,NA,NA,NA,NA,NA,"```json
{
    ""Rice"": 100,
    ""Cucumber"": 50,
    ""Radish"": 30,
    ""Grated Coconut"": 10,
    ""Breadcrumbs"": 15,
    ""Shrimp"": 20,
    ""Lemon"": 10
}
```",37,"rice",100,"cucumbers",50,"root vegetables",30,"fats or oils",10,"bread(crumbs)",15,"(shell)fish",20,"lemon or lime",10,NA,NA,NA,NA,NA,NA,NA,NA,NA,NA,NA,NA,NA,NA,NA,NA,"```json
{
    ""Rice"": 100,
    ""Cucumber"": 80,
    ""Radish"": 30,
    ""Grated Coconut"": 20,
    ""Breadcrumbs"": 40,
    ""Lemon"": 10
}
```",37,"rice",100,"cucumbers",80,"root vegetables",30,"fats or oils",20,"bread(crumbs)",40,"lemon or lime",10,NA,NA,NA,NA,NA,NA,NA,NA,NA,NA,NA,NA,NA,NA,NA,NA,NA,NA,"```json
{
    ""Rice"": 100,
    ""Cucumber"": 80,
    ""Radish"": 30,
    ""Grated Coconut"": 20,
    ""Breadcrumbs"": 30,
    ""Lemon"": 20
}
```",37,"rice",100,"cucumbers",80,"root vegetables",30,"fats or oils",20,"bread(crumbs)",30,"lemon or lime",20,NA,NA,NA,NA,NA,NA,NA,NA,NA,NA,NA,NA,NA,NA,NA,NA,"```json
{
    ""Rice"": 100,
    ""Cucumber"": 80,
    ""Radish"": 30,
    ""Grated Coconut"": 20,
    ""Breadcrumbs"": 30,
    ""Shrimp"": 0,
    ""Coriander"": 0,
    ""Lemon"": 10,
    ""Garlic"": 0,
    ""Olive Oil"": 0,
    ""Broth"": 0,
    ""Butter"": 0,
    ""Sugar"": 0,
    ""Vinegar"": 0
}
```",37,"rice",100,"cucumbers",80,"root vegetables",30,"fats or oils",20,"bread(crumbs)",30,"(shell)fish",0,"herbs",0,"lemon or lime",10,"garlic",0,"fats or oils",0,"water or broth",0,"fats or oils",0,"spices",0,"vinaigrette",0,NA,NA,"```json
{
    ""Rice"": 100,
    ""Cucumber"": 50,
    ""Radish"": 20,
    ""Grated Coconut"": 10,
    ""Breadcrumbs"": 20,
    ""Shrimp"": 40,
    ""Lemon"": 10
}
```",37,"rice",100,"cucumbers",50,"root vegetables",20,"fats or oils",10,"bread(crumbs)",20,"(shell)fish",40,"lemon or lime",10,NA,NA,NA,NA,NA,NA,NA,NA,NA,NA,NA,NA,NA,NA,NA,NA,"```json
{
    ""Rice"": 100,
    ""Cucumber"": 50,
    ""Radish"": 20,
    ""Grated Coconut"": 10,
    ""Breadcrumbs"": 20,
    ""Shrimp"": 40,
    ""Lemon"": 10
}
```",37,"rice",100,"cucumbers",50,"root vegetables",20,"fats or oils",10,"bread(crumbs)",20,"(shell)fish",40,"lemon or lime",10,NA,NA,NA,NA,NA,NA,NA,NA,NA,NA,NA,NA,NA,NA,"```json
{
    ""Cucumber"": 50,
    ""Radish"": 30,
    ""Rice"": 100,
    ""Lemon wedge"": 10,
    ""Crispy coating"": 20,
    ""Sweet and spicy sauce"": 10
}
```",37,"cucumbers",50,"root vegetables",30,"rice",100,"lemon or lime",10,"crispy coating",20,"sauce",10,NA,NA,NA,NA,"```json
{
    ""Cucumber"": 50,
    ""Radish"": 30,
    ""Rice"": 100,
    ""Lemon wedge"": 10,
    ""Crispy topping"": 20,
    ""Sweet and spicy sauce"": 15
}
```",37,"cucumbers",50,"root vegetables",30,"rice",100,"lemon or lime",10,"crispy topping",20,"sauce",15,NA,NA,NA,NA,"```json
{
    ""Cucumber"": 50,
    ""Radish"": 30,
    ""Rice"": 100,
    ""Lemon wedge"": 10,
    ""Crispy topping"": 20,
    ""Sweet and spicy sauce"": 10
}
```",37,"cucumbers",50,"root vegetables",30,"rice",100,"lemon or lime",10,"crispy topping",20,"sauce",10,NA,NA,NA,NA,"```json
{
    ""Cucumber"": 50,
    ""Radish"": 30,
    ""Rice"": 100,
    ""Lemon wedge"": 10,
    ""Crispy topping"": 20,
    ""Sweet and spicy sauce"": 10
}
```",37,"cucumbers",50,"root vegetables",30,"rice",100,"lemon or lime",10,"crispy topping",20,"sauce",10,NA,NA,NA,NA,"```json
{
    ""Cucumber"": 50,
    ""Radish"": 30,
    ""Rice"": 100,
    ""Lemon wedge"": 10,
    ""Crispy topping"": 20,
    ""Sweet and spicy sauce"": 10
}
```",37,"cucumbers",50,"root vegetables",30,"rice",100,"lemon or lime",10,"crispy topping",20,"sauce",10,NA,NA,NA,NA,220,235,201,201,255,181,181,250,186,186,235,201,201,235,201,201,280,156,156,280,156,156,270,166,166,250,186,186,250,186,186,220,216,216,225,211,211,220,216,216,220,216,216,216,216,7,0,12,0,12,0,7,0,7,0,6,0,6,0,12,0,7,0,7,0,4,2,4,2,4,2,4,2,4,2
"Crispy shrimps with sweet and spicy sauce","Meike","Thursday","RiceShrimps",3,"50","25",618,814,196,"Krokante garnalen met zoet-pittige saus","https://www.hellofresh.nl/recipes/krokante-garnalen-met-kokosrijst-6661c3ce5fb32512350b4fc4","Meike_Thu_RiceShrimps_Pers3_Moment1.jpg",3,"rice","cucumbers","root vegetables","fats or oils","bread(crumbs)","(shell)fish","herbs","lemon or lime","garlic","fats or oils","water or broth","fats or oils","spices","vinaigrette",NA,"225g Rice; 1.5  Cucumber; 10 pieces Radish; 30g Grated Coconut; 75g Breadcrumbs; 240g Shrimp; 7.5g Coriander; 1.5  Lemon; 3  Garlic cloves; 3 tablespoon olive oil; 540ml broth; 1.5 tablespoon butter; 3 teaspoon sugar; 3 tablespoon vinegar"," Rice;  Cucumber;   Radish; Grated Coconut; Breadcrumbs;  Shrimp;  Coriander;  Lemon;  Garlic ;  olive oil; broth;  butter;  sugar;  vinegar",196,196,"```json
{
    ""Rice"": 50,
    ""Cucumber"": 30,
    ""Radish"": 20,
    ""Grated Coconut"": 5,
    ""Breadcrumbs"": 10,
    ""Shrimp"": 40,
    ""Coriander"": 2,
    ""Lemon"": 10
}
```",40,"rice",50,"cucumbers",30,"root vegetables",20,"fats or oils",5,"bread(crumbs)",10,"(shell)fish",40,"herbs",2,"lemon or lime",10,NA,NA,NA,NA,NA,NA,NA,NA,NA,NA,NA,NA,NA,NA,"```json
{
    ""Rice"": 50,
    ""Cucumber"": 30,
    ""Radish"": 20,
    ""Grated Coconut"": 5,
    ""Breadcrumbs"": 10,
    ""Shrimp"": 40,
    ""Coriander"": 2,
    ""Lemon"": 10,
    ""Garlic"": 2,
    ""Olive Oil"": 5,
    ""Broth"": 5,
    ""Butter"": 5,
    ""Sugar"": 1,
    ""Vinegar"": 3
}
```",40,"rice",50,"cucumbers",30,"root vegetables",20,"fats or oils",5,"bread(crumbs)",10,"(shell)fish",40,"herbs",2,"lemon or lime",10,"garlic",2,"fats or oils",5,"water or broth",5,"fats or oils",5,"spices",1,"vinaigrette",3,NA,NA,"```json
{
    ""Rice"": 50,
    ""Cucumber"": 30,
    ""Radish"": 20,
    ""Grated Coconut"": 5,
    ""Breadcrumbs"": 10,
    ""Shrimp"": 40,
    ""Coriander"": 2,
    ""Lemon"": 10
}
```",40,"rice",50,"cucumbers",30,"root vegetables",20,"fats or oils",5,"bread(crumbs)",10,"(shell)fish",40,"herbs",2,"lemon or lime",10,NA,NA,NA,NA,NA,NA,NA,NA,NA,NA,NA,NA,NA,NA,"```json
{
    ""Rice"": 50,
    ""Cucumber"": 30,
    ""Radish"": 20,
    ""Grated Coconut"": 5,
    ""Breadcrumbs"": 10,
    ""Shrimp"": 40,
    ""Coriander"": 2,
    ""Lemon"": 10
}
```",40,"rice",50,"cucumbers",30,"root vegetables",20,"fats or oils",5,"bread(crumbs)",10,"(shell)fish",40,"herbs",2,"lemon or lime",10,NA,NA,NA,NA,NA,NA,NA,NA,NA,NA,NA,NA,NA,NA,"```json
{
    ""Rice"": 50,
    ""Cucumber"": 30,
    ""Radish"": 20,
    ""Grated Coconut"": 5,
    ""Breadcrumbs"": 10,
    ""Shrimp"": 40,
    ""Coriander"": 2,
    ""Lemon"": 10
}
```",40,"rice",50,"cucumbers",30,"root vegetables",20,"fats or oils",5,"bread(crumbs)",10,"(shell)fish",40,"herbs",2,"lemon or lime",10,NA,NA,NA,NA,NA,NA,NA,NA,NA,NA,NA,NA,NA,NA,"```json
{
    ""Rice"": 50,
    ""Cucumber"": 40,
    ""Radish"": 10,
    ""Grated Coconut"": 5,
    ""Breadcrumbs"": 10,
    ""Shrimp"": 40,
    ""Coriander"": 2,
    ""Lemon"": 10
}
```",40,"rice",50,"cucumbers",40,"root vegetables",10,"fats or oils",5,"bread(crumbs)",10,"(shell)fish",40,"herbs",2,"lemon or lime",10,NA,NA,NA,NA,NA,NA,NA,NA,NA,NA,NA,NA,NA,NA,"```json
{
    ""Rice"": 50,
    ""Cucumber"": 40,
    ""Radish"": 10,
    ""Grated Coconut"": 5,
    ""Breadcrumbs"": 10,
    ""Shrimp"": 40,
    ""Coriander"": 2,
    ""Lemon"": 10
}
```",40,"rice",50,"cucumbers",40,"root vegetables",10,"fats or oils",5,"bread(crumbs)",10,"(shell)fish",40,"herbs",2,"lemon or lime",10,NA,NA,NA,NA,NA,NA,NA,NA,NA,NA,NA,NA,"```json
{
    ""Rice"": 50,
    ""Cucumber"": 40,
    ""Radish"": 10,
    ""Grated Coconut"": 5,
    ""Breadcrumbs"": 15,
    ""Shrimp"": 40,
    ""Coriander"": 2,
    ""Lemon"": 10
}
```",40,"rice",50,"cucumbers",40,"root vegetables",10,"fats or oils",5,"bread(crumbs)",15,"(shell)fish",40,"herbs",2,"lemon or lime",10,NA,NA,NA,NA,NA,NA,NA,NA,NA,NA,NA,NA,NA,NA,"```json
{
    ""Rice"": 50,
    ""Cucumber"": 40,
    ""Radish"": 10,
    ""Grated Coconut"": 5,
    ""Breadcrumbs"": 10,
    ""Shrimp"": 40,
    ""Coriander"": 2,
    ""Lemon"": 10
}
```",40,"rice",50,"cucumbers",40,"root vegetables",10,"fats or oils",5,"bread(crumbs)",10,"(shell)fish",40,"herbs",2,"lemon or lime",10,NA,NA,NA,NA,NA,NA,NA,NA,NA,NA,NA,NA,NA,NA,"```json
{
    ""Rice"": 50,
    ""Cucumber"": 40,
    ""Radish"": 10,
    ""Grated Coconut"": 5,
    ""Breadcrumbs"": 10,
    ""Shrimp"": 40,
    ""Coriander"": 2,
    ""Lemon"": 10
}
```",40,"rice",50,"cucumbers",40,"root vegetables",10,"fats or oils",5,"bread(crumbs)",10,"(shell)fish",40,"herbs",2,"lemon or lime",10,NA,NA,NA,NA,NA,NA,NA,NA,NA,NA,NA,NA,"```json
{
    ""Shrimp"": 50,
    ""Rice"": 80,
    ""Cucumber"": 30,
    ""Radish"": 20,
    ""Lemon"": 10
}
```",40,"(shell)fish",50,"rice",80,"cucumbers",30,"root vegetables",20,"lemon or lime",10,NA,NA,NA,NA,NA,NA,"```json
{
    ""Shrimp"": 50,
    ""Rice"": 80,
    ""Cucumber"": 30,
    ""Radish"": 20,
    ""Lemon"": 10
}
```",40,"(shell)fish",50,"rice",80,"cucumbers",30,"root vegetables",20,"lemon or lime",10,NA,NA,NA,NA,NA,NA,"```json
{
    ""Shrimp"": 50,
    ""Rice"": 80,
    ""Cucumber"": 30,
    ""Radish"": 20,
    ""Lemon wedge"": 10
}
```",40,"(shell)fish",50,"rice",80,"cucumbers",30,"root vegetables",20,"lemon or lime",10,NA,NA,NA,NA,NA,NA,"```json
{
    ""Shrimp"": 50,
    ""Rice"": 80,
    ""Cucumber"": 30,
    ""Radish"": 20,
    ""Lemon wedge"": 10
}
```",40,"(shell)fish",50,"rice",80,"cucumbers",30,"root vegetables",20,"lemon or lime",10,NA,NA,NA,NA,NA,NA,"```json
{
    ""Shrimp"": 50,
    ""Rice"": 80,
    ""Cucumber"": 30,
    ""Radish"": 20,
    ""Lemon Wedge"": 10
}
```",40,"(shell)fish",50,"rice",80,"cucumbers",30,"root vegetables",20,"lemon or lime",10,NA,NA,NA,NA,NA,NA,190,167,29,29,188,8,8,167,29,29,167,29,29,167,29,29,167,29,29,167,29,29,172,24,24,167,29,29,167,29,29,190,6,6,190,6,6,190,6,6,190,6,6,6,6,8,0,12,0,8,0,8,0,8,0,8,0,8,0,8,0,8,0,8,0,5,0,5,0,5,0,5,0,5,0
"Crispy shrimps with sweet and spicy sauce","Meike","Thursday","RiceShrimps",1,"10","25",598,674,76,"Krokante garnalen met zoet-pittige saus","https://www.hellofresh.nl/recipes/krokante-garnalen-met-kokosrijst-6661c3ce5fb32512350b4fc5","Meike_Thu_RiceShrimps_Pers1_Moment2.jpg",3,"rice","cucumbers","root vegetables","fats or oils","bread(crumbs)","(shell)fish","herbs","lemon or lime","garlic","fats or oils","water or broth","fats or oils","spices","vinaigrette",NA,"225g Rice; 1.5  Cucumber; 10 pieces Radish; 30g Grated Coconut; 75g Breadcrumbs; 240g Shrimp; 7.5g Coriander; 1.5  Lemon; 3  Garlic cloves; 3 tablespoon olive oil; 540ml broth; 1.5 tablespoon butter; 3 teaspoon sugar; 3 tablespoon vinegar"," Rice;  Cucumber;   Radish; Grated Coconut; Breadcrumbs;  Shrimp;  Coriander;  Lemon;  Garlic ;  olive oil; broth;  butter;  sugar;  vinegar",76,76,"```json
{
    ""Rice"": 20,
    ""Cucumber"": 10,
    ""Radish"": 5,
    ""Grated Coconut"": 2,
    ""Breadcrumbs"": 3,
    ""Shrimp"": 10,
    ""Coriander"": 1
}
```",35,"rice",20,"cucumbers",10,"root vegetables",5,"fats or oils",2,"bread(crumbs)",3,"(shell)fish",10,"herbs",1,NA,NA,NA,NA,NA,NA,NA,NA,NA,NA,NA,NA,NA,NA,NA,NA,"```json
{
    ""Rice"": 20,
    ""Cucumber"": 10,
    ""Radish"": 5,
    ""Grated Coconut"": 2,
    ""Breadcrumbs"": 3,
    ""Shrimp"": 10,
    ""Coriander"": 1,
    ""Remnants"": 0
}
```",35,"rice",20,"cucumbers",10,"root vegetables",5,"fats or oils",2,"bread(crumbs)",3,"(shell)fish",10,"herbs",1,NA,0,NA,NA,NA,NA,NA,NA,NA,NA,NA,NA,NA,NA,NA,NA,"```json
{
    ""Rice"": 20,
    ""Cucumber"": 10,
    ""Radish"": 5,
    ""Grated Coconut"": 2,
    ""Breadcrumbs"": 3,
    ""Shrimp"": 10,
    ""Coriander"": 1
}
```",35,"rice",20,"cucumbers",10,"root vegetables",5,"fats or oils",2,"bread(crumbs)",3,"(shell)fish",10,"herbs",1,NA,NA,NA,NA,NA,NA,NA,NA,NA,NA,NA,NA,NA,NA,NA,NA,"```json
{
    ""Rice"": 15,
    ""Cucumber"": 10,
    ""Radish"": 5,
    ""Grated Coconut"": 2,
    ""Breadcrumbs"": 3,
    ""Shrimp"": 10,
    ""Coriander"": 1,
    ""Remnants"": 0
}
```",35,"rice",15,"cucumbers",10,"root vegetables",5,"fats or oils",2,"bread(crumbs)",3,"(shell)fish",10,"herbs",1,NA,0,NA,NA,NA,NA,NA,NA,NA,NA,NA,NA,NA,NA,NA,NA,"```json
{
    ""Rice"": 15,
    ""Cucumber"": 10,
    ""Radish"": 5,
    ""Grated Coconut"": 2,
    ""Breadcrumbs"": 3,
    ""Shrimp"": 10,
    ""Coriander"": 1
}
```",35,"rice",15,"cucumbers",10,"root vegetables",5,"fats or oils",2,"bread(crumbs)",3,"(shell)fish",10,"herbs",1,NA,NA,NA,NA,NA,NA,NA,NA,NA,NA,NA,NA,NA,NA,NA,NA,"```json
{
    ""Rice"": 10,
    ""Cucumber"": 15,
    ""Radish"": 10,
    ""Shrimp"": 15,
    ""Breadcrumbs"": 5,
    ""Grated Coconut"": 5,
    ""Coriander"": 2
}
```",35,"rice",10,"cucumbers",15,"root vegetables",10,"(shell)fish",15,"bread(crumbs)",5,"fats or oils",5,"herbs",2,NA,NA,NA,NA,NA,NA,NA,NA,NA,NA,NA,NA,NA,NA,NA,NA,"```json
{
    ""Rice"": 10,
    ""Cucumber"": 15,
    ""Radish"": 10,
    ""Shrimp"": 15,
    ""Breadcrumbs"": 5
}
```",35,"rice",10,"cucumbers",15,"root vegetables",10,"(shell)fish",15,"bread(crumbs)",5,NA,NA,NA,NA,NA,NA,NA,NA,NA,NA,NA,NA,NA,NA,NA,NA,NA,NA,"```json
{
    ""Rice"": 15,
    ""Cucumber"": 10,
    ""Radish"": 5,
    ""Shrimp"": 10,
    ""Breadcrumbs"": 5
}
```",35,"rice",15,"cucumbers",10,"root vegetables",5,"(shell)fish",10,"bread(crumbs)",5,NA,NA,NA,NA,NA,NA,NA,NA,NA,NA,NA,NA,NA,NA,NA,NA,NA,NA,NA,NA,"```json
{
    ""Rice"": 15,
    ""Cucumber"": 10,
    ""Radish"": 5,
    ""Shrimp"": 20,
    ""Breadcrumbs"": 5
}
```",35,"rice",15,"cucumbers",10,"root vegetables",5,"(shell)fish",20,"bread(crumbs)",5,NA,NA,NA,NA,NA,NA,NA,NA,NA,NA,NA,NA,NA,NA,NA,NA,NA,NA,NA,NA,"```json
{
    ""Rice"": 15,
    ""Cucumber"": 10,
    ""Radish"": 5,
    ""Shrimp"": 20,
    ""Breadcrumbs"": 5
}
```",35,"rice",15,"cucumbers",10,"root vegetables",5,"(shell)fish",20,"bread(crumbs)",5,NA,NA,NA,NA,NA,NA,NA,NA,NA,NA,NA,NA,NA,NA,NA,NA,NA,NA,"```json
{
    ""Shrimp"": 20,
    ""Rice"": 15,
    ""Cucumber"": 10,
    ""Radish"": 5
}
```",35,"(shell)fish",20,"rice",15,"cucumbers",10,"root vegetables",5,NA,NA,NA,NA,NA,NA,NA,NA,"```json
{
    ""Shrimp"": 20,
    ""Rice"": 15,
    ""Cucumber"": 10,
    ""Radish"": 5,
    ""Remnants"": 0
}
```",35,"(shell)fish",20,"rice",15,"cucumbers",10,"root vegetables",5,NA,0,NA,NA,NA,NA,NA,NA,"```json
{
    ""Shrimp"": 20,
    ""Rice"": 15,
    ""Cucumber"": 10,
    ""Radish"": 5
}
```",35,"(shell)fish",20,"rice",15,"cucumbers",10,"root vegetables",5,NA,NA,NA,NA,NA,NA,NA,NA,"```json
{
    ""Shrimp"": 20,
    ""Rice"": 15,
    ""Cucumber"": 10,
    ""Radish"": 5,
    ""Remnants"": 0
}
```",35,"(shell)fish",20,"rice",15,"cucumbers",10,"root vegetables",5,NA,0,NA,NA,NA,NA,NA,NA,"```json
{
    ""Shrimp"": 20,
    ""Rice"": 15,
    ""Cucumber"": 10,
    ""Radish"": 5
}
```",35,"(shell)fish",20,"rice",15,"cucumbers",10,"root vegetables",5,NA,NA,NA,NA,NA,NA,NA,NA,50,51,25,25,51,25,25,51,25,25,46,30,30,46,30,30,62,14,14,55,21,21,45,31,31,55,21,21,55,21,21,50,26,26,50,26,26,50,26,26,50,26,26,26,26,7,0,7,0,7,0,7,0,7,0,7,0,5,0,5,0,5,0,5,0,4,0,4,0,4,0,4,0,4,0
"Crispy shrimps with sweet and spicy sauce","Meike","Thursday","RiceShrimps",2,"10","25",575,958,383,"Krokante garnalen met zoet-pittige saus","https://www.hellofresh.nl/recipes/krokante-garnalen-met-kokosrijst-6661c3ce5fb32512350b4fc6","Meike_Thu_RiceShrimps_Pers2_Moment2.jpg",3,"rice","cucumbers","root vegetables","fats or oils","bread(crumbs)","(shell)fish","herbs","lemon or lime","garlic","fats or oils","water or broth","fats or oils","spices","vinaigrette",NA,"225g Rice; 1.5  Cucumber; 10 pieces Radish; 30g Grated Coconut; 75g Breadcrumbs; 240g Shrimp; 7.5g Coriander; 1.5  Lemon; 3  Garlic cloves; 3 tablespoon olive oil; 540ml broth; 1.5 tablespoon butter; 3 teaspoon sugar; 3 tablespoon vinegar"," Rice;  Cucumber;   Radish; Grated Coconut; Breadcrumbs;  Shrimp;  Coriander;  Lemon;  Garlic ;  olive oil; broth;  butter;  sugar;  vinegar",383,383,"```json
{
    ""Rice"": 150,
    ""Cucumber"": 50,
    ""Radish"": 30,
    ""Grated Coconut"": 10,
    ""Breadcrumbs"": 10,
    ""Shrimp"": 20,
    ""Coriander"": 5,
    ""Lemon"": 15,
    ""Garlic"": 5,
    ""Olive Oil"": 5,
    ""Broth"": 0,
    ""Butter"": 5,
    ""Sugar"": 0,
    ""Vinegar"": 0
}
```",38,"rice",150,"cucumbers",50,"root vegetables",30,"fats or oils",10,"bread(crumbs)",10,"(shell)fish",20,"herbs",5,"lemon or lime",15,"garlic",5,"fats or oils",5,"water or broth",0,"fats or oils",5,"spices",0,"vinaigrette",0,NA,NA,"```json
{
    ""Rice"": 100,
    ""Cucumber"": 50,
    ""Radish"": 30,
    ""Grated Coconut"": 10,
    ""Breadcrumbs"": 10,
    ""Shrimp"": 20,
    ""Coriander"": 5,
    ""Lemon"": 15,
    ""Garlic"": 5
}
```",38,"rice",100,"cucumbers",50,"root vegetables",30,"fats or oils",10,"bread(crumbs)",10,"(shell)fish",20,"herbs",5,"lemon or lime",15,"garlic",5,NA,NA,NA,NA,NA,NA,NA,NA,NA,NA,NA,NA,"```json
{
    ""Rice"": 150,
    ""Cucumber"": 50,
    ""Radish"": 30,
    ""Grated Coconut"": 10,
    ""Breadcrumbs"": 10,
    ""Shrimp"": 20,
    ""Lemon"": 15,
    ""Coriander"": 5,
    ""Garlic"": 5
}
```",38,"rice",150,"cucumbers",50,"root vegetables",30,"fats or oils",10,"bread(crumbs)",10,"(shell)fish",20,"lemon or lime",15,"herbs",5,"garlic",5,NA,NA,NA,NA,NA,NA,NA,NA,NA,NA,NA,NA,"```json
{
    ""Rice"": 150,
    ""Cucumber"": 50,
    ""Radish"": 30,
    ""Grated Coconut"": 10,
    ""Breadcrumbs"": 10,
    ""Shrimp"": 20,
    ""Lemon"": 15,
    ""Coriander"": 5,
    ""Garlic"": 5
}
```",38,"rice",150,"cucumbers",50,"root vegetables",30,"fats or oils",10,"bread(crumbs)",10,"(shell)fish",20,"lemon or lime",15,"herbs",5,"garlic",5,NA,NA,NA,NA,NA,NA,NA,NA,NA,NA,NA,NA,"```json
{
    ""Rice"": 150,
    ""Cucumber"": 50,
    ""Radish"": 30,
    ""Grated Coconut"": 10,
    ""Breadcrumbs"": 10,
    ""Shrimp"": 20,
    ""Coriander"": 5,
    ""Lemon"": 15,
    ""Garlic"": 5,
    ""Olive Oil"": 5,
    ""Broth"": 0,
    ""Butter"": 0,
    ""Sugar"": 0,
    ""Vinegar"": 0
}
```",38,"rice",150,"cucumbers",50,"root vegetables",30,"fats or oils",10,"bread(crumbs)",10,"(shell)fish",20,"herbs",5,"lemon or lime",15,"garlic",5,"fats or oils",5,"water or broth",0,"fats or oils",0,"spices",0,"vinaigrette",0,NA,NA,"```json
{
    ""Rice"": 100,
    ""Cucumber"": 80,
    ""Radish"": 30,
    ""Grated Coconut"": 10,
    ""Lemon"": 20
}
```",38,"rice",100,"cucumbers",80,"root vegetables",30,"fats or oils",10,"lemon or lime",20,NA,NA,NA,NA,NA,NA,NA,NA,NA,NA,NA,NA,NA,NA,NA,NA,NA,NA,NA,NA,"```json
{
    ""Rice"": 100,
    ""Cucumber"": 80,
    ""Radish"": 30,
    ""Grated Coconut"": 10,
    ""Breadcrumbs"": 20,
    ""Shrimp"": 0,
    ""Coriander"": 0,
    ""Lemon"": 20,
    ""Garlic"": 0,
    ""Olive Oil"": 0,
    ""Broth"": 0,
    ""Butter"": 0,
    ""Sugar"": 0,
    ""Vinegar"": 0
}
```",38,"rice",100,"cucumbers",80,"root vegetables",30,"fats or oils",10,"bread(crumbs)",20,"(shell)fish",0,"herbs",0,"lemon or lime",20,"garlic",0,"fats or oils",0,"water or broth",0,"fats or oils",0,"spices",0,"vinaigrette",0,"```json
{
    ""Rice"": 100,
    ""Cucumber"": 80,
    ""Radish"": 30,
    ""Grated Coconut"": 10,
    ""Breadcrumbs"": 20,
    ""Shrimp"": 0,
    ""Coriander"": 0,
    ""Lemon"": 20,
    ""Garlic"": 0,
    ""Olive Oil"": 0,
    ""Broth"": 0,
    ""Butter"": 0,
    ""Sugar"": 0,
    ""Vinegar"": 0
}
```",38,"rice",100,"cucumbers",80,"root vegetables",30,"fats or oils",10,"bread(crumbs)",20,"(shell)fish",0,"herbs",0,"lemon or lime",20,"garlic",0,"fats or oils",0,"water or broth",0,"fats or oils",0,"spices",0,"vinaigrette",0,NA,NA,"```json
{
    ""Rice"": 100,
    ""Cucumber"": 80,
    ""Radish"": 30,
    ""Grated Coconut"": 10,
    ""Lemon"": 20
}
```",38,"rice",100,"cucumbers",80,"root vegetables",30,"fats or oils",10,"lemon or lime",20,NA,NA,NA,NA,NA,NA,NA,NA,NA,NA,NA,NA,NA,NA,NA,NA,NA,NA,NA,NA,"```json
{
    ""Rice"": 100,
    ""Cucumber"": 80,
    ""Radish"": 30,
    ""Grated Coconut"": 10,
    ""Lemon"": 20
}
```",38,"rice",100,"cucumbers",80,"root vegetables",30,"fats or oils",10,"lemon or lime",20,NA,NA,NA,NA,NA,NA,NA,NA,NA,NA,NA,NA,NA,NA,NA,NA,NA,NA,"```json
{
    ""Rice"": 150,
    ""Cucumber"": 50,
    ""Radish"": 30,
    ""Lemon"": 20
}
```",38,"rice",150,"cucumbers",50,"root vegetables",30,"lemon or lime",20,NA,NA,NA,NA,NA,NA,NA,NA,"```json
{
    ""Rice"": 150,
    ""Cucumber"": 50,
    ""Radish"": 30,
    ""Lemon wedge"": 10
}
```",38,"rice",150,"cucumbers",50,"root vegetables",30,"lemon or lime",10,NA,NA,NA,NA,NA,NA,NA,NA,"```json
{
    ""Rice"": 150,
    ""Cucumber"": 50,
    ""Radish"": 30,
    ""Lemon"": 20
}
```",38,"rice",150,"cucumbers",50,"root vegetables",30,"lemon or lime",20,NA,NA,NA,NA,NA,NA,NA,NA,"```json
{
    ""Rice"": 150,
    ""Cucumber"": 50,
    ""Radish"": 30,
    ""Lemon wedge"": 10
}
```",38,"rice",150,"cucumbers",50,"root vegetables",30,"lemon or lime",10,NA,NA,NA,NA,NA,NA,NA,NA,"```json
{
    ""Rice"": 150,
    ""Cucumber"": 50,
    ""Radish"": 30,
    ""Lemon"": 20
}
```",38,"rice",150,"cucumbers",50,"root vegetables",30,"lemon or lime",20,NA,NA,NA,NA,NA,NA,NA,NA,250,305,78,78,245,138,138,295,88,88,295,88,88,300,83,83,240,143,143,260,123,123,260,123,123,240,143,143,240,143,143,250,133,133,240,143,143,250,133,133,240,143,143,133,133,12,0,9,0,9,0,9,0,12,0,5,0,12,0,12,0,5,0,5,0,4,0,4,0,4,0,4,0,4,0
"Crispy shrimps with sweet and spicy sauce","Meike","Thursday","RiceShrimps",3,"10","25",618,728,110,"Krokante garnalen met zoet-pittige saus","https://www.hellofresh.nl/recipes/krokante-garnalen-met-kokosrijst-6661c3ce5fb32512350b4fc7","Meike_Thu_RiceShrimps_Pers3_Moment2.jpg",3,"rice","cucumbers","root vegetables","fats or oils","bread(crumbs)","(shell)fish","herbs","lemon or lime","garlic","fats or oils","water or broth","fats or oils","spices","vinaigrette",NA,"225g Rice; 1.5  Cucumber; 10 pieces Radish; 30g Grated Coconut; 75g Breadcrumbs; 240g Shrimp; 7.5g Coriander; 1.5  Lemon; 3  Garlic cloves; 3 tablespoon olive oil; 540ml broth; 1.5 tablespoon butter; 3 teaspoon sugar; 3 tablespoon vinegar"," Rice;  Cucumber;   Radish; Grated Coconut; Breadcrumbs;  Shrimp;  Coriander;  Lemon;  Garlic ;  olive oil; broth;  butter;  sugar;  vinegar",110,110,"```json
{
    ""Rice"": 50,
    ""Cucumber"": 30,
    ""Radish"": 15,
    ""Grated Coconut"": 5,
    ""Breadcrumbs"": 10,
    ""Shrimp"": 20,
    ""Coriander"": 2,
    ""Lemon"": 10,
    ""Garlic"": 2,
    ""Olive Oil"": 5,
    ""Broth"": 50,
    ""Butter"": 5,
    ""Sugar"": 1,
    ""Vinegar"": 2
}
```",41,"rice",50,"cucumbers",30,"root vegetables",15,"fats or oils",5,"bread(crumbs)",10,"(shell)fish",20,"herbs",2,"lemon or lime",10,"garlic",2,"fats or oils",5,"water or broth",50,"fats or oils",5,"spices",1,"vinaigrette",2,NA,NA,"```json
{
    ""Rice"": 50,
    ""Cucumber"": 30,
    ""Radish"": 15,
    ""Grated Coconut"": 5,
    ""Breadcrumbs"": 10,
    ""Shrimp"": 20,
    ""Coriander"": 2,
    ""Lemon"": 10,
    ""Garlic"": 2,
    ""Olive Oil"": 5,
    ""Broth"": 50,
    ""Butter"": 5,
    ""Sugar"": 1,
    ""Vinegar"": 2
}
```",41,"rice",50,"cucumbers",30,"root vegetables",15,"fats or oils",5,"bread(crumbs)",10,"(shell)fish",20,"herbs",2,"lemon or lime",10,"garlic",2,"fats or oils",5,"water or broth",50,"fats or oils",5,"spices",1,"vinaigrette",2,NA,NA,"```json
{
    ""Rice"": 50,
    ""Cucumber"": 30,
    ""Radish"": 15,
    ""Grated Coconut"": 5,
    ""Breadcrumbs"": 10,
    ""Shrimp"": 20,
    ""Coriander"": 2,
    ""Lemon"": 10,
    ""Garlic"": 2,
    ""Olive Oil"": 5,
    ""Broth"": 50,
    ""Butter"": 5,
    ""Sugar"": 1,
    ""Vinegar"": 2
}
```",41,"rice",50,"cucumbers",30,"root vegetables",15,"fats or oils",5,"bread(crumbs)",10,"(shell)fish",20,"herbs",2,"lemon or lime",10,"garlic",2,"fats or oils",5,"water or broth",50,"fats or oils",5,"spices",1,"vinaigrette",2,NA,NA,"```json
{
    ""Rice"": 50,
    ""Cucumber"": 30,
    ""Radish"": 15,
    ""Grated Coconut"": 5,
    ""Breadcrumbs"": 10,
    ""Shrimp"": 20,
    ""Coriander"": 2,
    ""Lemon"": 10,
    ""Broth"": 50
}
```",41,"rice",50,"cucumbers",30,"root vegetables",15,"fats or oils",5,"bread(crumbs)",10,"(shell)fish",20,"herbs",2,"lemon or lime",10,"water or broth",50,NA,NA,NA,NA,NA,NA,NA,NA,NA,NA,NA,NA,"```json
{
    ""Rice"": 50,
    ""Cucumber"": 30,
    ""Radish"": 15,
    ""Grated Coconut"": 5,
    ""Breadcrumbs"": 10,
    ""Shrimp"": 20,
    ""Coriander"": 2,
    ""Lemon"": 10,
    ""Broth"": 50
}
```",41,"rice",50,"cucumbers",30,"root vegetables",15,"fats or oils",5,"bread(crumbs)",10,"(shell)fish",20,"herbs",2,"lemon or lime",10,"water or broth",50,NA,NA,NA,NA,NA,NA,NA,NA,NA,NA,NA,NA,"```json
{
    ""Rice"": ""225 grams"",
    ""Cucumber"": ""150 grams"",
    ""Radish"": ""50 grams"",
    ""Grated Coconut"": ""30 grams"",
    ""Breadcrumbs"": ""75 grams"",
    ""Shrimp"": ""240 grams"",
    ""Coriander"": ""7.5 grams"",
    ""Lemon"": ""1.5 pieces"",
    ""Garlic"": ""3 cloves"",
    ""Olive Oil"": ""3 tablespoons"",
    ""Broth"": ""540 ml"",
    ""Butter"": ""1.5 tablespoons"",
    ""Sugar"": ""3 teaspoons"",
    ""Vinegar"": ""3 tablespoons""
}
```",41,"rice",225,"cucumbers",150,"root vegetables",50,"fats or oils",30,"bread(crumbs)",75,"(shell)fish",240,"herbs",7.5,"lemon or lime",1.5,"garlic",3,"fats or oils",3,"water or broth",540,"fats or oils",1.5,"spices",3,"vinaigrette",3,NA,NA,"```json
{
    ""Rice"": 50,
    ""Cucumber"": 40,
    ""Radish"": 10,
    ""Grated Coconut"": 5,
    ""Breadcrumbs"": 10,
    ""Shrimp"": 30,
    ""Coriander"": 2,
    ""Lemon"": 10
}
```",41,"rice",50,"cucumbers",40,"root vegetables",10,"fats or oils",5,"bread(crumbs)",10,"(shell)fish",30,"herbs",2,"lemon or lime",10,NA,NA,NA,NA,NA,NA,NA,NA,NA,NA,NA,NA,"```json
{
    ""Rice"": 50,
    ""Cucumber"": 30,
    ""Radish"": 10,
    ""Grated Coconut"": 5,
    ""Breadcrumbs"": 10,
    ""Shrimp"": 20,
    ""Coriander"": 2,
    ""Lemon"": 10
}
```",41,"rice",50,"cucumbers",30,"root vegetables",10,"fats or oils",5,"bread(crumbs)",10,"(shell)fish",20,"herbs",2,"lemon or lime",10,NA,NA,NA,NA,NA,NA,NA,NA,NA,NA,NA,NA,NA,NA,"```json
{
    ""Rice"": 50,
    ""Cucumber"": 30,
    ""Radish"": 10,
    ""Grated Coconut"": 5,
    ""Breadcrumbs"": 10,
    ""Shrimp"": 20,
    ""Coriander"": 2,
    ""Lemon"": 10
}
```",41,"rice",50,"cucumbers",30,"root vegetables",10,"fats or oils",5,"bread(crumbs)",10,"(shell)fish",20,"herbs",2,"lemon or lime",10,NA,NA,NA,NA,NA,NA,NA,NA,NA,NA,NA,NA,NA,NA,"```json
{
    ""Rice"": 50,
    ""Cucumber"": 40,
    ""Radish"": 10,
    ""Grated Coconut"": 5,
    ""Breadcrumbs"": 10,
    ""Shrimp"": 30,
    ""Coriander"": 2,
    ""Lemon"": 10
}
```",41,"rice",50,"cucumbers",40,"root vegetables",10,"fats or oils",5,"bread(crumbs)",10,"(shell)fish",30,"herbs",2,"lemon or lime",10,NA,NA,NA,NA,NA,NA,NA,NA,NA,NA,NA,NA,"```json
{
    ""Cucumber"": 30,
    ""Radish"": 15,
    ""Rice"": 40,
    ""Crispy Shrimp"": 50,
    ""Lemon Wedge"": 10,
    ""Sauce"": 20
}
```",41,"cucumbers",30,"root vegetables",15,"rice",40,"(shell)fish",50,"lemon or lime",10,"sauce",20,NA,NA,NA,NA,"```json
{
    ""Crispy shrimps"": 50,
    ""Rice"": 40,
    ""Cucumber"": 30,
    ""Radish"": 20,
    ""Lemon wedge"": 10,
    ""Sauce"": 30
}
```",41,"(shell)fish",50,"rice",40,"cucumbers",30,"root vegetables",20,"lemon or lime",10,"sauce",30,NA,NA,NA,NA,"```json
{
    ""Crispy Shrimps"": 50,
    ""Rice"": 40,
    ""Cucumber"": 30,
    ""Radish"": 20,
    ""Lemon Wedge"": 10,
    ""Sauce"": 30
}
```",41,"(shell)fish",50,"rice",40,"cucumbers",30,"root vegetables",20,"lemon or lime",10,"sauce",30,NA,NA,NA,NA,"```json
{
    ""Crispy Shrimps"": 50,
    ""Rice"": 40,
    ""Cucumber"": 30,
    ""Radish"": 20,
    ""Lemon Wedge"": 10,
    ""Sauce"": 30
}
```",41,"(shell)fish",50,"rice",40,"cucumbers",30,"root vegetables",20,"lemon or lime",10,"sauce",30,NA,NA,NA,NA,"```json
{
    ""Cucumber"": 30,
    ""Radish"": 15,
    ""Rice"": 40,
    ""Crispy Shrimp"": 50,
    ""Lemon Wedge"": 10,
    ""Sauce"": 20
}
```",41,"cucumbers",30,"root vegetables",15,"rice",40,"(shell)fish",50,"lemon or lime",10,"sauce",20,NA,NA,NA,NA,165,207,-97,97,207,-97,97,207,-97,97,192,-82,82,192,-82,82,1332.5,-1222.5,1222.5,157,-47,47,137,-27,27,137,-27,27,157,-47,47,165,-55,55,180,-70,70,180,-70,70,180,-70,70,-55,55,12,0,12,0,12,0,9,0,9,0,12,0,8,0,8,0,8,0,8,0,5,1,5,1,5,1,5,1,5,1
"Crispy shrimps with sweet and spicy sauce","Meike","Thursday","RiceShrimps",1,"finished","25",598,599,1,"Krokante garnalen met zoet-pittige saus","https://www.hellofresh.nl/recipes/krokante-garnalen-met-kokosrijst-6661c3ce5fb32512350b4fc8","Meike_Thu_RiceShrimps_Pers1_Moment3.jpg",3,"rice","cucumbers","root vegetables","fats or oils","bread(crumbs)","(shell)fish","herbs","lemon or lime","garlic","fats or oils","water or broth","fats or oils","spices","vinaigrette",NA,"225g Rice; 1.5  Cucumber; 10 pieces Radish; 30g Grated Coconut; 75g Breadcrumbs; 240g Shrimp; 7.5g Coriander; 1.5  Lemon; 3  Garlic cloves; 3 tablespoon olive oil; 540ml broth; 1.5 tablespoon butter; 3 teaspoon sugar; 3 tablespoon vinegar"," Rice;  Cucumber;   Radish; Grated Coconut; Breadcrumbs;  Shrimp;  Coriander;  Lemon;  Garlic ;  olive oil; broth;  butter;  sugar;  vinegar",1,1,"```json
{
  ""Remnants"": 0 grams
}
```",36,NA,0,NA,NA,NA,NA,NA,NA,NA,NA,NA,NA,NA,NA,NA,NA,NA,NA,NA,NA,NA,NA,NA,NA,NA,NA,NA,NA,NA,NA,"```json
{
  ""Remnants"": 0 grams
}
```",36,NA,0,NA,NA,NA,NA,NA,NA,NA,NA,NA,NA,NA,NA,NA,NA,NA,NA,NA,NA,NA,NA,NA,NA,NA,NA,NA,NA,NA,NA,"```json
{
  ""Remnants"": 0 grams
}
```",36,NA,0,NA,NA,NA,NA,NA,NA,NA,NA,NA,NA,NA,NA,NA,NA,NA,NA,NA,NA,NA,NA,NA,NA,NA,NA,NA,NA,NA,NA,"```json
{
  ""Remnants"": 0 grams
}
```",36,NA,0,NA,NA,NA,NA,NA,NA,NA,NA,NA,NA,NA,NA,NA,NA,NA,NA,NA,NA,NA,NA,NA,NA,NA,NA,NA,NA,NA,NA,"```json
{
  ""Remnants"": 0 grams
}
```",36,NA,0,NA,NA,NA,NA,NA,NA,NA,NA,NA,NA,NA,NA,NA,NA,NA,NA,NA,NA,NA,NA,NA,NA,NA,NA,NA,NA,NA,NA,"```json
{
  ""Remnants"": 0
}
```",36,NA,0,NA,NA,NA,NA,NA,NA,NA,NA,NA,NA,NA,NA,NA,NA,NA,NA,NA,NA,NA,NA,NA,NA,NA,NA,NA,NA,NA,NA,"```json
{
  ""Remnants"": 0 grams
}
```",36,NA,0,NA,NA,NA,NA,NA,NA,NA,NA,NA,NA,NA,NA,NA,NA,NA,NA,NA,NA,NA,NA,NA,NA,NA,NA,NA,NA,"```json
{
  ""Remnants"": 0 grams
}
```",36,NA,0,NA,NA,NA,NA,NA,NA,NA,NA,NA,NA,NA,NA,NA,NA,NA,NA,NA,NA,NA,NA,NA,NA,NA,NA,NA,NA,NA,NA,"```json
{
  ""Remnants"": 0 grams
}
```",36,NA,0,NA,NA,NA,NA,NA,NA,NA,NA,NA,NA,NA,NA,NA,NA,NA,NA,NA,NA,NA,NA,NA,NA,NA,NA,NA,NA,NA,NA,"```json
{
  ""Remnants"": 0 grams
}
```",36,NA,0,NA,NA,NA,NA,NA,NA,NA,NA,NA,NA,NA,NA,NA,NA,NA,NA,NA,NA,NA,NA,NA,NA,NA,NA,NA,NA,"```json
{""Remnants"": 0 grams}
```",36,NA,NA,NA,NA,NA,NA,NA,NA,NA,NA,NA,NA,NA,NA,NA,NA,"```json
{""Remnants"": 0}
```",36,NA,NA,NA,NA,NA,NA,NA,NA,NA,NA,NA,NA,NA,NA,NA,NA,"```json
{""Remnants"": 0}
```",36,NA,NA,NA,NA,NA,NA,NA,NA,NA,NA,NA,NA,NA,NA,NA,NA,"```json
{""Remnants"": 0 grams}
```",36,NA,NA,NA,NA,NA,NA,NA,NA,NA,NA,NA,NA,NA,NA,NA,NA,"```json
{""Remnants"": 0}
```",36,NA,NA,NA,NA,NA,NA,NA,NA,NA,NA,NA,NA,NA,NA,NA,NA,0,0,1,1,0,1,1,0,1,1,0,1,1,0,1,1,0,1,1,0,1,1,0,1,1,0,1,1,0,1,1,0,1,1,0,1,1,0,1,1,0,1,1,1,1,0,0,0,0,0,0,0,0,0,0,0,0,0,0,0,0,0,0,0,0,0,0,0,0,0,0,0,0,0,0
"Crispy shrimps with sweet and spicy sauce","Meike","Thursday","RiceShrimps",2,"finished","25",575,926,351,"Krokante garnalen met zoet-pittige saus","https://www.hellofresh.nl/recipes/krokante-garnalen-met-kokosrijst-6661c3ce5fb32512350b4fc9","Meike_Thu_RiceShrimps_Pers2_Moment3.jpg",3,"rice","cucumbers","root vegetables","fats or oils","bread(crumbs)","(shell)fish","herbs","lemon or lime","garlic","fats or oils","water or broth","fats or oils","spices","vinaigrette",NA,"225g Rice; 1.5  Cucumber; 10 pieces Radish; 30g Grated Coconut; 75g Breadcrumbs; 240g Shrimp; 7.5g Coriander; 1.5  Lemon; 3  Garlic cloves; 3 tablespoon olive oil; 540ml broth; 1.5 tablespoon butter; 3 teaspoon sugar; 3 tablespoon vinegar"," Rice;  Cucumber;   Radish; Grated Coconut; Breadcrumbs;  Shrimp;  Coriander;  Lemon;  Garlic ;  olive oil; broth;  butter;  sugar;  vinegar",351,351,"```json
{
    ""Rice"": 50,
    ""Cucumber"": 30,
    ""Radish"": 20,
    ""Grated Coconut"": 5,
    ""Breadcrumbs"": 10,
    ""Shrimp"": 10,
    ""Coriander"": 2,
    ""Lemon"": 10,
    ""Garlic"": 2,
    ""Olive Oil"": 5,
    ""Broth"": 0,
    ""Butter"": 0,
    ""Sugar"": 0,
    ""Vinegar"": 0
}
```",39,"rice",50,"cucumbers",30,"root vegetables",20,"fats or oils",5,"bread(crumbs)",10,"(shell)fish",10,"herbs",2,"lemon or lime",10,"garlic",2,"fats or oils",5,"water or broth",0,"fats or oils",0,"spices",0,"vinaigrette",0,NA,NA,"```json
{
    ""Rice"": 50,
    ""Cucumber"": 30,
    ""Radish"": 20,
    ""Grated Coconut"": 5,
    ""Breadcrumbs"": 5,
    ""Shrimp"": 10,
    ""Coriander"": 2,
    ""Lemon"": 10,
    ""Garlic"": 2,
    ""Olive Oil"": 3,
    ""Broth"": 0,
    ""Butter"": 0,
    ""Sugar"": 0,
    ""Vinegar"": 0
}
```",39,"rice",50,"cucumbers",30,"root vegetables",20,"fats or oils",5,"bread(crumbs)",5,"(shell)fish",10,"herbs",2,"lemon or lime",10,"garlic",2,"fats or oils",3,"water or broth",0,"fats or oils",0,"spices",0,"vinaigrette",0,NA,NA,"```json
{
    ""Rice"": 50,
    ""Cucumber"": 30,
    ""Radish"": 20,
    ""Grated Coconut"": 5,
    ""Breadcrumbs"": 10,
    ""Shrimp"": 10,
    ""Coriander"": 2,
    ""Lemon"": 10,
    ""Garlic"": 2,
    ""Olive Oil"": 5,
    ""Broth"": 0,
    ""Butter"": 0,
    ""Sugar"": 0,
    ""Vinegar"": 0
}
```",39,"rice",50,"cucumbers",30,"root vegetables",20,"fats or oils",5,"bread(crumbs)",10,"(shell)fish",10,"herbs",2,"lemon or lime",10,"garlic",2,"fats or oils",5,"water or broth",0,"fats or oils",0,"spices",0,"vinaigrette",0,NA,NA,"```json
{
    ""Rice"": 50,
    ""Cucumber"": 30,
    ""Radish"": 20,
    ""Grated Coconut"": 5,
    ""Breadcrumbs"": 10,
    ""Shrimp"": 10,
    ""Coriander"": 2,
    ""Lemon"": 10,
    ""Garlic"": 2,
    ""Olive Oil"": 5,
    ""Broth"": 0,
    ""Butter"": 0,
    ""Sugar"": 0,
    ""Vinegar"": 0
}
```",39,"rice",50,"cucumbers",30,"root vegetables",20,"fats or oils",5,"bread(crumbs)",10,"(shell)fish",10,"herbs",2,"lemon or lime",10,"garlic",2,"fats or oils",5,"water or broth",0,"fats or oils",0,"spices",0,"vinaigrette",0,NA,NA,"```json
{
    ""Rice"": 50,
    ""Cucumber"": 30,
    ""Radish"": 20,
    ""Grated Coconut"": 5,
    ""Breadcrumbs"": 5,
    ""Shrimp"": 10,
    ""Coriander"": 2,
    ""Lemon"": 10,
    ""Garlic"": 2,
    ""Olive Oil"": 3,
    ""Broth"": 0,
    ""Butter"": 0,
    ""Sugar"": 0,
    ""Vinegar"": 0
}
```",39,"rice",50,"cucumbers",30,"root vegetables",20,"fats or oils",5,"bread(crumbs)",5,"(shell)fish",10,"herbs",2,"lemon or lime",10,"garlic",2,"fats or oils",3,"water or broth",0,"fats or oils",0,"spices",0,"vinaigrette",0,NA,NA,"```json
{
    ""Rice"": 50,
    ""Cucumber"": 40,
    ""Radish"": 20,
    ""Grated Coconut"": 10,
    ""Breadcrumbs"": 15,
    ""Lemon"": 10
}
```",39,"rice",50,"cucumbers",40,"root vegetables",20,"fats or oils",10,"bread(crumbs)",15,"lemon or lime",10,NA,NA,NA,NA,NA,NA,NA,NA,NA,NA,NA,NA,NA,NA,NA,NA,NA,NA,"```json
{
    ""Rice"": 50,
    ""Cucumber"": 40,
    ""Radish"": 20,
    ""Grated Coconut"": 10,
    ""Breadcrumbs"": 15,
    ""Lemon"": 10
}
```",39,"rice",50,"cucumbers",40,"root vegetables",20,"fats or oils",10,"bread(crumbs)",15,"lemon or lime",10,NA,NA,NA,NA,NA,NA,NA,NA,NA,NA,NA,NA,NA,NA,NA,NA,"```json
{
    ""Rice"": 50,
    ""Cucumber"": 40,
    ""Radish"": 20,
    ""Grated Coconut"": 10,
    ""Lemon"": 15
}
```",39,"rice",50,"cucumbers",40,"root vegetables",20,"fats or oils",10,"lemon or lime",15,NA,NA,NA,NA,NA,NA,NA,NA,NA,NA,NA,NA,NA,NA,NA,NA,NA,NA,NA,NA,"```json
{
    ""Rice"": 50,
    ""Cucumber"": 40,
    ""Radish"": 20,
    ""Grated Coconut"": 10,
    ""Breadcrumbs"": 15,
    ""Lemon"": 10
}
```",39,"rice",50,"cucumbers",40,"root vegetables",20,"fats or oils",10,"bread(crumbs)",15,"lemon or lime",10,NA,NA,NA,NA,NA,NA,NA,NA,NA,NA,NA,NA,NA,NA,NA,NA,NA,NA,"```json
{
    ""Rice"": 50,
    ""Cucumber"": 40,
    ""Radish"": 20,
    ""Grated Coconut"": 10,
    ""Breadcrumbs"": 15,
    ""Lemon"": 10
}
```",39,"rice",50,"cucumbers",40,"root vegetables",20,"fats or oils",10,"bread(crumbs)",15,"lemon or lime",10,NA,NA,NA,NA,NA,NA,NA,NA,NA,NA,NA,NA,NA,NA,NA,NA,"I can't identify specific dishes or sauces, but I can describe the visible ingredients on the plate:

```json
{
  ""Rice"": 50,
  ""Cucumber"": 30,
  ""Radish"": 20,
  ""Lemon"": 10
}
```",39,"rice",50,"cucumbers",30,"root vegetables",20,"lemon or lime",10,NA,NA,NA,NA,NA,NA,NA,NA,"```json
{
    ""Rice"": 50,
    ""Radishes"": 20,
    ""Cucumbers"": 30,
    ""Lemon wedge"": 10,
    ""Remnants"": 0
}
```",39,"rice",50,"root vegetables",20,"cucumbers",30,"lemon or lime",10,NA,0,NA,NA,NA,NA,NA,NA,"```json
{
    ""Rice"": 50,
    ""Radishes"": 20,
    ""Cucumber"": 30,
    ""Lemon wedge"": 10,
    ""Remnants"": 0
}
```",39,"rice",50,"root vegetables",20,"cucumbers",30,"lemon or lime",10,NA,0,NA,NA,NA,NA,NA,NA,"```json
{
    ""Rice"": 50,
    ""Cucumber"": 30,
    ""Radish"": 20,
    ""Lemon"": 10,
    ""Remnants"": 0
}
```",39,"rice",50,"cucumbers",30,"root vegetables",20,"lemon or lime",10,NA,0,NA,NA,NA,NA,NA,NA,"```json
{
    ""Rice"": 50,
    ""Cucumber"": 30,
    ""Radish"": 20,
    ""Lemon wedge"": 10,
    ""Remnants"": 0
}
```",39,"rice",50,"cucumbers",30,"root vegetables",20,"lemon or lime",10,NA,0,NA,NA,NA,NA,NA,NA,110,144,207,207,137,214,214,144,207,207,144,207,207,137,214,214,145,206,206,145,206,206,135,216,216,145,206,206,145,206,206,110,241,241,110,241,241,110,241,241,110,241,241,241,241,12,0,12,0,12,0,12,0,12,0,6,0,6,0,5,0,6,0,6,0,4,0,4,0,4,0,4,0,4,0
"Crispy shrimps with sweet and spicy sauce","Meike","Thursday","RiceShrimps",3,"finished","25",618,632,14,"Krokante garnalen met zoet-pittige saus","https://www.hellofresh.nl/recipes/krokante-garnalen-met-kokosrijst-6661c3ce5fb32512350b4fc10","Meike_Thu_RiceShrimps_Pers3_Moment3.jpg",3,"rice","cucumbers","root vegetables","fats or oils","bread(crumbs)","(shell)fish","herbs","lemon or lime","garlic","fats or oils","water or broth","fats or oils","spices","vinaigrette",NA,"225g Rice; 1.5  Cucumber; 10 pieces Radish; 30g Grated Coconut; 75g Breadcrumbs; 240g Shrimp; 7.5g Coriander; 1.5  Lemon; 3  Garlic cloves; 3 tablespoon olive oil; 540ml broth; 1.5 tablespoon butter; 3 teaspoon sugar; 3 tablespoon vinegar"," Rice;  Cucumber;   Radish; Grated Coconut; Breadcrumbs;  Shrimp;  Coriander;  Lemon;  Garlic ;  olive oil; broth;  butter;  sugar;  vinegar",14,14,"```json
{
    ""Lemon"": 10,
    ""Coriander"": 1,
    ""Remnants"": 0
}
```",42,"lemon or lime",10,"herbs",1,NA,0,NA,NA,NA,NA,NA,NA,NA,NA,NA,NA,NA,NA,NA,NA,NA,NA,NA,NA,NA,NA,NA,NA,NA,NA,"```json
{
    ""Lemon"": 10,
    ""Coriander"": 1,
    ""Remnants"": 2
}
```",42,"lemon or lime",10,"herbs",1,NA,2,NA,NA,NA,NA,NA,NA,NA,NA,NA,NA,NA,NA,NA,NA,NA,NA,NA,NA,NA,NA,NA,NA,NA,NA,"```json
{
    ""Lemon"": 10,
    ""Coriander"": 1,
    ""Remnants"": 0
}
```",42,"lemon or lime",10,"herbs",1,NA,0,NA,NA,NA,NA,NA,NA,NA,NA,NA,NA,NA,NA,NA,NA,NA,NA,NA,NA,NA,NA,NA,NA,NA,NA,"```json
{
    ""Lemon"": 10,
    ""Coriander"": 1,
    ""Remnants"": 2
}
```",42,"lemon or lime",10,"herbs",1,NA,2,NA,NA,NA,NA,NA,NA,NA,NA,NA,NA,NA,NA,NA,NA,NA,NA,NA,NA,NA,NA,NA,NA,NA,NA,"```json
{
    ""Lemon"": 10,
    ""Coriander"": 1,
    ""Remnants"": 0
}
```",42,"lemon or lime",10,"herbs",1,NA,0,NA,NA,NA,NA,NA,NA,NA,NA,NA,NA,NA,NA,NA,NA,NA,NA,NA,NA,NA,NA,NA,NA,NA,NA,"```json
{
    ""Lemon"": 10,
    ""Coriander"": 1,
    ""Remnants"": 0
}
```",42,"lemon or lime",10,"herbs",1,NA,0,NA,NA,NA,NA,NA,NA,NA,NA,NA,NA,NA,NA,NA,NA,NA,NA,NA,NA,NA,NA,NA,NA,NA,NA,"```json
{
    ""Lemon"": 10,
    ""Remnants"": 0
}
```",42,"lemon or lime",10,NA,0,NA,NA,NA,NA,NA,NA,NA,NA,NA,NA,NA,NA,NA,NA,NA,NA,NA,NA,NA,NA,NA,NA,NA,NA,"```json
{
  ""Lemon"": 15,
  ""Remnants"": 5
}
```",42,"lemon or lime",15,NA,5,NA,NA,NA,NA,NA,NA,NA,NA,NA,NA,NA,NA,NA,NA,NA,NA,NA,NA,NA,NA,NA,NA,NA,NA,NA,NA,"```json
{
  ""Lemon"": 10,
  ""Coriander"": 1,
  ""Remnants"": 0
}
```",42,"lemon or lime",10,"herbs",1,NA,0,NA,NA,NA,NA,NA,NA,NA,NA,NA,NA,NA,NA,NA,NA,NA,NA,NA,NA,NA,NA,NA,NA,NA,NA,"```json
{
    ""Lemon"": 10,
    ""Remnants"": 0
}
```",42,"lemon or lime",10,NA,0,NA,NA,NA,NA,NA,NA,NA,NA,NA,NA,NA,NA,NA,NA,NA,NA,NA,NA,NA,NA,NA,NA,NA,NA,"```json
{
  ""Remnants"": 0
}
```",42,NA,0,NA,NA,NA,NA,NA,NA,NA,NA,NA,NA,NA,NA,NA,NA,"```json
{
  ""Remnants"": 0,
  ""Lemon wedge"": 10
}
```",42,NA,0,"lemon or lime",10,NA,NA,NA,NA,NA,NA,NA,NA,NA,NA,NA,NA,"```json
{
  ""Remnants"": 0,
  ""Lemon wedge"": 10
}
```",42,NA,0,"lemon or lime",10,NA,NA,NA,NA,NA,NA,NA,NA,NA,NA,NA,NA,"```json
{
  ""Remnants"": 0,
  ""Lemon wedge"": 10
}
```",42,NA,0,"lemon or lime",10,NA,NA,NA,NA,NA,NA,NA,NA,NA,NA,NA,NA,"```json
{
  ""Remnants"": 0,
  ""Lemon wedge"": 10
}
```",42,NA,0,"lemon or lime",10,NA,NA,NA,NA,NA,NA,NA,NA,NA,NA,NA,NA,10,11,3,3,13,1,1,11,3,3,13,1,1,11,3,3,11,3,3,10,4,4,20,-6,6,11,3,3,10,4,4,0,14,14,10,4,4,10,4,4,10,4,4,4,4,2,0,2,0,2,0,2,0,2,0,2,0,1,0,1,0,2,0,1,0,0,0,1,0,1,0,1,0,1,0
"Lentil soufflé with cheese and potato topping, carrots, champions and parsley","Nina","45584","Lentilsouffle",1,"50-30%","22.8",385,501,116,"Lentil soufflé with cheese and potato topping, carrots, champions and parsley","https://www.hellofresh.de/recipes/linsenauflauf-mit-kase-kartoffel-haube-65bcbbf4fb38871420c61dc1","Nina_Day3_Lentil1_50.jpg",3,"legumes","potatoes or fries","mushrooms","root vegetables","onion","garlic","herbs","dairy (cream)","tomatoes","vinaigrette","sauce","cheese","water or broth","fats or oils","fats or oils","585g Brown Lentils; 2  Potato; 125g Mushrooms; 2  Carrot; 1  Onion; 1  Garlic cloves; 10g Parsley; 100g Crème Fraîche; 105g Tomato Paste; 15ml Mustard; 50ml Soy Sauce; 150g Gouda cheese; 500ml Water; 1.5 tablespoon butter; 10g oil"," Brown Lentils;  Potato;  Mushrooms;  Carrot;  Onion;  Garlic ; Parsley;  Crème Fraîche;  Tomato Paste; Mustard; Soy Sauce;  Gouda cheese; Water;  butter; oil",116,116,"```json
{
    ""Brown Lentils"": 30,
    ""Potato"": 20,
    ""Mushrooms"": 15,
    ""Carrot"": 10,
    ""Onion"": 5,
    ""Garlic"": 2,
    ""Parsley"": 1,
    ""Crème Fraîche"": 5,
    ""Tomato Paste"": 5,
    ""Mustard"": 2,
    ""Soy Sauce"": 2,
    ""Gouda Cheese"": 10,
    ""Butter"": 3,
    ""Oil"": 2
}
```",89,"legumes",30,"potatoes or fries",20,"mushrooms",15,"root vegetables",10,"onion",5,"garlic",2,"herbs",1,"dairy (cream)",5,"tomatoes",5,"vinaigrette",2,"sauce",2,"cheese",10,"fats or oils",3,"fats or oils",2,NA,NA,"```json
{
    ""Brown Lentils"": 30,
    ""Potato"": 20,
    ""Mushrooms"": 15,
    ""Carrot"": 10,
    ""Onion"": 5,
    ""Garlic"": 2,
    ""Parsley"": 1,
    ""Crème Fraîche"": 5,
    ""Tomato Paste"": 3,
    ""Mustard"": 2,
    ""Soy Sauce"": 1,
    ""Gouda Cheese"": 5,
    ""Water"": 0,
    ""Butter"": 1,
    ""Oil"": 1
}
```",89,"legumes",30,"potatoes or fries",20,"mushrooms",15,"root vegetables",10,"onion",5,"garlic",2,"herbs",1,"dairy (cream)",5,"tomatoes",3,"vinaigrette",2,"sauce",1,"cheese",5,"water or broth",0,"fats or oils",1,"fats or oils",1,"```json
{
    ""Brown Lentils"": 30,
    ""Potato"": 20,
    ""Mushrooms"": 15,
    ""Carrot"": 10,
    ""Onion"": 5,
    ""Garlic"": 2,
    ""Parsley"": 1,
    ""Crème Fraîche"": 5,
    ""Tomato Paste"": 5,
    ""Mustard"": 2,
    ""Soy Sauce"": 2,
    ""Gouda Cheese"": 10,
    ""Water"": 0,
    ""Butter"": 2,
    ""Oil"": 1
}
```",89,"legumes",30,"potatoes or fries",20,"mushrooms",15,"root vegetables",10,"onion",5,"garlic",2,"herbs",1,"dairy (cream)",5,"tomatoes",5,"vinaigrette",2,"sauce",2,"cheese",10,"water or broth",0,"fats or oils",2,"fats or oils",1,"```json
{
    ""Brown Lentils"": 30,
    ""Potato"": 20,
    ""Mushrooms"": 15,
    ""Carrot"": 10,
    ""Onion"": 5,
    ""Garlic"": 2,
    ""Parsley"": 1,
    ""Crème Fraîche"": 5,
    ""Tomato Paste"": 3,
    ""Mustard"": 2,
    ""Soy Sauce"": 1,
    ""Gouda Cheese"": 5,
    ""Water"": 0,
    ""Butter"": 2,
    ""Oil"": 1
}
```",89,"legumes",30,"potatoes or fries",20,"mushrooms",15,"root vegetables",10,"onion",5,"garlic",2,"herbs",1,"dairy (cream)",5,"tomatoes",3,"vinaigrette",2,"sauce",1,"cheese",5,"water or broth",0,"fats or oils",2,"fats or oils",1,"```json
{
    ""Brown Lentils"": 30,
    ""Potato"": 20,
    ""Mushrooms"": 15,
    ""Carrot"": 10,
    ""Onion"": 5,
    ""Garlic"": 2,
    ""Parsley"": 1,
    ""Crème Fraîche"": 5,
    ""Tomato Paste"": 3,
    ""Mustard"": 2,
    ""Soy Sauce"": 1,
    ""Gouda Cheese"": 5,
    ""Butter"": 2,
    ""Oil"": 1
}
```",89,"legumes",30,"potatoes or fries",20,"mushrooms",15,"root vegetables",10,"onion",5,"garlic",2,"herbs",1,"dairy (cream)",5,"tomatoes",3,"vinaigrette",2,"sauce",1,"cheese",5,"fats or oils",2,"fats or oils",1,NA,NA,"```json
{
  ""Remnants"": 0
}
```",89,NA,0,NA,NA,NA,NA,NA,NA,NA,NA,NA,NA,NA,NA,NA,NA,NA,NA,NA,NA,NA,NA,NA,NA,NA,NA,NA,NA,NA,NA,"```json
{
    ""Remnants"": 0
}
```",89,NA,0,NA,NA,NA,NA,NA,NA,NA,NA,NA,NA,NA,NA,NA,NA,NA,NA,NA,NA,NA,NA,NA,NA,NA,NA,NA,NA,"```json
{
  ""Brown Lentils"": 50,
  ""Potato"": 20,
  ""Mushrooms"": 10,
  ""Carrot"": 5,
  ""Onion"": 5,
  ""Garlic"": 1,
  ""Parsley"": 1,
  ""Crème Fraîche"": 10,
  ""Tomato Paste"": 5,
  ""Gouda Cheese"": 10,
  ""Remnants"": 0
}
```",89,"legumes",50,"potatoes or fries",20,"mushrooms",10,"root vegetables",5,"onion",5,"garlic",1,"herbs",1,"dairy (cream)",10,"tomatoes",5,"cheese",10,NA,0,NA,NA,NA,NA,NA,NA,NA,NA,"```json
{
  ""Brown Lentils"": 30,
  ""Potato"": 20,
  ""Mushrooms"": 10,
  ""Carrot"": 5,
  ""Onion"": 5,
  ""Garlic"": 1,
  ""Parsley"": 1,
  ""Crème Fraîche"": 10,
  ""Tomato Paste"": 5,
  ""Gouda Cheese"": 10,
  ""Remnants"": 0
}
```",89,"legumes",30,"potatoes or fries",20,"mushrooms",10,"root vegetables",5,"onion",5,"garlic",1,"herbs",1,"dairy (cream)",10,"tomatoes",5,"cheese",10,NA,0,NA,NA,NA,NA,NA,NA,NA,NA,"```json
{
    ""Brown Lentils"": 50,
    ""Potato"": 20,
    ""Mushrooms"": 10,
    ""Carrot"": 5,
    ""Onion"": 5,
    ""Garlic"": 1,
    ""Parsley"": 1,
    ""Crème Fraîche"": 10,
    ""Tomato Paste"": 10,
    ""Mustard"": 1,
    ""Soy Sauce"": 5,
    ""Gouda Cheese"": 15,
    ""Remnants"": 0
}
```",89,"legumes",50,"potatoes or fries",20,"mushrooms",10,"root vegetables",5,"onion",5,"garlic",1,"herbs",1,"dairy (cream)",10,"tomatoes",10,"vinaigrette",1,"sauce",5,"cheese",15,NA,0,NA,NA,"```json
{
    ""Lentils"": 30,
    ""Cheese"": 10,
    ""Potato"": 15,
    ""Carrots"": 5,
    ""Champignons"": 5,
    ""Parsley"": 1
}
```",89,"legumes",30,"cheese",10,"potatoes or fries",15,"root vegetables",5,"mushrooms",5,"herbs",1,NA,NA,NA,NA,"```json
{
    ""Lentils"": 30,
    ""Cheese"": 10,
    ""Potato"": 15,
    ""Carrots"": 5,
    ""Champignons"": 5,
    ""Parsley"": 1
}
```",89,"legumes",30,"cheese",10,"potatoes or fries",15,"root vegetables",5,"mushrooms",5,"herbs",1,NA,NA,NA,NA,"```json
{
    ""Lentils"": 30,
    ""Cheese"": 10,
    ""Potato"": 15,
    ""Carrots"": 5,
    ""Champignons"": 5,
    ""Parsley"": 1
}
```",89,"legumes",30,"cheese",10,"potatoes or fries",15,"root vegetables",5,"mushrooms",5,"herbs",1,NA,NA,NA,NA,"```json
{
    ""Lentils"": 30,
    ""Cheese"": 10,
    ""Potato"": 15,
    ""Carrots"": 5,
    ""Champignons"": 5,
    ""Parsley"": 1
}
```",89,"legumes",30,"cheese",10,"potatoes or fries",15,"root vegetables",5,"mushrooms",5,"herbs",1,NA,NA,NA,NA,"```json
{
    ""Lentils"": 30,
    ""Cheese"": 10,
    ""Potato"": 15,
    ""Carrots"": 5,
    ""Champignons"": 5,
    ""Parsley"": 1
}
```",89,"legumes",30,"cheese",10,"potatoes or fries",15,"root vegetables",5,"mushrooms",5,"herbs",1,NA,NA,NA,NA,66,112,4,4,101,15,15,110,6,6,102,14,14,102,14,14,0,116,116,0,116,116,117,-1,1,97,19,19,133,-17,17,66,50,50,66,50,50,66,50,50,66,50,50,50,50,13,0,14,0,14,0,14,0,13,0,0,0,0,0,10,0,10,0,12,0,6,0,6,0,6,0,6,0,6,0
"Lentil soufflé with cheese and potato topping, carrots, champions and parsley","Nina","45584","Lentilsouffle",1,"30-10%","22.8",385,436,51,"Lentil soufflé with cheese and potato topping, carrots, champions and parsley","https://www.hellofresh.de/recipes/linsenauflauf-mit-kase-kartoffel-haube-65bcbbf4fb38871420c61dc1","Nina_Day3_Lentil1_30.jpg",3,"legumes","potatoes or fries","mushrooms","root vegetables","onion","garlic","herbs","dairy (cream)","tomatoes","vinaigrette","sauce","cheese","water or broth","fats or oils","fats or oils","585g Brown Lentils; 2  Potato; 125g Mushrooms; 2  Carrot; 1  Onion; 1  Garlic cloves; 10g Parsley; 100g Crème Fraîche; 105g Tomato Paste; 15ml Mustard; 50ml Soy Sauce; 150g Gouda cheese; 500ml Water; 1.5 tablespoon butter; 10g oil"," Brown Lentils;  Potato;  Mushrooms;  Carrot;  Onion;  Garlic ; Parsley;  Crème Fraîche;  Tomato Paste; Mustard; Soy Sauce;  Gouda cheese; Water;  butter; oil",51,51,"```json
{
  ""Brown Lentils"": 10,
  ""Potato"": 15,
  ""Mushrooms"": 5,
  ""Carrot"": 5,
  ""Onion"": 5,
  ""Garlic"": 1,
  ""Parsley"": 1,
  ""Crème Fraîche"": 5,
  ""Tomato Paste"": 5,
  ""Mustard"": 1,
  ""Soy Sauce"": 1,
  ""Gouda cheese"": 10,
  ""Butter"": 1,
  ""Oil"": 1
}
```",88,"legumes",10,"potatoes or fries",15,"mushrooms",5,"root vegetables",5,"onion",5,"garlic",1,"herbs",1,"dairy (cream)",5,"tomatoes",5,"vinaigrette",1,"sauce",1,"cheese",10,"fats or oils",1,"fats or oils",1,NA,NA,"```json
{
    ""Brown Lentils"": 10,
    ""Potato"": 15,
    ""Mushrooms"": 5,
    ""Carrot"": 5,
    ""Onion"": 5,
    ""Garlic"": 1,
    ""Parsley"": 1,
    ""Crème Fraîche"": 5,
    ""Tomato Paste"": 5,
    ""Mustard"": 1,
    ""Soy Sauce"": 1,
    ""Gouda cheese"": 10,
    ""Water"": 0,
    ""Butter"": 1,
    ""Oil"": 1
}
```",88,"legumes",10,"potatoes or fries",15,"mushrooms",5,"root vegetables",5,"onion",5,"garlic",1,"herbs",1,"dairy (cream)",5,"tomatoes",5,"vinaigrette",1,"sauce",1,"cheese",10,"water or broth",0,"fats or oils",1,"fats or oils",1,"```json
{
  ""Brown Lentils"": 10,
  ""Potato"": 15,
  ""Mushrooms"": 5,
  ""Carrot"": 5,
  ""Onion"": 5,
  ""Garlic"": 1,
  ""Parsley"": 1,
  ""Crème Fraîche"": 5,
  ""Tomato Paste"": 5,
  ""Mustard"": 1,
  ""Soy Sauce"": 1,
  ""Gouda cheese"": 10,
  ""Water"": 0,
  ""Butter"": 1,
  ""Oil"": 1
}
```",88,"legumes",10,"potatoes or fries",15,"mushrooms",5,"root vegetables",5,"onion",5,"garlic",1,"herbs",1,"dairy (cream)",5,"tomatoes",5,"vinaigrette",1,"sauce",1,"cheese",10,"water or broth",0,"fats or oils",1,"fats or oils",1,"```json
{
    ""Brown Lentils"": 10,
    ""Potato"": 15,
    ""Mushrooms"": 5,
    ""Carrot"": 5,
    ""Onion"": 5,
    ""Garlic"": 1,
    ""Parsley"": 1,
    ""Crème Fraîche"": 5,
    ""Tomato Paste"": 5,
    ""Mustard"": 1,
    ""Soy Sauce"": 1,
    ""Gouda Cheese"": 10,
    ""Butter"": 1,
    ""Oil"": 1,
    ""Water"": 0
}
```",88,"legumes",10,"potatoes or fries",15,"mushrooms",5,"root vegetables",5,"onion",5,"garlic",1,"herbs",1,"dairy (cream)",5,"tomatoes",5,"vinaigrette",1,"sauce",1,"cheese",10,"fats or oils",1,"fats or oils",1,"water or broth",0,"```json
{
    ""Brown Lentils"": 10,
    ""Potato"": 15,
    ""Mushrooms"": 5,
    ""Carrot"": 5,
    ""Onion"": 5,
    ""Garlic"": 1,
    ""Parsley"": 1,
    ""Crème Fraîche"": 5,
    ""Tomato Paste"": 5,
    ""Mustard"": 1,
    ""Soy Sauce"": 1,
    ""Gouda Cheese"": 10,
    ""Water"": 0,
    ""Butter"": 1,
    ""Oil"": 1
}
```",88,"legumes",10,"potatoes or fries",15,"mushrooms",5,"root vegetables",5,"onion",5,"garlic",1,"herbs",1,"dairy (cream)",5,"tomatoes",5,"vinaigrette",1,"sauce",1,"cheese",10,"water or broth",0,"fats or oils",1,"fats or oils",1,"```json
{
  ""Remnants"": 0
}
```",88,NA,0,NA,NA,NA,NA,NA,NA,NA,NA,NA,NA,NA,NA,NA,NA,NA,NA,NA,NA,NA,NA,NA,NA,NA,NA,NA,NA,NA,NA,"```json
{
    ""Remnants"": 0
}
```",88,NA,0,NA,NA,NA,NA,NA,NA,NA,NA,NA,NA,NA,NA,NA,NA,NA,NA,NA,NA,NA,NA,NA,NA,NA,NA,NA,NA,"```json
{
  ""Remnants"": 20
}
```",88,NA,20,NA,NA,NA,NA,NA,NA,NA,NA,NA,NA,NA,NA,NA,NA,NA,NA,NA,NA,NA,NA,NA,NA,NA,NA,NA,NA,NA,NA,"```json
{
  ""Remnants"": 0
}
```",88,NA,0,NA,NA,NA,NA,NA,NA,NA,NA,NA,NA,NA,NA,NA,NA,NA,NA,NA,NA,NA,NA,NA,NA,NA,NA,NA,NA,NA,NA,"```json
{
  ""Remnants"": 0
}
```",88,NA,0,NA,NA,NA,NA,NA,NA,NA,NA,NA,NA,NA,NA,NA,NA,NA,NA,NA,NA,NA,NA,NA,NA,NA,NA,NA,NA,"```json
{
  ""Remnants"": 0
}
```",88,NA,0,NA,NA,NA,NA,NA,NA,NA,NA,NA,NA,NA,NA,NA,NA,"```json
{
  ""Remnants"": 0
}
```",88,NA,0,NA,NA,NA,NA,NA,NA,NA,NA,NA,NA,NA,NA,NA,NA,"```json
{
  ""Remnants"": 0
}
```",88,NA,0,NA,NA,NA,NA,NA,NA,NA,NA,NA,NA,NA,NA,NA,NA,"```json
{
  ""Remnants"": 0
}
```",88,NA,0,NA,NA,NA,NA,NA,NA,NA,NA,NA,NA,NA,NA,NA,NA,"```json
{
  ""Remnants"": 0
}
```",88,NA,0,NA,NA,NA,NA,NA,NA,NA,NA,NA,NA,NA,NA,NA,NA,0,66,-15,15,66,-15,15,66,-15,15,66,-15,15,66,-15,15,0,51,51,0,51,51,20,31,31,0,51,51,0,51,51,0,51,51,0,51,51,0,51,51,0,51,51,51,51,13,0,14,0,14,0,14,0,14,0,0,0,0,0,0,0,0,0,0,0,0,0,0,0,0,0,0,0,0,0
"Lentil soufflé with cheese and potato topping, carrots, champions and parsley","Nina","45584","Lentilsouffle",1,"finished","22.8",385,391,6,"Lentil soufflé with cheese and potato topping, carrots, champions and parsley","https://www.hellofresh.de/recipes/linsenauflauf-mit-kase-kartoffel-haube-65bcbbf4fb38871420c61dc1","Nina_Day3_Lentil1_0.jpg",3,"legumes","potatoes or fries","mushrooms","root vegetables","onion","garlic","herbs","dairy (cream)","tomatoes","vinaigrette","sauce","cheese","water or broth","fats or oils","fats or oils","585g Brown Lentils; 2  Potato; 125g Mushrooms; 2  Carrot; 1  Onion; 1  Garlic cloves; 10g Parsley; 100g Crème Fraîche; 105g Tomato Paste; 15ml Mustard; 50ml Soy Sauce; 150g Gouda cheese; 500ml Water; 1.5 tablespoon butter; 10g oil"," Brown Lentils;  Potato;  Mushrooms;  Carrot;  Onion;  Garlic ; Parsley;  Crème Fraîche;  Tomato Paste; Mustard; Soy Sauce;  Gouda cheese; Water;  butter; oil",6,6,"```json
{
  ""Remnants"": 5
}
```",87,NA,5,NA,NA,NA,NA,NA,NA,NA,NA,NA,NA,NA,NA,NA,NA,NA,NA,NA,NA,NA,NA,NA,NA,NA,NA,NA,NA,NA,NA,"```json
{
  ""Remnants"": 5
}
```",87,NA,5,NA,NA,NA,NA,NA,NA,NA,NA,NA,NA,NA,NA,NA,NA,NA,NA,NA,NA,NA,NA,NA,NA,NA,NA,NA,NA,NA,NA,"```json
{
  ""Remnants"": 5
}
```",87,NA,5,NA,NA,NA,NA,NA,NA,NA,NA,NA,NA,NA,NA,NA,NA,NA,NA,NA,NA,NA,NA,NA,NA,NA,NA,NA,NA,NA,NA,"```json
{
  ""Remnants"": 0 grams
}
```",87,NA,0,NA,NA,NA,NA,NA,NA,NA,NA,NA,NA,NA,NA,NA,NA,NA,NA,NA,NA,NA,NA,NA,NA,NA,NA,NA,NA,NA,NA,"```json
{
  ""Remnants"": 5
}
```",87,NA,5,NA,NA,NA,NA,NA,NA,NA,NA,NA,NA,NA,NA,NA,NA,NA,NA,NA,NA,NA,NA,NA,NA,NA,NA,NA,NA,NA,NA,"```json
{
  ""Remnants"": 0
}
```",87,NA,0,NA,NA,NA,NA,NA,NA,NA,NA,NA,NA,NA,NA,NA,NA,NA,NA,NA,NA,NA,NA,NA,NA,NA,NA,NA,NA,NA,NA,"```json
{
  ""Remnants"": 0 grams
}
```",87,NA,0,NA,NA,NA,NA,NA,NA,NA,NA,NA,NA,NA,NA,NA,NA,NA,NA,NA,NA,NA,NA,NA,NA,NA,NA,NA,NA,"```json
{
  ""Remnants"": 0 grams
}
```",87,NA,0,NA,NA,NA,NA,NA,NA,NA,NA,NA,NA,NA,NA,NA,NA,NA,NA,NA,NA,NA,NA,NA,NA,NA,NA,NA,NA,NA,NA,"```json
{
  ""Remnants"": 0 grams
}
```",87,NA,0,NA,NA,NA,NA,NA,NA,NA,NA,NA,NA,NA,NA,NA,NA,NA,NA,NA,NA,NA,NA,NA,NA,NA,NA,NA,NA,NA,NA,"```json
{
  ""Remnants"": 0 grams
}
```",87,NA,0,NA,NA,NA,NA,NA,NA,NA,NA,NA,NA,NA,NA,NA,NA,NA,NA,NA,NA,NA,NA,NA,NA,NA,NA,NA,NA,"```json
{
  ""Remnants"": 0 grams
}
```",87,NA,0,NA,NA,NA,NA,NA,NA,NA,NA,NA,NA,NA,NA,NA,NA,"```json
{
  ""Remnants"": 0 grams
}
```",87,NA,0,NA,NA,NA,NA,NA,NA,NA,NA,NA,NA,NA,NA,NA,NA,"```json
{
  ""Remnants"": 0 grams
}
```",87,NA,0,NA,NA,NA,NA,NA,NA,NA,NA,NA,NA,NA,NA,NA,NA,"```json
{
  ""Remnants"": 0
}
```",87,NA,0,NA,NA,NA,NA,NA,NA,NA,NA,NA,NA,NA,NA,NA,NA,"```json
{
  ""Remnants"": 0 grams
}
```",87,NA,0,NA,NA,NA,NA,NA,NA,NA,NA,NA,NA,NA,NA,NA,NA,0,5,1,1,5,1,1,5,1,1,0,6,6,5,1,1,0,6,6,0,6,6,0,6,6,0,6,6,0,6,6,0,6,6,0,6,6,0,6,6,0,6,6,6,6,0,0,0,0,0,0,0,0,0,0,0,0,0,0,0,0,0,0,0,0,0,0,0,0,0,0,0,0,0,0
"Lentil soufflé with cheese and potato topping, carrots, champions and parsley","Nina","45584","Lentilsouffle",2,"50-30%","22.8",396,517,121,"Lentil soufflé with cheese and potato topping, carrots, champions and parsley","https://www.hellofresh.de/recipes/linsenauflauf-mit-kase-kartoffel-haube-65bcbbf4fb38871420c61dc1","Nina_Day3_Lentil2_50.jpg",3,"legumes","potatoes or fries","mushrooms","root vegetables","onion","garlic","herbs","dairy (cream)","tomatoes","vinaigrette","sauce","cheese","water or broth","fats or oils","fats or oils","585g Brown Lentils; 2  Potato; 125g Mushrooms; 2  Carrot; 1  Onion; 1  Garlic cloves; 10g Parsley; 100g Crème Fraîche; 105g Tomato Paste; 15ml Mustard; 50ml Soy Sauce; 150g Gouda cheese; 500ml Water; 1.5 tablespoon butter; 10g oil"," Brown Lentils;  Potato;  Mushrooms;  Carrot;  Onion;  Garlic ; Parsley;  Crème Fraîche;  Tomato Paste; Mustard; Soy Sauce;  Gouda cheese; Water;  butter; oil",121,121,"```json
{
    ""Brown Lentils"": 30,
    ""Potato"": 20,
    ""Mushrooms"": 10,
    ""Carrot"": 15,
    ""Onion"": 5,
    ""Garlic"": 2,
    ""Parsley"": 1,
    ""Crème Fraîche"": 5,
    ""Tomato Paste"": 5,
    ""Mustard"": 2,
    ""Soy Sauce"": 2,
    ""Gouda Cheese"": 5,
    ""Butter"": 3,
    ""Oil"": 2
}
```",90,"legumes",30,"potatoes or fries",20,"mushrooms",10,"root vegetables",15,"onion",5,"garlic",2,"herbs",1,"dairy (cream)",5,"tomatoes",5,"vinaigrette",2,"sauce",2,"cheese",5,"fats or oils",3,"fats or oils",2,NA,NA,"```json
{
    ""Brown Lentils"": 30,
    ""Potato"": 20,
    ""Mushrooms"": 10,
    ""Carrot"": 15,
    ""Onion"": 5,
    ""Garlic"": 2,
    ""Parsley"": 1,
    ""Crème Fraîche"": 5,
    ""Tomato Paste"": 5,
    ""Mustard"": 2,
    ""Soy Sauce"": 2,
    ""Gouda Cheese"": 5,
    ""Butter"": 3,
    ""Oil"": 2
}
```",90,"legumes",30,"potatoes or fries",20,"mushrooms",10,"root vegetables",15,"onion",5,"garlic",2,"herbs",1,"dairy (cream)",5,"tomatoes",5,"vinaigrette",2,"sauce",2,"cheese",5,"fats or oils",3,"fats or oils",2,NA,NA,"```json
{
    ""Brown Lentils"": 30,
    ""Potato"": 20,
    ""Mushrooms"": 10,
    ""Carrot"": 15,
    ""Onion"": 5,
    ""Garlic"": 2,
    ""Parsley"": 1,
    ""Crème Fraîche"": 5,
    ""Tomato Paste"": 5,
    ""Mustard"": 2,
    ""Soy Sauce"": 2,
    ""Gouda Cheese"": 5,
    ""Butter"": 3,
    ""Oil"": 2
}
```",90,"legumes",30,"potatoes or fries",20,"mushrooms",10,"root vegetables",15,"onion",5,"garlic",2,"herbs",1,"dairy (cream)",5,"tomatoes",5,"vinaigrette",2,"sauce",2,"cheese",5,"fats or oils",3,"fats or oils",2,NA,NA,"```json
{
    ""Brown Lentils"": 30,
    ""Potato"": 20,
    ""Mushrooms"": 10,
    ""Carrot"": 15,
    ""Onion"": 5,
    ""Garlic"": 2,
    ""Parsley"": 1,
    ""Crème Fraîche"": 5,
    ""Tomato Paste"": 5,
    ""Mustard"": 2,
    ""Soy Sauce"": 2,
    ""Gouda Cheese"": 5,
    ""Butter"": 3,
    ""Oil"": 2
}
```",90,"legumes",30,"potatoes or fries",20,"mushrooms",10,"root vegetables",15,"onion",5,"garlic",2,"herbs",1,"dairy (cream)",5,"tomatoes",5,"vinaigrette",2,"sauce",2,"cheese",5,"fats or oils",3,"fats or oils",2,NA,NA,"```json
{
    ""Brown Lentils"": 30,
    ""Potato"": 20,
    ""Mushrooms"": 10,
    ""Carrot"": 15,
    ""Onion"": 5,
    ""Garlic"": 2,
    ""Parsley"": 1,
    ""Crème Fraîche"": 5,
    ""Tomato Paste"": 5,
    ""Mustard"": 2,
    ""Soy Sauce"": 2,
    ""Gouda Cheese"": 5,
    ""Butter"": 3,
    ""Oil"": 2
}
```",90,"legumes",30,"potatoes or fries",20,"mushrooms",10,"root vegetables",15,"onion",5,"garlic",2,"herbs",1,"dairy (cream)",5,"tomatoes",5,"vinaigrette",2,"sauce",2,"cheese",5,"fats or oils",3,"fats or oils",2,NA,NA,"```json
{
  ""Brown Lentils"": 50,
  ""Potato"": 30,
  ""Mushrooms"": 20,
  ""Carrot"": 20,
  ""Onion"": 10,
  ""Garlic"": 5,
  ""Parsley"": 5,
  ""Crème Fraîche"": 10,
  ""Tomato Paste"": 10,
  ""Mustard"": 5,
  ""Soy Sauce"": 5,
  ""Gouda Cheese"": 15,
  ""Water"": 0,
  ""Butter"": 5,
  ""Oil"": 0
}
```",90,"legumes",50,"potatoes or fries",30,"mushrooms",20,"root vegetables",20,"onion",10,"garlic",5,"herbs",5,"dairy (cream)",10,"tomatoes",10,"vinaigrette",5,"sauce",5,"cheese",15,"water or broth",0,"fats or oils",5,"fats or oils",0,"```json
{
  ""Brown Lentils"": 50,
  ""Potato"": 30,
  ""Mushrooms"": 20,
  ""Carrot"": 20,
  ""Onion"": 10,
  ""Garlic"": 5,
  ""Parsley"": 5,
  ""Crème Fraîche"": 10,
  ""Tomato Paste"": 10,
  ""Mustard"": 5,
  ""Soy Sauce"": 5,
  ""Gouda Cheese"": 15,
  ""Butter"": 5,
  ""Oil"": 5
}
```",90,"legumes",50,"potatoes or fries",30,"mushrooms",20,"root vegetables",20,"onion",10,"garlic",5,"herbs",5,"dairy (cream)",10,"tomatoes",10,"vinaigrette",5,"sauce",5,"cheese",15,"fats or oils",5,"fats or oils",5,"```json
{
  ""Brown Lentils"": 50,
  ""Potato"": 30,
  ""Mushrooms"": 20,
  ""Carrot"": 20,
  ""Onion"": 10,
  ""Garlic"": 5,
  ""Parsley"": 5,
  ""Crème Fraîche"": 0,
  ""Tomato Paste"": 10,
  ""Mustard"": 0,
  ""Soy Sauce"": 0,
  ""Gouda Cheese"": 15,
  ""Water"": 0,
  ""Butter"": 0,
  ""Oil"": 0
}
```",90,"legumes",50,"potatoes or fries",30,"mushrooms",20,"root vegetables",20,"onion",10,"garlic",5,"herbs",5,"dairy (cream)",0,"tomatoes",10,"vinaigrette",0,"sauce",0,"cheese",15,"water or broth",0,"fats or oils",0,"fats or oils",0,"```json
{
    ""Brown Lentils"": 50,
    ""Potato"": 30,
    ""Mushrooms"": 20,
    ""Carrot"": 25,
    ""Onion"": 10,
    ""Garlic"": 5,
    ""Parsley"": 5,
    ""Crème Fraîche"": 0,
    ""Tomato Paste"": 10,
    ""Mustard"": 0,
    ""Soy Sauce"": 0,
    ""Gouda Cheese"": 15,
    ""Water"": 0,
    ""Butter"": 0,
    ""Oil"": 0
}
```",90,"legumes",50,"potatoes or fries",30,"mushrooms",20,"root vegetables",25,"onion",10,"garlic",5,"herbs",5,"dairy (cream)",0,"tomatoes",10,"vinaigrette",0,"sauce",0,"cheese",15,"water or broth",0,"fats or oils",0,"fats or oils",0,"```json
{
    ""Brown Lentils"": 50,
    ""Potato"": 30,
    ""Mushrooms"": 10,
    ""Carrot"": 20,
    ""Onion"": 5,
    ""Garlic"": 1,
    ""Parsley"": 1,
    ""Crème Fraîche"": 5,
    ""Tomato Paste"": 10,
    ""Mustard"": 1,
    ""Soy Sauce"": 2,
    ""Gouda Cheese"": 15,
    ""Butter"": 2,
    ""Oil"": 1
}
```",90,"legumes",50,"potatoes or fries",30,"mushrooms",10,"root vegetables",20,"onion",5,"garlic",1,"herbs",1,"dairy (cream)",5,"tomatoes",10,"vinaigrette",1,"sauce",2,"cheese",15,"fats or oils",2,"fats or oils",1,"```json
{
    ""Lentils"": 50,
    ""Cheese"": 20,
    ""Potato"": 30,
    ""Carrots"": 15,
    ""Champignons"": 10,
    ""Parsley"": 5
}
```",90,"legumes",50,"cheese",20,"potatoes or fries",30,"root vegetables",15,"mushrooms",10,"herbs",5,NA,NA,NA,NA,"```json
{
    ""lentils"": 50,
    ""cheese"": 20,
    ""potato"": 30,
    ""carrots"": 15,
    ""champignons"": 10,
    ""parsley"": 5
}
```",90,"legumes",50,"cheese",20,"potatoes or fries",30,"root vegetables",15,"mushrooms",10,"herbs",5,NA,NA,NA,NA,"```json
{
  ""lentils"": 50,
  ""cheese"": 20,
  ""potato"": 30,
  ""carrots"": 15,
  ""champignons"": 10,
  ""parsley"": 5
}
```",90,"legumes",50,"cheese",20,"potatoes or fries",30,"root vegetables",15,"mushrooms",10,"herbs",5,NA,NA,NA,NA,"```json
{
    ""Lentils"": 50,
    ""Cheese"": 20,
    ""Potato"": 30,
    ""Carrots"": 15,
    ""Champignons"": 10,
    ""Parsley"": 5
}
```",90,"legumes",50,"cheese",20,"potatoes or fries",30,"root vegetables",15,"mushrooms",10,"herbs",5,NA,NA,NA,NA,"```json
{
  ""Lentils"": 50,
  ""Cheese"": 20,
  ""Potato"": 30,
  ""Carrots"": 15,
  ""Champignons"": 10,
  ""Parsley"": 5
}
```",90,"legumes",50,"cheese",20,"potatoes or fries",30,"root vegetables",15,"mushrooms",10,"herbs",5,NA,NA,NA,NA,130,107,14,14,107,14,14,107,14,14,107,14,14,107,14,14,190,-69,69,195,-74,74,165,-44,44,170,-49,49,153,-32,32,130,-9,9,130,-9,9,130,-9,9,130,-9,9,-9,9,13,0,13,0,13,0,13,0,13,0,14,0,13,0,14,0,14,0,13,0,6,0,6,0,6,0,6,0,6,0
"Lentil soufflé with cheese and potato topping, carrots, champions and parsley","Nina","45584","Lentilsouffle",3,"50-30%","22.8",389,538,149,"Lentil soufflé with cheese and potato topping, carrots, champions and parsley","https://www.hellofresh.de/recipes/linsenauflauf-mit-kase-kartoffel-haube-65bcbbf4fb38871420c61dc1","Nina_Day3_Lentil3_50.jpg",3,"legumes","potatoes or fries","mushrooms","root vegetables","onion","garlic","herbs","dairy (cream)","tomatoes","vinaigrette","sauce","cheese","water or broth","fats or oils","fats or oils","585g Brown Lentils; 2  Potato; 125g Mushrooms; 2  Carrot; 1  Onion; 1  Garlic cloves; 10g Parsley; 100g Crème Fraîche; 105g Tomato Paste; 15ml Mustard; 50ml Soy Sauce; 150g Gouda cheese; 500ml Water; 1.5 tablespoon butter; 10g oil"," Brown Lentils;  Potato;  Mushrooms;  Carrot;  Onion;  Garlic ; Parsley;  Crème Fraîche;  Tomato Paste; Mustard; Soy Sauce;  Gouda cheese; Water;  butter; oil",149,149,"```json
{
    ""Brown Lentils"": 50,
    ""Potato"": 30,
    ""Mushrooms"": 20,
    ""Carrot"": 15,
    ""Onion"": 10,
    ""Garlic"": 5,
    ""Parsley"": 2,
    ""Crème Fraîche"": 10,
    ""Tomato Paste"": 10,
    ""Mustard"": 5,
    ""Soy Sauce"": 5,
    ""Gouda cheese"": 15,
    ""Water"": 0,
    ""Butter"": 5,
    ""Oil"": 5
}
```",93,"legumes",50,"potatoes or fries",30,"mushrooms",20,"root vegetables",15,"onion",10,"garlic",5,"herbs",2,"dairy (cream)",10,"tomatoes",10,"vinaigrette",5,"sauce",5,"cheese",15,"water or broth",0,"fats or oils",5,"fats or oils",5,"```json
{
    ""Brown Lentils"": 30,
    ""Potato"": 20,
    ""Mushrooms"": 15,
    ""Carrot"": 10,
    ""Onion"": 10,
    ""Garlic"": 5,
    ""Parsley"": 2,
    ""Crème Fraîche"": 10,
    ""Tomato Paste"": 10,
    ""Mustard"": 5,
    ""Soy Sauce"": 5,
    ""Gouda cheese"": 15,
    ""Water"": 0,
    ""Butter"": 5,
    ""Oil"": 5
}
```",93,"legumes",30,"potatoes or fries",20,"mushrooms",15,"root vegetables",10,"onion",10,"garlic",5,"herbs",2,"dairy (cream)",10,"tomatoes",10,"vinaigrette",5,"sauce",5,"cheese",15,"water or broth",0,"fats or oils",5,"fats or oils",5,"```json
{
    ""Brown Lentils"": 30,
    ""Potato"": 20,
    ""Mushrooms"": 15,
    ""Carrot"": 10,
    ""Onion"": 10,
    ""Garlic"": 5,
    ""Parsley"": 2,
    ""Crème Fraîche"": 10,
    ""Tomato Paste"": 5,
    ""Mustard"": 3,
    ""Soy Sauce"": 3,
    ""Gouda Cheese"": 15,
    ""Water"": 0,
    ""Butter"": 5,
    ""Oil"": 2
}
```",93,"legumes",30,"potatoes or fries",20,"mushrooms",15,"root vegetables",10,"onion",10,"garlic",5,"herbs",2,"dairy (cream)",10,"tomatoes",5,"vinaigrette",3,"sauce",3,"cheese",15,"water or broth",0,"fats or oils",5,"fats or oils",2,"```json
{
    ""Brown Lentils"": 30,
    ""Potato"": 20,
    ""Mushrooms"": 15,
    ""Carrot"": 10,
    ""Onion"": 10,
    ""Garlic"": 5,
    ""Parsley"": 2,
    ""Crème Fraîche"": 10,
    ""Tomato Paste"": 10,
    ""Mustard"": 5,
    ""Soy Sauce"": 5,
    ""Gouda Cheese"": 15,
    ""Water"": 0,
    ""Butter"": 5,
    ""Oil"": 5
}
```",93,"legumes",30,"potatoes or fries",20,"mushrooms",15,"root vegetables",10,"onion",10,"garlic",5,"herbs",2,"dairy (cream)",10,"tomatoes",10,"vinaigrette",5,"sauce",5,"cheese",15,"water or broth",0,"fats or oils",5,"fats or oils",5,"```json
{
    ""Brown Lentils"": 30,
    ""Potato"": 20,
    ""Mushrooms"": 15,
    ""Carrot"": 10,
    ""Onion"": 10,
    ""Garlic"": 5,
    ""Parsley"": 2,
    ""Crème Fraîche"": 10,
    ""Tomato Paste"": 10,
    ""Mustard"": 5,
    ""Soy Sauce"": 5,
    ""Gouda Cheese"": 15,
    ""Water"": 0,
    ""Butter"": 5,
    ""Oil"": 5
}
```",93,"legumes",30,"potatoes or fries",20,"mushrooms",15,"root vegetables",10,"onion",10,"garlic",5,"herbs",2,"dairy (cream)",10,"tomatoes",10,"vinaigrette",5,"sauce",5,"cheese",15,"water or broth",0,"fats or oils",5,"fats or oils",5,"```json
{
  ""Remnants"": 0
}
```",93,NA,0,NA,NA,NA,NA,NA,NA,NA,NA,NA,NA,NA,NA,NA,NA,NA,NA,NA,NA,NA,NA,NA,NA,NA,NA,NA,NA,NA,NA,"```json
{
  ""Remnants"": 0
}
```",93,NA,0,NA,NA,NA,NA,NA,NA,NA,NA,NA,NA,NA,NA,NA,NA,NA,NA,NA,NA,NA,NA,NA,NA,NA,NA,NA,NA,"```json
{
  ""Remnants"": 0
}
```",93,NA,0,NA,NA,NA,NA,NA,NA,NA,NA,NA,NA,NA,NA,NA,NA,NA,NA,NA,NA,NA,NA,NA,NA,NA,NA,NA,NA,NA,NA,"```json
{
  ""Remnants"": 0
}
```",93,NA,0,NA,NA,NA,NA,NA,NA,NA,NA,NA,NA,NA,NA,NA,NA,NA,NA,NA,NA,NA,NA,NA,NA,NA,NA,NA,NA,NA,NA,"```json
{
    ""Brown Lentils"": 100,
    ""Potato"": 50,
    ""Mushrooms"": 30,
    ""Carrot"": 20,
    ""Onion"": 15,
    ""Garlic"": 5,
    ""Parsley"": 5,
    ""Crème Fraîche"": 20,
    ""Tomato Paste"": 30,
    ""Mustard"": 5,
    ""Soy Sauce"": 10,
    ""Gouda Cheese"": 40,
    ""Butter"": 5,
    ""Oil"": 5
}
```",93,"legumes",100,"potatoes or fries",50,"mushrooms",30,"root vegetables",20,"onion",15,"garlic",5,"herbs",5,"dairy (cream)",20,"tomatoes",30,"vinaigrette",5,"sauce",10,"cheese",40,"fats or oils",5,"fats or oils",5,"```json
{
  ""Lentil Soufflé"": 100,
  ""Cheese"": 20,
  ""Potato"": 30,
  ""Carrots"": 15,
  ""Champignons"": 10,
  ""Parsley"": 5
}
```",93,"legumes",100,"cheese",20,"potatoes or fries",30,"root vegetables",15,"mushrooms",10,"herbs",5,NA,NA,NA,NA,"```json
{
  ""Lentil soufflé"": 100,
  ""Cheese"": 20,
  ""Potato topping"": 30,
  ""Carrots"": 15,
  ""Champignons"": 10,
  ""Parsley"": 5
}
```",93,"legumes",100,"cheese",20,"potatoes or fries",30,"root vegetables",15,"mushrooms",10,"herbs",5,NA,NA,NA,NA,"```json
{
    ""Lentil Soufflé"": 100,
    ""Cheese"": 20,
    ""Potato"": 30,
    ""Carrots"": 15,
    ""Champignons"": 10,
    ""Parsley"": 5
}
```",93,"legumes",100,"cheese",20,"potatoes or fries",30,"root vegetables",15,"mushrooms",10,"herbs",5,NA,NA,NA,NA,"```json
{
    ""Lentil Soufflé"": 100,
    ""Cheese"": 20,
    ""Potato Topping"": 30,
    ""Carrots"": 15,
    ""Champignons"": 10,
    ""Parsley"": 5
}
```",93,"legumes",100,"cheese",20,"potatoes or fries",30,"root vegetables",15,"mushrooms",10,"herbs",5,NA,NA,NA,NA,"```json
{
    ""Lentil Soufflé"": 100,
    ""Cheese"": 20,
    ""Potato Topping"": 30,
    ""Carrots"": 15,
    ""Champignons"": 10,
    ""Parsley"": 5
}
```",93,"legumes",100,"cheese",20,"potatoes or fries",30,"root vegetables",15,"mushrooms",10,"herbs",5,NA,NA,NA,NA,180,187,-38,38,147,2,2,135,14,14,147,2,2,147,2,2,0,149,149,0,149,149,0,149,149,0,149,149,340,-191,191,180,-31,31,180,-31,31,180,-31,31,180,-31,31,-31,31,14,0,14,0,14,0,14,0,14,0,0,0,0,0,0,0,0,0,13,0,6,0,6,0,6,0,6,0,6,0
"Lentil soufflé with cheese and potato topping, carrots, champions and parsley","Nina","45584","Lentilsouffle",3,"30-10%","22.8",389,428,39,"Lentil soufflé with cheese and potato topping, carrots, champions and parsley","https://www.hellofresh.de/recipes/linsenauflauf-mit-kase-kartoffel-haube-65bcbbf4fb38871420c61dc1","Nina_Day3_Lentil3_30.jpg",3,"legumes","potatoes or fries","mushrooms","root vegetables","onion","garlic","herbs","dairy (cream)","tomatoes","vinaigrette","sauce","cheese","water or broth","fats or oils","fats or oils","585g Brown Lentils; 2  Potato; 125g Mushrooms; 2  Carrot; 1  Onion; 1  Garlic cloves; 10g Parsley; 100g Crème Fraîche; 105g Tomato Paste; 15ml Mustard; 50ml Soy Sauce; 150g Gouda cheese; 500ml Water; 1.5 tablespoon butter; 10g oil"," Brown Lentils;  Potato;  Mushrooms;  Carrot;  Onion;  Garlic ; Parsley;  Crème Fraîche;  Tomato Paste; Mustard; Soy Sauce;  Gouda cheese; Water;  butter; oil",39,39,"```json
{
    ""Brown Lentils"": 10,
    ""Potato"": 10,
    ""Mushrooms"": 5,
    ""Carrot"": 5,
    ""Onion"": 5,
    ""Garlic"": 1,
    ""Parsley"": 1,
    ""Crème Fraîche"": 5,
    ""Tomato Paste"": 5,
    ""Mustard"": 1,
    ""Soy Sauce"": 1,
    ""Gouda cheese"": 5,
    ""Water"": 0,
    ""Butter"": 1,
    ""Oil"": 1
}
```",92,"legumes",10,"potatoes or fries",10,"mushrooms",5,"root vegetables",5,"onion",5,"garlic",1,"herbs",1,"dairy (cream)",5,"tomatoes",5,"vinaigrette",1,"sauce",1,"cheese",5,"water or broth",0,"fats or oils",1,"fats or oils",1,"```json
{
    ""Brown Lentils"": 10,
    ""Potato"": 10,
    ""Mushrooms"": 5,
    ""Carrot"": 5,
    ""Onion"": 5,
    ""Garlic"": 1,
    ""Parsley"": 1,
    ""Crème Fraîche"": 5,
    ""Tomato Paste"": 5,
    ""Mustard"": 1,
    ""Soy Sauce"": 1,
    ""Gouda cheese"": 5,
    ""Water"": 0,
    ""Butter"": 1,
    ""Oil"": 1
}
```",92,"legumes",10,"potatoes or fries",10,"mushrooms",5,"root vegetables",5,"onion",5,"garlic",1,"herbs",1,"dairy (cream)",5,"tomatoes",5,"vinaigrette",1,"sauce",1,"cheese",5,"water or broth",0,"fats or oils",1,"fats or oils",1,"```json
{
    ""Brown Lentils"": 10,
    ""Potato"": 15,
    ""Mushrooms"": 5,
    ""Carrot"": 5,
    ""Onion"": 5,
    ""Garlic"": 1,
    ""Parsley"": 1,
    ""Crème Fraîche"": 5,
    ""Tomato Paste"": 5,
    ""Mustard"": 1,
    ""Soy Sauce"": 1,
    ""Gouda cheese"": 5,
    ""Water"": 0,
    ""Butter"": 1,
    ""Oil"": 1
}
```",92,"legumes",10,"potatoes or fries",15,"mushrooms",5,"root vegetables",5,"onion",5,"garlic",1,"herbs",1,"dairy (cream)",5,"tomatoes",5,"vinaigrette",1,"sauce",1,"cheese",5,"water or broth",0,"fats or oils",1,"fats or oils",1,"```json
{
    ""Brown Lentils"": 10,
    ""Potato"": 15,
    ""Mushrooms"": 5,
    ""Carrot"": 5,
    ""Onion"": 5,
    ""Garlic"": 1,
    ""Parsley"": 1,
    ""Crème Fraîche"": 5,
    ""Tomato Paste"": 5,
    ""Mustard"": 1,
    ""Soy Sauce"": 1,
    ""Gouda Cheese"": 5,
    ""Water"": 0,
    ""Butter"": 1,
    ""Oil"": 1
}
```",92,"legumes",10,"potatoes or fries",15,"mushrooms",5,"root vegetables",5,"onion",5,"garlic",1,"herbs",1,"dairy (cream)",5,"tomatoes",5,"vinaigrette",1,"sauce",1,"cheese",5,"water or broth",0,"fats or oils",1,"fats or oils",1,"```json
{
    ""Brown Lentils"": 10,
    ""Potato"": 15,
    ""Mushrooms"": 5,
    ""Carrot"": 5,
    ""Onion"": 5,
    ""Garlic"": 1,
    ""Parsley"": 1,
    ""Crème Fraîche"": 5,
    ""Tomato Paste"": 5,
    ""Mustard"": 1,
    ""Soy Sauce"": 1,
    ""Gouda cheese"": 5,
    ""Butter"": 1,
    ""Oil"": 1
}
```",92,"legumes",10,"potatoes or fries",15,"mushrooms",5,"root vegetables",5,"onion",5,"garlic",1,"herbs",1,"dairy (cream)",5,"tomatoes",5,"vinaigrette",1,"sauce",1,"cheese",5,"fats or oils",1,"fats or oils",1,NA,NA,"```json
{
  ""Remnants"": 0
}
```",92,NA,0,NA,NA,NA,NA,NA,NA,NA,NA,NA,NA,NA,NA,NA,NA,NA,NA,NA,NA,NA,NA,NA,NA,NA,NA,NA,NA,NA,NA,"```json
{
  ""Remnants"": 0
}
```",92,NA,0,NA,NA,NA,NA,NA,NA,NA,NA,NA,NA,NA,NA,NA,NA,NA,NA,NA,NA,NA,NA,NA,NA,NA,NA,NA,NA,"```json
{
  ""Remnants"": 0
}
```",92,NA,0,NA,NA,NA,NA,NA,NA,NA,NA,NA,NA,NA,NA,NA,NA,NA,NA,NA,NA,NA,NA,NA,NA,NA,NA,NA,NA,NA,NA,"```json
{
    ""Remnants"": 0 grams
}
```",92,NA,0,NA,NA,NA,NA,NA,NA,NA,NA,NA,NA,NA,NA,NA,NA,NA,NA,NA,NA,NA,NA,NA,NA,NA,NA,NA,NA,NA,NA,"```json
{
  ""Remnants"": 0 grams
}
```",92,NA,0,NA,NA,NA,NA,NA,NA,NA,NA,NA,NA,NA,NA,NA,NA,NA,NA,NA,NA,NA,NA,NA,NA,NA,NA,NA,NA,"```json
{
    ""Remnants"": 10
}
```",92,NA,10,NA,NA,NA,NA,NA,NA,NA,NA,NA,NA,NA,NA,NA,NA,"```json
{
    ""Remnants"": 20
}
```",92,NA,20,NA,NA,NA,NA,NA,NA,NA,NA,NA,NA,NA,NA,NA,NA,"```json
{
    ""Lentil Soufflé"": 20,
    ""Cheese"": 5,
    ""Potato Topping"": 10,
    ""Carrots"": 5,
    ""Champignons"": 5,
    ""Parsley"": 1
}
```",92,"legumes",20,"cheese",5,"potatoes or fries",10,"root vegetables",5,"mushrooms",5,"herbs",1,NA,NA,NA,NA,"```json
{
  ""Remnants"": 10
}
```",92,NA,10,NA,NA,NA,NA,NA,NA,NA,NA,NA,NA,NA,NA,NA,NA,"```json
{
  ""Remnants"": 10
}
```",92,NA,10,NA,NA,NA,NA,NA,NA,NA,NA,NA,NA,NA,NA,NA,NA,10,56,-17,17,56,-17,17,61,-22,22,61,-22,22,61,-22,22,0,39,39,0,39,39,0,39,39,0,39,39,0,39,39,10,29,29,20,19,19,46,-7,7,10,29,29,29,29,14,0,14,0,14,0,14,0,13,0,0,0,0,0,0,0,0,0,0,0,0,0,0,0,6,0,0,0,0,0
"Lentil soufflé with cheese and potato topping, carrots, champions and parsley","Nina","45584","Lentilsouffle",3,"finished","22.8",389,390,1,"Lentil soufflé with cheese and potato topping, carrots, champions and parsley","https://www.hellofresh.de/recipes/linsenauflauf-mit-kase-kartoffel-haube-65bcbbf4fb38871420c61dc1","Nina_Day3_Lentil3_0.jpg",3,"legumes","potatoes or fries","mushrooms","root vegetables","onion","garlic","herbs","dairy (cream)","tomatoes","vinaigrette","sauce","cheese","water or broth","fats or oils","fats or oils","585g Brown Lentils; 2  Potato; 125g Mushrooms; 2  Carrot; 1  Onion; 1  Garlic cloves; 10g Parsley; 100g Crème Fraîche; 105g Tomato Paste; 15ml Mustard; 50ml Soy Sauce; 150g Gouda cheese; 500ml Water; 1.5 tablespoon butter; 10g oil"," Brown Lentils;  Potato;  Mushrooms;  Carrot;  Onion;  Garlic ; Parsley;  Crème Fraîche;  Tomato Paste; Mustard; Soy Sauce;  Gouda cheese; Water;  butter; oil",1,1,"```json
{
  ""Remnants"": 0 grams
}
```",91,NA,0,NA,NA,NA,NA,NA,NA,NA,NA,NA,NA,NA,NA,NA,NA,NA,NA,NA,NA,NA,NA,NA,NA,NA,NA,NA,NA,NA,NA,"```json
{
  ""Remnants"": 0 grams
}
```",91,NA,0,NA,NA,NA,NA,NA,NA,NA,NA,NA,NA,NA,NA,NA,NA,NA,NA,NA,NA,NA,NA,NA,NA,NA,NA,NA,NA,NA,NA,"```json
{
  ""Remnants"": 0 grams
}
```",91,NA,0,NA,NA,NA,NA,NA,NA,NA,NA,NA,NA,NA,NA,NA,NA,NA,NA,NA,NA,NA,NA,NA,NA,NA,NA,NA,NA,NA,NA,"```json
{
  ""Remnants"": 0 grams
}
```",91,NA,0,NA,NA,NA,NA,NA,NA,NA,NA,NA,NA,NA,NA,NA,NA,NA,NA,NA,NA,NA,NA,NA,NA,NA,NA,NA,NA,NA,NA,"```json
{
  ""Remnants"": 0 grams
}
```",91,NA,0,NA,NA,NA,NA,NA,NA,NA,NA,NA,NA,NA,NA,NA,NA,NA,NA,NA,NA,NA,NA,NA,NA,NA,NA,NA,NA,NA,NA,"```json
{
  ""Remnants"": 0 grams
}
```",91,NA,0,NA,NA,NA,NA,NA,NA,NA,NA,NA,NA,NA,NA,NA,NA,NA,NA,NA,NA,NA,NA,NA,NA,NA,NA,NA,NA,NA,NA,"```json
{
  ""Remnants"": 0 grams
}
```",91,NA,0,NA,NA,NA,NA,NA,NA,NA,NA,NA,NA,NA,NA,NA,NA,NA,NA,NA,NA,NA,NA,NA,NA,NA,NA,NA,NA,"```json
{
  ""Remnants"": 0
}
```",91,NA,0,NA,NA,NA,NA,NA,NA,NA,NA,NA,NA,NA,NA,NA,NA,NA,NA,NA,NA,NA,NA,NA,NA,NA,NA,NA,NA,NA,NA,"```json
{
  ""Remnants"": 0
}
```",91,NA,0,NA,NA,NA,NA,NA,NA,NA,NA,NA,NA,NA,NA,NA,NA,NA,NA,NA,NA,NA,NA,NA,NA,NA,NA,NA,NA,NA,NA,"```json
{
  ""Remnants"": 0
}
```",91,NA,0,NA,NA,NA,NA,NA,NA,NA,NA,NA,NA,NA,NA,NA,NA,NA,NA,NA,NA,NA,NA,NA,NA,NA,NA,NA,NA,"```json
{""Remnants"": 0 grams}
```",91,NA,NA,NA,NA,NA,NA,NA,NA,NA,NA,NA,NA,NA,NA,NA,NA,"```json
{
  ""Remnants"": 0 grams
}
```",91,NA,0,NA,NA,NA,NA,NA,NA,NA,NA,NA,NA,NA,NA,NA,NA,"```json
{""Remnants"": 0 grams}
```",91,NA,NA,NA,NA,NA,NA,NA,NA,NA,NA,NA,NA,NA,NA,NA,NA,"```json
{""Remnants"": 0 grams}
```",91,NA,NA,NA,NA,NA,NA,NA,NA,NA,NA,NA,NA,NA,NA,NA,NA,"```json
{""Remnants"": 0 grams}
```",91,NA,NA,NA,NA,NA,NA,NA,NA,NA,NA,NA,NA,NA,NA,NA,NA,0,0,1,1,0,1,1,0,1,1,0,1,1,0,1,1,0,1,1,0,1,1,0,1,1,0,1,1,0,1,1,0,1,1,0,1,1,0,1,1,0,1,1,1,1,0,0,0,0,0,0,0,0,0,0,0,0,0,0,0,0,0,0,0,0,0,0,0,0,0,0,0,0,0,0
"Noodles with minced chicken and Asian sauce","Meike","Tuesday","NoodlesChicken",1,"50","25",584,847,263,"Noedles met kipgehakt en aziatische saus","https://www.hellofresh.nl/recipes/noedels-met-kipgehakt-en-aziatische-saus-5fd0c5b7943827314d7b7d75","Meike_Tue_NoodlesChicken_Pers1_Moment1.jpg",3,"garlic","seasoning","zucchini","bell pepper","peppers","poultry","sauce","sauce","noodles","nuts or raisins","fats or oils",NA,NA,NA,NA,"3 Garlic cloves; 30g Ginger; 1.5  Zucchini; 1.5  bellpepper; 0.75  Red Pepper; 300g Minced Chicken; 3 bags Sweet Asian Sauce; 30ml Soy Sauce; 150g Noodles; 30g Cashew; 1.5 tablespoon sunflower oil","Garlic ; Ginger;  Zucchini;  bellpepper;   Red Pepper;  Minced Chicken; bags Sweet Asian Sauce; Soy Sauce;  Noodles; Cashew;  sunflower oil",263,263,"```json
{
    ""Zucchini"": 30,
    ""Bell Pepper"": 40,
    ""Noodles"": 100,
    ""Minced Chicken"": 50,
    ""Cashew"": 10,
    ""Red Pepper"": 20
}
```",43,"zucchini",30,"bell pepper",40,"noodles",100,"poultry",50,"nuts or raisins",10,"peppers",20,NA,NA,NA,NA,NA,NA,NA,NA,NA,NA,NA,NA,NA,NA,NA,NA,NA,NA,"```json
{
    ""Zucchini"": 30,
    ""Bell Pepper"": 40,
    ""Red Pepper"": 20,
    ""Minced Chicken"": 50,
    ""Noodles"": 60,
    ""Cashew"": 10
}
```",43,"zucchini",30,"bell pepper",40,"peppers",20,"poultry",50,"noodles",60,"nuts or raisins",10,NA,NA,NA,NA,NA,NA,NA,NA,NA,NA,NA,NA,NA,NA,NA,NA,NA,NA,"```json
{
    ""Zucchini"": 30,
    ""Bell Pepper"": 40,
    ""Noodles"": 100,
    ""Minced Chicken"": 50,
    ""Cashew"": 10,
    ""Red Pepper"": 20
}
```",43,"zucchini",30,"bell pepper",40,"noodles",100,"poultry",50,"nuts or raisins",10,"peppers",20,NA,NA,NA,NA,NA,NA,NA,NA,NA,NA,NA,NA,NA,NA,NA,NA,NA,NA,"```json
{
    ""Zucchini"": 30,
    ""Bell Pepper"": 40,
    ""Noodles"": 100,
    ""Minced Chicken"": 50,
    ""Cashew"": 10,
    ""Red Pepper"": 20
}
```",43,"zucchini",30,"bell pepper",40,"noodles",100,"poultry",50,"nuts or raisins",10,"peppers",20,NA,NA,NA,NA,NA,NA,NA,NA,NA,NA,NA,NA,NA,NA,NA,NA,NA,NA,"```json
{
    ""Zucchini"": 30,
    ""Bell Pepper"": 40,
    ""Noodles"": 100,
    ""Minced Chicken"": 50,
    ""Cashew"": 10,
    ""Red Pepper"": 20
}
```",43,"zucchini",30,"bell pepper",40,"noodles",100,"poultry",50,"nuts or raisins",10,"peppers",20,NA,NA,NA,NA,NA,NA,NA,NA,NA,NA,NA,NA,NA,NA,NA,NA,NA,NA,"```json
{
    ""Garlic"": 10,
    ""Ginger"": 10,
    ""Zucchini"": 50,
    ""Bell Pepper"": 40,
    ""Red Pepper"": 20,
    ""Minced Chicken"": 60,
    ""Sweet Asian Sauce"": 20,
    ""Soy Sauce"": 5,
    ""Noodles"": 80,
    ""Cashew"": 10,
    ""Sunflower Oil"": 5
}
```",43,"garlic",10,"seasoning",10,"zucchini",50,"bell pepper",40,"peppers",20,"poultry",60,"sauce",20,"sauce",5,"noodles",80,"nuts or raisins",10,"fats or oils",5,NA,NA,NA,NA,NA,NA,NA,NA,"```json
{
    ""Garlic"": 10,
    ""Ginger"": 30,
    ""Zucchini"": 50,
    ""Bell Pepper"": 50,
    ""Red Pepper"": 30,
    ""Minced Chicken"": 80,
    ""Sweet Asian Sauce"": 20,
    ""Soy Sauce"": 10,
    ""Noodles"": 100,
    ""Cashew"": 10,
    ""Sunflower Oil"": 5
}
```",43,"garlic",10,"seasoning",30,"zucchini",50,"bell pepper",50,"peppers",30,"poultry",80,"sauce",20,"sauce",10,"noodles",100,"nuts or raisins",10,"fats or oils",5,NA,NA,NA,NA,NA,NA,"```json
{
    ""Garlic"": 10,
    ""Ginger"": 10,
    ""Zucchini"": 40,
    ""Bell Pepper"": 40,
    ""Red Pepper"": 20,
    ""Minced Chicken"": 60,
    ""Noodles"": 50,
    ""Cashew"": 10,
    ""Sauce"": 20
}
```",43,"garlic",10,"seasoning",10,"zucchini",40,"bell pepper",40,"peppers",20,"poultry",60,"noodles",50,"nuts or raisins",10,"sauce",20,NA,NA,NA,NA,NA,NA,NA,NA,NA,NA,NA,NA,"```json
{
    ""Garlic"": 10,
    ""Ginger"": 30,
    ""Zucchini"": 50,
    ""Bell Pepper"": 50,
    ""Red Pepper"": 30,
    ""Minced Chicken"": 80,
    ""Sweet Asian Sauce"": 20,
    ""Soy Sauce"": 10,
    ""Noodles"": 100,
    ""Cashew"": 10,
    ""Sunflower Oil"": 5
}
```",43,"garlic",10,"seasoning",30,"zucchini",50,"bell pepper",50,"peppers",30,"poultry",80,"sauce",20,"sauce",10,"noodles",100,"nuts or raisins",10,"fats or oils",5,NA,NA,NA,NA,NA,NA,NA,NA,"```json
{
    ""Garlic"": 10,
    ""Ginger"": 30,
    ""Zucchini"": 50,
    ""Bell Pepper"": 50,
    ""Red Pepper"": 25,
    ""Minced Chicken"": 100,
    ""Sweet Asian Sauce"": 30,
    ""Soy Sauce"": 10,
    ""Noodles"": 100,
    ""Cashew"": 20,
    ""Sunflower Oil"": 5
}
```",43,"garlic",10,"seasoning",30,"zucchini",50,"bell pepper",50,"peppers",25,"poultry",100,"sauce",30,"sauce",10,"noodles",100,"nuts or raisins",20,"fats or oils",5,NA,NA,NA,NA,NA,NA,"```json
{
    ""Noodles"": 100,
    ""Minced Chicken"": 50,
    ""Red Bell Pepper"": 30,
    ""Zucchini"": 20,
    ""Asian Sauce"": 10
}
```",43,"noodles",100,"poultry",50,"bell pepper",30,"zucchini",20,"sauce",10,NA,NA,NA,NA,NA,NA,"```json
{
    ""Noodles"": 100,
    ""Minced Chicken"": 80,
    ""Red Bell Pepper"": 50,
    ""Zucchini"": 30,
    ""Asian Sauce"": 20
}
```",43,"noodles",100,"poultry",80,"bell pepper",50,"zucchini",30,"sauce",20,NA,NA,NA,NA,NA,NA,"```json
{
    ""Noodles"": 100,
    ""Minced Chicken"": 80,
    ""Red Bell Pepper"": 50,
    ""Zucchini"": 40,
    ""Asian Sauce"": 30
}
```",43,"noodles",100,"poultry",80,"bell pepper",50,"zucchini",40,"sauce",30,NA,NA,NA,NA,NA,NA,"```json
{
    ""Noodles"": 100,
    ""Minced Chicken"": 80,
    ""Red Bell Pepper"": 50,
    ""Zucchini"": 40,
    ""Asian Sauce"": 30
}
```",43,"noodles",100,"poultry",80,"bell pepper",50,"zucchini",40,"sauce",30,NA,NA,NA,NA,NA,NA,"```json
{
    ""Noodles"": 100,
    ""Minced Chicken"": 50,
    ""Red Bell Pepper"": 30,
    ""Zucchini"": 20,
    ""Asian Sauce"": 10
}
```",43,"noodles",100,"poultry",50,"bell pepper",30,"zucchini",20,"sauce",10,NA,NA,NA,NA,NA,NA,210,250,13,13,210,53,53,250,13,13,250,13,13,250,13,13,310,-47,47,395,-132,132,260,3,3,395,-132,132,430,-167,167,210,53,53,280,-17,17,300,-37,37,300,-37,37,53,53,6,0,6,0,6,0,6,0,6,0,10,0,10,0,9,0,10,0,10,0,5,0,5,0,5,0,5,0,5,0
"Noodles with minced chicken and Asian sauce","Meike","Tuesday","NoodlesChicken",2,"50","25",567,960,393,"Noedles met kipgehakt en aziatische saus","https://www.hellofresh.nl/recipes/noedels-met-kipgehakt-en-aziatische-saus-5fd0c5b7943827314d7b7d76","Meike_Tue_NoodlesChicken_Pers2_Moment1.jpg",3,"garlic","seasoning","zucchini","bell pepper","peppers","poultry","sauce","sauce","noodles","nuts or raisins","fats or oils",NA,NA,NA,NA,"3 Garlic cloves; 30g Ginger; 1.5  Zucchini; 1.5  bellpepper; 0.75  Red Pepper; 300g Minced Chicken; 3 bags Sweet Asian Sauce; 30ml Soy Sauce; 150g Noodles; 30g Cashew; 1.5 tablespoon sunflower oil","Garlic ; Ginger;  Zucchini;  bellpepper;   Red Pepper;  Minced Chicken; bags Sweet Asian Sauce; Soy Sauce;  Noodles; Cashew;  sunflower oil",393,393,"```json
{
    ""Zucchini"": 50,
    ""Bell Pepper"": 40,
    ""Red Pepper"": 30,
    ""Minced Chicken"": 60,
    ""Noodles"": 70,
    ""Cashew"": 10,
    ""Sweet Asian Sauce"": 20
}
```",46,"zucchini",50,"bell pepper",40,"peppers",30,"poultry",60,"noodles",70,"nuts or raisins",10,"sauce",20,NA,NA,NA,NA,NA,NA,NA,NA,NA,NA,NA,NA,NA,NA,NA,NA,"```json
{
    ""Zucchini"": 50,
    ""Bell Pepper"": 40,
    ""Red Pepper"": 30,
    ""Minced Chicken"": 60,
    ""Noodles"": 70,
    ""Cashew"": 10
}
```",46,"zucchini",50,"bell pepper",40,"peppers",30,"poultry",60,"noodles",70,"nuts or raisins",10,NA,NA,NA,NA,NA,NA,NA,NA,NA,NA,NA,NA,NA,NA,NA,NA,NA,NA,"```json
{
    ""Zucchini"": 50,
    ""Bell Pepper"": 40,
    ""Red Pepper"": 30,
    ""Minced Chicken"": 60,
    ""Noodles"": 70,
    ""Cashew"": 10
}
```",46,"zucchini",50,"bell pepper",40,"peppers",30,"poultry",60,"noodles",70,"nuts or raisins",10,NA,NA,NA,NA,NA,NA,NA,NA,NA,NA,NA,NA,NA,NA,NA,NA,NA,NA,"```json
{
    ""Zucchini"": 50,
    ""Bell Pepper"": 40,
    ""Red Pepper"": 30,
    ""Minced Chicken"": 60,
    ""Noodles"": 70,
    ""Cashew"": 10,
    ""Sweet Asian Sauce"": 20
}
```",46,"zucchini",50,"bell pepper",40,"peppers",30,"poultry",60,"noodles",70,"nuts or raisins",10,"sauce",20,NA,NA,NA,NA,NA,NA,NA,NA,NA,NA,NA,NA,NA,NA,NA,NA,"```json
{
    ""Zucchini"": 50,
    ""Bell Pepper"": 40,
    ""Red Pepper"": 30,
    ""Minced Chicken"": 60,
    ""Noodles"": 70,
    ""Cashew"": 10
}
```",46,"zucchini",50,"bell pepper",40,"peppers",30,"poultry",60,"noodles",70,"nuts or raisins",10,NA,NA,NA,NA,NA,NA,NA,NA,NA,NA,NA,NA,NA,NA,NA,NA,NA,NA,"```json
{
    ""Garlic"": 10,
    ""Ginger"": 30,
    ""Zucchini"": 100,
    ""Bell Pepper"": 100,
    ""Red Pepper"": 50,
    ""Minced Chicken"": 100,
    ""Sweet Asian Sauce"": 50,
    ""Soy Sauce"": 10,
    ""Noodles"": 100,
    ""Cashew"": 20,
    ""Sunflower Oil"": 10
}
```",46,"garlic",10,"seasoning",30,"zucchini",100,"bell pepper",100,"peppers",50,"poultry",100,"sauce",50,"sauce",10,"noodles",100,"nuts or raisins",20,"fats or oils",10,NA,NA,NA,NA,NA,NA,NA,NA,"```json
{
    ""Garlic"": 10,
    ""Ginger"": 30,
    ""Zucchini"": 100,
    ""Bell Pepper"": 80,
    ""Red Pepper"": 40,
    ""Minced Chicken"": 100,
    ""Sweet Asian Sauce"": 50,
    ""Soy Sauce"": 10,
    ""Noodles"": 80,
    ""Cashew"": 20,
    ""Sunflower Oil"": 5
}
```",46,"garlic",10,"seasoning",30,"zucchini",100,"bell pepper",80,"peppers",40,"poultry",100,"sauce",50,"sauce",10,"noodles",80,"nuts or raisins",20,"fats or oils",5,NA,NA,NA,NA,NA,NA,"```json
{
    ""Garlic"": 10,
    ""Ginger"": 30,
    ""Zucchini"": 100,
    ""Bell Pepper"": 80,
    ""Red Pepper"": 40,
    ""Minced Chicken"": 100,
    ""Sweet Asian Sauce"": 50,
    ""Soy Sauce"": 10,
    ""Noodles"": 100,
    ""Cashew"": 20,
    ""Sunflower Oil"": 10
}
```",46,"garlic",10,"seasoning",30,"zucchini",100,"bell pepper",80,"peppers",40,"poultry",100,"sauce",50,"sauce",10,"noodles",100,"nuts or raisins",20,"fats or oils",10,NA,NA,NA,NA,NA,NA,NA,NA,"```json
{
    ""Garlic"": 10,
    ""Ginger"": 30,
    ""Zucchini"": 100,
    ""Bell Pepper"": 100,
    ""Red Pepper"": 50,
    ""Minced Chicken"": 100,
    ""Sweet Asian Sauce"": 50,
    ""Soy Sauce"": 10,
    ""Noodles"": 100,
    ""Cashew"": 20,
    ""Sunflower Oil"": 10
}
```",46,"garlic",10,"seasoning",30,"zucchini",100,"bell pepper",100,"peppers",50,"poultry",100,"sauce",50,"sauce",10,"noodles",100,"nuts or raisins",20,"fats or oils",10,NA,NA,NA,NA,NA,NA,NA,NA,"```json
{
    ""Garlic"": 10,
    ""Ginger"": 30,
    ""Zucchini"": 100,
    ""Bell Pepper"": 100,
    ""Red Pepper"": 50,
    ""Minced Chicken"": 150,
    ""Sweet Asian Sauce"": 50,
    ""Soy Sauce"": 10,
    ""Noodles"": 100,
    ""Cashew"": 20,
    ""Sunflower Oil"": 10
}
```",46,"garlic",10,"seasoning",30,"zucchini",100,"bell pepper",100,"peppers",50,"poultry",150,"sauce",50,"sauce",10,"noodles",100,"nuts or raisins",20,"fats or oils",10,NA,NA,NA,NA,NA,NA,"```json
{
    ""Noodles"": 100,
    ""Minced Chicken"": 80,
    ""Zucchini"": 50,
    ""Red Bell Pepper"": 40,
    ""Asian Sauce"": 30
}
```",46,"noodles",100,"poultry",80,"zucchini",50,"bell pepper",40,"sauce",30,NA,NA,NA,NA,NA,NA,"```json
{
    ""Noodles"": 100,
    ""Minced Chicken"": 80,
    ""Red Bell Peppers"": 50,
    ""Zucchini"": 40,
    ""Asian Sauce"": 30
}
```",46,"noodles",100,"poultry",80,"bell pepper",50,"zucchini",40,"sauce",30,NA,NA,NA,NA,NA,NA,"```json
{
    ""Noodles"": 100,
    ""Minced Chicken"": 80,
    ""Zucchini"": 50,
    ""Red Bell Pepper"": 40,
    ""Asian Sauce"": 30
}
```",46,"noodles",100,"poultry",80,"zucchini",50,"bell pepper",40,"sauce",30,NA,NA,NA,NA,NA,NA,"```json
{
    ""Noodles"": 100,
    ""Minced Chicken"": 80,
    ""Red Bell Peppers"": 50,
    ""Zucchini"": 40,
    ""Asian Sauce"": 30
}
```",46,"noodles",100,"poultry",80,"bell pepper",50,"zucchini",40,"sauce",30,NA,NA,NA,NA,NA,NA,"```json
{
    ""Noodles"": 100,
    ""Minced Chicken"": 80,
    ""Zucchini"": 50,
    ""Red Bell Pepper"": 40,
    ""Asian Sauce"": 30
}
```",46,"noodles",100,"poultry",80,"zucchini",50,"bell pepper",40,"sauce",30,NA,NA,NA,NA,NA,NA,300,280,113,113,260,133,133,260,133,133,280,113,113,260,133,133,580,-187,187,525,-132,132,550,-157,157,580,-187,187,630,-237,237,300,93,93,300,93,93,300,93,93,300,93,93,93,93,7,0,6,0,6,0,7,0,6,0,10,0,10,0,10,0,10,0,10,0,5,0,5,0,5,0,5,0,5,0
"Noodles with minced chicken and Asian sauce","Meike","Tuesday","NoodlesChicken",3,"40","25",634,926,292,"Noedles met kipgehakt en aziatische saus","https://www.hellofresh.nl/recipes/noedels-met-kipgehakt-en-aziatische-saus-5fd0c5b7943827314d7b7d77","Meike_Tue_NoodlesChicken_Pers3_Moment1.jpg",3,"garlic","seasoning","zucchini","bell pepper","peppers","poultry","sauce","sauce","noodles","nuts or raisins","fats or oils",NA,NA,NA,NA,"3 Garlic cloves; 30g Ginger; 1.5  Zucchini; 1.5  bellpepper; 0.75  Red Pepper; 300g Minced Chicken; 3 bags Sweet Asian Sauce; 30ml Soy Sauce; 150g Noodles; 30g Cashew; 1.5 tablespoon sunflower oil","Garlic ; Ginger;  Zucchini;  bellpepper;   Red Pepper;  Minced Chicken; bags Sweet Asian Sauce; Soy Sauce;  Noodles; Cashew;  sunflower oil",292,292,"```json
{
    ""Noodles"": 150,
    ""Zucchini"": 40,
    ""Bell Pepper"": 30,
    ""Minced Chicken"": 50,
    ""Cashew"": 10
}
```",49,"noodles",150,"zucchini",40,"bell pepper",30,"poultry",50,"nuts or raisins",10,NA,NA,NA,NA,NA,NA,NA,NA,NA,NA,NA,NA,NA,NA,NA,NA,NA,NA,NA,NA,"```json
{
    ""Noodles"": 150,
    ""Zucchini"": 40,
    ""Bell Pepper"": 30,
    ""Minced Chicken"": 50,
    ""Red Pepper"": 20,
    ""Cashew"": 10
}
```",49,"noodles",150,"zucchini",40,"bell pepper",30,"poultry",50,"peppers",20,"nuts or raisins",10,NA,NA,NA,NA,NA,NA,NA,NA,NA,NA,NA,NA,NA,NA,NA,NA,NA,NA,"```json
{
    ""Noodles"": 150,
    ""Zucchini"": 40,
    ""Bell Pepper"": 30,
    ""Minced Chicken"": 50,
    ""Red Pepper"": 20,
    ""Cashew"": 10
}
```",49,"noodles",150,"zucchini",40,"bell pepper",30,"poultry",50,"peppers",20,"nuts or raisins",10,NA,NA,NA,NA,NA,NA,NA,NA,NA,NA,NA,NA,NA,NA,NA,NA,NA,NA,"```json
{
    ""Noodles"": 150,
    ""Zucchini"": 40,
    ""Bell Pepper"": 30,
    ""Minced Chicken"": 50,
    ""Cashew"": 10
}
```",49,"noodles",150,"zucchini",40,"bell pepper",30,"poultry",50,"nuts or raisins",10,NA,NA,NA,NA,NA,NA,NA,NA,NA,NA,NA,NA,NA,NA,NA,NA,NA,NA,NA,NA,"```json
{
    ""Noodles"": 150,
    ""Zucchini"": 40,
    ""Bell Pepper"": 30,
    ""Minced Chicken"": 50,
    ""Cashew"": 10
}
```",49,"noodles",150,"zucchini",40,"bell pepper",30,"poultry",50,"nuts or raisins",10,NA,NA,NA,NA,NA,NA,NA,NA,NA,NA,NA,NA,NA,NA,NA,NA,NA,NA,NA,NA,"```json
{
    ""Garlic"": 10,
    ""Ginger"": 30,
    ""Zucchini"": 100,
    ""Bell Pepper"": 80,
    ""Red Pepper"": 40,
    ""Minced Chicken"": 100,
    ""Noodles"": 150,
    ""Cashew"": 20
}
```",49,"garlic",10,"seasoning",30,"zucchini",100,"bell pepper",80,"peppers",40,"poultry",100,"noodles",150,"nuts or raisins",20,NA,NA,NA,NA,NA,NA,NA,NA,NA,NA,NA,NA,NA,NA,"```json
{
    ""Noodles"": 150,
    ""Zucchini"": 50,
    ""Bell Pepper"": 50,
    ""Red Pepper"": 25,
    ""Minced Chicken"": 100,
    ""Cashew"": 10
}
```",49,"noodles",150,"zucchini",50,"bell pepper",50,"peppers",25,"poultry",100,"nuts or raisins",10,NA,NA,NA,NA,NA,NA,NA,NA,NA,NA,NA,NA,NA,NA,NA,NA,"```json
{
    ""Garlic"": 10,
    ""Ginger"": 30,
    ""Zucchini"": 100,
    ""Bell Pepper"": 80,
    ""Red Pepper"": 40,
    ""Minced Chicken"": 100,
    ""Noodles"": 150,
    ""Cashew"": 30
}
```",49,"garlic",10,"seasoning",30,"zucchini",100,"bell pepper",80,"peppers",40,"poultry",100,"noodles",150,"nuts or raisins",30,NA,NA,NA,NA,NA,NA,NA,NA,NA,NA,NA,NA,NA,NA,"```json
{
    ""Noodles"": 150,
    ""Zucchini"": 50,
    ""Bell Pepper"": 50,
    ""Red Pepper"": 25,
    ""Minced Chicken"": 100,
    ""Cashew"": 10
}
```",49,"noodles",150,"zucchini",50,"bell pepper",50,"peppers",25,"poultry",100,"nuts or raisins",10,NA,NA,NA,NA,NA,NA,NA,NA,NA,NA,NA,NA,NA,NA,NA,NA,NA,NA,"```json
{
    ""Noodles"": 150,
    ""Zucchini"": 50,
    ""Bell Pepper"": 50,
    ""Red Pepper"": 25,
    ""Minced Chicken"": 100,
    ""Cashew"": 10
}
```",49,"noodles",150,"zucchini",50,"bell pepper",50,"peppers",25,"poultry",100,"nuts or raisins",10,NA,NA,NA,NA,NA,NA,NA,NA,NA,NA,NA,NA,NA,NA,NA,NA,"```json
{
    ""Noodles"": 150,
    ""Minced Chicken"": 50,
    ""Red Bell Pepper"": 30,
    ""Zucchini"": 30,
    ""Asian Sauce"": 20
}
```",49,"noodles",150,"poultry",50,"bell pepper",30,"zucchini",30,"sauce",20,NA,NA,NA,NA,NA,NA,"```json
{
    ""Noodles"": 150,
    ""Minced Chicken"": 50,
    ""Red Bell Pepper"": 30,
    ""Zucchini"": 30,
    ""Asian Sauce"": 20
}
```",49,"noodles",150,"poultry",50,"bell pepper",30,"zucchini",30,"sauce",20,NA,NA,NA,NA,NA,NA,"```json
{
    ""Noodles"": 150,
    ""Minced Chicken"": 50,
    ""Red Bell Pepper"": 30,
    ""Zucchini"": 30,
    ""Asian Sauce"": 20
}
```",49,"noodles",150,"poultry",50,"bell pepper",30,"zucchini",30,"sauce",20,NA,NA,NA,NA,NA,NA,"```json
{
    ""Noodles"": 150,
    ""Minced Chicken"": 50,
    ""Red Bell Pepper"": 30,
    ""Zucchini"": 30,
    ""Asian Sauce"": 20
}
```",49,"noodles",150,"poultry",50,"bell pepper",30,"zucchini",30,"sauce",20,NA,NA,NA,NA,NA,NA,"```json
{
    ""Noodles"": 150,
    ""Minced Chicken"": 50,
    ""Red Bell Pepper"": 30,
    ""Zucchini"": 30,
    ""Asian Sauce"": 20
}
```",49,"noodles",150,"poultry",50,"bell pepper",30,"zucchini",30,"sauce",20,NA,NA,NA,NA,NA,NA,280,280,12,12,300,-8,8,300,-8,8,280,12,12,280,12,12,530,-238,238,385,-93,93,540,-248,248,385,-93,93,385,-93,93,280,12,12,280,12,12,280,12,12,280,12,12,12,12,5,0,6,0,6,0,5,0,5,0,8,0,6,0,8,0,6,0,6,0,5,0,5,0,5,0,5,0,5,0
"Noodles with minced chicken and Asian sauce","Meike","Tuesday","NoodlesChicken",1,"20","25",584,771,187,"Noedles met kipgehakt en aziatische saus","https://www.hellofresh.nl/recipes/noedels-met-kipgehakt-en-aziatische-saus-5fd0c5b7943827314d7b7d78","Meike_Tue_NoodlesChicken_Pers1_Moment2.jpg",3,"garlic","seasoning","zucchini","bell pepper","peppers","poultry","sauce","sauce","noodles","nuts or raisins","fats or oils",NA,NA,NA,NA,"3 Garlic cloves; 30g Ginger; 1.5  Zucchini; 1.5  bellpepper; 0.75  Red Pepper; 300g Minced Chicken; 3 bags Sweet Asian Sauce; 30ml Soy Sauce; 150g Noodles; 30g Cashew; 1.5 tablespoon sunflower oil","Garlic ; Ginger;  Zucchini;  bellpepper;   Red Pepper;  Minced Chicken; bags Sweet Asian Sauce; Soy Sauce;  Noodles; Cashew;  sunflower oil",187,187,"```json
{
    ""Noodles"": 80,
    ""Red Bell Pepper"": 30,
    ""Zucchini"": 20,
    ""Minced Chicken"": 25,
    ""Cashew"": 5,
    ""Sauce Remnants"": 10
}
```",44,"noodles",80,"bell pepper",30,"zucchini",20,"poultry",25,"nuts or raisins",5,"sauce",10,NA,NA,NA,NA,NA,NA,NA,NA,NA,NA,NA,NA,NA,NA,NA,NA,NA,NA,"```json
{
    ""Noodles"": 80,
    ""Red Bell Pepper"": 30,
    ""Zucchini"": 20,
    ""Minced Chicken"": 25,
    ""Cashew"": 5,
    ""Remnants"": 0
}
```",44,"noodles",80,"bell pepper",30,"zucchini",20,"poultry",25,"nuts or raisins",5,NA,0,NA,NA,NA,NA,NA,NA,NA,NA,NA,NA,NA,NA,NA,NA,NA,NA,NA,NA,"```json
{
    ""Noodles"": 80,
    ""Red Bell Pepper"": 30,
    ""Zucchini"": 20,
    ""Minced Chicken"": 25,
    ""Cashew"": 5,
    ""Sauce Remnants"": 5
}
```",44,"noodles",80,"bell pepper",30,"zucchini",20,"poultry",25,"nuts or raisins",5,"sauce",5,NA,NA,NA,NA,NA,NA,NA,NA,NA,NA,NA,NA,NA,NA,NA,NA,NA,NA,"```json
{
    ""Garlic"": 5,
    ""Ginger"": 5,
    ""Zucchini"": 20,
    ""Bell Pepper"": 30,
    ""Red Pepper"": 10,
    ""Minced Chicken"": 15,
    ""Sweet Asian Sauce"": 5,
    ""Soy Sauce"": 5,
    ""Noodles"": 50,
    ""Cashew"": 5,
    ""Sunflower Oil"": 0
}
```",44,"garlic",5,"seasoning",5,"zucchini",20,"bell pepper",30,"peppers",10,"poultry",15,"sauce",5,"sauce",5,"noodles",50,"nuts or raisins",5,"fats or oils",0,NA,NA,NA,NA,NA,NA,NA,NA,"```json
{
    ""Garlic"": 0,
    ""Ginger"": 0,
    ""Zucchini"": 20,
    ""Bell Pepper"": 15,
    ""Red Pepper"": 10,
    ""Minced Chicken"": 10,
    ""Sweet Asian Sauce"": 0,
    ""Soy Sauce"": 0,
    ""Noodles"": 30,
    ""Cashew"": 5,
    ""Sunflower Oil"": 0
}
```",44,"garlic",0,"seasoning",0,"zucchini",20,"bell pepper",15,"peppers",10,"poultry",10,"sauce",0,"sauce",0,"noodles",30,"nuts or raisins",5,"fats or oils",0,NA,NA,NA,NA,NA,NA,NA,NA,"```json
{
    ""Garlic"": 0 grams,
    ""Ginger"": 0 grams,
    ""Zucchini"": 20 grams,
    ""Bell Pepper"": 15 grams,
    ""Red Pepper"": 10 grams,
    ""Minced Chicken"": 10 grams,
    ""Sweet Asian Sauce"": 0 grams,
    ""Soy Sauce"": 0 grams,
    ""Noodles"": 30 grams,
    ""Cashew"": 5 grams,
    ""Sunflower Oil"": 0 grams
}
```",44,"garlic",0,"seasoning",0,"zucchini",20,"bell pepper",15,"peppers",10,"poultry",10,"sauce",0,"sauce",0,"noodles",30,"nuts or raisins",5,"fats or oils",0,NA,NA,NA,NA,NA,NA,NA,NA,"```json
{
    ""Garlic"": 0,
    ""Ginger"": 0,
    ""Zucchini"": 20,
    ""Bell Pepper"": 25,
    ""Red Pepper"": 10,
    ""Minced Chicken"": 20,
    ""Sweet Asian Sauce"": 0,
    ""Soy Sauce"": 0,
    ""Noodles"": 40,
    ""Cashew"": 5,
    ""Sunflower Oil"": 0
}
```",44,"garlic",0,"seasoning",0,"zucchini",20,"bell pepper",25,"peppers",10,"poultry",20,"sauce",0,"sauce",0,"noodles",40,"nuts or raisins",5,"fats or oils",0,NA,NA,NA,NA,NA,NA,"```json
{
    ""Garlic"": 3 grams,
    ""Ginger"": 5 grams,
    ""Zucchini"": 30 grams,
    ""Bell Pepper"": 40 grams,
    ""Red Pepper"": 20 grams,
    ""Minced Chicken"": 50 grams,
    ""Noodles"": 60 grams,
    ""Cashew"": 5 grams
}
```",44,"garlic",3,"seasoning",5,"zucchini",30,"bell pepper",40,"peppers",20,"poultry",50,"noodles",60,"nuts or raisins",5,NA,NA,NA,NA,NA,NA,NA,NA,NA,NA,NA,NA,NA,NA,"```json
{
    ""Garlic"": 3 grams,
    ""Ginger"": 5 grams,
    ""Zucchini"": 30 grams,
    ""Bell Pepper"": 40 grams,
    ""Red Pepper"": 20 grams,
    ""Minced Chicken"": 50 grams,
    ""Noodles"": 60 grams,
    ""Cashew"": 5 grams,
    ""Sauce Remnants"": 0 grams
}
```",44,"garlic",3,"seasoning",5,"zucchini",30,"bell pepper",40,"peppers",20,"poultry",50,"noodles",60,"nuts or raisins",5,"sauce",0,NA,NA,NA,NA,NA,NA,NA,NA,NA,NA,NA,NA,"```json
{
    ""Garlic"": 3 grams,
    ""Ginger"": 5 grams,
    ""Zucchini"": 30 grams,
    ""Bell Pepper"": 40 grams,
    ""Red Pepper"": 20 grams,
    ""Minced Chicken"": 50 grams,
    ""Noodles"": 60 grams,
    ""Cashew"": 5 grams
}
```",44,"garlic",3,"seasoning",5,"zucchini",30,"bell pepper",40,"peppers",20,"poultry",50,"noodles",60,"nuts or raisins",5,NA,NA,NA,NA,NA,NA,NA,NA,NA,NA,NA,NA,"```json
{
    ""Noodles"": 80,
    ""Minced Chicken"": 40,
    ""Red Bell Peppers"": 30,
    ""Zucchini"": 20,
    ""Asian Sauce"": 10
}
```",44,"noodles",80,"poultry",40,"bell pepper",30,"zucchini",20,"sauce",10,NA,NA,NA,NA,NA,NA,"```json
{
    ""Noodles"": 80,
    ""Minced Chicken"": 40,
    ""Red Bell Peppers"": 30,
    ""Zucchini"": 20,
    ""Asian Sauce"": 10
}
```",44,"noodles",80,"poultry",40,"bell pepper",30,"zucchini",20,"sauce",10,NA,NA,NA,NA,NA,NA,"```json
{
    ""Noodles"": 80,
    ""Minced Chicken"": 40,
    ""Red Bell Peppers"": 30,
    ""Zucchini"": 20,
    ""Asian Sauce"": 10
}
```",44,"noodles",80,"poultry",40,"bell pepper",30,"zucchini",20,"sauce",10,NA,NA,NA,NA,NA,NA,"```json
{
    ""Noodles"": 80,
    ""Minced Chicken"": 40,
    ""Red Bell Peppers"": 30,
    ""Zucchini"": 20,
    ""Asian Sauce"": 10
}
```",44,"noodles",80,"poultry",40,"bell pepper",30,"zucchini",20,"sauce",10,NA,NA,NA,NA,NA,NA,"```json
{
    ""Noodles"": 80,
    ""Minced Chicken"": 40,
    ""Red Bell Peppers"": 30,
    ""Zucchini"": 20,
    ""Sauce"": 10
}
```",44,"noodles",80,"poultry",40,"bell pepper",30,"zucchini",20,"sauce",10,NA,NA,NA,NA,NA,NA,180,170,17,17,160,27,27,165,22,22,150,37,37,90,97,97,90,97,97,120,67,67,213,-26,26,213,-26,26,213,-26,26,180,7,7,180,7,7,180,7,7,180,7,7,7,7,6,0,5,0,6,0,10,0,10,0,10,0,10,0,8,0,9,0,8,0,5,0,5,0,5,0,5,0,5,0
"Noodles with minced chicken and Asian sauce","Meike","Tuesday","NoodlesChicken",2,"30","25",567,884,317,"Noedles met kipgehakt en aziatische saus","https://www.hellofresh.nl/recipes/noedels-met-kipgehakt-en-aziatische-saus-5fd0c5b7943827314d7b7d79","Meike_Tue_NoodlesChicken_Pers2_Moment2.jpg",3,"garlic","seasoning","zucchini","bell pepper","peppers","poultry","sauce","sauce","noodles","nuts or raisins","fats or oils",NA,NA,NA,NA,"3 Garlic cloves; 30g Ginger; 1.5  Zucchini; 1.5  bellpepper; 0.75  Red Pepper; 300g Minced Chicken; 3 bags Sweet Asian Sauce; 30ml Soy Sauce; 150g Noodles; 30g Cashew; 1.5 tablespoon sunflower oil","Garlic ; Ginger;  Zucchini;  bellpepper;   Red Pepper;  Minced Chicken; bags Sweet Asian Sauce; Soy Sauce;  Noodles; Cashew;  sunflower oil",317,317,"```json
{
    ""Zucchini"": 30,
    ""Bell Pepper"": 25,
    ""Red Pepper"": 20,
    ""Minced Chicken"": 40,
    ""Noodles"": 50,
    ""Cashew"": 10
}
```",47,"zucchini",30,"bell pepper",25,"peppers",20,"poultry",40,"noodles",50,"nuts or raisins",10,NA,NA,NA,NA,NA,NA,NA,NA,NA,NA,NA,NA,NA,NA,NA,NA,NA,NA,"```json
{
    ""Zucchini"": 30,
    ""Bell Pepper"": 25,
    ""Noodles"": 40,
    ""Minced Chicken"": 35,
    ""Cashew"": 5,
    ""Red Pepper"": 10
}
```",47,"zucchini",30,"bell pepper",25,"noodles",40,"poultry",35,"nuts or raisins",5,"peppers",10,NA,NA,NA,NA,NA,NA,NA,NA,NA,NA,NA,NA,NA,NA,NA,NA,NA,NA,"```json
{
    ""Zucchini"": 30,
    ""Bell Pepper"": 25,
    ""Red Pepper"": 10,
    ""Minced Chicken"": 40,
    ""Noodles"": 50,
    ""Cashew"": 5
}
```",47,"zucchini",30,"bell pepper",25,"peppers",10,"poultry",40,"noodles",50,"nuts or raisins",5,NA,NA,NA,NA,NA,NA,NA,NA,NA,NA,NA,NA,NA,NA,NA,NA,NA,NA,"```json
{
    ""Zucchini"": 30,
    ""Bell Pepper"": 25,
    ""Red Pepper"": 10,
    ""Minced Chicken"": 40,
    ""Noodles"": 50,
    ""Cashew"": 5,
    ""Remnants"": 0
}
```",47,"zucchini",30,"bell pepper",25,"peppers",10,"poultry",40,"noodles",50,"nuts or raisins",5,NA,0,NA,NA,NA,NA,NA,NA,NA,NA,NA,NA,NA,NA,NA,NA,NA,NA,"```json
{
    ""Zucchini"": 30,
    ""Bell Pepper"": 40,
    ""Noodles"": 50,
    ""Minced Chicken"": 40,
    ""Cashew"": 10,
    ""Remnants"": 5
}
```",47,"zucchini",30,"bell pepper",40,"noodles",50,"poultry",40,"nuts or raisins",10,NA,5,NA,NA,NA,NA,NA,NA,NA,NA,NA,NA,NA,NA,NA,NA,NA,NA,NA,NA,"```json
{
    ""Garlic"": 5,
    ""Ginger"": 5,
    ""Zucchini"": 30,
    ""Bell Pepper"": 40,
    ""Red Pepper"": 10,
    ""Minced Chicken"": 50,
    ""Noodles"": 40,
    ""Cashew"": 5
}
```",47,"garlic",5,"seasoning",5,"zucchini",30,"bell pepper",40,"peppers",10,"poultry",50,"noodles",40,"nuts or raisins",5,NA,NA,NA,NA,NA,NA,NA,NA,NA,NA,NA,NA,NA,NA,"```json
{
    ""Garlic"": 5,
    ""Ginger"": 5,
    ""Zucchini"": 40,
    ""Bell Pepper"": 40,
    ""Red Pepper"": 20,
    ""Minced Chicken"": 60,
    ""Noodles"": 50,
    ""Cashew"": 10,
    ""Sauce"": 20
}
```",47,"garlic",5,"seasoning",5,"zucchini",40,"bell pepper",40,"peppers",20,"poultry",60,"noodles",50,"nuts or raisins",10,"sauce",20,NA,NA,NA,NA,NA,NA,NA,NA,NA,NA,"```json
{
    ""Garlic"": 5,
    ""Ginger"": 5,
    ""Zucchini"": 30,
    ""Bell Pepper"": 40,
    ""Red Pepper"": 20,
    ""Minced Chicken"": 50,
    ""Noodles"": 40,
    ""Cashew"": 5
}
```",47,"garlic",5,"seasoning",5,"zucchini",30,"bell pepper",40,"peppers",20,"poultry",50,"noodles",40,"nuts or raisins",5,NA,NA,NA,NA,NA,NA,NA,NA,NA,NA,NA,NA,NA,NA,"```json
{
    ""Garlic"": 5,
    ""Ginger"": 5,
    ""Zucchini"": 40,
    ""Bell Pepper"": 40,
    ""Red Pepper"": 20,
    ""Minced Chicken"": 60,
    ""Noodles"": 50,
    ""Cashew"": 5
}
```",47,"garlic",5,"seasoning",5,"zucchini",40,"bell pepper",40,"peppers",20,"poultry",60,"noodles",50,"nuts or raisins",5,NA,NA,NA,NA,NA,NA,NA,NA,NA,NA,NA,NA,NA,NA,"```json
{
    ""Garlic"": 5 grams,
    ""Ginger"": 10 grams,
    ""Zucchini"": 50 grams,
    ""Bell Pepper"": 40 grams,
    ""Red Pepper"": 20 grams,
    ""Minced Chicken"": 60 grams,
    ""Noodles"": 40 grams,
    ""Cashew"": 5 grams
}
```",47,"garlic",5,"seasoning",10,"zucchini",50,"bell pepper",40,"peppers",20,"poultry",60,"noodles",40,"nuts or raisins",5,NA,NA,NA,NA,NA,NA,NA,NA,NA,NA,NA,NA,"```json
{
    ""Noodles"": 100,
    ""Minced Chicken"": 80,
    ""Red Bell Pepper"": 50,
    ""Zucchini"": 40,
    ""Asian Sauce"": 30
}
```",47,"noodles",100,"poultry",80,"bell pepper",50,"zucchini",40,"sauce",30,NA,NA,NA,NA,NA,NA,"```json
{
    ""Noodles"": 100,
    ""Minced Chicken"": 80,
    ""Red Bell Pepper"": 50,
    ""Zucchini"": 40,
    ""Asian Sauce"": 30
}
```",47,"noodles",100,"poultry",80,"bell pepper",50,"zucchini",40,"sauce",30,NA,NA,NA,NA,NA,NA,"```json
{
    ""Noodles"": 100,
    ""Minced Chicken"": 80,
    ""Red Bell Pepper"": 50,
    ""Zucchini"": 40,
    ""Asian Sauce"": 30
}
```",47,"noodles",100,"poultry",80,"bell pepper",50,"zucchini",40,"sauce",30,NA,NA,NA,NA,NA,NA,"```json
{
    ""Noodles"": 100,
    ""Minced Chicken"": 80,
    ""Red Bell Pepper"": 50,
    ""Zucchini"": 40,
    ""Onion"": 20,
    ""Asian Sauce"": 10
}
```",47,"noodles",100,"poultry",80,"bell pepper",50,"zucchini",40,"onion",20,"sauce",10,NA,NA,NA,NA,"```json
{
    ""Noodles"": 100,
    ""Minced Chicken"": 80,
    ""Red Bell Pepper"": 50,
    ""Zucchini"": 40,
    ""Asian Sauce"": 30
}
```",47,"noodles",100,"poultry",80,"bell pepper",50,"zucchini",40,"sauce",30,NA,NA,NA,NA,NA,NA,300,175,142,142,145,172,172,160,157,157,160,157,157,175,142,142,185,132,132,250,67,67,195,122,122,225,92,92,230,87,87,300,17,17,300,17,17,300,17,17,300,17,17,17,17,6,0,6,0,6,0,6,0,5,0,8,0,9,0,8,0,8,0,8,0,5,0,5,0,5,0,5,1,5,0
"Noodles with minced chicken and Asian sauce","Meike","Tuesday","NoodlesChicken",3,"20","25",634,866,232,"Noedles met kipgehakt en aziatische saus","https://www.hellofresh.nl/recipes/noedels-met-kipgehakt-en-aziatische-saus-5fd0c5b7943827314d7b7d80","Meike_Tue_NoodlesChicken_Pers3_Moment2.jpg",3,"garlic","seasoning","zucchini","bell pepper","peppers","poultry","sauce","sauce","noodles","nuts or raisins","fats or oils",NA,NA,NA,NA,"3 Garlic cloves; 30g Ginger; 1.5  Zucchini; 1.5  bellpepper; 0.75  Red Pepper; 300g Minced Chicken; 3 bags Sweet Asian Sauce; 30ml Soy Sauce; 150g Noodles; 30g Cashew; 1.5 tablespoon sunflower oil","Garlic ; Ginger;  Zucchini;  bellpepper;   Red Pepper;  Minced Chicken; bags Sweet Asian Sauce; Soy Sauce;  Noodles; Cashew;  sunflower oil",232,232,"```json
{
    ""Zucchini"": 30,
    ""Bell Pepper"": 25,
    ""Red Pepper"": 20,
    ""Minced Chicken"": 40,
    ""Noodles"": 50,
    ""Cashew"": 10,
    ""Sauce"": 15
}
```",50,"zucchini",30,"bell pepper",25,"peppers",20,"poultry",40,"noodles",50,"nuts or raisins",10,"sauce",15,NA,NA,NA,NA,NA,NA,NA,NA,NA,NA,NA,NA,NA,NA,NA,NA,"```json
{
    ""Zucchini"": 30,
    ""Bell Pepper"": 25,
    ""Red Pepper"": 20,
    ""Minced Chicken"": 40,
    ""Noodles"": 50,
    ""Cashew"": 10,
    ""Sweet Asian Sauce"": 15,
    ""Soy Sauce"": 5,
    ""Garlic"": 5,
    ""Ginger"": 5,
    ""Sunflower Oil"": 5
}
```",50,"zucchini",30,"bell pepper",25,"peppers",20,"poultry",40,"noodles",50,"nuts or raisins",10,"sauce",15,"sauce",5,"garlic",5,"seasoning",5,"fats or oils",5,NA,NA,NA,NA,NA,NA,NA,NA,"```json
{
    ""Zucchini"": 30,
    ""Bell Pepper"": 25,
    ""Red Pepper"": 20,
    ""Minced Chicken"": 40,
    ""Noodles"": 50,
    ""Cashew"": 10,
    ""Sauce"": 15
}
```",50,"zucchini",30,"bell pepper",25,"peppers",20,"poultry",40,"noodles",50,"nuts or raisins",10,"sauce",15,NA,NA,NA,NA,NA,NA,NA,NA,NA,NA,NA,NA,NA,NA,NA,NA,"```json
{
    ""Zucchini"": 30,
    ""Bell Pepper"": 25,
    ""Noodles"": 50,
    ""Minced Chicken"": 40,
    ""Cashew"": 10,
    ""Red Pepper"": 20
}
```",50,"zucchini",30,"bell pepper",25,"noodles",50,"poultry",40,"nuts or raisins",10,"peppers",20,NA,NA,NA,NA,NA,NA,NA,NA,NA,NA,NA,NA,NA,NA,NA,NA,NA,NA,"```json
{
    ""Zucchini"": 30,
    ""Bell Pepper"": 25,
    ""Red Pepper"": 20,
    ""Minced Chicken"": 40,
    ""Noodles"": 50,
    ""Cashew"": 10,
    ""Sauce"": 15
}
```",50,"zucchini",30,"bell pepper",25,"peppers",20,"poultry",40,"noodles",50,"nuts or raisins",10,"sauce",15,NA,NA,NA,NA,NA,NA,NA,NA,NA,NA,NA,NA,NA,NA,NA,NA,"```json
{
    ""Garlic"": ""3 cloves"",
    ""Ginger"": ""30 grams"",
    ""Zucchini"": ""150 grams"",
    ""Bell Pepper"": ""150 grams"",
    ""Red Pepper"": ""75 grams"",
    ""Minced Chicken"": ""300 grams"",
    ""Sweet Asian Sauce"": ""3 bags"",
    ""Soy Sauce"": ""30 ml"",
    ""Noodles"": ""150 grams"",
    ""Cashew"": ""30 grams"",
    ""Sunflower Oil"": ""1.5 tablespoons""
}
```",50,"garlic",3,"seasoning",30,"zucchini",150,"bell pepper",150,"peppers",75,"poultry",300,"sauce",3,"sauce",30,"noodles",150,"nuts or raisins",30,"fats or oils",1.5,NA,NA,NA,NA,NA,NA,NA,NA,"```json
{
    ""Garlic"": ""3 cloves"",
    ""Ginger"": ""30 grams"",
    ""Zucchini"": ""150 grams"",
    ""Bell Pepper"": ""150 grams"",
    ""Red Pepper"": ""75 grams"",
    ""Minced Chicken"": ""300 grams"",
    ""Sweet Asian Sauce"": ""3 bags"",
    ""Soy Sauce"": ""30 ml"",
    ""Noodles"": ""150 grams"",
    ""Cashew"": ""30 grams"",
    ""Sunflower Oil"": ""1.5 tablespoons""
}
```",50,"garlic",3,"seasoning",30,"zucchini",150,"bell pepper",150,"peppers",75,"poultry",300,"sauce",3,"sauce",30,"noodles",150,"nuts or raisins",30,"fats or oils",1.5,NA,NA,NA,NA,NA,NA,"```json
{
    ""Garlic"": ""3 cloves"",
    ""Ginger"": ""30 grams"",
    ""Zucchini"": ""1.5 units"",
    ""Bell Pepper"": ""1.5 units"",
    ""Red Pepper"": ""0.75 units"",
    ""Minced Chicken"": ""300 grams"",
    ""Sweet Asian Sauce"": ""3 bags"",
    ""Soy Sauce"": ""30 ml"",
    ""Noodles"": ""150 grams"",
    ""Cashew"": ""30 grams"",
    ""Sunflower Oil"": ""1.5 tablespoons""
}
```",50,"garlic",3,"seasoning",30,"zucchini",1.5,"bell pepper",1.5,"peppers",0.75,"poultry",300,"sauce",3,"sauce",30,"noodles",150,"nuts or raisins",30,"fats or oils",1.5,NA,NA,NA,NA,NA,NA,NA,NA,"```json
{
    ""Garlic"": 10,
    ""Ginger"": 30,
    ""Zucchini"": 100,
    ""Bell Pepper"": 80,
    ""Red Pepper"": 40,
    ""Minced Chicken"": 100,
    ""Sweet Asian Sauce"": 50,
    ""Soy Sauce"": 10,
    ""Noodles"": 80,
    ""Cashew"": 20,
    ""Sunflower Oil"": 5
}
```",50,"garlic",10,"seasoning",30,"zucchini",100,"bell pepper",80,"peppers",40,"poultry",100,"sauce",50,"sauce",10,"noodles",80,"nuts or raisins",20,"fats or oils",5,NA,NA,NA,NA,NA,NA,NA,NA,"```json
{
    ""Garlic"": ""3 cloves"",
    ""Ginger"": ""30 grams"",
    ""Zucchini"": ""150 grams"",
    ""Bell Pepper"": ""150 grams"",
    ""Red Pepper"": ""75 grams"",
    ""Minced Chicken"": ""300 grams"",
    ""Sweet Asian Sauce"": ""3 bags"",
    ""Soy Sauce"": ""30 ml"",
    ""Noodles"": ""150 grams"",
    ""Cashew"": ""30 grams"",
    ""Sunflower Oil"": ""1.5 tablespoons""
}
```",50,"garlic",3,"seasoning",30,"zucchini",150,"bell pepper",150,"peppers",75,"poultry",300,"sauce",3,"sauce",30,"noodles",150,"nuts or raisins",30,"fats or oils",1.5,NA,NA,NA,NA,NA,NA,"```json
{
    ""Noodles"": 100,
    ""Minced Chicken"": 80,
    ""Red Bell Pepper"": 50,
    ""Zucchini"": 40,
    ""Asian Sauce"": 30
}
```",50,"noodles",100,"poultry",80,"bell pepper",50,"zucchini",40,"sauce",30,NA,NA,NA,NA,NA,NA,"```json
{
    ""Noodles"": 100,
    ""Minced Chicken"": 80,
    ""Red Bell Pepper"": 40,
    ""Zucchini"": 30,
    ""Asian Sauce"": 20
}
```",50,"noodles",100,"poultry",80,"bell pepper",40,"zucchini",30,"sauce",20,NA,NA,NA,NA,NA,NA,"```json
{
    ""Noodles"": 100,
    ""Minced Chicken"": 80,
    ""Red Bell Pepper"": 40,
    ""Zucchini"": 30,
    ""Asian Sauce"": 20
}
```",50,"noodles",100,"poultry",80,"bell pepper",40,"zucchini",30,"sauce",20,NA,NA,NA,NA,NA,NA,"```json
{
    ""Noodles"": 100,
    ""Minced Chicken"": 80,
    ""Red Bell Peppers"": 40,
    ""Zucchini"": 30,
    ""Asian Sauce"": 20
}
```",50,"noodles",100,"poultry",80,"bell pepper",40,"zucchini",30,"sauce",20,NA,NA,NA,NA,NA,NA,"```json
{
    ""Noodles"": 100,
    ""Minced Chicken"": 80,
    ""Red Bell Pepper"": 40,
    ""Zucchini"": 30,
    ""Asian Sauce"": 20
}
```",50,"noodles",100,"poultry",80,"bell pepper",40,"zucchini",30,"sauce",20,NA,NA,NA,NA,NA,NA,270,190,42,42,210,22,22,190,42,42,175,57,57,190,42,42,922.5,-690.5,690.5,922.5,-690.5,690.5,551.25,-319.25,319.25,525,-293,293,922.5,-690.5,690.5,300,-68,68,270,-38,38,270,-38,38,270,-38,38,-38,38,7,0,10,0,7,0,6,0,7,0,10,0,10,0,10,0,10,0,10,0,5,0,5,0,5,0,5,0,5,0
"Noodles with minced chicken and Asian sauce","Meike","Tuesday","NoodlesChicken",1,"finished","25",584,587,3,"Noedles met kipgehakt en aziatische saus","https://www.hellofresh.nl/recipes/noedels-met-kipgehakt-en-aziatische-saus-5fd0c5b7943827314d7b7d81","Meike_Tue_NoodlesChicken_Pers1_Moment3.jpg",3,"garlic","seasoning","zucchini","bell pepper","peppers","poultry","sauce","sauce","noodles","nuts or raisins","fats or oils",NA,NA,NA,NA,"3 Garlic cloves; 30g Ginger; 1.5  Zucchini; 1.5  bellpepper; 0.75  Red Pepper; 300g Minced Chicken; 3 bags Sweet Asian Sauce; 30ml Soy Sauce; 150g Noodles; 30g Cashew; 1.5 tablespoon sunflower oil","Garlic ; Ginger;  Zucchini;  bellpepper;   Red Pepper;  Minced Chicken; bags Sweet Asian Sauce; Soy Sauce;  Noodles; Cashew;  sunflower oil",3,3,"```json
{
  ""Remnants"": 0 grams
}
```",45,NA,0,NA,NA,NA,NA,NA,NA,NA,NA,NA,NA,NA,NA,NA,NA,NA,NA,NA,NA,NA,NA,NA,NA,NA,NA,NA,NA,NA,NA,"```json
{
    ""Remnants"": 0
}
```",45,NA,0,NA,NA,NA,NA,NA,NA,NA,NA,NA,NA,NA,NA,NA,NA,NA,NA,NA,NA,NA,NA,NA,NA,NA,NA,NA,NA,NA,NA,"```json
{
    ""Remnants"": 0
}
```",45,NA,0,NA,NA,NA,NA,NA,NA,NA,NA,NA,NA,NA,NA,NA,NA,NA,NA,NA,NA,NA,NA,NA,NA,NA,NA,NA,NA,NA,NA,"```json
{
    ""Remnants"": 0
}
```",45,NA,0,NA,NA,NA,NA,NA,NA,NA,NA,NA,NA,NA,NA,NA,NA,NA,NA,NA,NA,NA,NA,NA,NA,NA,NA,NA,NA,NA,NA,"```json
{
    ""Remnants"": 0
}
```",45,NA,0,NA,NA,NA,NA,NA,NA,NA,NA,NA,NA,NA,NA,NA,NA,NA,NA,NA,NA,NA,NA,NA,NA,NA,NA,NA,NA,NA,NA,"```json
{
  ""Remnants"": 5
}
```",45,NA,5,NA,NA,NA,NA,NA,NA,NA,NA,NA,NA,NA,NA,NA,NA,NA,NA,NA,NA,NA,NA,NA,NA,NA,NA,NA,NA,NA,NA,"```json
{
  ""Remnants"": 5
}
```",45,NA,5,NA,NA,NA,NA,NA,NA,NA,NA,NA,NA,NA,NA,NA,NA,NA,NA,NA,NA,NA,NA,NA,NA,NA,NA,NA,NA,"```json
{
  ""Remnants"": 5
}
```",45,NA,5,NA,NA,NA,NA,NA,NA,NA,NA,NA,NA,NA,NA,NA,NA,NA,NA,NA,NA,NA,NA,NA,NA,NA,NA,NA,NA,NA,NA,"```json
{
  ""Remnants"": 0
}
```",45,NA,0,NA,NA,NA,NA,NA,NA,NA,NA,NA,NA,NA,NA,NA,NA,NA,NA,NA,NA,NA,NA,NA,NA,NA,NA,NA,NA,NA,NA,"```json
{
    ""Remnants"": 5
}
```",45,NA,5,NA,NA,NA,NA,NA,NA,NA,NA,NA,NA,NA,NA,NA,NA,NA,NA,NA,NA,NA,NA,NA,NA,NA,NA,NA,NA,"```json
{
  ""Remnants"": 5
}
```",45,NA,5,NA,NA,NA,NA,NA,NA,NA,NA,NA,NA,NA,NA,NA,NA,"```json
{
  ""Remnants"": 5
}
```",45,NA,5,NA,NA,NA,NA,NA,NA,NA,NA,NA,NA,NA,NA,NA,NA,"```json
{
  ""Remnants"": 5
}
```",45,NA,5,NA,NA,NA,NA,NA,NA,NA,NA,NA,NA,NA,NA,NA,NA,"```json
{
  ""Remnants"": 5
}
```",45,NA,5,NA,NA,NA,NA,NA,NA,NA,NA,NA,NA,NA,NA,NA,NA,"```json
{
  ""Remnants"": 5
}
```",45,NA,5,NA,NA,NA,NA,NA,NA,NA,NA,NA,NA,NA,NA,NA,NA,5,0,3,3,0,3,3,0,3,3,0,3,3,0,3,3,5,-2,2,5,-2,2,5,-2,2,0,3,3,5,-2,2,5,-2,2,5,-2,2,5,-2,2,5,-2,2,-2,2,0,0,0,0,0,0,0,0,0,0,0,0,0,0,0,0,0,0,0,0,0,0,0,0,0,0,0,0,0,0
"Noodles with minced chicken and Asian sauce","Meike","Tuesday","NoodlesChicken",2,"finished","25",567,792,225,"Noedles met kipgehakt en aziatische saus","https://www.hellofresh.nl/recipes/noedels-met-kipgehakt-en-aziatische-saus-5fd0c5b7943827314d7b7d82","Meike_Tue_NoodlesChicken_Pers2_Moment3.jpg",3,"garlic","seasoning","zucchini","bell pepper","peppers","poultry","sauce","sauce","noodles","nuts or raisins","fats or oils",NA,NA,NA,NA,"3 Garlic cloves; 30g Ginger; 1.5  Zucchini; 1.5  bellpepper; 0.75  Red Pepper; 300g Minced Chicken; 3 bags Sweet Asian Sauce; 30ml Soy Sauce; 150g Noodles; 30g Cashew; 1.5 tablespoon sunflower oil","Garlic ; Ginger;  Zucchini;  bellpepper;   Red Pepper;  Minced Chicken; bags Sweet Asian Sauce; Soy Sauce;  Noodles; Cashew;  sunflower oil",225,225,"```json
{
    ""Garlic"": 5,
    ""Ginger"": 5,
    ""Zucchini"": 30,
    ""Bell Pepper"": 30,
    ""Red Pepper"": 10,
    ""Minced Chicken"": 50,
    ""Noodles"": 40,
    ""Cashew"": 5,
    ""Sweet Asian Sauce"": 10,
    ""Soy Sauce"": 5,
    ""Sunflower Oil"": 5
}
```",48,"garlic",5,"seasoning",5,"zucchini",30,"bell pepper",30,"peppers",10,"poultry",50,"noodles",40,"nuts or raisins",5,"sauce",10,"sauce",5,"fats or oils",5,NA,NA,NA,NA,NA,NA,NA,NA,"```json
{
    ""Noodles"": 100,
    ""Minced Chicken"": 80,
    ""Zucchini"": 40,
    ""Red Bell Pepper"": 30,
    ""Onion"": 20,
    ""Cashew"": 10,
    ""Garlic"": 5,
    ""Ginger"": 5,
    ""Sunflower Oil"": 5,
    ""Sweet Asian Sauce"": 10,
    ""Soy Sauce"": 5
}
```",48,"noodles",100,"poultry",80,"zucchini",40,"bell pepper",30,"onion",20,"nuts or raisins",10,"garlic",5,"seasoning",5,"fats or oils",5,"sauce",10,"sauce",5,NA,NA,NA,NA,NA,NA,NA,NA,"```json
{
    ""Zucchini"": 30,
    ""Bell Pepper"": 40,
    ""Noodles"": 50,
    ""Minced Chicken"": 60,
    ""Cashew"": 10,
    ""Red Pepper"": 20
}
```",48,"zucchini",30,"bell pepper",40,"noodles",50,"poultry",60,"nuts or raisins",10,"peppers",20,NA,NA,NA,NA,NA,NA,NA,NA,NA,NA,NA,NA,NA,NA,NA,NA,NA,NA,"```json
{
    ""Zucchini"": 30,
    ""Bell Pepper"": 40,
    ""Red Pepper"": 20,
    ""Minced Chicken"": 50,
    ""Noodles"": 60,
    ""Cashew"": 10,
    ""Remnants"": 0
}
```",48,"zucchini",30,"bell pepper",40,"peppers",20,"poultry",50,"noodles",60,"nuts or raisins",10,NA,0,NA,NA,NA,NA,NA,NA,NA,NA,NA,NA,NA,NA,NA,NA,NA,NA,"```json
{
    ""Noodles"": 100,
    ""Zucchini"": 30,
    ""Bell Pepper"": 40,
    ""Minced Chicken"": 50,
    ""Cashew"": 10,
    ""Red Pepper"": 20,
    ""Garlic"": 5,
    ""Ginger"": 5,
    ""Sunflower Oil"": 5,
    ""Soy Sauce"": 10,
    ""Sweet Asian Sauce"": 10
}
```",48,"noodles",100,"zucchini",30,"bell pepper",40,"poultry",50,"nuts or raisins",10,"peppers",20,"garlic",5,"seasoning",5,"fats or oils",5,"sauce",10,"sauce",10,NA,NA,NA,NA,NA,NA,NA,NA,"```json
{
    ""Garlic"": 10,
    ""Ginger"": 10,
    ""Zucchini"": 50,
    ""Bell Pepper"": 40,
    ""Red Pepper"": 20,
    ""Minced Chicken"": 80,
    ""Sweet Asian Sauce"": 20,
    ""Soy Sauce"": 10,
    ""Noodles"": 60,
    ""Cashew"": 10,
    ""Sunflower Oil"": 5
}
```",48,"garlic",10,"seasoning",10,"zucchini",50,"bell pepper",40,"peppers",20,"poultry",80,"sauce",20,"sauce",10,"noodles",60,"nuts or raisins",10,"fats or oils",5,NA,NA,NA,NA,NA,NA,NA,NA,"```json
{
    ""Garlic"": 10,
    ""Ginger"": 10,
    ""Zucchini"": 50,
    ""Bell Pepper"": 40,
    ""Red Pepper"": 20,
    ""Minced Chicken"": 80,
    ""Noodles"": 60,
    ""Cashew"": 10,
    ""Sauce"": 20
}
```",48,"garlic",10,"seasoning",10,"zucchini",50,"bell pepper",40,"peppers",20,"poultry",80,"noodles",60,"nuts or raisins",10,"sauce",20,NA,NA,NA,NA,NA,NA,NA,NA,NA,NA,"```json
{
    ""Garlic"": 10,
    ""Ginger"": 10,
    ""Zucchini"": 50,
    ""Bell Pepper"": 40,
    ""Red Pepper"": 20,
    ""Minced Chicken"": 80,
    ""Sweet Asian Sauce"": 20,
    ""Soy Sauce"": 10,
    ""Noodles"": 60,
    ""Cashew"": 10,
    ""Sunflower Oil"": 5
}
```",48,"garlic",10,"seasoning",10,"zucchini",50,"bell pepper",40,"peppers",20,"poultry",80,"sauce",20,"sauce",10,"noodles",60,"nuts or raisins",10,"fats or oils",5,NA,NA,NA,NA,NA,NA,NA,NA,"```json
{
    ""Garlic"": 10,
    ""Ginger"": 10,
    ""Zucchini"": 50,
    ""Bell Pepper"": 40,
    ""Red Pepper"": 20,
    ""Minced Chicken"": 80,
    ""Sweet Asian Sauce"": 20,
    ""Soy Sauce"": 10,
    ""Noodles"": 60,
    ""Cashew"": 10,
    ""Sunflower Oil"": 5
}
```",48,"garlic",10,"seasoning",10,"zucchini",50,"bell pepper",40,"peppers",20,"poultry",80,"sauce",20,"sauce",10,"noodles",60,"nuts or raisins",10,"fats or oils",5,NA,NA,NA,NA,NA,NA,NA,NA,"```json
{
    ""Garlic"": 10,
    ""Ginger"": 10,
    ""Zucchini"": 50,
    ""Bell Pepper"": 40,
    ""Red Pepper"": 20,
    ""Minced Chicken"": 80,
    ""Sweet Asian Sauce"": 20,
    ""Soy Sauce"": 10,
    ""Noodles"": 60,
    ""Cashew"": 10,
    ""Sunflower Oil"": 5
}
```",48,"garlic",10,"seasoning",10,"zucchini",50,"bell pepper",40,"peppers",20,"poultry",80,"sauce",20,"sauce",10,"noodles",60,"nuts or raisins",10,"fats or oils",5,NA,NA,NA,NA,NA,NA,"```json
{
    ""Noodles"": 100,
    ""Minced Chicken"": 80,
    ""Red Bell Pepper"": 50,
    ""Zucchini"": 40,
    ""Onion"": 30,
    ""Asian Sauce"": 20
}
```",48,"noodles",100,"poultry",80,"bell pepper",50,"zucchini",40,"onion",30,"sauce",20,NA,NA,NA,NA,"```json
{
    ""Noodles"": 100,
    ""Minced Chicken"": 80,
    ""Red Bell Pepper"": 50,
    ""Zucchini"": 40,
    ""Onion"": 30,
    ""Asian Sauce"": 20
}
```",48,"noodles",100,"poultry",80,"bell pepper",50,"zucchini",40,"onion",30,"sauce",20,NA,NA,NA,NA,"```json
{
    ""Noodles"": 100,
    ""Minced Chicken"": 80,
    ""Red Bell Pepper"": 50,
    ""Zucchini"": 40,
    ""Onion"": 30,
    ""Asian Sauce"": 20
}
```",48,"noodles",100,"poultry",80,"bell pepper",50,"zucchini",40,"onion",30,"sauce",20,NA,NA,NA,NA,"```json
{
    ""Noodles"": 100,
    ""Minced Chicken"": 80,
    ""Red Bell Pepper"": 50,
    ""Zucchini"": 40,
    ""Onion"": 30,
    ""Asian Sauce"": 20
}
```",48,"noodles",100,"poultry",80,"bell pepper",50,"zucchini",40,"onion",30,"sauce",20,NA,NA,NA,NA,"```json
{
    ""Noodles"": 100,
    ""Minced Chicken"": 80,
    ""Red Bell Pepper"": 50,
    ""Zucchini"": 40,
    ""Onion"": 30,
    ""Asian Sauce"": 20
}
```",48,"noodles",100,"poultry",80,"bell pepper",50,"zucchini",40,"onion",30,"sauce",20,NA,NA,NA,NA,320,195,30,30,310,-85,85,210,15,15,210,15,15,285,-60,60,315,-90,90,300,-75,75,315,-90,90,315,-90,90,315,-90,90,320,-95,95,320,-95,95,320,-95,95,320,-95,95,-95,95,10,0,9,1,6,0,6,0,10,0,10,0,9,0,10,0,10,0,10,0,5,1,5,1,5,1,5,1,5,1
"Noodles with minced chicken and Asian sauce","Meike","Tuesday","NoodlesChicken",3,"finished","25",634,718,84,"Noedles met kipgehakt en aziatische saus","https://www.hellofresh.nl/recipes/noedels-met-kipgehakt-en-aziatische-saus-5fd0c5b7943827314d7b7d83","Meike_Tue_NoodlesChicken_Pers3_Moment3.jpg",3,"garlic","seasoning","zucchini","bell pepper","peppers","poultry","sauce","sauce","noodles","nuts or raisins","fats or oils",NA,NA,NA,NA,"3 Garlic cloves; 30g Ginger; 1.5  Zucchini; 1.5  bellpepper; 0.75  Red Pepper; 300g Minced Chicken; 3 bags Sweet Asian Sauce; 30ml Soy Sauce; 150g Noodles; 30g Cashew; 1.5 tablespoon sunflower oil","Garlic ; Ginger;  Zucchini;  bellpepper;   Red Pepper;  Minced Chicken; bags Sweet Asian Sauce; Soy Sauce;  Noodles; Cashew;  sunflower oil",84,84,"```json
{
    ""Noodles"": 40,
    ""Red Bell Pepper"": 20,
    ""Minced Chicken"": 30,
    ""Cashew"": 5,
    ""Zucchini"": 5,
    ""Remnants"": 10
}
```",51,"noodles",40,"bell pepper",20,"poultry",30,"nuts or raisins",5,"zucchini",5,NA,10,NA,NA,NA,NA,NA,NA,NA,NA,NA,NA,NA,NA,NA,NA,NA,NA,NA,NA,"```json
{
    ""Noodles"": 40,
    ""Red Bell Pepper"": 20,
    ""Minced Chicken"": 30,
    ""Cashew"": 5,
    ""Zucchini"": 5,
    ""Remnants"": 10
}
```",51,"noodles",40,"bell pepper",20,"poultry",30,"nuts or raisins",5,"zucchini",5,NA,10,NA,NA,NA,NA,NA,NA,NA,NA,NA,NA,NA,NA,NA,NA,NA,NA,NA,NA,"```json
{
    ""Noodles"": 40,
    ""Red Bell Pepper"": 20,
    ""Minced Chicken"": 30,
    ""Cashew"": 5,
    ""Zucchini"": 5,
    ""Sauce Remnants"": 10
}
```",51,"noodles",40,"bell pepper",20,"poultry",30,"nuts or raisins",5,"zucchini",5,"sauce",10,NA,NA,NA,NA,NA,NA,NA,NA,NA,NA,NA,NA,NA,NA,NA,NA,NA,NA,"```json
{
    ""Noodles"": 30,
    ""Red Bell Pepper"": 20,
    ""Minced Chicken"": 15,
    ""Cashew"": 5,
    ""Zucchini"": 5,
    ""Remnants"": 10
}
```",51,"noodles",30,"bell pepper",20,"poultry",15,"nuts or raisins",5,"zucchini",5,NA,10,NA,NA,NA,NA,NA,NA,NA,NA,NA,NA,NA,NA,NA,NA,NA,NA,NA,NA,"```json
{
    ""Noodles"": 40,
    ""Red Bell Pepper"": 20,
    ""Minced Chicken"": 30,
    ""Cashew"": 5,
    ""Zucchini"": 5,
    ""Remnants"": 10
}
```",51,"noodles",40,"bell pepper",20,"poultry",30,"nuts or raisins",5,"zucchini",5,NA,10,NA,NA,NA,NA,NA,NA,NA,NA,NA,NA,NA,NA,NA,NA,NA,NA,NA,NA,"```json
{
    ""Noodles"": 40,
    ""Red Bell Pepper"": 20,
    ""Minced Chicken"": 30,
    ""Zucchini"": 5,
    ""Cashew"": 5,
    ""Sauce Remnants"": 10
}
```",51,"noodles",40,"bell pepper",20,"poultry",30,"zucchini",5,"nuts or raisins",5,"sauce",10,NA,NA,NA,NA,NA,NA,NA,NA,NA,NA,NA,NA,NA,NA,NA,NA,NA,NA,"```json
{
    ""Noodles"": 50,
    ""Red Bell Pepper"": 20,
    ""Minced Chicken"": 30,
    ""Zucchini"": 5,
    ""Cashew"": 5,
    ""Sauce"": 20
}
```",51,"noodles",50,"bell pepper",20,"poultry",30,"zucchini",5,"nuts or raisins",5,"sauce",20,NA,NA,NA,NA,NA,NA,NA,NA,NA,NA,NA,NA,NA,NA,NA,NA,"```json
{
    ""Noodles"": 40,
    ""Red Bell Pepper"": 20,
    ""Minced Chicken"": 30,
    ""Zucchini"": 5,
    ""Cashew"": 5,
    ""Sauce"": 10
}
```",51,"noodles",40,"bell pepper",20,"poultry",30,"zucchini",5,"nuts or raisins",5,"sauce",10,NA,NA,NA,NA,NA,NA,NA,NA,NA,NA,NA,NA,NA,NA,NA,NA,NA,NA,"```json
{
    ""Noodles"": 40,
    ""Red Bell Pepper"": 20,
    ""Minced Chicken"": 30,
    ""Zucchini"": 5,
    ""Cashew"": 5,
    ""Sauce"": 10
}
```",51,"noodles",40,"bell pepper",20,"poultry",30,"zucchini",5,"nuts or raisins",5,"sauce",10,NA,NA,NA,NA,NA,NA,NA,NA,NA,NA,NA,NA,NA,NA,NA,NA,NA,NA,"```json
{
    ""Garlic cloves"": 3,
    ""Ginger"": 30,
    ""Zucchini"": 10,
    ""Bell pepper"": 15,
    ""Red pepper"": 10,
    ""Minced chicken"": 20,
    ""Sweet Asian sauce"": 0,
    ""Soy sauce"": 0,
    ""Noodles"": 20,
    ""Cashew"": 5,
    ""Sunflower oil"": 0
}
```",51,"garlic",3,"seasoning",30,"zucchini",10,"bell pepper",15,"peppers",10,"poultry",20,"sauce",0,"sauce",0,"noodles",20,"nuts or raisins",5,"fats or oils",0,NA,NA,NA,NA,NA,NA,"```json
{
    ""Noodles"": 40,
    ""Minced Chicken"": 30,
    ""Red Bell Pepper"": 20,
    ""Zucchini Slice"": 5,
    ""Sauce"": 10
}
```",51,"noodles",40,"poultry",30,"bell pepper",20,"zucchini",5,"sauce",10,NA,NA,NA,NA,NA,NA,"```json
{
    ""Noodles"": 40,
    ""Minced Chicken"": 30,
    ""Red Bell Pepper"": 20,
    ""Zucchini Slice"": 5,
    ""Sauce"": 10
}
```",51,"noodles",40,"poultry",30,"bell pepper",20,"zucchini",5,"sauce",10,NA,NA,NA,NA,NA,NA,"```json
{
    ""Noodles"": 40,
    ""Minced Chicken"": 30,
    ""Red Bell Pepper"": 20,
    ""Zucchini Slice"": 5,
    ""Sauce"": 10
}
```",51,"noodles",40,"poultry",30,"bell pepper",20,"zucchini",5,"sauce",10,NA,NA,NA,NA,NA,NA,"```json
{
    ""Noodles"": 40,
    ""Minced Chicken"": 30,
    ""Red Bell Peppers"": 20,
    ""Zucchini Slice"": 5,
    ""Sauce"": 10
}
```",51,"noodles",40,"poultry",30,"bell pepper",20,"zucchini",5,"sauce",10,NA,NA,NA,NA,NA,NA,"```json
{
    ""Noodles"": 40,
    ""Minced Chicken"": 30,
    ""Red Bell Peppers"": 20,
    ""Zucchini Slice"": 5,
    ""Sauce"": 50
}
```",51,"noodles",40,"poultry",30,"bell pepper",20,"zucchini",5,"sauce",50,NA,NA,NA,NA,NA,NA,145,110,-26,26,110,-26,26,110,-26,26,85,-1,1,110,-26,26,110,-26,26,130,-46,46,110,-26,26,110,-26,26,113,-29,29,105,-21,21,105,-21,21,105,-21,21,105,-21,21,-61,61,5,0,5,0,6,0,5,0,5,0,6,0,6,0,6,0,6,0,10,0,5,0,5,0,5,0,5,0,5,0
"One-tray chicken breast in apricot marinade
with Brussels sprouts, sweet potato and gochujang mayo dip","Mariam","45585","HähnchenbrustAprikosen",1,"50%-30%","26,3",677,851,174,"One-Tray Hähnchenbrust in Aprikosen-Marinade
mit Rosenkohl, Süßkartoffel und Gochujang-Mayo-Dip","https://www.hellofresh.de/recipes/asiatisches-stir-fry-vom-blech-mit-hahnchenbrust-64e860854e40d5c6cb1a51ee","Mitja_Sun_Meal3_1.jpg",2,"poultry","potatoes or fries","seeds or other toppings","root vegetables","garlic","sauce","spices","sauce","dairy (cream)","fats or oils",NA,NA,NA,NA,NA,"250g Chicken Breast; 1  Sweet Potato; 150g Brussels Sprouts; 2  Carrot; 1  Garlic cloves; 50g Apricot Chutney; 25g Gochujang; 12.5ml Soy Sauce; 50g Mayonnaise; 1.5 tablespoon oil"," Chicken Breast;  Sweet Potato;  Brussels Sprouts;  Carrot;  Garlic ; Apricot Chutney; Gochujang; .Soy Sauce; Mayonnaise;  oil",174,174,"```json
{
    ""Chicken Breast"": 80,
    ""Sweet Potato"": 50,
    ""Brussels Sprouts"": 30,
    ""Carrot"": 20,
    ""Garlic"": 5,
    ""Apricot Chutney"": 10,
    ""Gochujang"": 10,
    ""Soy Sauce"": 5,
    ""Mayonnaise"": 20,
    ""Oil"": 5
}
```",64,"poultry",80,"potatoes or fries",50,"seeds or other toppings",30,"root vegetables",20,"garlic",5,"sauce",10,"spices",10,"sauce",5,"dairy (cream)",20,"fats or oils",5,NA,NA,NA,NA,NA,NA,NA,NA,NA,NA,"```json
{
    ""Chicken Breast"": 50,
    ""Sweet Potato"": 40,
    ""Brussels Sprouts"": 20,
    ""Carrot"": 15,
    ""Garlic"": 5,
    ""Apricot Chutney"": 10,
    ""Gochujang"": 10,
    ""Soy Sauce"": 5,
    ""Mayonnaise"": 20,
    ""Oil"": 5
}
```",64,"poultry",50,"potatoes or fries",40,"seeds or other toppings",20,"root vegetables",15,"garlic",5,"sauce",10,"spices",10,"sauce",5,"dairy (cream)",20,"fats or oils",5,NA,NA,NA,NA,NA,NA,NA,NA,NA,NA,"```json
{
    ""Chicken Breast"": 50,
    ""Sweet Potato"": 40,
    ""Brussels Sprouts"": 20,
    ""Carrot"": 15,
    ""Garlic"": 5,
    ""Apricot Chutney"": 10,
    ""Gochujang"": 10,
    ""Soy Sauce"": 5,
    ""Mayonnaise"": 20,
    ""Oil"": 5
}
```",64,"poultry",50,"potatoes or fries",40,"seeds or other toppings",20,"root vegetables",15,"garlic",5,"sauce",10,"spices",10,"sauce",5,"dairy (cream)",20,"fats or oils",5,NA,NA,NA,NA,NA,NA,NA,NA,NA,NA,"```json
{
    ""Chicken Breast"": 50,
    ""Sweet Potato"": 40,
    ""Brussels Sprouts"": 20,
    ""Carrot"": 15,
    ""Garlic"": 5,
    ""Apricot Chutney"": 10,
    ""Gochujang"": 10,
    ""Soy Sauce"": 5,
    ""Mayonnaise"": 20,
    ""Oil"": 5
}
```",64,"poultry",50,"potatoes or fries",40,"seeds or other toppings",20,"root vegetables",15,"garlic",5,"sauce",10,"spices",10,"sauce",5,"dairy (cream)",20,"fats or oils",5,NA,NA,NA,NA,NA,NA,NA,NA,NA,NA,"```json
{
    ""Chicken Breast"": 50,
    ""Sweet Potato"": 40,
    ""Brussels Sprouts"": 20,
    ""Carrot"": 15,
    ""Garlic"": 5,
    ""Apricot Chutney"": 10,
    ""Gochujang"": 10,
    ""Soy Sauce"": 5,
    ""Mayonnaise"": 20,
    ""Oil"": 5
}
```",64,"poultry",50,"potatoes or fries",40,"seeds or other toppings",20,"root vegetables",15,"garlic",5,"sauce",10,"spices",10,"sauce",5,"dairy (cream)",20,"fats or oils",5,NA,NA,NA,NA,NA,NA,NA,NA,NA,NA,"```json
{
    ""Chicken Breast"": 50,
    ""Sweet Potato"": 40,
    ""Brussels Sprouts"": 30,
    ""Carrot"": 20,
    ""Apricot Chutney"": 0,
    ""Gochujang"": 0,
    ""Soy Sauce"": 0,
    ""Mayonnaise"": 20,
    ""Oil"": 0
}
```",64,"poultry",50,"potatoes or fries",40,"seeds or other toppings",30,"root vegetables",20,"sauce",0,"spices",0,"sauce",0,"dairy (cream)",20,"fats or oils",0,NA,NA,NA,NA,NA,NA,NA,NA,NA,NA,NA,NA,"```json
{
    ""Chicken Breast"": 50,
    ""Sweet Potato"": 40,
    ""Brussels Sprouts"": 30,
    ""Carrot"": 20,
    ""Apricot Chutney"": 0,
    ""Gochujang"": 0,
    ""Soy Sauce"": 0,
    ""Mayonnaise"": 30,
    ""Oil"": 0
}
```",64,"poultry",50,"potatoes or fries",40,"seeds or other toppings",30,"root vegetables",20,"sauce",0,"spices",0,"sauce",0,"dairy (cream)",30,"fats or oils",0,NA,NA,NA,NA,NA,NA,NA,NA,NA,NA,"```json
{
    ""Chicken Breast"": 50,
    ""Sweet Potato"": 40,
    ""Brussels Sprouts"": 30,
    ""Carrot"": 20,
    ""Apricot Chutney"": 0,
    ""Gochujang"": 0,
    ""Soy Sauce"": 0,
    ""Mayonnaise"": 30,
    ""Oil"": 0
}
```",64,"poultry",50,"potatoes or fries",40,"seeds or other toppings",30,"root vegetables",20,"sauce",0,"spices",0,"sauce",0,"dairy (cream)",30,"fats or oils",0,NA,NA,NA,NA,NA,NA,NA,NA,NA,NA,NA,NA,"```json
{
    ""Chicken Breast"": 50,
    ""Sweet Potato"": 40,
    ""Brussels Sprouts"": 30,
    ""Carrot"": 20,
    ""Apricot Chutney"": 0,
    ""Gochujang"": 0,
    ""Soy Sauce"": 0,
    ""Mayonnaise"": 30,
    ""Oil"": 0
}
```",64,"poultry",50,"potatoes or fries",40,"seeds or other toppings",30,"root vegetables",20,"sauce",0,"spices",0,"sauce",0,"dairy (cream)",30,"fats or oils",0,NA,NA,NA,NA,NA,NA,NA,NA,NA,NA,NA,NA,"```json
{
    ""Chicken Breast"": 50,
    ""Sweet Potato"": 40,
    ""Brussels Sprouts"": 30,
    ""Carrot"": 20,
    ""Apricot Chutney"": 10,
    ""Gochujang"": 10,
    ""Mayonnaise"": 20
}
```",64,"poultry",50,"potatoes or fries",40,"seeds or other toppings",30,"root vegetables",20,"sauce",10,"spices",10,"dairy (cream)",20,NA,NA,NA,NA,NA,NA,NA,NA,NA,NA,NA,NA,NA,NA,"```json
{
    ""Chicken breast"": 80,
    ""Brussels sprouts"": 20,
    ""Sweet potato"": 30,
    ""Gochujang mayo dip"": 15,
    ""Apricot marinade remnants"": 10
}
```",64,"poultry",80,"seeds or other toppings",20,"potatoes or fries",30,"spices",15,"sauce",10,NA,NA,NA,NA,NA,NA,"```json
{
    ""Chicken breast"": 80,
    ""Brussels sprouts"": 20,
    ""Sweet potato"": 30,
    ""Gochujang mayo dip"": 15,
    ""Apricot marinade remnants"": 10
}
```",64,"poultry",80,"seeds or other toppings",20,"potatoes or fries",30,"spices",15,"sauce",10,NA,NA,NA,NA,NA,NA,"```json
{
    ""Chicken Breast"": 50,
    ""Brussels Sprouts"": 20,
    ""Sweet Potato"": 30,
    ""Gochujang Mayo Dip"": 15,
    ""Apricot Marinade"": 10
}
```",64,"poultry",50,"seeds or other toppings",20,"potatoes or fries",30,"spices",15,"sauce",10,NA,NA,NA,NA,NA,NA,"```json
{
    ""Chicken breast"": 50,
    ""Brussels sprouts"": 20,
    ""Sweet potato"": 30,
    ""Gochujang mayo dip"": 15,
    ""Apricot marinade remnants"": 10
}
```",64,"poultry",50,"seeds or other toppings",20,"potatoes or fries",30,"spices",15,"sauce",10,NA,NA,NA,NA,NA,NA,"```json
{
    ""Chicken Breast"": 50,
    ""Brussels Sprouts"": 20,
    ""Sweet Potato"": 30,
    ""Gochujang Mayo Dip"": 15,
    ""Apricot Marinade"": 10
}
```",64,"poultry",50,"seeds or other toppings",20,"potatoes or fries",30,"spices",15,"sauce",10,NA,NA,NA,NA,NA,NA,125,235,-61,61,180,-6,6,180,-6,6,180,-6,6,180,-6,6,160,14,14,170,4,4,170,4,4,170,4,4,180,-6,6,155,19,19,155,19,19,125,49,49,125,49,49,49,49,9,0,9,0,9,0,9,0,9,0,8,0,8,0,8,0,8,0,7,0,5,0,5,0,5,0,5,0,5,0
"One-tray chicken breast in apricot marinade
with Brussels sprouts, sweet potato and gochujang mayo dip","Mariam","45585","HähnchenbrustAprikosen",1,"10%-30%","26,3",677,770,93,"One-Tray Hähnchenbrust in Aprikosen-Marinade
mit Rosenkohl, Süßkartoffel und Gochujang-Mayo-Dip","https://www.hellofresh.de/recipes/asiatisches-stir-fry-vom-blech-mit-hahnchenbrust-64e860854e40d5c6cb1a51ee","Mitja_Sun_Meal3_2.jpg",2,"poultry","potatoes or fries","seeds or other toppings","root vegetables","garlic","sauce","spices","sauce","dairy (cream)","fats or oils",NA,NA,NA,NA,NA,"250g Chicken Breast; 1  Sweet Potato; 150g Brussels Sprouts; 2  Carrot; 1  Garlic cloves; 50g Apricot Chutney; 25g Gochujang; 12.5ml Soy Sauce; 50g Mayonnaise; 1.5 tablespoon oil"," Chicken Breast;  Sweet Potato;  Brussels Sprouts;  Carrot;  Garlic ; Apricot Chutney; Gochujang; .Soy Sauce; Mayonnaise;  oil",93,93,"```json
{
    ""Chicken Breast"": 30,
    ""Sweet Potato"": 20,
    ""Brussels Sprouts"": 10,
    ""Carrot"": 5,
    ""Garlic"": 2,
    ""Apricot Chutney"": 5,
    ""Gochujang"": 5,
    ""Soy Sauce"": 5,
    ""Mayonnaise"": 5,
    ""Oil"": 5
}
```",65,"poultry",30,"potatoes or fries",20,"seeds or other toppings",10,"root vegetables",5,"garlic",2,"sauce",5,"spices",5,"sauce",5,"dairy (cream)",5,"fats or oils",5,NA,NA,NA,NA,NA,NA,NA,NA,NA,NA,"```json
{
    ""Chicken Breast"": 30,
    ""Sweet Potato"": 20,
    ""Brussels Sprouts"": 10,
    ""Carrot"": 5,
    ""Garlic"": 2,
    ""Apricot Chutney"": 5,
    ""Gochujang"": 5,
    ""Soy Sauce"": 5,
    ""Mayonnaise"": 5,
    ""Oil"": 5
}
```",65,"poultry",30,"potatoes or fries",20,"seeds or other toppings",10,"root vegetables",5,"garlic",2,"sauce",5,"spices",5,"sauce",5,"dairy (cream)",5,"fats or oils",5,NA,NA,NA,NA,NA,NA,NA,NA,NA,NA,"```json
{
    ""Chicken Breast"": 30,
    ""Sweet Potato"": 20,
    ""Brussels Sprouts"": 10,
    ""Carrot"": 5,
    ""Garlic"": 2,
    ""Apricot Chutney"": 5,
    ""Gochujang"": 5,
    ""Soy Sauce"": 5,
    ""Mayonnaise"": 5,
    ""Oil"": 5
}
```",65,"poultry",30,"potatoes or fries",20,"seeds or other toppings",10,"root vegetables",5,"garlic",2,"sauce",5,"spices",5,"sauce",5,"dairy (cream)",5,"fats or oils",5,NA,NA,NA,NA,NA,NA,NA,NA,NA,NA,"```json
{
    ""Chicken Breast"": 30,
    ""Sweet Potato"": 20,
    ""Brussels Sprouts"": 10,
    ""Carrot"": 5,
    ""Garlic"": 2,
    ""Apricot Chutney"": 5,
    ""Gochujang"": 5,
    ""Soy Sauce"": 5,
    ""Mayonnaise"": 5,
    ""Oil"": 5
}
```",65,"poultry",30,"potatoes or fries",20,"seeds or other toppings",10,"root vegetables",5,"garlic",2,"sauce",5,"spices",5,"sauce",5,"dairy (cream)",5,"fats or oils",5,NA,NA,NA,NA,NA,NA,NA,NA,NA,NA,"```json
{
    ""Chicken Breast"": 30,
    ""Sweet Potato"": 20,
    ""Brussels Sprouts"": 10,
    ""Carrot"": 5,
    ""Garlic"": 2,
    ""Apricot Chutney"": 5,
    ""Gochujang"": 5,
    ""Soy Sauce"": 5,
    ""Mayonnaise"": 5,
    ""Oil"": 3
}
```",65,"poultry",30,"potatoes or fries",20,"seeds or other toppings",10,"root vegetables",5,"garlic",2,"sauce",5,"spices",5,"sauce",5,"dairy (cream)",5,"fats or oils",3,NA,NA,NA,NA,NA,NA,NA,NA,NA,NA,"```json
{
    ""Chicken Breast"": 30,
    ""Sweet Potato"": 20,
    ""Brussels Sprouts"": 10,
    ""Sauce/Remnants"": 15
}
```",65,"poultry",30,"potatoes or fries",20,"seeds or other toppings",10,"sauce",15,NA,NA,NA,NA,NA,NA,NA,NA,NA,NA,NA,NA,NA,NA,NA,NA,NA,NA,NA,NA,NA,NA,"```json
{
    ""Chicken Breast"": 30,
    ""Sweet Potato"": 20,
    ""Brussels Sprouts"": 10,
    ""Carrot"": 0,
    ""Garlic"": 0,
    ""Apricot Chutney"": 0,
    ""Gochujang"": 0,
    ""Soy Sauce"": 0,
    ""Mayonnaise"": 10,
    ""Oil"": 0
}
```",65,"poultry",30,"potatoes or fries",20,"seeds or other toppings",10,"root vegetables",0,"garlic",0,"sauce",0,"spices",0,"sauce",0,"dairy (cream)",10,"fats or oils",0,NA,NA,NA,NA,NA,NA,NA,NA,"```json
{
    ""Chicken Breast"": 30,
    ""Sweet Potato"": 20,
    ""Brussels Sprouts"": 10,
    ""Carrot"": 0,
    ""Garlic"": 0,
    ""Apricot Chutney"": 0,
    ""Gochujang"": 0,
    ""Soy Sauce"": 0,
    ""Mayonnaise"": 10,
    ""Oil"": 0
}
```",65,"poultry",30,"potatoes or fries",20,"seeds or other toppings",10,"root vegetables",0,"garlic",0,"sauce",0,"spices",0,"sauce",0,"dairy (cream)",10,"fats or oils",0,NA,NA,NA,NA,NA,NA,NA,NA,NA,NA,"```json
{
    ""Chicken Breast"": 30,
    ""Sweet Potato"": 20,
    ""Brussels Sprouts"": 10,
    ""Carrot"": 0,
    ""Garlic"": 0,
    ""Apricot Chutney"": 0,
    ""Gochujang"": 0,
    ""Soy Sauce"": 0,
    ""Mayonnaise"": 10,
    ""Oil"": 0
}
```",65,"poultry",30,"potatoes or fries",20,"seeds or other toppings",10,"root vegetables",0,"garlic",0,"sauce",0,"spices",0,"sauce",0,"dairy (cream)",10,"fats or oils",0,NA,NA,NA,NA,NA,NA,NA,NA,NA,NA,"```json
{
    ""Chicken Breast"": 30,
    ""Sweet Potato"": 20,
    ""Brussels Sprouts"": 10,
    ""Carrot"": 0,
    ""Garlic"": 0,
    ""Apricot Chutney"": 0,
    ""Gochujang"": 0,
    ""Soy Sauce"": 0,
    ""Mayonnaise"": 10,
    ""Oil"": 0
}
```",65,"poultry",30,"potatoes or fries",20,"seeds or other toppings",10,"root vegetables",0,"garlic",0,"sauce",0,"spices",0,"sauce",0,"dairy (cream)",10,"fats or oils",0,NA,NA,NA,NA,NA,NA,NA,NA,"```json
{
    ""Chicken breast"": 30,
    ""Brussels sprouts"": 10,
    ""Sweet potato"": 15,
    ""Gochujang mayo dip"": 10,
    ""Sauce remnants"": 5
}
```",65,"poultry",30,"seeds or other toppings",10,"potatoes or fries",15,"spices",10,"sauce",5,NA,NA,NA,NA,NA,NA,"```json
{
    ""Chicken breast"": 30,
    ""Brussels sprouts"": 10,
    ""Sweet potato"": 15,
    ""Gochujang mayo dip"": 10,
    ""Sauce remnants"": 5
}
```",65,"poultry",30,"seeds or other toppings",10,"potatoes or fries",15,"spices",10,"sauce",5,NA,NA,NA,NA,NA,NA,"```json
{
    ""Chicken breast"": 30,
    ""Brussels sprouts"": 10,
    ""Sweet potato"": 15,
    ""Gochujang mayo dip"": 10,
    ""Sauce remnants"": 5
}
```",65,"poultry",30,"seeds or other toppings",10,"potatoes or fries",15,"spices",10,"sauce",5,NA,NA,NA,NA,NA,NA,"```json
{
    ""Chicken breast"": 30,
    ""Brussels sprouts"": 10,
    ""Sweet potato"": 15,
    ""Gochujang mayo dip"": 10,
    ""Sauce remnants"": 5
}
```",65,"poultry",30,"seeds or other toppings",10,"potatoes or fries",15,"spices",10,"sauce",5,NA,NA,NA,NA,NA,NA,"```json
{
    ""Chicken breast"": 30,
    ""Brussels sprouts"": 10,
    ""Sweet potato"": 15,
    ""Gochujang mayo dip"": 10,
    ""Sauce remnants"": 5
}
```",65,"poultry",30,"seeds or other toppings",10,"potatoes or fries",15,"spices",10,"sauce",5,NA,NA,NA,NA,NA,NA,70,92,1,1,92,1,1,92,1,1,92,1,1,90,3,3,75,18,18,70,23,23,70,23,23,70,23,23,70,23,23,70,23,23,70,23,23,70,23,23,70,23,23,23,23,9,0,9,0,9,0,9,0,9,0,4,0,9,0,9,0,9,0,9,0,5,0,5,0,5,0,5,0,5,0
"One-tray chicken breast in apricot marinade
with Brussels sprouts, sweet potato and gochujang mayo dip","Mariam","45585","HähnchenbrustAprikosen",1,"finished","26,3",677,695,18,"One-Tray Hähnchenbrust in Aprikosen-Marinade
mit Rosenkohl, Süßkartoffel und Gochujang-Mayo-Dip","https://www.hellofresh.de/recipes/asiatisches-stir-fry-vom-blech-mit-hahnchenbrust-64e860854e40d5c6cb1a51ee","Mitja_Sun_Meal3_3.jpg",2,"poultry","potatoes or fries","seeds or other toppings","root vegetables","garlic","sauce","spices","sauce","dairy (cream)","fats or oils",NA,NA,NA,NA,NA,"250g Chicken Breast; 1  Sweet Potato; 150g Brussels Sprouts; 2  Carrot; 1  Garlic cloves; 50g Apricot Chutney; 25g Gochujang; 12.5ml Soy Sauce; 50g Mayonnaise; 1.5 tablespoon oil"," Chicken Breast;  Sweet Potato;  Brussels Sprouts;  Carrot;  Garlic ; Apricot Chutney; Gochujang; .Soy Sauce; Mayonnaise;  oil",18,18,"```json
{
  ""Remnants"": 0
}
```",66,NA,0,NA,NA,NA,NA,NA,NA,NA,NA,NA,NA,NA,NA,NA,NA,NA,NA,NA,NA,NA,NA,NA,NA,NA,NA,NA,NA,NA,NA,"```json
{
  ""Remnants"": 0 grams
}
```",66,NA,0,NA,NA,NA,NA,NA,NA,NA,NA,NA,NA,NA,NA,NA,NA,NA,NA,NA,NA,NA,NA,NA,NA,NA,NA,NA,NA,NA,NA,"```json
{
  ""Remnants"": 0 grams
}
```",66,NA,0,NA,NA,NA,NA,NA,NA,NA,NA,NA,NA,NA,NA,NA,NA,NA,NA,NA,NA,NA,NA,NA,NA,NA,NA,NA,NA,NA,NA,"```json
{
  ""Remnants"": 0 grams
}
```",66,NA,0,NA,NA,NA,NA,NA,NA,NA,NA,NA,NA,NA,NA,NA,NA,NA,NA,NA,NA,NA,NA,NA,NA,NA,NA,NA,NA,NA,NA,"```json
{
  ""Remnants"": 0 grams
}
```",66,NA,0,NA,NA,NA,NA,NA,NA,NA,NA,NA,NA,NA,NA,NA,NA,NA,NA,NA,NA,NA,NA,NA,NA,NA,NA,NA,NA,NA,NA,"```json
{
  ""Remnants"": 0 grams
}
```",66,NA,0,NA,NA,NA,NA,NA,NA,NA,NA,NA,NA,NA,NA,NA,NA,NA,NA,NA,NA,NA,NA,NA,NA,NA,NA,NA,NA,NA,NA,"```json
{
  ""Remnants"": 0 grams
}
```",66,NA,0,NA,NA,NA,NA,NA,NA,NA,NA,NA,NA,NA,NA,NA,NA,NA,NA,NA,NA,NA,NA,NA,NA,NA,NA,NA,NA,"```json
{
  ""Remnants"": 0
}
```",66,NA,0,NA,NA,NA,NA,NA,NA,NA,NA,NA,NA,NA,NA,NA,NA,NA,NA,NA,NA,NA,NA,NA,NA,NA,NA,NA,NA,NA,NA,"```json
{
  ""Remnants"": 0 grams
}
```",66,NA,0,NA,NA,NA,NA,NA,NA,NA,NA,NA,NA,NA,NA,NA,NA,NA,NA,NA,NA,NA,NA,NA,NA,NA,NA,NA,NA,NA,NA,"```json
{
  ""Remnants"": 0
}
```",66,NA,0,NA,NA,NA,NA,NA,NA,NA,NA,NA,NA,NA,NA,NA,NA,NA,NA,NA,NA,NA,NA,NA,NA,NA,NA,NA,NA,"```json
{
  ""Remnants"": 0
}
```",66,NA,0,NA,NA,NA,NA,NA,NA,NA,NA,NA,NA,NA,NA,NA,NA,"```json
{
  ""Remnants"": 0
}
```",66,NA,0,NA,NA,NA,NA,NA,NA,NA,NA,NA,NA,NA,NA,NA,NA,"```json
{
  ""Remnants"": 0 grams
}
```",66,NA,0,NA,NA,NA,NA,NA,NA,NA,NA,NA,NA,NA,NA,NA,NA,"```json
{
  ""Remnants"": 0
}
```",66,NA,0,NA,NA,NA,NA,NA,NA,NA,NA,NA,NA,NA,NA,NA,NA,"```json
{
  ""Remnants"": 0
}
```",66,NA,0,NA,NA,NA,NA,NA,NA,NA,NA,NA,NA,NA,NA,NA,NA,0,0,18,18,0,18,18,0,18,18,0,18,18,0,18,18,0,18,18,0,18,18,0,18,18,0,18,18,0,18,18,0,18,18,0,18,18,0,18,18,0,18,18,18,18,0,0,0,0,0,0,0,0,0,0,0,0,0,0,0,0,0,0,0,0,0,0,0,0,0,0,0,0,0,0
"One-tray chicken breast in apricot marinade
with Brussels sprouts, sweet potato and gochujang mayo dip","Mariam","45585","HähnchenbrustAprikosen",2,"50%-30%","26,3",675,814,139,"One-Tray Hähnchenbrust in Aprikosen-Marinade
mit Rosenkohl, Süßkartoffel und Gochujang-Mayo-Dip","https://www.hellofresh.de/recipes/asiatisches-stir-fry-vom-blech-mit-hahnchenbrust-64e860854e40d5c6cb1a51ee","Mariam_Sun_Meal3_1.jpg",2,"poultry","potatoes or fries","seeds or other toppings","root vegetables","garlic","sauce","spices","sauce","dairy (cream)","fats or oils",NA,NA,NA,NA,NA,"250g Chicken Breast; 1  Sweet Potato; 150g Brussels Sprouts; 2  Carrot; 1  Garlic cloves; 50g Apricot Chutney; 25g Gochujang; 12.5ml Soy Sauce; 50g Mayonnaise; 1.5 tablespoon oil"," Chicken Breast;  Sweet Potato;  Brussels Sprouts;  Carrot;  Garlic ; Apricot Chutney; Gochujang; .Soy Sauce; Mayonnaise;  oil",139,139,"```json
{
    ""Chicken Breast"": 30,
    ""Sweet Potato"": 40,
    ""Brussels Sprouts"": 5,
    ""Carrot"": 10,
    ""Garlic"": 2,
    ""Apricot Chutney"": 5,
    ""Gochujang"": 10,
    ""Soy Sauce"": 5,
    ""Mayonnaise"": 15,
    ""Oil"": 5
}
```",28,"poultry",30,"potatoes or fries",40,"seeds or other toppings",5,"root vegetables",10,"garlic",2,"sauce",5,"spices",10,"sauce",5,"dairy (cream)",15,"fats or oils",5,NA,NA,NA,NA,NA,NA,NA,NA,NA,NA,"```json
{
    ""Chicken Breast"": 30,
    ""Sweet Potato"": 40,
    ""Brussels Sprouts"": 5,
    ""Carrot"": 10,
    ""Garlic"": 2,
    ""Apricot Chutney"": 5,
    ""Gochujang"": 5,
    ""Soy Sauce"": 5,
    ""Mayonnaise"": 10,
    ""Oil"": 3
}
```",28,"poultry",30,"potatoes or fries",40,"seeds or other toppings",5,"root vegetables",10,"garlic",2,"sauce",5,"spices",5,"sauce",5,"dairy (cream)",10,"fats or oils",3,NA,NA,NA,NA,NA,NA,NA,NA,NA,NA,"```json
{
    ""Chicken Breast"": 30,
    ""Sweet Potato"": 40,
    ""Brussels Sprouts"": 5,
    ""Carrot"": 10,
    ""Garlic"": 2,
    ""Apricot Chutney"": 5,
    ""Gochujang"": 10,
    ""Soy Sauce"": 5,
    ""Mayonnaise"": 15,
    ""Oil"": 5
}
```",28,"poultry",30,"potatoes or fries",40,"seeds or other toppings",5,"root vegetables",10,"garlic",2,"sauce",5,"spices",10,"sauce",5,"dairy (cream)",15,"fats or oils",5,NA,NA,NA,NA,NA,NA,NA,NA,NA,NA,"```json
{
    ""Chicken Breast"": 40,
    ""Sweet Potato"": 30,
    ""Brussels Sprouts"": 5,
    ""Carrot"": 10,
    ""Garlic"": 2,
    ""Apricot Chutney"": 5,
    ""Gochujang"": 5,
    ""Soy Sauce"": 5,
    ""Mayonnaise"": 10,
    ""Oil"": 3
}
```",28,"poultry",40,"potatoes or fries",30,"seeds or other toppings",5,"root vegetables",10,"garlic",2,"sauce",5,"spices",5,"sauce",5,"dairy (cream)",10,"fats or oils",3,NA,NA,NA,NA,NA,NA,NA,NA,NA,NA,"```json
{
    ""Chicken Breast"": 30,
    ""Sweet Potato"": 40,
    ""Brussels Sprouts"": 5,
    ""Carrot"": 10,
    ""Garlic"": 2,
    ""Apricot Chutney"": 5,
    ""Gochujang"": 10,
    ""Soy Sauce"": 5,
    ""Mayonnaise"": 15,
    ""Oil"": 5
}
```",28,"poultry",30,"potatoes or fries",40,"seeds or other toppings",5,"root vegetables",10,"garlic",2,"sauce",5,"spices",10,"sauce",5,"dairy (cream)",15,"fats or oils",5,NA,NA,NA,NA,NA,NA,NA,NA,NA,NA,"```json
{
    ""Chicken Breast"": 30,
    ""Sweet Potato"": 40,
    ""Brussels Sprouts"": 5,
    ""Carrot"": 10,
    ""Apricot Chutney"": 5,
    ""Gochujang"": 10,
    ""Mayonnaise"": 20,
    ""Remnants"": 0
}
```",28,"poultry",30,"potatoes or fries",40,"seeds or other toppings",5,"root vegetables",10,"sauce",5,"spices",10,"dairy (cream)",20,NA,0,NA,NA,NA,NA,NA,NA,NA,NA,NA,NA,NA,NA,NA,NA,"```json
{
    ""Chicken Breast"": 30,
    ""Sweet Potato"": 40,
    ""Brussels Sprouts"": 5,
    ""Carrot"": 10,
    ""Apricot Chutney"": 5,
    ""Gochujang"": 10,
    ""Mayonnaise"": 20,
    ""Remnants"": 0
}
```",28,"poultry",30,"potatoes or fries",40,"seeds or other toppings",5,"root vegetables",10,"sauce",5,"spices",10,"dairy (cream)",20,NA,0,NA,NA,NA,NA,NA,NA,NA,NA,NA,NA,NA,NA,"```json
{
    ""Chicken Breast"": 30,
    ""Sweet Potato"": 40,
    ""Brussels Sprouts"": 5,
    ""Carrot"": 10,
    ""Apricot Chutney"": 5,
    ""Gochujang"": 10,
    ""Mayonnaise"": 20,
    ""Remnants"": 0
}
```",28,"poultry",30,"potatoes or fries",40,"seeds or other toppings",5,"root vegetables",10,"sauce",5,"spices",10,"dairy (cream)",20,NA,0,NA,NA,NA,NA,NA,NA,NA,NA,NA,NA,NA,NA,NA,NA,"```json
{
    ""Chicken Breast"": 30,
    ""Sweet Potato"": 40,
    ""Brussels Sprouts"": 5,
    ""Carrot"": 10,
    ""Apricot Chutney"": 5,
    ""Gochujang"": 10,
    ""Mayonnaise"": 20,
    ""Remnants"": 0
}
```",28,"poultry",30,"potatoes or fries",40,"seeds or other toppings",5,"root vegetables",10,"sauce",5,"spices",10,"dairy (cream)",20,NA,0,NA,NA,NA,NA,NA,NA,NA,NA,NA,NA,NA,NA,NA,NA,"```json
{
    ""Chicken Breast"": 30,
    ""Sweet Potato"": 40,
    ""Brussels Sprouts"": 5,
    ""Carrot"": 10,
    ""Apricot Chutney"": 5,
    ""Gochujang"": 10,
    ""Mayonnaise"": 20,
    ""Remnants"": 0
}
```",28,"poultry",30,"potatoes or fries",40,"seeds or other toppings",5,"root vegetables",10,"sauce",5,"spices",10,"dairy (cream)",20,NA,0,NA,NA,NA,NA,NA,NA,NA,NA,NA,NA,NA,NA,"```json
{
    ""Chicken breast"": 40,
    ""Sweet potato"": 30,
    ""Brussels sprouts"": 5,
    ""Gochujang mayo dip"": 10,
    ""Apricot marinade remnants"": 0
}
```",28,"poultry",40,"potatoes or fries",30,"seeds or other toppings",5,"spices",10,"sauce",0,NA,NA,NA,NA,NA,NA,"```json
{
    ""Chicken breast"": 30,
    ""Sweet potato"": 40,
    ""Brussels sprouts"": 5,
    ""Gochujang mayo dip"": 15,
    ""Apricot marinade remnants"": 0
}
```",28,"poultry",30,"potatoes or fries",40,"seeds or other toppings",5,"spices",15,"sauce",0,NA,NA,NA,NA,NA,NA,"```json
{
    ""Chicken Breast"": 30,
    ""Sweet Potato"": 40,
    ""Brussels Sprouts"": 5,
    ""Gochujang Mayo Dip"": 15,
    ""Apricot Marinade"": 10
}
```",28,"poultry",30,"potatoes or fries",40,"seeds or other toppings",5,"spices",15,"sauce",10,NA,NA,NA,NA,NA,NA,"```json
{
    ""Chicken Breast"": 30,
    ""Sweet Potato"": 40,
    ""Brussels Sprouts"": 5,
    ""Apricot Marinade"": 10,
    ""Gochujang Mayo Dip"": 15
}
```",28,"poultry",30,"potatoes or fries",40,"seeds or other toppings",5,"sauce",10,"spices",15,NA,NA,NA,NA,NA,NA,"```json
{
    ""Chicken breast"": 40,
    ""Sweet potato"": 30,
    ""Brussels sprouts"": 5,
    ""Gochujang mayo dip"": 10,
    ""Apricot marinade remnants"": 5
}
```",28,"poultry",40,"potatoes or fries",30,"seeds or other toppings",5,"spices",10,"sauce",5,NA,NA,NA,NA,NA,NA,90,127,12,12,115,24,24,127,12,12,115,24,24,127,12,12,120,19,19,120,19,19,120,19,19,120,19,19,120,19,19,85,54,54,90,49,49,100,39,39,100,39,39,49,49,9,0,9,0,9,0,9,0,9,0,7,0,7,0,7,0,7,0,7,0,5,0,5,0,5,0,5,0,5,0
"One-tray chicken breast in apricot marinade
with Brussels sprouts, sweet potato and gochujang mayo dip","Mariam","45585","HähnchenbrustAprikosen",2,"10%-30%","26,3",675,754,79,"One-Tray Hähnchenbrust in Aprikosen-Marinade
mit Rosenkohl, Süßkartoffel und Gochujang-Mayo-Dip","https://www.hellofresh.de/recipes/asiatisches-stir-fry-vom-blech-mit-hahnchenbrust-64e860854e40d5c6cb1a51ee","Mariam_Sun_Meal3_2.jpg",2,"poultry","potatoes or fries","seeds or other toppings","root vegetables","garlic","sauce","spices","sauce","dairy (cream)","fats or oils",NA,NA,NA,NA,NA,"250g Chicken Breast; 1  Sweet Potato; 150g Brussels Sprouts; 2  Carrot; 1  Garlic cloves; 50g Apricot Chutney; 25g Gochujang; 12.5ml Soy Sauce; 50g Mayonnaise; 1.5 tablespoon oil"," Chicken Breast;  Sweet Potato;  Brussels Sprouts;  Carrot;  Garlic ; Apricot Chutney; Gochujang; .Soy Sauce; Mayonnaise;  oil",79,79,"```json
{
    ""Chicken Breast"": 30,
    ""Sweet Potato"": 20,
    ""Brussels Sprouts"": 5,
    ""Carrot"": 5,
    ""Garlic"": 2,
    ""Apricot Chutney"": 5,
    ""Gochujang"": 5,
    ""Soy Sauce"": 3,
    ""Mayonnaise"": 10,
    ""Oil"": 2
}
```",29,"poultry",30,"potatoes or fries",20,"seeds or other toppings",5,"root vegetables",5,"garlic",2,"sauce",5,"spices",5,"sauce",3,"dairy (cream)",10,"fats or oils",2,NA,NA,NA,NA,NA,NA,NA,NA,NA,NA,"```json
{
    ""Chicken Breast"": 30,
    ""Sweet Potato"": 20,
    ""Brussels Sprouts"": 5,
    ""Carrot"": 5,
    ""Garlic"": 2,
    ""Apricot Chutney"": 5,
    ""Gochujang"": 5,
    ""Soy Sauce"": 3,
    ""Mayonnaise"": 10,
    ""Oil"": 2
}
```",29,"poultry",30,"potatoes or fries",20,"seeds or other toppings",5,"root vegetables",5,"garlic",2,"sauce",5,"spices",5,"sauce",3,"dairy (cream)",10,"fats or oils",2,NA,NA,NA,NA,NA,NA,NA,NA,NA,NA,"```json
{
    ""Chicken Breast"": 30,
    ""Sweet Potato"": 20,
    ""Brussels Sprouts"": 5,
    ""Carrot"": 5,
    ""Garlic"": 2,
    ""Apricot Chutney"": 5,
    ""Gochujang"": 5,
    ""Soy Sauce"": 3,
    ""Mayonnaise"": 10,
    ""Oil"": 2
}
```",29,"poultry",30,"potatoes or fries",20,"seeds or other toppings",5,"root vegetables",5,"garlic",2,"sauce",5,"spices",5,"sauce",3,"dairy (cream)",10,"fats or oils",2,NA,NA,NA,NA,NA,NA,NA,NA,NA,NA,"```json
{
    ""Chicken Breast"": 30,
    ""Sweet Potato"": 20,
    ""Brussels Sprouts"": 5,
    ""Carrot"": 5,
    ""Garlic"": 2,
    ""Apricot Chutney"": 5,
    ""Gochujang"": 5,
    ""Soy Sauce"": 3,
    ""Mayonnaise"": 10,
    ""Oil"": 2
}
```",29,"poultry",30,"potatoes or fries",20,"seeds or other toppings",5,"root vegetables",5,"garlic",2,"sauce",5,"spices",5,"sauce",3,"dairy (cream)",10,"fats or oils",2,NA,NA,NA,NA,NA,NA,NA,NA,NA,NA,"```json
{
    ""Chicken Breast"": 30,
    ""Sweet Potato"": 20,
    ""Brussels Sprouts"": 5,
    ""Carrot"": 5,
    ""Garlic"": 2,
    ""Apricot Chutney"": 5,
    ""Gochujang"": 5,
    ""Soy Sauce"": 3,
    ""Mayonnaise"": 10,
    ""Oil"": 2
}
```",29,"poultry",30,"potatoes or fries",20,"seeds or other toppings",5,"root vegetables",5,"garlic",2,"sauce",5,"spices",5,"sauce",3,"dairy (cream)",10,"fats or oils",2,NA,NA,NA,NA,NA,NA,NA,NA,NA,NA,"```json
{
    ""Chicken Breast"": 30,
    ""Sweet Potato"": 20,
    ""Brussels Sprouts"": 5,
    ""Carrot"": 5,
    ""Apricot Chutney"": 5,
    ""Gochujang"": 5,
    ""Mayonnaise"": 10,
    ""Remnants"": 0
}
```",29,"poultry",30,"potatoes or fries",20,"seeds or other toppings",5,"root vegetables",5,"sauce",5,"spices",5,"dairy (cream)",10,NA,0,NA,NA,NA,NA,NA,NA,NA,NA,NA,NA,NA,NA,NA,NA,"```json
{
    ""Chicken Breast"": 30,
    ""Sweet Potato"": 20,
    ""Brussels Sprouts"": 5,
    ""Carrot"": 5,
    ""Apricot Chutney"": 0,
    ""Gochujang"": 0,
    ""Soy Sauce"": 0,
    ""Mayonnaise"": 10,
    ""Oil"": 0
}
```",29,"poultry",30,"potatoes or fries",20,"seeds or other toppings",5,"root vegetables",5,"sauce",0,"spices",0,"sauce",0,"dairy (cream)",10,"fats or oils",0,NA,NA,NA,NA,NA,NA,NA,NA,NA,NA,"```json
{
    ""Chicken Breast"": 30,
    ""Sweet Potato"": 20,
    ""Brussels Sprouts"": 5,
    ""Carrot"": 5,
    ""Apricot Chutney"": 0,
    ""Gochujang"": 0,
    ""Soy Sauce"": 0,
    ""Mayonnaise"": 10,
    ""Oil"": 0
}
```",29,"poultry",30,"potatoes or fries",20,"seeds or other toppings",5,"root vegetables",5,"sauce",0,"spices",0,"sauce",0,"dairy (cream)",10,"fats or oils",0,NA,NA,NA,NA,NA,NA,NA,NA,NA,NA,NA,NA,"```json
{
    ""Chicken Breast"": 30,
    ""Sweet Potato"": 20,
    ""Brussels Sprouts"": 5,
    ""Carrot"": 5,
    ""Apricot Chutney"": 5,
    ""Gochujang"": 5,
    ""Remnants"": 0
}
```",29,"poultry",30,"potatoes or fries",20,"seeds or other toppings",5,"root vegetables",5,"sauce",5,"spices",5,NA,0,NA,NA,NA,NA,NA,NA,NA,NA,NA,NA,NA,NA,NA,NA,NA,NA,"```json
{
    ""Chicken Breast"": 30,
    ""Sweet Potato"": 20,
    ""Brussels Sprouts"": 5,
    ""Carrot"": 5,
    ""Apricot Chutney"": 0,
    ""Gochujang"": 0,
    ""Soy Sauce"": 0,
    ""Mayonnaise"": 10,
    ""Oil"": 0
}
```",29,"poultry",30,"potatoes or fries",20,"seeds or other toppings",5,"root vegetables",5,"sauce",0,"spices",0,"sauce",0,"dairy (cream)",10,"fats or oils",0,NA,NA,NA,NA,NA,NA,NA,NA,NA,NA,"```json
{
    ""Chicken breast"": 30,
    ""Brussels sprouts"": 5,
    ""Sweet potato"": 15,
    ""Gochujang mayo dip"": 10,
    ""Apricot marinade remnants"": 5
}
```",29,"poultry",30,"seeds or other toppings",5,"potatoes or fries",15,"spices",10,"sauce",5,NA,NA,NA,NA,NA,NA,"```json
{
    ""Chicken breast"": 30,
    ""Brussels sprouts"": 5,
    ""Sweet potato"": 15,
    ""Apricot marinade remnants"": 5,
    ""Gochujang mayo dip"": 10
}
```",29,"poultry",30,"seeds or other toppings",5,"potatoes or fries",15,"sauce",5,"spices",10,NA,NA,NA,NA,NA,NA,"```json
{
    ""Chicken breast"": 30,
    ""Brussels sprouts"": 5,
    ""Sweet potato"": 15,
    ""Gochujang mayo dip"": 10,
    ""Apricot marinade remnants"": 5
}
```",29,"poultry",30,"seeds or other toppings",5,"potatoes or fries",15,"spices",10,"sauce",5,NA,NA,NA,NA,NA,NA,"```json
{
    ""Chicken Breast"": 30,
    ""Brussels Sprouts"": 5,
    ""Sweet Potato"": 15,
    ""Apricot Marinade"": 5,
    ""Gochujang Mayo Dip"": 10,
    ""Remnants"": 0
}
```",29,"poultry",30,"seeds or other toppings",5,"potatoes or fries",15,"sauce",5,"spices",10,NA,0,NA,NA,NA,NA,"```json
{
    ""Chicken breast"": 30,
    ""Brussels sprouts"": 5,
    ""Sweet potato"": 15,
    ""Apricot marinade remnants"": 5,
    ""Gochujang mayo dip"": 10
}
```",29,"poultry",30,"seeds or other toppings",5,"potatoes or fries",15,"sauce",5,"spices",10,NA,NA,NA,NA,NA,NA,65,87,-8,8,87,-8,8,87,-8,8,87,-8,8,87,-8,8,80,-1,1,70,9,9,70,9,9,70,9,9,70,9,9,65,14,14,65,14,14,65,14,14,65,14,14,14,14,9,0,9,0,9,0,9,0,9,0,7,0,8,0,8,0,6,0,8,0,5,0,5,0,5,0,5,0,5,0
"One-tray chicken breast in apricot marinade
with Brussels sprouts, sweet potato and gochujang mayo dip","Mariam","45585","HähnchenbrustAprikosen",2,"finished","26,3",675,681,6,"One-Tray Hähnchenbrust in Aprikosen-Marinade
mit Rosenkohl, Süßkartoffel und Gochujang-Mayo-Dip","https://www.hellofresh.de/recipes/asiatisches-stir-fry-vom-blech-mit-hahnchenbrust-64e860854e40d5c6cb1a51ee","Mariam_Sun_Meal3_3.jpg",2,"poultry","potatoes or fries","seeds or other toppings","root vegetables","garlic","sauce","spices","sauce","dairy (cream)","fats or oils",NA,NA,NA,NA,NA,"250g Chicken Breast; 1  Sweet Potato; 150g Brussels Sprouts; 2  Carrot; 1  Garlic cloves; 50g Apricot Chutney; 25g Gochujang; 12.5ml Soy Sauce; 50g Mayonnaise; 1.5 tablespoon oil"," Chicken Breast;  Sweet Potato;  Brussels Sprouts;  Carrot;  Garlic ; Apricot Chutney; Gochujang; .Soy Sauce; Mayonnaise;  oil",6,6,"```json
{
  ""Remnants"": 0
}
```",30,NA,0,NA,NA,NA,NA,NA,NA,NA,NA,NA,NA,NA,NA,NA,NA,NA,NA,NA,NA,NA,NA,NA,NA,NA,NA,NA,NA,NA,NA,"```json
{
  ""Remnants"": 0
}
```",30,NA,0,NA,NA,NA,NA,NA,NA,NA,NA,NA,NA,NA,NA,NA,NA,NA,NA,NA,NA,NA,NA,NA,NA,NA,NA,NA,NA,NA,NA,"```json
{
  ""Remnants"": 0
}
```",30,NA,0,NA,NA,NA,NA,NA,NA,NA,NA,NA,NA,NA,NA,NA,NA,NA,NA,NA,NA,NA,NA,NA,NA,NA,NA,NA,NA,NA,NA,"```json
{
    ""Remnants"": 0 grams
}
```",30,NA,0,NA,NA,NA,NA,NA,NA,NA,NA,NA,NA,NA,NA,NA,NA,NA,NA,NA,NA,NA,NA,NA,NA,NA,NA,NA,NA,NA,NA,"```json
{
  ""Remnants"": 0
}
```",30,NA,0,NA,NA,NA,NA,NA,NA,NA,NA,NA,NA,NA,NA,NA,NA,NA,NA,NA,NA,NA,NA,NA,NA,NA,NA,NA,NA,NA,NA,"```json
{
  ""Remnants"": 0 grams
}
```",30,NA,0,NA,NA,NA,NA,NA,NA,NA,NA,NA,NA,NA,NA,NA,NA,NA,NA,NA,NA,NA,NA,NA,NA,NA,NA,NA,NA,NA,NA,"```json
{
  ""Remnants"": 0 grams
}
```",30,NA,0,NA,NA,NA,NA,NA,NA,NA,NA,NA,NA,NA,NA,NA,NA,NA,NA,NA,NA,NA,NA,NA,NA,NA,NA,NA,NA,"```json
{
  ""Remnants"": 0
}
```",30,NA,0,NA,NA,NA,NA,NA,NA,NA,NA,NA,NA,NA,NA,NA,NA,NA,NA,NA,NA,NA,NA,NA,NA,NA,NA,NA,NA,NA,NA,"```json
{
  ""Remnants"": 0 grams
}
```",30,NA,0,NA,NA,NA,NA,NA,NA,NA,NA,NA,NA,NA,NA,NA,NA,NA,NA,NA,NA,NA,NA,NA,NA,NA,NA,NA,NA,NA,NA,"```json
{
  ""Remnants"": 0
}
```",30,NA,0,NA,NA,NA,NA,NA,NA,NA,NA,NA,NA,NA,NA,NA,NA,NA,NA,NA,NA,NA,NA,NA,NA,NA,NA,NA,NA,"```json
{
  ""Remnants"": 0
}
```",30,NA,0,NA,NA,NA,NA,NA,NA,NA,NA,NA,NA,NA,NA,NA,NA,"```json
{
  ""Remnants"": 0
}
```",30,NA,0,NA,NA,NA,NA,NA,NA,NA,NA,NA,NA,NA,NA,NA,NA,"```json
{
  ""Remnants"": 0
}
```",30,NA,0,NA,NA,NA,NA,NA,NA,NA,NA,NA,NA,NA,NA,NA,NA,"```json
{
  ""Remnants"": 0 grams
}
```",30,NA,0,NA,NA,NA,NA,NA,NA,NA,NA,NA,NA,NA,NA,NA,NA,"```json
{
  ""Remnants"": 0 grams
}
```",30,NA,0,NA,NA,NA,NA,NA,NA,NA,NA,NA,NA,NA,NA,NA,NA,0,0,6,6,0,6,6,0,6,6,0,6,6,0,6,6,0,6,6,0,6,6,0,6,6,0,6,6,0,6,6,0,6,6,0,6,6,0,6,6,0,6,6,6,6,0,0,0,0,0,0,0,0,0,0,0,0,0,0,0,0,0,0,0,0,0,0,0,0,0,0,0,0,0,0
"Orzo with roasted vegetables and whole wheat garlic bread","Erica","Saturday","OrzoGroente",1,"1","26.7",714,911,197,"Orzo met geroosterde groenten en volkoren knoflookbrood","https://www.hellofresh.nl/recipes/orzo-met-geroosterde-groenten-en-volkoren-knoflookbrood-6669a42fbd13e7439ddc08f0","Erica_OrzoGroente_1_1.jpg",3,"herbs","peppers","zucchini","eggplant","pasta","onion","garlic","tomatoes","cheese","bread(crumbs)","fats or oils","spices","vinaigrette",NA,NA,"15g Basil; 2  Red Pointed Pepper; 2  Zucchini; 1 Eggplant; 115g Orzo; 1  Onion; 3 Garlic cloves; 300g Passata; 75g White Cheese; 1.5  Ciabatta; 6 tablespoon olive oil; 1.5 teaspoon sugar; 1.5 tablespoon balsamico","Basil;  Red Pointed Pepper;  Zucchini; Eggplant;  Orzo;  Onion; Garlic ;  Passata; White Cheese;  Ciabatta;  olive oil;  sugar;  balsamico",197,197,"```json
{
    ""Basil"": 5,
    ""Red Pointed Pepper"": 15,
    ""Zucchini"": 20,
    ""Eggplant"": 20,
    ""Orzo"": 30,
    ""Whole Wheat Garlic Bread"": 15,
    ""Passata"": 25,
    ""White Cheese"": 10
}
```",19,"herbs",5,"peppers",15,"zucchini",20,"eggplant",20,"pasta",30,"bread(crumbs)",15,"tomatoes",25,"cheese",10,NA,NA,NA,NA,NA,NA,NA,NA,NA,NA,NA,NA,NA,NA,"```json
{
    ""Basil"": ""5 grams"",
    ""Red Pointed Pepper"": ""15 grams"",
    ""Zucchini"": ""20 grams"",
    ""Eggplant"": ""20 grams"",
    ""Orzo"": ""30 grams"",
    ""Whole Wheat Garlic Bread"": ""15 grams"",
    ""Passata"": ""25 grams"",
    ""White Cheese"": ""10 grams""
}
```",19,"herbs",5,"peppers",15,"zucchini",20,"eggplant",20,"pasta",30,"bread(crumbs)",15,"tomatoes",25,"cheese",10,NA,NA,NA,NA,NA,NA,NA,NA,NA,NA,NA,NA,NA,NA,"```json
{
    ""Basil"": 5,
    ""Red Pointed Pepper"": 15,
    ""Zucchini"": 20,
    ""Eggplant"": 20,
    ""Orzo"": 30,
    ""Whole Wheat Garlic Bread"": 15,
    ""Passata"": 25,
    ""White Cheese"": 10
}
```",19,"herbs",5,"peppers",15,"zucchini",20,"eggplant",20,"pasta",30,"bread(crumbs)",15,"tomatoes",25,"cheese",10,NA,NA,NA,NA,NA,NA,NA,NA,NA,NA,NA,NA,NA,NA,"```json
{
    ""Basil"": 5,
    ""Red Pointed Pepper"": 15,
    ""Zucchini"": 20,
    ""Eggplant"": 20,
    ""Orzo"": 30,
    ""Whole Wheat Garlic Bread"": 25,
    ""Passata"": 30,
    ""White Cheese"": 10
}
```",19,"herbs",5,"peppers",15,"zucchini",20,"eggplant",20,"pasta",30,"bread(crumbs)",25,"tomatoes",30,"cheese",10,NA,NA,NA,NA,NA,NA,NA,NA,NA,NA,NA,NA,NA,NA,"```json
{
    ""Basil"": 5,
    ""Red Pointed Pepper"": 15,
    ""Zucchini"": 20,
    ""Eggplant"": 20,
    ""Orzo"": 30,
    ""Whole Wheat Garlic Bread"": 15,
    ""Passata"": 25,
    ""White Cheese"": 10
}
```",19,"herbs",5,"peppers",15,"zucchini",20,"eggplant",20,"pasta",30,"bread(crumbs)",15,"tomatoes",25,"cheese",10,NA,NA,NA,NA,NA,NA,NA,NA,NA,NA,NA,NA,NA,NA,"```json
{
    ""Basil"": 5,
    ""Red Pointed Pepper"": 10,
    ""Zucchini"": 15,
    ""Eggplant"": 15,
    ""Orzo"": 20,
    ""Passata"": 30,
    ""White Cheese"": 10,
    ""Whole Wheat Bread"": 20
}
```",19,"herbs",5,"peppers",10,"zucchini",15,"eggplant",15,"pasta",20,"tomatoes",30,"cheese",10,"bread(crumbs)",20,NA,NA,NA,NA,NA,NA,NA,NA,NA,NA,NA,NA,NA,NA,"```json
{
    ""Basil"": 5,
    ""Red Pointed Pepper"": 15,
    ""Zucchini"": 20,
    ""Eggplant"": 15,
    ""Orzo"": 30,
    ""Passata"": 20,
    ""White Cheese"": 10,
    ""Whole Wheat Bread"": 20
}
```",19,"herbs",5,"peppers",15,"zucchini",20,"eggplant",15,"pasta",30,"tomatoes",20,"cheese",10,"bread(crumbs)",20,NA,NA,NA,NA,NA,NA,NA,NA,NA,NA,NA,NA,"```json
{
    ""Basil"": 5,
    ""Red Pointed Pepper"": 15,
    ""Zucchini"": 20,
    ""Eggplant"": 20,
    ""Orzo"": 30,
    ""Passata"": 40,
    ""White Cheese"": 10,
    ""Whole Wheat Bread"": 15
}
```",19,"herbs",5,"peppers",15,"zucchini",20,"eggplant",20,"pasta",30,"tomatoes",40,"cheese",10,"bread(crumbs)",15,NA,NA,NA,NA,NA,NA,NA,NA,NA,NA,NA,NA,NA,NA,"```json
{
    ""Basil"": 5,
    ""Red Pointed Pepper"": 10,
    ""Zucchini"": 15,
    ""Eggplant"": 10,
    ""Orzo"": 20,
    ""Passata"": 30,
    ""White Cheese"": 5,
    ""Whole Wheat Bread"": 15
}
```",19,"herbs",5,"peppers",10,"zucchini",15,"eggplant",10,"pasta",20,"tomatoes",30,"cheese",5,"bread(crumbs)",15,NA,NA,NA,NA,NA,NA,NA,NA,NA,NA,NA,NA,NA,NA,"```json
{
    ""Basil"": 5,
    ""Red Pointed Pepper"": 15,
    ""Zucchini"": 20,
    ""Eggplant"": 20,
    ""Orzo"": 30,
    ""Passata"": 40,
    ""White Cheese"": 10,
    ""Whole Wheat Bread"": 15
}
```",19,"herbs",5,"peppers",15,"zucchini",20,"eggplant",20,"pasta",30,"tomatoes",40,"cheese",10,"bread(crumbs)",15,NA,NA,NA,NA,NA,NA,NA,NA,NA,NA,NA,NA,"```json
{
    ""Orzo"": 40,
    ""Roasted Vegetables"": 60,
    ""Feta Cheese"": 10,
    ""Tomato Sauce"": 20,
    ""Basil"": 5,
    ""Whole Wheat Garlic Bread"": 30
}
```",19,"pasta",40,"vegetable mix",60,"cheese",10,"tomatoes",20,"herbs",5,"bread(crumbs)",30,NA,NA,NA,NA,"```json
{
    ""Orzo"": 30,
    ""Roasted Vegetables"": 50,
    ""Feta Cheese"": 10,
    ""Tomato Sauce"": 20,
    ""Basil"": 5,
    ""Whole Wheat Garlic Bread"": 20
}
```",19,"pasta",30,"vegetable mix",50,"cheese",10,"tomatoes",20,"herbs",5,"bread(crumbs)",20,NA,NA,NA,NA,"```json
{
    ""Orzo"": 40,
    ""Roasted Vegetables"": 60,
    ""Feta Cheese"": 10,
    ""Tomato Sauce"": 20,
    ""Basil"": 5,
    ""Whole Wheat Garlic Bread"": 30
}
```",19,"pasta",40,"vegetable mix",60,"cheese",10,"tomatoes",20,"herbs",5,"bread(crumbs)",30,NA,NA,NA,NA,"```json
{
    ""Orzo"": 30,
    ""Roasted Vegetables"": 50,
    ""Feta Cheese"": 10,
    ""Tomato Sauce"": 20,
    ""Basil"": 5,
    ""Whole Wheat Garlic Bread"": 20
}
```",19,"pasta",30,"vegetable mix",50,"cheese",10,"tomatoes",20,"herbs",5,"bread(crumbs)",20,NA,NA,NA,NA,"```json
{
    ""orzo"": 40,
    ""roasted vegetables"": 60,
    ""feta cheese"": 10,
    ""basil"": 5,
    ""tomato sauce"": 30,
    ""whole wheat garlic bread"": 20
}
```",19,"pasta",40,"vegetable mix",60,"cheese",10,"herbs",5,"tomatoes",30,"bread(crumbs)",20,NA,NA,NA,NA,165,140,57,57,140,57,57,140,57,57,155,42,42,140,57,57,125,72,72,135,62,62,155,42,42,110,87,87,155,42,42,165,32,32,135,62,62,165,32,32,135,62,62,32,32,8,0,8,0,8,0,8,0,8,0,8,0,8,0,8,0,8,0,8,0,5,1,5,1,5,1,5,1,5,1
"Orzo with roasted vegetables and whole wheat garlic bread","Erica","Saturday","OrzoGroente",2,"1","26.7",732,1118,386,"Orzo met geroosterde groenten en volkoren knoflookbrood","https://www.hellofresh.nl/recipes/orzo-met-geroosterde-groenten-en-volkoren-knoflookbrood-6669a42fbd13e7439ddc08f0","Erica_OrzoGroente_2_1.jpg",3,"herbs","peppers","zucchini","eggplant","pasta","onion","garlic","tomatoes","cheese","bread(crumbs)","fats or oils","spices","vinaigrette",NA,NA,"15g Basil; 2  Red Pointed Pepper; 2  Zucchini; 1 Eggplant; 115g Orzo; 1  Onion; 3 Garlic cloves; 300g Passata; 75g White Cheese; 1.5  Ciabatta; 6 tablespoon olive oil; 1.5 teaspoon sugar; 1.5 tablespoon balsamico","Basil;  Red Pointed Pepper;  Zucchini; Eggplant;  Orzo;  Onion; Garlic ;  Passata; White Cheese;  Ciabatta;  olive oil;  sugar;  balsamico",386,386,"```json
{
    ""Basil"": 5,
    ""Red Pointed Pepper"": 15,
    ""Zucchini"": 20,
    ""Eggplant"": 20,
    ""Orzo"": 30,
    ""White Cheese"": 10,
    ""Passata"": 10
}
```",22,"herbs",5,"peppers",15,"zucchini",20,"eggplant",20,"pasta",30,"cheese",10,"tomatoes",10,NA,NA,NA,NA,NA,NA,NA,NA,NA,NA,NA,NA,NA,NA,NA,NA,"```json
{
    ""Basil"": 5,
    ""Red Pointed Pepper"": 15,
    ""Zucchini"": 20,
    ""Eggplant"": 20,
    ""Orzo"": 25,
    ""White Cheese"": 10,
    ""Passata"": 10
}
```",22,"herbs",5,"peppers",15,"zucchini",20,"eggplant",20,"pasta",25,"cheese",10,"tomatoes",10,NA,NA,NA,NA,NA,NA,NA,NA,NA,NA,NA,NA,NA,NA,NA,NA,"```json
{
    ""Basil"": 5,
    ""Red Pointed Pepper"": 15,
    ""Zucchini"": 20,
    ""Eggplant"": 20,
    ""Orzo"": 30,
    ""White Cheese"": 10,
    ""Passata"": 10
}
```",22,"herbs",5,"peppers",15,"zucchini",20,"eggplant",20,"pasta",30,"cheese",10,"tomatoes",10,NA,NA,NA,NA,NA,NA,NA,NA,NA,NA,NA,NA,NA,NA,NA,NA,"```json
{
    ""Basil"": 5,
    ""Red Pointed Pepper"": 15,
    ""Zucchini"": 20,
    ""Eggplant"": 20,
    ""Orzo"": 30,
    ""White Cheese"": 10,
    ""Passata"": 10
}
```",22,"herbs",5,"peppers",15,"zucchini",20,"eggplant",20,"pasta",30,"cheese",10,"tomatoes",10,NA,NA,NA,NA,NA,NA,NA,NA,NA,NA,NA,NA,NA,NA,NA,NA,"```json
{
    ""Basil"": 5,
    ""Red Pointed Pepper"": 15,
    ""Zucchini"": 20,
    ""Eggplant"": 20,
    ""Orzo"": 30,
    ""White Cheese"": 10,
    ""Passata"": 10
}
```",22,"herbs",5,"peppers",15,"zucchini",20,"eggplant",20,"pasta",30,"cheese",10,"tomatoes",10,NA,NA,NA,NA,NA,NA,NA,NA,NA,NA,NA,NA,NA,NA,NA,NA,"```json
{
    ""Basil"": 5,
    ""Red Pointed Pepper"": 15,
    ""Zucchini"": 20,
    ""Eggplant"": 20,
    ""Orzo"": 30,
    ""White Cheese"": 10,
    ""Passata"": 10
}
```",22,"herbs",5,"peppers",15,"zucchini",20,"eggplant",20,"pasta",30,"cheese",10,"tomatoes",10,NA,NA,NA,NA,NA,NA,NA,NA,NA,NA,NA,NA,NA,NA,NA,NA,"```json
{
    ""Basil"": 5,
    ""Red Pointed Pepper"": 10,
    ""Zucchini"": 15,
    ""Eggplant"": 10,
    ""Orzo"": 20,
    ""White Cheese"": 5,
    ""Passata"": 10,
    ""Remnants"": 0
}
```",22,"herbs",5,"peppers",10,"zucchini",15,"eggplant",10,"pasta",20,"cheese",5,"tomatoes",10,NA,0,NA,NA,NA,NA,NA,NA,NA,NA,NA,NA,NA,NA,"```json
{
    ""Basil"": 5,
    ""Red Pointed Pepper"": 10,
    ""Zucchini"": 15,
    ""Eggplant"": 10,
    ""Orzo"": 20,
    ""White Cheese"": 5,
    ""Passata"": 10,
    ""Remnants"": 0
}
```",22,"herbs",5,"peppers",10,"zucchini",15,"eggplant",10,"pasta",20,"cheese",5,"tomatoes",10,NA,0,NA,NA,NA,NA,NA,NA,NA,NA,NA,NA,NA,NA,NA,NA,"```json
{
    ""Basil"": 5,
    ""Red Pointed Pepper"": 10,
    ""Zucchini"": 15,
    ""Eggplant"": 10,
    ""Orzo"": 20,
    ""White Cheese"": 5,
    ""Passata"": 10
}
```",22,"herbs",5,"peppers",10,"zucchini",15,"eggplant",10,"pasta",20,"cheese",5,"tomatoes",10,NA,NA,NA,NA,NA,NA,NA,NA,NA,NA,NA,NA,NA,NA,NA,NA,"```json
{
    ""Basil"": 5,
    ""Red Pointed Pepper"": 10,
    ""Zucchini"": 15,
    ""Eggplant"": 10,
    ""Orzo"": 20,
    ""White Cheese"": 5,
    ""Passata"": 10
}
```",22,"herbs",5,"peppers",10,"zucchini",15,"eggplant",10,"pasta",20,"cheese",5,"tomatoes",10,NA,NA,NA,NA,NA,NA,NA,NA,NA,NA,NA,NA,NA,NA,"```json
{
    ""Orzo"": 50,
    ""Eggplant"": 30,
    ""Zucchini"": 30,
    ""Red Bell Pepper"": 20,
    ""Basil"": 5,
    ""Tomato Sauce"": 15,
    ""Feta Cheese"": 10
}
```",22,"pasta",50,"eggplant",30,"zucchini",30,"bell pepper",20,"herbs",5,"tomatoes",15,"cheese",10,NA,NA,"```json
{
  ""Orzo"": 40,
  ""Eggplant"": 30,
  ""Zucchini"": 30,
  ""Red Bell Pepper"": 20,
  ""Basil"": 5,
  ""Tomato Sauce"": 15,
  ""Feta Cheese"": 10
}
```",22,"pasta",40,"eggplant",30,"zucchini",30,"bell pepper",20,"herbs",5,"tomatoes",15,"cheese",10,NA,NA,"```json
{
    ""Orzo"": 40,
    ""Eggplant"": 30,
    ""Zucchini"": 30,
    ""Red Bell Pepper"": 20,
    ""Basil"": 5,
    ""Tomato Sauce"": 15,
    ""Feta Cheese"": 10
}
```",22,"pasta",40,"eggplant",30,"zucchini",30,"bell pepper",20,"herbs",5,"tomatoes",15,"cheese",10,NA,NA,"```json
{
  ""Orzo"": 40,
  ""Eggplant"": 30,
  ""Zucchini"": 30,
  ""Red Bell Pepper"": 20,
  ""Basil"": 5,
  ""Tomato Sauce"": 15,
  ""Feta Cheese"": 10
}
```",22,"pasta",40,"eggplant",30,"zucchini",30,"bell pepper",20,"herbs",5,"tomatoes",15,"cheese",10,NA,NA,"```json
{
  ""Orzo"": 40,
  ""Eggplant"": 30,
  ""Zucchini"": 30,
  ""Red Bell Pepper"": 20,
  ""Basil"": 5,
  ""Tomato Sauce"": 15,
  ""Feta Cheese"": 10
}
```",22,"pasta",40,"eggplant",30,"zucchini",30,"bell pepper",20,"herbs",5,"tomatoes",15,"cheese",10,NA,NA,150,110,276,276,105,281,281,110,276,276,110,276,276,110,276,276,110,276,276,75,311,311,75,311,311,75,311,311,75,311,311,160,226,226,150,236,236,150,236,236,150,236,236,236,236,7,0,7,0,7,0,7,0,7,0,7,0,7,0,7,0,7,0,7,0,6,1,6,1,6,1,6,1,6,1
"Orzo with roasted vegetables and whole wheat garlic bread","Erica","Saturday","OrzoGroente",1,"2","26.7",714,798,84,"Orzo met geroosterde groenten en volkoren knoflookbrood","https://www.hellofresh.nl/recipes/orzo-met-geroosterde-groenten-en-volkoren-knoflookbrood-6669a42fbd13e7439ddc08f0","Erica_OrzoGroente_1_2.jpg",3,"herbs","peppers","zucchini","eggplant","pasta","onion","garlic","tomatoes","cheese","bread(crumbs)","fats or oils","spices","vinaigrette",NA,NA,"15g Basil; 2  Red Pointed Pepper; 2  Zucchini; 1 Eggplant; 115g Orzo; 1  Onion; 3 Garlic cloves; 300g Passata; 75g White Cheese; 1.5  Ciabatta; 6 tablespoon olive oil; 1.5 teaspoon sugar; 1.5 tablespoon balsamico","Basil;  Red Pointed Pepper;  Zucchini; Eggplant;  Orzo;  Onion; Garlic ;  Passata; White Cheese;  Ciabatta;  olive oil;  sugar;  balsamico",84,84,"```json
{
    ""Basil"": 1,
    ""Red Pointed Pepper"": 5,
    ""Zucchini"": 10,
    ""Eggplant"": 10,
    ""Orzo"": 15,
    ""Onion"": 5,
    ""Passata"": 10,
    ""White Cheese"": 5
}
```",20,"herbs",1,"peppers",5,"zucchini",10,"eggplant",10,"pasta",15,"onion",5,"tomatoes",10,"cheese",5,NA,NA,NA,NA,NA,NA,NA,NA,NA,NA,NA,NA,NA,NA,"```json
{
    ""Basil"": 2,
    ""Red Pointed Pepper"": 5,
    ""Zucchini"": 10,
    ""Eggplant"": 10,
    ""Orzo"": 15,
    ""Onion"": 5,
    ""Passata"": 5,
    ""White Cheese"": 5
}
```",20,"herbs",2,"peppers",5,"zucchini",10,"eggplant",10,"pasta",15,"onion",5,"tomatoes",5,"cheese",5,NA,NA,NA,NA,NA,NA,NA,NA,NA,NA,NA,NA,NA,NA,"```json
{
    ""Basil"": 1,
    ""Red Pointed Pepper"": 5,
    ""Zucchini"": 10,
    ""Eggplant"": 10,
    ""Orzo"": 15,
    ""Onion"": 5,
    ""Passata"": 5,
    ""White Cheese"": 5
}
```",20,"herbs",1,"peppers",5,"zucchini",10,"eggplant",10,"pasta",15,"onion",5,"tomatoes",5,"cheese",5,NA,NA,NA,NA,NA,NA,NA,NA,NA,NA,NA,NA,NA,NA,"```json
{
    ""Basil"": 1 gram,
    ""Red Pointed Pepper"": 5 grams,
    ""Zucchini"": 10 grams,
    ""Eggplant"": 10 grams,
    ""Orzo"": 15 grams,
    ""Onion"": 5 grams,
    ""Passata"": 10 grams,
    ""White Cheese"": 5 grams
}
```",20,"herbs",1,"peppers",5,"zucchini",10,"eggplant",10,"pasta",15,"onion",5,"tomatoes",10,"cheese",5,NA,NA,NA,NA,NA,NA,NA,NA,NA,NA,NA,NA,NA,NA,"```json
{
    ""Basil"": 1 gram,
    ""Red Pointed Pepper"": 5 grams,
    ""Zucchini"": 10 grams,
    ""Eggplant"": 10 grams,
    ""Orzo"": 15 grams,
    ""Onion"": 5 grams,
    ""Passata"": 5 grams,
    ""White Cheese"": 5 grams
}
```",20,"herbs",1,"peppers",5,"zucchini",10,"eggplant",10,"pasta",15,"onion",5,"tomatoes",5,"cheese",5,NA,NA,NA,NA,NA,NA,NA,NA,NA,NA,NA,NA,NA,NA,"```json
{
    ""Orzo"": 20,
    ""Red Pepper"": 10,
    ""Zucchini"": 15,
    ""Eggplant"": 10,
    ""Basil"": 2,
    ""White Cheese"": 5,
    ""Passata"": 10
}
```",20,"pasta",20,"peppers",10,"zucchini",15,"eggplant",10,"herbs",2,"cheese",5,"tomatoes",10,NA,NA,NA,NA,NA,NA,NA,NA,NA,NA,NA,NA,NA,NA,NA,NA,"```json
{
    ""Orzo"": 20,
    ""Red Pepper"": 10,
    ""Zucchini"": 15,
    ""Eggplant"": 10,
    ""Basil"": 2,
    ""White Cheese"": 5,
    ""Tomato Sauce"": 10
}
```",20,"pasta",20,"peppers",10,"zucchini",15,"eggplant",10,"herbs",2,"cheese",5,"tomatoes",10,NA,NA,NA,NA,NA,NA,NA,NA,NA,NA,NA,NA,NA,NA,"```json
{
    ""Orzo"": 20,
    ""Red Pepper"": 10,
    ""Zucchini"": 15,
    ""Eggplant"": 10,
    ""Basil"": 2,
    ""White Cheese"": 5,
    ""Passata"": 10,
    ""Remnants"": 0
}
```",20,"pasta",20,"peppers",10,"zucchini",15,"eggplant",10,"herbs",2,"cheese",5,"tomatoes",10,NA,0,NA,NA,NA,NA,NA,NA,NA,NA,NA,NA,NA,NA,NA,NA,"```json
{
    ""Orzo"": 20,
    ""Red Pepper"": 10,
    ""Zucchini"": 15,
    ""Eggplant"": 10,
    ""Basil"": 2,
    ""White Cheese"": 5,
    ""Passata"": 10,
    ""Remnants"": 0
}
```",20,"pasta",20,"peppers",10,"zucchini",15,"eggplant",10,"herbs",2,"cheese",5,"tomatoes",10,NA,0,NA,NA,NA,NA,NA,NA,NA,NA,NA,NA,NA,NA,NA,NA,"```json
{
    ""Basil"": 2,
    ""Red Pointed Pepper"": 5,
    ""Zucchini"": 10,
    ""Eggplant"": 5,
    ""Orzo"": 15,
    ""White Cheese"": 5,
    ""Passata"": 10,
    ""Remnants"": 0
}
```",20,"herbs",2,"peppers",5,"zucchini",10,"eggplant",5,"pasta",15,"cheese",5,"tomatoes",10,NA,0,NA,NA,NA,NA,NA,NA,NA,NA,NA,NA,NA,NA,"```json
{
    ""orzo"": 20,
    ""zucchini"": 15,
    ""red pepper"": 10,
    ""eggplant"": 10,
    ""tomato sauce"": 5,
    ""basil"": 2,
    ""goat cheese"": 5
}
```",20,"pasta",20,"zucchini",15,"peppers",10,"eggplant",10,"tomatoes",5,"herbs",2,"cheese",5,NA,NA,"```json
{
    ""Orzo"": 20,
    ""Roasted Vegetables"": 30,
    ""Cheese"": 5,
    ""Sauce Remnants"": 0
}
```",20,"pasta",20,"vegetable mix",30,"cheese",5,"sauce",0,NA,NA,NA,NA,NA,NA,NA,NA,"```json
{
    ""Orzo"": 15,
    ""Roasted Vegetables"": 20,
    ""Cheese"": 5,
    ""Sauce Remnants"": 0
}
```",20,"pasta",15,"vegetable mix",20,"cheese",5,"sauce",0,NA,NA,NA,NA,NA,NA,NA,NA,"```json
{
  ""Orzo"": 15,
  ""Roasted Vegetables"": 20,
  ""Cheese"": 5,
  ""Tomato Sauce"": 10,
  ""Remnants"": 0
}
```",20,"pasta",15,"vegetable mix",20,"cheese",5,"tomatoes",10,NA,0,NA,NA,NA,NA,NA,NA,"```json
{
    ""orzo"": 20,
    ""roasted vegetables"": 30,
    ""red pepper"": 10,
    ""zucchini"": 15,
    ""eggplant"": 10,
    ""basil"": 2,
    ""goat cheese"": 5,
    ""tomato sauce remnants"": 5
}
```",20,"pasta",20,"vegetable mix",30,"peppers",10,"zucchini",15,"eggplant",10,"herbs",2,"cheese",5,"tomatoes",5,97,61,23,23,57,27,27,56,28,28,61,23,23,56,28,28,72,12,12,72,12,12,72,12,12,72,12,12,52,32,32,67,17,17,55,29,29,40,44,44,50,34,34,-13,13,8,0,8,0,8,0,8,0,8,0,7,0,7,0,7,0,7,0,7,0,7,0,2,2,2,2,3,1,7,1
"Orzo with roasted vegetables and whole wheat garlic bread","Erica","Saturday","OrzoGroente",2,"2","26.7",732,914,182,"Orzo met geroosterde groenten en volkoren knoflookbrood","https://www.hellofresh.nl/recipes/orzo-met-geroosterde-groenten-en-volkoren-knoflookbrood-6669a42fbd13e7439ddc08f0","Erica_OrzoGroente_2_2.jpg",3,"herbs","peppers","zucchini","eggplant","pasta","onion","garlic","tomatoes","cheese","bread(crumbs)","fats or oils","spices","vinaigrette",NA,NA,"15g Basil; 2  Red Pointed Pepper; 2  Zucchini; 1 Eggplant; 115g Orzo; 1  Onion; 3 Garlic cloves; 300g Passata; 75g White Cheese; 1.5  Ciabatta; 6 tablespoon olive oil; 1.5 teaspoon sugar; 1.5 tablespoon balsamico","Basil;  Red Pointed Pepper;  Zucchini; Eggplant;  Orzo;  Onion; Garlic ;  Passata; White Cheese;  Ciabatta;  olive oil;  sugar;  balsamico",182,182,"```json
{
    ""Basil"": 2,
    ""Red Pointed Pepper"": 5,
    ""Zucchini"": 15,
    ""Eggplant"": 10,
    ""Orzo"": 10,
    ""Passata"": 5,
    ""Remnants"": 0
}
```",23,"herbs",2,"peppers",5,"zucchini",15,"eggplant",10,"pasta",10,"tomatoes",5,NA,0,NA,NA,NA,NA,NA,NA,NA,NA,NA,NA,NA,NA,NA,NA,NA,NA,"```json
{
    ""Basil"": 1,
    ""Red Pointed Pepper"": 5,
    ""Zucchini"": 15,
    ""Eggplant"": 10,
    ""Orzo"": 10,
    ""Passata"": 5,
    ""Remnants"": 0
}
```",23,"herbs",1,"peppers",5,"zucchini",15,"eggplant",10,"pasta",10,"tomatoes",5,NA,0,NA,NA,NA,NA,NA,NA,NA,NA,NA,NA,NA,NA,NA,NA,NA,NA,"```json
{
    ""Basil"": 1,
    ""Red Pointed Pepper"": 5,
    ""Zucchini"": 15,
    ""Eggplant"": 10,
    ""Orzo"": 20,
    ""Passata"": 5,
    ""Remnants"": 0
}
```",23,"herbs",1,"peppers",5,"zucchini",15,"eggplant",10,"pasta",20,"tomatoes",5,NA,0,NA,NA,NA,NA,NA,NA,NA,NA,NA,NA,NA,NA,NA,NA,NA,NA,"```json
{
    ""Basil"": 1,
    ""Red Pointed Pepper"": 5,
    ""Zucchini"": 15,
    ""Eggplant"": 10,
    ""Orzo"": 10,
    ""Passata"": 5,
    ""Remnants"": 0
}
```",23,"herbs",1,"peppers",5,"zucchini",15,"eggplant",10,"pasta",10,"tomatoes",5,NA,0,NA,NA,NA,NA,NA,NA,NA,NA,NA,NA,NA,NA,NA,NA,NA,NA,"```json
{
    ""Basil"": 2,
    ""Red Pointed Pepper"": 5,
    ""Zucchini"": 15,
    ""Eggplant"": 10,
    ""Orzo"": 10,
    ""Passata"": 5,
    ""Remnants"": 0
}
```",23,"herbs",2,"peppers",5,"zucchini",15,"eggplant",10,"pasta",10,"tomatoes",5,NA,0,NA,NA,NA,NA,NA,NA,NA,NA,NA,NA,NA,NA,NA,NA,NA,NA,"```json
{
    ""Zucchini"": 20,
    ""Red Pointed Pepper"": 10,
    ""Orzo"": 15,
    ""Eggplant"": 10,
    ""Passata"": 5,
    ""Basil"": 2
}
```",23,"zucchini",20,"peppers",10,"pasta",15,"eggplant",10,"tomatoes",5,"herbs",2,NA,NA,NA,NA,NA,NA,NA,NA,NA,NA,NA,NA,NA,NA,NA,NA,NA,NA,"```json
{
    ""Zucchini"": 20,
    ""Red Pointed Pepper"": 10,
    ""Orzo"": 15,
    ""Eggplant"": 10,
    ""Passata"": 5,
    ""Basil"": 2
}
```",23,"zucchini",20,"peppers",10,"pasta",15,"eggplant",10,"tomatoes",5,"herbs",2,NA,NA,NA,NA,NA,NA,NA,NA,NA,NA,NA,NA,NA,NA,NA,NA,"```json
{
    ""Zucchini"": 20,
    ""Red Pointed Pepper"": 10,
    ""Orzo"": 15,
    ""Eggplant"": 10,
    ""Passata"": 5,
    ""Basil"": 5
}
```",23,"zucchini",20,"peppers",10,"pasta",15,"eggplant",10,"tomatoes",5,"herbs",5,NA,NA,NA,NA,NA,NA,NA,NA,NA,NA,NA,NA,NA,NA,NA,NA,NA,NA,"```json
{
    ""Zucchini"": 20,
    ""Red Pepper"": 10,
    ""Eggplant"": 15,
    ""Orzo"": 10,
    ""Basil"": 5,
    ""Passata"": 5
}
```",23,"zucchini",20,"peppers",10,"eggplant",15,"pasta",10,"herbs",5,"tomatoes",5,NA,NA,NA,NA,NA,NA,NA,NA,NA,NA,NA,NA,NA,NA,NA,NA,NA,NA,"```json
{
    ""Zucchini"": 20,
    ""Red Pepper"": 10,
    ""Eggplant"": 15,
    ""Orzo"": 15,
    ""Basil"": 5,
    ""Passata"": 10
}
```",23,"zucchini",20,"peppers",10,"eggplant",15,"pasta",15,"herbs",5,"tomatoes",10,NA,NA,NA,NA,NA,NA,NA,NA,NA,NA,NA,NA,NA,NA,NA,NA,"```json
{
  ""orzo"": 15,
  ""zucchini"": 20,
  ""red bell pepper"": 10,
  ""eggplant"": 15,
  ""tomato sauce remnants"": 5
}
```",23,"pasta",15,"zucchini",20,"bell pepper",10,"eggplant",15,"tomatoes",5,NA,NA,NA,NA,NA,NA,"```json
{
    ""Orzo"": 15,
    ""Zucchini"": 20,
    ""Red Bell Pepper"": 10,
    ""Eggplant"": 15,
    ""Tomato Sauce"": 5,
    ""Remnants"": 0
}
```",23,"pasta",15,"zucchini",20,"bell pepper",10,"eggplant",15,"tomatoes",5,NA,0,NA,NA,NA,NA,"```json
{
    ""orzo"": 15,
    ""zucchini"": 20,
    ""eggplant"": 15,
    ""red bell pepper"": 10,
    ""tomato sauce remnants"": 5
}
```",23,"pasta",15,"zucchini",20,"eggplant",15,"bell pepper",10,"tomatoes",5,NA,NA,NA,NA,NA,NA,"```json
{
    ""Orzo"": 10,
    ""Zucchini"": 15,
    ""Red Bell Pepper"": 5,
    ""Eggplant"": 10,
    ""Tomato Sauce"": 5
}
```",23,"pasta",10,"zucchini",15,"bell pepper",5,"eggplant",10,"tomatoes",5,NA,NA,NA,NA,NA,NA,"```json
{
  ""orzo"": 15,
  ""zucchini"": 20,
  ""red bell pepper"": 10,
  ""eggplant"": 15,
  ""tomato sauce remnants"": 5
}
```",23,"pasta",15,"zucchini",20,"bell pepper",10,"eggplant",15,"tomatoes",5,NA,NA,NA,NA,NA,NA,65,47,135,135,46,136,136,56,126,126,46,136,136,47,135,135,62,120,120,62,120,120,65,117,117,65,117,117,75,107,107,65,117,117,65,117,117,65,117,117,45,137,137,117,117,6,0,6,0,6,0,6,0,6,0,6,0,6,0,6,0,6,0,6,0,4,1,4,1,4,1,4,1,4,1
"Orzo with roasted vegetables and whole wheat garlic bread","Erica","Saturday","OrzoGroente",1,"3","26.7",714,716,2,"Orzo met geroosterde groenten en volkoren knoflookbrood","https://www.hellofresh.nl/recipes/orzo-met-geroosterde-groenten-en-volkoren-knoflookbrood-6669a42fbd13e7439ddc08f0","Erica_OrzoGroente_1_3.jpg",3,"herbs","peppers","zucchini","eggplant","pasta","onion","garlic","tomatoes","cheese","bread(crumbs)","fats or oils","spices","vinaigrette",NA,NA,"15g Basil; 2  Red Pointed Pepper; 2  Zucchini; 1 Eggplant; 115g Orzo; 1  Onion; 3 Garlic cloves; 300g Passata; 75g White Cheese; 1.5  Ciabatta; 6 tablespoon olive oil; 1.5 teaspoon sugar; 1.5 tablespoon balsamico","Basil;  Red Pointed Pepper;  Zucchini; Eggplant;  Orzo;  Onion; Garlic ;  Passata; White Cheese;  Ciabatta;  olive oil;  sugar;  balsamico",2,2,"```json
{
  ""Remnants"": 0 grams
}
```",21,NA,0,NA,NA,NA,NA,NA,NA,NA,NA,NA,NA,NA,NA,NA,NA,NA,NA,NA,NA,NA,NA,NA,NA,NA,NA,NA,NA,NA,NA,"```json
{
  ""Remnants"": 0 grams
}
```",21,NA,0,NA,NA,NA,NA,NA,NA,NA,NA,NA,NA,NA,NA,NA,NA,NA,NA,NA,NA,NA,NA,NA,NA,NA,NA,NA,NA,NA,NA,"```json
{
  ""Remnants"": 0 grams
}
```",21,NA,0,NA,NA,NA,NA,NA,NA,NA,NA,NA,NA,NA,NA,NA,NA,NA,NA,NA,NA,NA,NA,NA,NA,NA,NA,NA,NA,NA,NA,"```json
{
  ""Remnants"": 0 grams
}
```",21,NA,0,NA,NA,NA,NA,NA,NA,NA,NA,NA,NA,NA,NA,NA,NA,NA,NA,NA,NA,NA,NA,NA,NA,NA,NA,NA,NA,NA,NA,"```json
{
  ""Remnants"": 0 grams
}
```",21,NA,0,NA,NA,NA,NA,NA,NA,NA,NA,NA,NA,NA,NA,NA,NA,NA,NA,NA,NA,NA,NA,NA,NA,NA,NA,NA,NA,NA,NA,"```json
{""Remnants"": 0 grams}
```",21,NA,NA,NA,NA,NA,NA,NA,NA,NA,NA,NA,NA,NA,NA,NA,NA,NA,NA,NA,NA,NA,NA,NA,NA,NA,NA,NA,NA,NA,NA,"```json
{
  ""Remnants"": 0 grams
}
```",21,NA,0,NA,NA,NA,NA,NA,NA,NA,NA,NA,NA,NA,NA,NA,NA,NA,NA,NA,NA,NA,NA,NA,NA,NA,NA,NA,NA,"```json
{
  ""Remnants"": 0 grams
}
```",21,NA,0,NA,NA,NA,NA,NA,NA,NA,NA,NA,NA,NA,NA,NA,NA,NA,NA,NA,NA,NA,NA,NA,NA,NA,NA,NA,NA,NA,NA,"```json
{
  ""Remnants"": 0 grams
}
```",21,NA,0,NA,NA,NA,NA,NA,NA,NA,NA,NA,NA,NA,NA,NA,NA,NA,NA,NA,NA,NA,NA,NA,NA,NA,NA,NA,NA,NA,NA,"```json
{
  ""Remnants"": 0 grams
}
```",21,NA,0,NA,NA,NA,NA,NA,NA,NA,NA,NA,NA,NA,NA,NA,NA,NA,NA,NA,NA,NA,NA,NA,NA,NA,NA,NA,NA,"```json
{""Remnants"": 0}
```",21,NA,NA,NA,NA,NA,NA,NA,NA,NA,NA,NA,NA,NA,NA,NA,NA,"```json
{""Remnants"": 0}
```",21,NA,NA,NA,NA,NA,NA,NA,NA,NA,NA,NA,NA,NA,NA,NA,NA,"```json
{""Remnants"": 0}
```",21,NA,NA,NA,NA,NA,NA,NA,NA,NA,NA,NA,NA,NA,NA,NA,NA,"```json
{
  ""Remnants"": 0
}
```",21,NA,0,NA,NA,NA,NA,NA,NA,NA,NA,NA,NA,NA,NA,NA,NA,"```json
{""Remnants"": 0}
```",21,NA,NA,NA,NA,NA,NA,NA,NA,NA,NA,NA,NA,NA,NA,NA,NA,0,0,2,2,0,2,2,0,2,2,0,2,2,0,2,2,0,2,2,0,2,2,0,2,2,0,2,2,0,2,2,0,2,2,0,2,2,0,2,2,0,2,2,2,2,0,0,0,0,0,0,0,0,0,0,0,0,0,0,0,0,0,0,0,0,0,0,0,0,0,0,0,0,0,0
"Orzo with roasted vegetables and whole wheat garlic bread","Erica","Saturday","OrzoGroente",2,"3","26.7",732,735,3,"Orzo met geroosterde groenten en volkoren knoflookbrood","https://www.hellofresh.nl/recipes/orzo-met-geroosterde-groenten-en-volkoren-knoflookbrood-6669a42fbd13e7439ddc08f0","Erica_OrzoGroente_2_3.jpg",3,"herbs","peppers","zucchini","eggplant","pasta","onion","garlic","tomatoes","cheese","bread(crumbs)","fats or oils","spices","vinaigrette",NA,NA,"15g Basil; 2  Red Pointed Pepper; 2  Zucchini; 1 Eggplant; 115g Orzo; 1  Onion; 3 Garlic cloves; 300g Passata; 75g White Cheese; 1.5  Ciabatta; 6 tablespoon olive oil; 1.5 teaspoon sugar; 1.5 tablespoon balsamico","Basil;  Red Pointed Pepper;  Zucchini; Eggplant;  Orzo;  Onion; Garlic ;  Passata; White Cheese;  Ciabatta;  olive oil;  sugar;  balsamico",3,3,"```json
{
  ""Remnants"": 0 grams
}
```",24,NA,0,NA,NA,NA,NA,NA,NA,NA,NA,NA,NA,NA,NA,NA,NA,NA,NA,NA,NA,NA,NA,NA,NA,NA,NA,NA,NA,NA,NA,"```json
{
  ""Remnants"": 0 grams
}
```",24,NA,0,NA,NA,NA,NA,NA,NA,NA,NA,NA,NA,NA,NA,NA,NA,NA,NA,NA,NA,NA,NA,NA,NA,NA,NA,NA,NA,NA,NA,"```json
{
  ""Remnants"": 0 grams
}
```",24,NA,0,NA,NA,NA,NA,NA,NA,NA,NA,NA,NA,NA,NA,NA,NA,NA,NA,NA,NA,NA,NA,NA,NA,NA,NA,NA,NA,NA,NA,"```json
{
  ""Remnants"": 0 grams
}
```",24,NA,0,NA,NA,NA,NA,NA,NA,NA,NA,NA,NA,NA,NA,NA,NA,NA,NA,NA,NA,NA,NA,NA,NA,NA,NA,NA,NA,NA,NA,"```json
{""Remnants"": 0}
```",24,NA,NA,NA,NA,NA,NA,NA,NA,NA,NA,NA,NA,NA,NA,NA,NA,NA,NA,NA,NA,NA,NA,NA,NA,NA,NA,NA,NA,NA,NA,"```json
{""Remnants"": 0 grams}
```",24,NA,NA,NA,NA,NA,NA,NA,NA,NA,NA,NA,NA,NA,NA,NA,NA,NA,NA,NA,NA,NA,NA,NA,NA,NA,NA,NA,NA,NA,NA,"```json
{""Remnants"": 0 grams}
```",24,NA,NA,NA,NA,NA,NA,NA,NA,NA,NA,NA,NA,NA,NA,NA,NA,NA,NA,NA,NA,NA,NA,NA,NA,NA,NA,NA,NA,"```json
{""Remnants"": 0 grams}
```",24,NA,NA,NA,NA,NA,NA,NA,NA,NA,NA,NA,NA,NA,NA,NA,NA,NA,NA,NA,NA,NA,NA,NA,NA,NA,NA,NA,NA,NA,NA,"```json
{
  ""Remnants"": 0
}
```",24,NA,0,NA,NA,NA,NA,NA,NA,NA,NA,NA,NA,NA,NA,NA,NA,NA,NA,NA,NA,NA,NA,NA,NA,NA,NA,NA,NA,NA,NA,"```json
{""Remnants"": 0 grams}
```",24,NA,NA,NA,NA,NA,NA,NA,NA,NA,NA,NA,NA,NA,NA,NA,NA,NA,NA,NA,NA,NA,NA,NA,NA,NA,NA,NA,NA,"```json
{
  ""Remnants"": 0
}
```",24,NA,0,NA,NA,NA,NA,NA,NA,NA,NA,NA,NA,NA,NA,NA,NA,"```json
{
  ""Remnants"": 0
}
```",24,NA,0,NA,NA,NA,NA,NA,NA,NA,NA,NA,NA,NA,NA,NA,NA,"```json
{""Remnants"": 0 grams}
```",24,NA,NA,NA,NA,NA,NA,NA,NA,NA,NA,NA,NA,NA,NA,NA,NA,"```json
{""Remnants"": 0 grams}
```",24,NA,NA,NA,NA,NA,NA,NA,NA,NA,NA,NA,NA,NA,NA,NA,NA,"```json
{""Remnants"": 0 grams}
```",24,NA,NA,NA,NA,NA,NA,NA,NA,NA,NA,NA,NA,NA,NA,NA,NA,0,0,3,3,0,3,3,0,3,3,0,3,3,0,3,3,0,3,3,0,3,3,0,3,3,0,3,3,0,3,3,0,3,3,0,3,3,0,3,3,0,3,3,3,3,0,0,0,0,0,0,0,0,0,0,0,0,0,0,0,0,0,0,0,0,0,0,0,0,0,0,0,0,0,0
"Potato stir-fry with fried egg and mushrooms","Erica","Monday","Aardappelroerbak",1,"1","22.5",507,723,216,"Aardappelroerbak met spiegelei en champignons","https://www.hellofresh.nl/recipes/aardappelroerbak-met-spiegelei-en-kaas-658d7dd0f9d1ffb514ddb85b","Erica_Aardappelroerbak_1_1.jpg",3,"potatoes or fries","legumes","garlic","onion","mushrooms","cheese","eggs","herbs","root vegetables","fats or oils",NA,NA,NA,NA,NA,"600g Potatoes; 100g Green Beans; 1.5  Garlic cloves; 1.5  Onion; 250g Mushrooms; 150g Gouda Cheese; 3 Egg; 7.5g Parsley; 2 Carrot; 3.75 tablespoon butter"," Potatoes;  Green Beans;  Garlic ;  Onion;  Mushrooms;  Gouda Cheese; Egg;  Parsley; Carrot;   butter",216,216,"```json
{
    ""Potatoes"": 50,
    ""Green Beans"": 20,
    ""Garlic"": 5,
    ""Onion"": 30,
    ""Mushrooms"": 40,
    ""Gouda Cheese"": 10,
    ""Egg"": 50,
    ""Parsley"": 5,
    ""Carrot"": 40,
    ""Butter"": 5
}
```",1,"potatoes or fries",50,"legumes",20,"garlic",5,"onion",30,"mushrooms",40,"cheese",10,"eggs",50,"herbs",5,"root vegetables",40,"fats or oils",5,NA,NA,NA,NA,NA,NA,NA,NA,NA,NA,"```json
{
    ""Potatoes"": 50,
    ""Green Beans"": 20,
    ""Garlic"": 5,
    ""Onion"": 30,
    ""Mushrooms"": 40,
    ""Gouda Cheese"": 10,
    ""Egg"": 50,
    ""Parsley"": 5,
    ""Carrot"": 40,
    ""Butter"": 5
}
```",1,"potatoes or fries",50,"legumes",20,"garlic",5,"onion",30,"mushrooms",40,"cheese",10,"eggs",50,"herbs",5,"root vegetables",40,"fats or oils",5,NA,NA,NA,NA,NA,NA,NA,NA,NA,NA,"```json
{
    ""Potatoes"": 50,
    ""Green Beans"": 20,
    ""Garlic"": 5,
    ""Onion"": 30,
    ""Mushrooms"": 30,
    ""Gouda Cheese"": 10,
    ""Egg"": 50,
    ""Parsley"": 5,
    ""Carrot"": 40,
    ""Butter"": 5
}
```",1,"potatoes or fries",50,"legumes",20,"garlic",5,"onion",30,"mushrooms",30,"cheese",10,"eggs",50,"herbs",5,"root vegetables",40,"fats or oils",5,NA,NA,NA,NA,NA,NA,NA,NA,NA,NA,"```json
{
    ""Potatoes"": 50,
    ""Green Beans"": 20,
    ""Garlic"": 5,
    ""Onion"": 30,
    ""Mushrooms"": 40,
    ""Gouda Cheese"": 10,
    ""Egg"": 50,
    ""Parsley"": 5,
    ""Carrot"": 40,
    ""Butter"": 5
}
```",1,"potatoes or fries",50,"legumes",20,"garlic",5,"onion",30,"mushrooms",40,"cheese",10,"eggs",50,"herbs",5,"root vegetables",40,"fats or oils",5,NA,NA,NA,NA,NA,NA,NA,NA,NA,NA,"```json
{
    ""Potatoes"": 50,
    ""Green Beans"": 20,
    ""Garlic"": 5,
    ""Onion"": 30,
    ""Mushrooms"": 30,
    ""Gouda Cheese"": 10,
    ""Egg"": 50,
    ""Parsley"": 5,
    ""Carrot"": 40,
    ""Butter"": 5
}
```",1,"potatoes or fries",50,"legumes",20,"garlic",5,"onion",30,"mushrooms",30,"cheese",10,"eggs",50,"herbs",5,"root vegetables",40,"fats or oils",5,NA,NA,NA,NA,NA,NA,NA,NA,NA,NA,"```json
{
    ""Potatoes"": 150,
    ""Green Beans"": 20,
    ""Garlic"": 5,
    ""Onion"": 30,
    ""Mushrooms"": 50,
    ""Gouda Cheese"": 0,
    ""Egg"": 50,
    ""Parsley"": 5,
    ""Carrot"": 40,
    ""Butter"": 5
}
```",1,"potatoes or fries",150,"legumes",20,"garlic",5,"onion",30,"mushrooms",50,"cheese",0,"eggs",50,"herbs",5,"root vegetables",40,"fats or oils",5,NA,NA,NA,NA,NA,NA,NA,NA,NA,NA,"```json
{
    ""Potatoes"": 150,
    ""Green Beans"": 20,
    ""Garlic"": 5,
    ""Onion"": 30,
    ""Mushrooms"": 50,
    ""Gouda Cheese"": 0,
    ""Egg"": 50,
    ""Parsley"": 5,
    ""Carrot"": 50,
    ""Butter"": 5
}
```",1,"potatoes or fries",150,"legumes",20,"garlic",5,"onion",30,"mushrooms",50,"cheese",0,"eggs",50,"herbs",5,"root vegetables",50,"fats or oils",5,NA,NA,NA,NA,NA,NA,NA,NA,"```json
{
    ""Potatoes"": 150,
    ""Green Beans"": 30,
    ""Garlic"": 5,
    ""Onion"": 40,
    ""Mushrooms"": 60,
    ""Gouda Cheese"": 40,
    ""Egg"": 50,
    ""Parsley"": 5,
    ""Carrot"": 50,
    ""Butter"": 10
}
```",1,"potatoes or fries",150,"legumes",30,"garlic",5,"onion",40,"mushrooms",60,"cheese",40,"eggs",50,"herbs",5,"root vegetables",50,"fats or oils",10,NA,NA,NA,NA,NA,NA,NA,NA,NA,NA,"```json
{
    ""Potatoes"": 150,
    ""Green Beans"": 30,
    ""Garlic"": 5,
    ""Onion"": 40,
    ""Mushrooms"": 60,
    ""Gouda Cheese"": 40,
    ""Egg"": 50,
    ""Parsley"": 5,
    ""Carrot"": 50,
    ""Butter"": 10
}
```",1,"potatoes or fries",150,"legumes",30,"garlic",5,"onion",40,"mushrooms",60,"cheese",40,"eggs",50,"herbs",5,"root vegetables",50,"fats or oils",10,NA,NA,NA,NA,NA,NA,NA,NA,NA,NA,"```json
{
    ""Potatoes"": 150,
    ""Green Beans"": 30,
    ""Garlic"": 5,
    ""Onion"": 40,
    ""Mushrooms"": 60,
    ""Gouda Cheese"": 40,
    ""Egg"": 50,
    ""Parsley"": 5,
    ""Carrot"": 50,
    ""Butter"": 10
}
```",1,"potatoes or fries",150,"legumes",30,"garlic",5,"onion",40,"mushrooms",60,"cheese",40,"eggs",50,"herbs",5,"root vegetables",50,"fats or oils",10,NA,NA,NA,NA,NA,NA,NA,NA,"```json
{
    ""Potatoes"": 100,
    ""Carrots"": 50,
    ""Mushrooms"": 40,
    ""Onions"": 30,
    ""Fried Egg"": 60,
    ""Parsley"": 5
}
```",1,"potatoes or fries",100,"root vegetables",50,"mushrooms",40,"onion",30,"eggs",60,"herbs",5,NA,NA,NA,NA,"```json
{
    ""Potatoes"": 100,
    ""Carrots"": 50,
    ""Mushrooms"": 40,
    ""Onions"": 30,
    ""Fried Egg"": 60,
    ""Parsley"": 5
}
```",1,"potatoes or fries",100,"root vegetables",50,"mushrooms",40,"onion",30,"eggs",60,"herbs",5,NA,NA,NA,NA,"```json
{
    ""Potatoes"": 100,
    ""Carrots"": 50,
    ""Mushrooms"": 40,
    ""Onions"": 30,
    ""Fried Egg"": 60,
    ""Parsley"": 5
}
```",1,"potatoes or fries",100,"root vegetables",50,"mushrooms",40,"onion",30,"eggs",60,"herbs",5,NA,NA,NA,NA,"```json
{
    ""Potatoes"": 100,
    ""Carrots"": 50,
    ""Mushrooms"": 40,
    ""Onions"": 30,
    ""Fried Egg"": 60,
    ""Parsley"": 5
}
```",1,"potatoes or fries",100,"root vegetables",50,"mushrooms",40,"onion",30,"eggs",60,"herbs",5,NA,NA,NA,NA,"```json
{
    ""Potatoes"": 100,
    ""Carrots"": 50,
    ""Mushrooms"": 40,
    ""Onions"": 30,
    ""Fried Egg"": 60,
    ""Parsley"": 5
}
```",1,"potatoes or fries",100,"root vegetables",50,"mushrooms",40,"onion",30,"eggs",60,"herbs",5,NA,NA,NA,NA,285,255,-39,39,255,-39,39,245,-29,29,255,-39,39,245,-29,29,355,-139,139,365,-149,149,440,-224,224,440,-224,224,440,-224,224,285,-69,69,285,-69,69,285,-69,69,285,-69,69,-69,69,10,0,10,0,10,0,10,0,10,0,10,0,10,0,10,0,10,0,10,0,6,0,6,0,6,0,6,0,6,0
"Potato stir-fry with fried egg and mushrooms","Erica","Monday","Aardappelroerbak",2,"1","22.5",511,684,173,"Aardappelroerbak met spiegelei en champignons","https://www.hellofresh.nl/recipes/aardappelroerbak-met-spiegelei-en-kaas-658d7dd0f9d1ffb514ddb85b","Erica_Aardappelroerbak_2_1.jpg",3,"potatoes or fries","legumes","garlic","onion","mushrooms","cheese","eggs","herbs","root vegetables","fats or oils",NA,NA,NA,NA,NA,"600g Potatoes; 100g Green Beans; 1.5  Garlic cloves; 1.5  Onion; 250g Mushrooms; 150g Gouda Cheese; 3 Egg; 7.5g Parsley; 2 Carrot; 3.75 tablespoon butter"," Potatoes;  Green Beans;  Garlic ;  Onion;  Mushrooms;  Gouda Cheese; Egg;  Parsley; Carrot;   butter",173,173,"```json
{
    ""Potatoes"": 50,
    ""Green Beans"": 20,
    ""Garlic"": 5,
    ""Onion"": 15,
    ""Mushrooms"": 10,
    ""Gouda Cheese"": 0,
    ""Egg"": 0,
    ""Parsley"": 2,
    ""Carrot"": 30,
    ""Butter"": 0
}
```",4,"potatoes or fries",50,"legumes",20,"garlic",5,"onion",15,"mushrooms",10,"cheese",0,"eggs",0,"herbs",2,"root vegetables",30,"fats or oils",0,NA,NA,NA,NA,NA,NA,NA,NA,NA,NA,"```json
{
    ""Potatoes"": 50,
    ""Green Beans"": 15,
    ""Garlic"": 5,
    ""Onion"": 20,
    ""Mushrooms"": 10,
    ""Gouda Cheese"": 0,
    ""Egg"": 0,
    ""Parsley"": 2,
    ""Carrot"": 20,
    ""Butter"": 0
}
```",4,"potatoes or fries",50,"legumes",15,"garlic",5,"onion",20,"mushrooms",10,"cheese",0,"eggs",0,"herbs",2,"root vegetables",20,"fats or oils",0,NA,NA,NA,NA,NA,NA,NA,NA,NA,NA,"```json
{
    ""Potatoes"": 50,
    ""Green Beans"": 20,
    ""Garlic"": 5,
    ""Onion"": 15,
    ""Mushrooms"": 10,
    ""Gouda Cheese"": 0,
    ""Egg"": 0,
    ""Parsley"": 2,
    ""Carrot"": 30,
    ""Butter"": 0
}
```",4,"potatoes or fries",50,"legumes",20,"garlic",5,"onion",15,"mushrooms",10,"cheese",0,"eggs",0,"herbs",2,"root vegetables",30,"fats or oils",0,NA,NA,NA,NA,NA,NA,NA,NA,NA,NA,"```json
{
    ""Potatoes"": 50,
    ""Green Beans"": 20,
    ""Garlic"": 5,
    ""Onion"": 15,
    ""Mushrooms"": 10,
    ""Gouda Cheese"": 0,
    ""Egg"": 0,
    ""Parsley"": 2,
    ""Carrot"": 30,
    ""Butter"": 0
}
```",4,"potatoes or fries",50,"legumes",20,"garlic",5,"onion",15,"mushrooms",10,"cheese",0,"eggs",0,"herbs",2,"root vegetables",30,"fats or oils",0,NA,NA,NA,NA,NA,NA,NA,NA,NA,NA,"```json
{
    ""Potatoes"": 50,
    ""Green Beans"": 20,
    ""Garlic"": 5,
    ""Onion"": 15,
    ""Mushrooms"": 10,
    ""Gouda Cheese"": 0,
    ""Egg"": 0,
    ""Parsley"": 2,
    ""Carrot"": 30,
    ""Butter"": 0
}
```",4,"potatoes or fries",50,"legumes",20,"garlic",5,"onion",15,"mushrooms",10,"cheese",0,"eggs",0,"herbs",2,"root vegetables",30,"fats or oils",0,NA,NA,NA,NA,NA,NA,NA,NA,NA,NA,"```json
{
    ""Potatoes"": 100,
    ""Green Beans"": 20,
    ""Carrots"": 30,
    ""Onion"": 20,
    ""Parsley"": 5,
    ""Remnants"": 0
}
```",4,"potatoes or fries",100,"legumes",20,"root vegetables",30,"onion",20,"herbs",5,NA,0,NA,NA,NA,NA,NA,NA,NA,NA,NA,NA,NA,NA,NA,NA,NA,NA,NA,NA,"```json
{
    ""Potatoes"": 50,
    ""Green Beans"": 10,
    ""Carrots"": 20,
    ""Onions"": 15,
    ""Parsley"": 2,
    ""Remnants"": 0
}
```",4,"potatoes or fries",50,"legumes",10,"root vegetables",20,"onion",15,"herbs",2,NA,0,NA,NA,NA,NA,NA,NA,NA,NA,NA,NA,NA,NA,NA,NA,NA,NA,"```json
{
    ""Potatoes"": 50,
    ""Green Beans"": 10,
    ""Carrots"": 20,
    ""Onion"": 15,
    ""Parsley"": 5,
    ""Remnants"": 0
}
```",4,"potatoes or fries",50,"legumes",10,"root vegetables",20,"onion",15,"herbs",5,NA,0,NA,NA,NA,NA,NA,NA,NA,NA,NA,NA,NA,NA,NA,NA,NA,NA,NA,NA,"```json
{
    ""Potatoes"": 50,
    ""Green Beans"": 10,
    ""Carrots"": 20,
    ""Onion"": 15,
    ""Parsley"": 5,
    ""Remnants"": 0
}
```",4,"potatoes or fries",50,"legumes",10,"root vegetables",20,"onion",15,"herbs",5,NA,0,NA,NA,NA,NA,NA,NA,NA,NA,NA,NA,NA,NA,NA,NA,NA,NA,NA,NA,"```json
{
    ""Potatoes"": 100,
    ""Green Beans"": 20,
    ""Carrots"": 50,
    ""Onion"": 30,
    ""Parsley"": 5,
    ""Remnants"": 0
}
```",4,"potatoes or fries",100,"legumes",20,"root vegetables",50,"onion",30,"herbs",5,NA,0,NA,NA,NA,NA,NA,NA,NA,NA,NA,NA,NA,NA,NA,NA,NA,NA,"```json
{
    ""Potatoes"": 50,
    ""Carrots"": 30,
    ""Green Beans"": 20,
    ""Onions"": 15,
    ""Parsley"": 5,
    ""Remnants"": 0
}
```",4,"potatoes or fries",50,"root vegetables",30,"legumes",20,"onion",15,"herbs",5,NA,0,NA,NA,NA,NA,"```json
{
    ""Potatoes"": 50,
    ""Carrots"": 30,
    ""Green Beans"": 20,
    ""Mushrooms"": 20,
    ""Onions"": 15,
    ""Parsley"": 5,
    ""Remnants"": 0
}
```",4,"potatoes or fries",50,"root vegetables",30,"legumes",20,"mushrooms",20,"onion",15,"herbs",5,NA,0,NA,NA,"```json
{
    ""Potatoes"": 50,
    ""Carrots"": 30,
    ""Green Beans"": 20,
    ""Onions"": 15,
    ""Parsley"": 5,
    ""Remnants"": 0
}
```",4,"potatoes or fries",50,"root vegetables",30,"legumes",20,"onion",15,"herbs",5,NA,0,NA,NA,NA,NA,"```json
{
    ""Potatoes"": 50,
    ""Carrots"": 30,
    ""Green Beans"": 20,
    ""Onions"": 15,
    ""Mushrooms"": 10,
    ""Parsley"": 5,
    ""Remnants"": 0
}
```",4,"potatoes or fries",50,"root vegetables",30,"legumes",20,"onion",15,"mushrooms",10,"herbs",5,NA,0,NA,NA,"```json
{
    ""Potatoes"": 50,
    ""Carrots"": 30,
    ""Green Beans"": 20,
    ""Onions"": 15,
    ""Parsley"": 5,
    ""Remnants"": 0
}
```",4,"potatoes or fries",50,"root vegetables",30,"legumes",20,"onion",15,"herbs",5,NA,0,NA,NA,NA,NA,120,132,41,41,122,51,51,132,41,41,132,41,41,132,41,41,175,-2,2,97,76,76,100,73,73,100,73,73,205,-32,32,120,53,53,140,33,33,120,53,53,130,43,43,53,53,10,0,10,0,10,0,10,0,10,0,5,0,5,0,5,0,5,0,5,0,5,0,6,0,5,0,6,0,5,0
"Potato stir-fry with fried egg and mushrooms","Erica","Monday","Aardappelroerbak",3,"1","22.5",506,794,288,"Aardappelroerbak met spiegelei en champignons","https://www.hellofresh.nl/recipes/aardappelroerbak-met-spiegelei-en-kaas-658d7dd0f9d1ffb514ddb85b","Erica_Aardappelroerbak_3_1.jpg",3,"potatoes or fries","legumes","garlic","onion","mushrooms","cheese","eggs","herbs","root vegetables","fats or oils",NA,NA,NA,NA,NA,"600g Potatoes; 100g Green Beans; 1.5  Garlic cloves; 1.5  Onion; 250g Mushrooms; 150g Gouda Cheese; 3 Egg; 7.5g Parsley; 2 Carrot; 3.75 tablespoon butter"," Potatoes;  Green Beans;  Garlic ;  Onion;  Mushrooms;  Gouda Cheese; Egg;  Parsley; Carrot;   butter",288,288,"```json
{
    ""Potatoes"": 80,
    ""Green Beans"": 10,
    ""Garlic"": 5,
    ""Onion"": 30,
    ""Mushrooms"": 20,
    ""Gouda Cheese"": 10,
    ""Egg"": 0,
    ""Parsley"": 0,
    ""Carrot"": 20,
    ""Butter"": 5
}
```",7,"potatoes or fries",80,"legumes",10,"garlic",5,"onion",30,"mushrooms",20,"cheese",10,"eggs",0,"herbs",0,"root vegetables",20,"fats or oils",5,NA,NA,NA,NA,NA,NA,NA,NA,NA,NA,"```json
{
    ""Potatoes"": 80,
    ""Green Beans"": 15,
    ""Garlic"": 5,
    ""Onion"": 30,
    ""Mushrooms"": 20,
    ""Gouda Cheese"": 10,
    ""Egg"": 0,
    ""Parsley"": 0,
    ""Carrot"": 20,
    ""Butter"": 5
}
```",7,"potatoes or fries",80,"legumes",15,"garlic",5,"onion",30,"mushrooms",20,"cheese",10,"eggs",0,"herbs",0,"root vegetables",20,"fats or oils",5,NA,NA,NA,NA,NA,NA,NA,NA,NA,NA,"```json
{
    ""Potatoes"": 80,
    ""Green Beans"": 15,
    ""Garlic"": 5,
    ""Onion"": 30,
    ""Mushrooms"": 20,
    ""Gouda Cheese"": 10,
    ""Egg"": 0,
    ""Parsley"": 0,
    ""Carrot"": 25,
    ""Butter"": 5
}
```",7,"potatoes or fries",80,"legumes",15,"garlic",5,"onion",30,"mushrooms",20,"cheese",10,"eggs",0,"herbs",0,"root vegetables",25,"fats or oils",5,NA,NA,NA,NA,NA,NA,NA,NA,NA,NA,"```json
{
    ""Potatoes"": 80,
    ""Green Beans"": 10,
    ""Garlic"": 5,
    ""Onion"": 30,
    ""Mushrooms"": 20,
    ""Gouda Cheese"": 10,
    ""Egg"": 0,
    ""Parsley"": 0,
    ""Carrot"": 20,
    ""Butter"": 5
}
```",7,"potatoes or fries",80,"legumes",10,"garlic",5,"onion",30,"mushrooms",20,"cheese",10,"eggs",0,"herbs",0,"root vegetables",20,"fats or oils",5,NA,NA,NA,NA,NA,NA,NA,NA,NA,NA,"```json
{
    ""Potatoes"": 80,
    ""Green Beans"": 10,
    ""Garlic"": 5,
    ""Onion"": 30,
    ""Mushrooms"": 20,
    ""Gouda Cheese"": 10,
    ""Egg"": 0,
    ""Parsley"": 0,
    ""Carrot"": 20,
    ""Butter"": 5
}
```",7,"potatoes or fries",80,"legumes",10,"garlic",5,"onion",30,"mushrooms",20,"cheese",10,"eggs",0,"herbs",0,"root vegetables",20,"fats or oils",5,NA,NA,NA,NA,NA,NA,NA,NA,NA,NA,"```json
{
    ""Potatoes"": 150,
    ""Green Beans"": 20,
    ""Onion"": 30,
    ""Mushrooms"": 50,
    ""Carrot"": 40,
    ""Remnants"": 0
}
```",7,"potatoes or fries",150,"legumes",20,"onion",30,"mushrooms",50,"root vegetables",40,NA,0,NA,NA,NA,NA,NA,NA,NA,NA,NA,NA,NA,NA,NA,NA,NA,NA,NA,NA,"```json
{
    ""Potatoes"": 150,
    ""Green Beans"": 20,
    ""Onion"": 30,
    ""Mushrooms"": 50,
    ""Carrot"": 40,
    ""Gouda Cheese"": 10
}
```",7,"potatoes or fries",150,"legumes",20,"onion",30,"mushrooms",50,"root vegetables",40,"cheese",10,NA,NA,NA,NA,NA,NA,NA,NA,NA,NA,NA,NA,NA,NA,NA,NA,"```json
{
    ""Potatoes"": 150,
    ""Green Beans"": 20,
    ""Onion"": 50,
    ""Mushrooms"": 60,
    ""Carrot"": 40,
    ""Gouda Cheese"": 20,
    ""Remnants"": 0
}
```",7,"potatoes or fries",150,"legumes",20,"onion",50,"mushrooms",60,"root vegetables",40,"cheese",20,NA,0,NA,NA,NA,NA,NA,NA,NA,NA,NA,NA,NA,NA,NA,NA,NA,NA,"```json
{
    ""Potatoes"": 150,
    ""Green Beans"": 20,
    ""Onion"": 50,
    ""Mushrooms"": 60,
    ""Carrot"": 40,
    ""Gouda Cheese"": 20,
    ""Remnants"": 0
}
```",7,"potatoes or fries",150,"legumes",20,"onion",50,"mushrooms",60,"root vegetables",40,"cheese",20,NA,0,NA,NA,NA,NA,NA,NA,NA,NA,NA,NA,NA,NA,NA,NA,NA,NA,"```json
{
    ""Potatoes"": 150,
    ""Green Beans"": 20,
    ""Onion"": 50,
    ""Mushrooms"": 60,
    ""Carrot"": 40,
    ""Gouda Cheese"": 20
}
```",7,"potatoes or fries",150,"legumes",20,"onion",50,"mushrooms",60,"root vegetables",40,"cheese",20,NA,NA,NA,NA,NA,NA,NA,NA,NA,NA,NA,NA,NA,NA,NA,NA,"```json
{
    ""Potatoes"": 100,
    ""Mushrooms"": 30,
    ""Carrots"": 20,
    ""Green Beans"": 10,
    ""Onions"": 20,
    ""Remnants"": 0
}
```",7,"potatoes or fries",100,"mushrooms",30,"root vegetables",20,"legumes",10,"onion",20,NA,0,NA,NA,NA,NA,"```json
{
    ""Potatoes"": 100,
    ""Mushrooms"": 40,
    ""Carrots"": 30,
    ""Green Beans"": 20,
    ""Onions"": 30,
    ""Fried Egg"": 0
}
```",7,"potatoes or fries",100,"mushrooms",40,"root vegetables",30,"legumes",20,"onion",30,"eggs",0,NA,NA,NA,NA,"```json
{
    ""Potatoes"": 100,
    ""Mushrooms"": 30,
    ""Carrots"": 20,
    ""Green Beans"": 10,
    ""Onions"": 20,
    ""Fried Egg Remnants"": 10
}
```",7,"potatoes or fries",100,"mushrooms",30,"root vegetables",20,"legumes",10,"onion",20,"eggs",10,NA,NA,NA,NA,"```json
{
    ""Potatoes"": 100,
    ""Mushrooms"": 30,
    ""Carrots"": 20,
    ""Green Beans"": 10,
    ""Onions"": 20,
    ""Fried Egg"": 0
}
```",7,"potatoes or fries",100,"mushrooms",30,"root vegetables",20,"legumes",10,"onion",20,"eggs",0,NA,NA,NA,NA,"```json
{
    ""Potatoes"": 100,
    ""Mushrooms"": 40,
    ""Carrots"": 30,
    ""Green Beans"": 20,
    ""Onions"": 30,
    ""Remnants"": 10
}
```",7,"potatoes or fries",100,"mushrooms",40,"root vegetables",30,"legumes",20,"onion",30,NA,10,NA,NA,NA,NA,230,180,108,108,185,103,103,190,98,98,180,108,108,180,108,108,290,-2,2,300,-12,12,340,-52,52,340,-52,52,340,-52,52,180,108,108,220,68,68,190,98,98,180,108,108,58,58,10,0,10,0,10,0,10,0,10,0,5,0,6,0,6,0,6,0,6,0,5,0,6,0,6,0,6,0,5,0
"Potato stir-fry with fried egg and mushrooms","Erica","Monday","Aardappelroerbak",1,"2","22.5",507,587,80,"Aardappelroerbak met spiegelei en champignons","https://www.hellofresh.nl/recipes/aardappelroerbak-met-spiegelei-en-kaas-658d7dd0f9d1ffb514ddb85b","Erica_Aardappelroerbak_1_2.jpg",3,"potatoes or fries","legumes","garlic","onion","mushrooms","cheese","eggs","herbs","root vegetables","fats or oils",NA,NA,NA,NA,NA,"600g Potatoes; 100g Green Beans; 1.5  Garlic cloves; 1.5  Onion; 250g Mushrooms; 150g Gouda Cheese; 3 Egg; 7.5g Parsley; 2 Carrot; 3.75 tablespoon butter"," Potatoes;  Green Beans;  Garlic ;  Onion;  Mushrooms;  Gouda Cheese; Egg;  Parsley; Carrot;   butter",80,80,"```json
{
    ""Potatoes"": 15,
    ""Green Beans"": 0,
    ""Garlic"": 0,
    ""Onion"": 10,
    ""Mushrooms"": 5,
    ""Gouda Cheese"": 0,
    ""Egg"": 20,
    ""Parsley"": 1,
    ""Carrot"": 10,
    ""Butter"": 0
}
```",2,"potatoes or fries",15,"legumes",0,"garlic",0,"onion",10,"mushrooms",5,"cheese",0,"eggs",20,"herbs",1,"root vegetables",10,"fats or oils",0,NA,NA,NA,NA,NA,NA,NA,NA,NA,NA,"```json
{
    ""Potatoes"": 15,
    ""Green Beans"": 0,
    ""Garlic"": 0,
    ""Onion"": 5,
    ""Mushrooms"": 5,
    ""Gouda Cheese"": 0,
    ""Egg"": 10,
    ""Parsley"": 1,
    ""Carrot"": 10,
    ""Butter"": 0
}
```",2,"potatoes or fries",15,"legumes",0,"garlic",0,"onion",5,"mushrooms",5,"cheese",0,"eggs",10,"herbs",1,"root vegetables",10,"fats or oils",0,NA,NA,NA,NA,NA,NA,NA,NA,NA,NA,"```json
{
    ""Potatoes"": 15,
    ""Green Beans"": 0,
    ""Garlic"": 0,
    ""Onion"": 5,
    ""Mushrooms"": 5,
    ""Gouda Cheese"": 0,
    ""Egg"": 10,
    ""Parsley"": 1,
    ""Carrot"": 10,
    ""Butter"": 0
}
```",2,"potatoes or fries",15,"legumes",0,"garlic",0,"onion",5,"mushrooms",5,"cheese",0,"eggs",10,"herbs",1,"root vegetables",10,"fats or oils",0,NA,NA,NA,NA,NA,NA,NA,NA,NA,NA,"```json
{
    ""Potatoes"": 15,
    ""Green Beans"": 0,
    ""Garlic"": 0,
    ""Onion"": 10,
    ""Mushrooms"": 5,
    ""Gouda Cheese"": 0,
    ""Egg"": 20,
    ""Parsley"": 1,
    ""Carrot"": 10,
    ""Butter"": 0
}
```",2,"potatoes or fries",15,"legumes",0,"garlic",0,"onion",10,"mushrooms",5,"cheese",0,"eggs",20,"herbs",1,"root vegetables",10,"fats or oils",0,NA,NA,NA,NA,NA,NA,NA,NA,NA,NA,"```json
{
    ""Potatoes"": 15,
    ""Green Beans"": 0,
    ""Garlic"": 0,
    ""Onion"": 5,
    ""Mushrooms"": 5,
    ""Gouda Cheese"": 0,
    ""Egg"": 10,
    ""Parsley"": 1,
    ""Carrot"": 10,
    ""Butter"": 0
}
```",2,"potatoes or fries",15,"legumes",0,"garlic",0,"onion",5,"mushrooms",5,"cheese",0,"eggs",10,"herbs",1,"root vegetables",10,"fats or oils",0,NA,NA,NA,NA,NA,NA,NA,NA,NA,NA,"```json
{
    ""Potatoes"": 20,
    ""Green Beans"": 0,
    ""Garlic"": 0,
    ""Onion"": 10,
    ""Mushrooms"": 5,
    ""Gouda Cheese"": 0,
    ""Egg"": 20,
    ""Parsley"": 1,
    ""Carrot"": 15,
    ""Butter"": 0
}
```",2,"potatoes or fries",20,"legumes",0,"garlic",0,"onion",10,"mushrooms",5,"cheese",0,"eggs",20,"herbs",1,"root vegetables",15,"fats or oils",0,NA,NA,NA,NA,NA,NA,NA,NA,NA,NA,"```json
{
    ""Potatoes"": 20,
    ""Green Beans"": 0,
    ""Garlic"": 0,
    ""Onion"": 10,
    ""Mushrooms"": 5,
    ""Gouda Cheese"": 0,
    ""Egg"": 20,
    ""Parsley"": 1,
    ""Carrot"": 15,
    ""Butter"": 0
}
```",2,"potatoes or fries",20,"legumes",0,"garlic",0,"onion",10,"mushrooms",5,"cheese",0,"eggs",20,"herbs",1,"root vegetables",15,"fats or oils",0,NA,NA,NA,NA,NA,NA,NA,NA,"```json
{
    ""Potatoes"": 20,
    ""Green Beans"": 0,
    ""Garlic"": 0,
    ""Onion"": 10,
    ""Mushrooms"": 5,
    ""Gouda Cheese"": 0,
    ""Egg"": 20,
    ""Parsley"": 1,
    ""Carrot"": 15,
    ""Butter"": 0
}
```",2,"potatoes or fries",20,"legumes",0,"garlic",0,"onion",10,"mushrooms",5,"cheese",0,"eggs",20,"herbs",1,"root vegetables",15,"fats or oils",0,NA,NA,NA,NA,NA,NA,NA,NA,NA,NA,"```json
{
    ""Potatoes"": 20,
    ""Green Beans"": 0,
    ""Garlic"": 0,
    ""Onion"": 10,
    ""Mushrooms"": 5,
    ""Gouda Cheese"": 0,
    ""Egg"": 20,
    ""Parsley"": 1,
    ""Carrot"": 15,
    ""Butter"": 0
}
```",2,"potatoes or fries",20,"legumes",0,"garlic",0,"onion",10,"mushrooms",5,"cheese",0,"eggs",20,"herbs",1,"root vegetables",15,"fats or oils",0,NA,NA,NA,NA,NA,NA,NA,NA,NA,NA,"```json
{
    ""Potatoes"": 30,
    ""Green Beans"": 0,
    ""Garlic"": 0,
    ""Onion"": 10,
    ""Mushrooms"": 5,
    ""Gouda Cheese"": 0,
    ""Egg"": 20,
    ""Parsley"": 1,
    ""Carrot"": 15,
    ""Butter"": 0
}
```",2,"potatoes or fries",30,"legumes",0,"garlic",0,"onion",10,"mushrooms",5,"cheese",0,"eggs",20,"herbs",1,"root vegetables",15,"fats or oils",0,NA,NA,NA,NA,NA,NA,NA,NA,"```json
{
    ""Potato"": 20,
    ""Carrot"": 15,
    ""Mushroom"": 10,
    ""Onion"": 5,
    ""Fried Egg"": 30,
    ""Herbs"": 2
}
```",2,"potatoes or fries",20,"root vegetables",15,"mushrooms",10,"onion",5,"eggs",30,"herbs",2,NA,NA,NA,NA,"```json
{
    ""Potato"": 20,
    ""Carrot"": 15,
    ""Mushrooms"": 10,
    ""Onion"": 5,
    ""Fried Egg"": 30,
    ""Herbs"": 1
}
```",2,"potatoes or fries",20,"root vegetables",15,"mushrooms",10,"onion",5,"eggs",30,"herbs",1,NA,NA,NA,NA,"```json
{
    ""potato"": 20,
    ""carrot"": 15,
    ""onion"": 10,
    ""mushroom"": 10,
    ""fried_egg"": 20,
    ""herbs"": 2,
    ""remnants"": 5
}
```",2,"potatoes or fries",20,"root vegetables",15,"onion",10,"mushrooms",10,"eggs",20,"herbs",2,NA,5,NA,NA,"```json
{
  ""potato"": 20,
  ""carrot"": 15,
  ""mushroom"": 10,
  ""onion"": 5,
  ""fried_egg"": 30,
  ""herbs"": 2
}
```",2,"potatoes or fries",20,"root vegetables",15,"mushrooms",10,"onion",5,"eggs",30,"herbs",2,NA,NA,NA,NA,"```json
{
    ""Potato"": 20,
    ""Carrot"": 15,
    ""Mushroom"": 10,
    ""Onion"": 5,
    ""Fried Egg"": 20,
    ""Herbs"": 1
}
```",2,"potatoes or fries",20,"root vegetables",15,"mushrooms",10,"onion",5,"eggs",20,"herbs",1,NA,NA,NA,NA,71,61,19,19,46,34,34,46,34,34,61,19,19,46,34,34,71,9,9,71,9,9,71,9,9,71,9,9,81,-1,1,82,-2,2,81,-1,1,82,-2,2,82,-2,2,9,9,10,0,10,0,10,0,10,0,10,0,10,0,10,0,10,0,10,0,10,0,6,0,6,0,6,0,6,0,6,0
"Potato stir-fry with fried egg and mushrooms","Erica","Monday","Aardappelroerbak",2,"2","22.5",511,562,51,"Aardappelroerbak met spiegelei en champignons","https://www.hellofresh.nl/recipes/aardappelroerbak-met-spiegelei-en-kaas-658d7dd0f9d1ffb514ddb85b","Erica_Aardappelroerbak_2_2.jpg",3,"potatoes or fries","legumes","garlic","onion","mushrooms","cheese","eggs","herbs","root vegetables","fats or oils",NA,NA,NA,NA,NA,"600g Potatoes; 100g Green Beans; 1.5  Garlic cloves; 1.5  Onion; 250g Mushrooms; 150g Gouda Cheese; 3 Egg; 7.5g Parsley; 2 Carrot; 3.75 tablespoon butter"," Potatoes;  Green Beans;  Garlic ;  Onion;  Mushrooms;  Gouda Cheese; Egg;  Parsley; Carrot;   butter",51,51,"```json
{
    ""Potatoes"": 10,
    ""Green Beans"": 5,
    ""Garlic"": 1,
    ""Onion"": 3,
    ""Mushrooms"": 5,
    ""Gouda Cheese"": 2,
    ""Egg"": 2,
    ""Parsley"": 1,
    ""Carrot"": 5,
    ""Butter"": 1
}
```",5,"potatoes or fries",10,"legumes",5,"garlic",1,"onion",3,"mushrooms",5,"cheese",2,"eggs",2,"herbs",1,"root vegetables",5,"fats or oils",1,NA,NA,NA,NA,NA,NA,NA,NA,NA,NA,"```json
{
    ""Potatoes"": 10,
    ""Green Beans"": 5,
    ""Garlic"": 1,
    ""Onion"": 3,
    ""Mushrooms"": 5,
    ""Gouda Cheese"": 2,
    ""Egg"": 3,
    ""Parsley"": 1,
    ""Carrot"": 5,
    ""Butter"": 1
}
```",5,"potatoes or fries",10,"legumes",5,"garlic",1,"onion",3,"mushrooms",5,"cheese",2,"eggs",3,"herbs",1,"root vegetables",5,"fats or oils",1,NA,NA,NA,NA,NA,NA,NA,NA,NA,NA,"```json
{
    ""Potatoes"": 10,
    ""Green Beans"": 5,
    ""Garlic"": 2,
    ""Onion"": 3,
    ""Mushrooms"": 5,
    ""Gouda Cheese"": 3,
    ""Egg"": 5,
    ""Parsley"": 1,
    ""Carrot"": 5,
    ""Butter"": 2
}
```",5,"potatoes or fries",10,"legumes",5,"garlic",2,"onion",3,"mushrooms",5,"cheese",3,"eggs",5,"herbs",1,"root vegetables",5,"fats or oils",2,NA,NA,NA,NA,NA,NA,NA,NA,NA,NA,"```json
{
    ""Potatoes"": 10,
    ""Green Beans"": 5,
    ""Garlic"": 1,
    ""Onion"": 3,
    ""Mushrooms"": 5,
    ""Gouda Cheese"": 2,
    ""Egg"": 2,
    ""Parsley"": 1,
    ""Carrot"": 5,
    ""Butter"": 1
}
```",5,"potatoes or fries",10,"legumes",5,"garlic",1,"onion",3,"mushrooms",5,"cheese",2,"eggs",2,"herbs",1,"root vegetables",5,"fats or oils",1,NA,NA,NA,NA,NA,NA,NA,NA,NA,NA,"```json
{
    ""Potatoes"": 10,
    ""Green Beans"": 5,
    ""Garlic"": 1,
    ""Onion"": 3,
    ""Mushrooms"": 5,
    ""Gouda Cheese"": 2,
    ""Egg"": 3,
    ""Parsley"": 1,
    ""Carrot"": 5,
    ""Butter"": 1
}
```",5,"potatoes or fries",10,"legumes",5,"garlic",1,"onion",3,"mushrooms",5,"cheese",2,"eggs",3,"herbs",1,"root vegetables",5,"fats or oils",1,NA,NA,NA,NA,NA,NA,NA,NA,NA,NA,"```json
{
  ""Potatoes"": 20,
  ""Green Beans"": 5,
  ""Garlic"": 1,
  ""Onion"": 5,
  ""Mushrooms"": 10,
  ""Gouda Cheese"": 5,
  ""Egg"": 5,
  ""Parsley"": 1,
  ""Carrot"": 5,
  ""Butter"": 2
}
```",5,"potatoes or fries",20,"legumes",5,"garlic",1,"onion",5,"mushrooms",10,"cheese",5,"eggs",5,"herbs",1,"root vegetables",5,"fats or oils",2,NA,NA,NA,NA,NA,NA,NA,NA,NA,NA,"```json
{
  ""Potatoes"": 20,
  ""Green Beans"": 5,
  ""Garlic"": 1,
  ""Onion"": 5,
  ""Mushrooms"": 10,
  ""Gouda Cheese"": 5,
  ""Egg"": 5,
  ""Parsley"": 1,
  ""Carrot"": 5,
  ""Butter"": 2
}
```",5,"potatoes or fries",20,"legumes",5,"garlic",1,"onion",5,"mushrooms",10,"cheese",5,"eggs",5,"herbs",1,"root vegetables",5,"fats or oils",2,NA,NA,NA,NA,NA,NA,NA,NA,"```json
{
  ""Potatoes"": 20,
  ""Green Beans"": 5,
  ""Garlic"": 1,
  ""Onion"": 5,
  ""Mushrooms"": 10,
  ""Gouda Cheese"": 5,
  ""Egg"": 5,
  ""Parsley"": 1,
  ""Carrot"": 5,
  ""Butter"": 2
}
```",5,"potatoes or fries",20,"legumes",5,"garlic",1,"onion",5,"mushrooms",10,"cheese",5,"eggs",5,"herbs",1,"root vegetables",5,"fats or oils",2,NA,NA,NA,NA,NA,NA,NA,NA,NA,NA,"```json
{
  ""Potatoes"": 20,
  ""Green Beans"": 10,
  ""Garlic"": 0,
  ""Onion"": 5,
  ""Mushrooms"": 10,
  ""Gouda Cheese"": 5,
  ""Egg"": 0,
  ""Parsley"": 1,
  ""Carrot"": 5,
  ""Butter"": 0
}
```",5,"potatoes or fries",20,"legumes",10,"garlic",0,"onion",5,"mushrooms",10,"cheese",5,"eggs",0,"herbs",1,"root vegetables",5,"fats or oils",0,NA,NA,NA,NA,NA,NA,NA,NA,NA,NA,"```json
{
  ""Potatoes"": 20,
  ""Green Beans"": 10,
  ""Garlic"": 0,
  ""Onion"": 5,
  ""Mushrooms"": 10,
  ""Gouda Cheese"": 5,
  ""Egg"": 0,
  ""Parsley"": 1,
  ""Carrot"": 5,
  ""Butter"": 0
}
```",5,"potatoes or fries",20,"legumes",10,"garlic",0,"onion",5,"mushrooms",10,"cheese",5,"eggs",0,"herbs",1,"root vegetables",5,"fats or oils",0,NA,NA,NA,NA,NA,NA,NA,NA,"```json
{
    ""Potato"": 10,
    ""Green beans"": 5,
    ""Carrot"": 5,
    ""Mushrooms"": 5,
    ""Fried egg"": 5,
    ""Onion"": 5,
    ""Herbs"": 1
}
```",5,"potatoes or fries",10,"legumes",5,"root vegetables",5,"mushrooms",5,"eggs",5,"onion",5,"herbs",1,NA,NA,"```json
{
    ""Potato"": 10,
    ""Green beans"": 5,
    ""Carrot"": 5,
    ""Mushrooms"": 5,
    ""Fried egg"": 5,
    ""Herbs"": 1
}
```",5,"potatoes or fries",10,"legumes",5,"root vegetables",5,"mushrooms",5,"eggs",5,"herbs",1,NA,NA,NA,NA,"```json
{
    ""Potato"": 10,
    ""Green beans"": 5,
    ""Carrot"": 5,
    ""Mushrooms"": 5,
    ""Fried egg"": 5,
    ""Herbs"": 1,
    ""Remnants"": 0
}
```",5,"potatoes or fries",10,"legumes",5,"root vegetables",5,"mushrooms",5,"eggs",5,"herbs",1,NA,0,NA,NA,"```json
{
    ""Potato"": 10,
    ""Green Beans"": 5,
    ""Carrot"": 5,
    ""Mushrooms"": 5,
    ""Fried Egg"": 5,
    ""Onion"": 5,
    ""Herbs"": 1
}
```",5,"potatoes or fries",10,"legumes",5,"root vegetables",5,"mushrooms",5,"eggs",5,"onion",5,"herbs",1,NA,NA,"```json
{
    ""Potato"": 10,
    ""Green Beans"": 5,
    ""Carrot"": 5,
    ""Mushrooms"": 5,
    ""Fried Egg"": 5,
    ""Onion"": 5,
    ""Herbs"": 1
}
```",5,"potatoes or fries",10,"legumes",5,"root vegetables",5,"mushrooms",5,"eggs",5,"onion",5,"herbs",1,NA,NA,36,35,16,16,36,15,15,41,10,10,35,16,16,36,15,15,59,-8,8,59,-8,8,59,-8,8,56,-5,5,56,-5,5,36,15,15,31,20,20,31,20,20,36,15,15,15,15,10,0,10,0,10,0,10,0,10,0,10,0,10,0,10,0,10,0,10,0,7,0,6,0,6,0,7,0,7,0
"Potato stir-fry with fried egg and mushrooms","Erica","Monday","Aardappelroerbak",1,"3","22.5",507,508,1,"Aardappelroerbak met spiegelei en champignons","https://www.hellofresh.nl/recipes/aardappelroerbak-met-spiegelei-en-kaas-658d7dd0f9d1ffb514ddb85b","Erica_Aardappelroerbak_1_3.jpg",3,"potatoes or fries","legumes","garlic","onion","mushrooms","cheese","eggs","herbs","root vegetables","fats or oils",NA,NA,NA,NA,NA,"600g Potatoes; 100g Green Beans; 1.5  Garlic cloves; 1.5  Onion; 250g Mushrooms; 150g Gouda Cheese; 3 Egg; 7.5g Parsley; 2 Carrot; 3.75 tablespoon butter"," Potatoes;  Green Beans;  Garlic ;  Onion;  Mushrooms;  Gouda Cheese; Egg;  Parsley; Carrot;   butter",1,1,"```json
{
  ""Remnants"": 0 grams
}
```",3,NA,0,NA,NA,NA,NA,NA,NA,NA,NA,NA,NA,NA,NA,NA,NA,NA,NA,NA,NA,NA,NA,NA,NA,NA,NA,NA,NA,NA,NA,"```json
{
  ""Remnants"": 0 grams
}
```",3,NA,0,NA,NA,NA,NA,NA,NA,NA,NA,NA,NA,NA,NA,NA,NA,NA,NA,NA,NA,NA,NA,NA,NA,NA,NA,NA,NA,NA,NA,"```json
{
  ""Remnants"": 0
}
```",3,NA,0,NA,NA,NA,NA,NA,NA,NA,NA,NA,NA,NA,NA,NA,NA,NA,NA,NA,NA,NA,NA,NA,NA,NA,NA,NA,NA,NA,NA,"```json
{
  ""Remnants"": 0
}
```",3,NA,0,NA,NA,NA,NA,NA,NA,NA,NA,NA,NA,NA,NA,NA,NA,NA,NA,NA,NA,NA,NA,NA,NA,NA,NA,NA,NA,NA,NA,"```json
{
  ""Remnants"": 0
}
```",3,NA,0,NA,NA,NA,NA,NA,NA,NA,NA,NA,NA,NA,NA,NA,NA,NA,NA,NA,NA,NA,NA,NA,NA,NA,NA,NA,NA,NA,NA,"```json
{""Remnants"": 0 grams}
```",3,NA,NA,NA,NA,NA,NA,NA,NA,NA,NA,NA,NA,NA,NA,NA,NA,NA,NA,NA,NA,NA,NA,NA,NA,NA,NA,NA,NA,NA,NA,"```json
{""Remnants"": 0 grams}
```",3,NA,NA,NA,NA,NA,NA,NA,NA,NA,NA,NA,NA,NA,NA,NA,NA,NA,NA,NA,NA,NA,NA,NA,NA,NA,NA,NA,NA,"```json
{
  ""Remnants"": 0 grams
}
```",3,NA,0,NA,NA,NA,NA,NA,NA,NA,NA,NA,NA,NA,NA,NA,NA,NA,NA,NA,NA,NA,NA,NA,NA,NA,NA,NA,NA,NA,NA,"```json
{
  ""Remnants"": 0 grams
}
```",3,NA,0,NA,NA,NA,NA,NA,NA,NA,NA,NA,NA,NA,NA,NA,NA,NA,NA,NA,NA,NA,NA,NA,NA,NA,NA,NA,NA,NA,NA,"```json
{
  ""Remnants"": 0 grams
}
```",3,NA,0,NA,NA,NA,NA,NA,NA,NA,NA,NA,NA,NA,NA,NA,NA,NA,NA,NA,NA,NA,NA,NA,NA,NA,NA,NA,NA,"```json
{
  ""Remnants"": 0
}
```",3,NA,0,NA,NA,NA,NA,NA,NA,NA,NA,NA,NA,NA,NA,NA,NA,"```json
{
  ""Remnants"": 0
}
```",3,NA,0,NA,NA,NA,NA,NA,NA,NA,NA,NA,NA,NA,NA,NA,NA,"```json
{""Remnants"": 0 grams}
```",3,NA,NA,NA,NA,NA,NA,NA,NA,NA,NA,NA,NA,NA,NA,NA,NA,"```json
{
  ""Remnants"": 0
}
```",3,NA,0,NA,NA,NA,NA,NA,NA,NA,NA,NA,NA,NA,NA,NA,NA,"```json
{""Remnants"": 0 grams}
```",3,NA,NA,NA,NA,NA,NA,NA,NA,NA,NA,NA,NA,NA,NA,NA,NA,0,0,1,1,0,1,1,0,1,1,0,1,1,0,1,1,0,1,1,0,1,1,0,1,1,0,1,1,0,1,1,0,1,1,0,1,1,0,1,1,0,1,1,1,1,0,0,0,0,0,0,0,0,0,0,0,0,0,0,0,0,0,0,0,0,0,0,0,0,0,0,0,0,0,0
"Potato stir-fry with fried egg and mushrooms","Erica","Monday","Aardappelroerbak",2,"3","22.5",511,513,2,"Aardappelroerbak met spiegelei en champignons","https://www.hellofresh.nl/recipes/aardappelroerbak-met-spiegelei-en-kaas-658d7dd0f9d1ffb514ddb85b","Erica_Aardappelroerbak_2_3.jpg",3,"potatoes or fries","legumes","garlic","onion","mushrooms","cheese","eggs","herbs","root vegetables","fats or oils",NA,NA,NA,NA,NA,"600g Potatoes; 100g Green Beans; 1.5  Garlic cloves; 1.5  Onion; 250g Mushrooms; 150g Gouda Cheese; 3 Egg; 7.5g Parsley; 2 Carrot; 3.75 tablespoon butter"," Potatoes;  Green Beans;  Garlic ;  Onion;  Mushrooms;  Gouda Cheese; Egg;  Parsley; Carrot;   butter",2,2,"```json
{
  ""Remnants"": 0 grams
}
```",6,NA,0,NA,NA,NA,NA,NA,NA,NA,NA,NA,NA,NA,NA,NA,NA,NA,NA,NA,NA,NA,NA,NA,NA,NA,NA,NA,NA,NA,NA,"```json
{
  ""Remnants"": 0
}
```",6,NA,0,NA,NA,NA,NA,NA,NA,NA,NA,NA,NA,NA,NA,NA,NA,NA,NA,NA,NA,NA,NA,NA,NA,NA,NA,NA,NA,NA,NA,"```json
{
  ""Remnants"": 0
}
```",6,NA,0,NA,NA,NA,NA,NA,NA,NA,NA,NA,NA,NA,NA,NA,NA,NA,NA,NA,NA,NA,NA,NA,NA,NA,NA,NA,NA,NA,NA,"```json
{
  ""Remnants"": 0
}
```",6,NA,0,NA,NA,NA,NA,NA,NA,NA,NA,NA,NA,NA,NA,NA,NA,NA,NA,NA,NA,NA,NA,NA,NA,NA,NA,NA,NA,NA,NA,"```json
{
  ""Remnants"": 0
}
```",6,NA,0,NA,NA,NA,NA,NA,NA,NA,NA,NA,NA,NA,NA,NA,NA,NA,NA,NA,NA,NA,NA,NA,NA,NA,NA,NA,NA,NA,NA,"```json
{
  ""Remnants"": 0 grams
}
```",6,NA,0,NA,NA,NA,NA,NA,NA,NA,NA,NA,NA,NA,NA,NA,NA,NA,NA,NA,NA,NA,NA,NA,NA,NA,NA,NA,NA,NA,NA,"```json
{""Remnants"": 0 grams}
```",6,NA,NA,NA,NA,NA,NA,NA,NA,NA,NA,NA,NA,NA,NA,NA,NA,NA,NA,NA,NA,NA,NA,NA,NA,NA,NA,NA,NA,"```json
{
  ""Remnants"": 0 grams
}
```",6,NA,0,NA,NA,NA,NA,NA,NA,NA,NA,NA,NA,NA,NA,NA,NA,NA,NA,NA,NA,NA,NA,NA,NA,NA,NA,NA,NA,NA,NA,"```json
{
  ""Remnants"": 0 grams
}
```",6,NA,0,NA,NA,NA,NA,NA,NA,NA,NA,NA,NA,NA,NA,NA,NA,NA,NA,NA,NA,NA,NA,NA,NA,NA,NA,NA,NA,NA,NA,"```json
{
  ""Remnants"": 0 grams
}
```",6,NA,0,NA,NA,NA,NA,NA,NA,NA,NA,NA,NA,NA,NA,NA,NA,NA,NA,NA,NA,NA,NA,NA,NA,NA,NA,NA,NA,"```json
{""Remnants"": 0 grams}
```",6,NA,NA,NA,NA,NA,NA,NA,NA,NA,NA,NA,NA,NA,NA,NA,NA,"```json
{
  ""Remnants"": 0 grams
}
```",6,NA,0,NA,NA,NA,NA,NA,NA,NA,NA,NA,NA,NA,NA,NA,NA,"```json
{""Remnants"": 0 grams}
```",6,NA,NA,NA,NA,NA,NA,NA,NA,NA,NA,NA,NA,NA,NA,NA,NA,"```json
{
  ""Remnants"": 0 grams
}
```",6,NA,0,NA,NA,NA,NA,NA,NA,NA,NA,NA,NA,NA,NA,NA,NA,"```json
{""Remnants"": 0 grams}
```",6,NA,NA,NA,NA,NA,NA,NA,NA,NA,NA,NA,NA,NA,NA,NA,NA,0,0,2,2,0,2,2,0,2,2,0,2,2,0,2,2,0,2,2,0,2,2,0,2,2,0,2,2,0,2,2,0,2,2,0,2,2,0,2,2,0,2,2,2,2,0,0,0,0,0,0,0,0,0,0,0,0,0,0,0,0,0,0,0,0,0,0,0,0,0,0,0,0,0,0
"Potato stir-fry with fried egg and mushrooms","Erica","Monday","Aardappelroerbak",3,"2","22.5",506,671,165,"Aardappelroerbak met spiegelei en champignons","https://www.hellofresh.nl/recipes/aardappelroerbak-met-spiegelei-en-kaas-658d7dd0f9d1ffb514ddb85b","Erica_Aardappelroerbak_3_2.jpg",3,"potatoes or fries","legumes","garlic","onion","mushrooms","cheese","eggs","herbs","root vegetables","fats or oils",NA,NA,NA,NA,NA,"600g Potatoes; 100g Green Beans; 1.5  Garlic cloves; 1.5  Onion; 250g Mushrooms; 150g Gouda Cheese; 3 Egg; 7.5g Parsley; 2 Carrot; 3.75 tablespoon butter"," Potatoes;  Green Beans;  Garlic ;  Onion;  Mushrooms;  Gouda Cheese; Egg;  Parsley; Carrot;   butter",165,165,"```json
{
    ""Potatoes"": 30,
    ""Green Beans"": 15,
    ""Garlic"": 5,
    ""Onion"": 20,
    ""Mushrooms"": 10,
    ""Gouda Cheese"": 10,
    ""Egg"": 15,
    ""Parsley"": 0,
    ""Carrot"": 20,
    ""Butter"": 5
}
```",8,"potatoes or fries",30,"legumes",15,"garlic",5,"onion",20,"mushrooms",10,"cheese",10,"eggs",15,"herbs",0,"root vegetables",20,"fats or oils",5,NA,NA,NA,NA,NA,NA,NA,NA,NA,NA,"```json
{
    ""Potatoes"": 30,
    ""Green Beans"": 15,
    ""Garlic"": 5,
    ""Onion"": 20,
    ""Mushrooms"": 10,
    ""Gouda Cheese"": 10,
    ""Egg"": 15,
    ""Parsley"": 0,
    ""Carrot"": 20,
    ""Butter"": 5
}
```",8,"potatoes or fries",30,"legumes",15,"garlic",5,"onion",20,"mushrooms",10,"cheese",10,"eggs",15,"herbs",0,"root vegetables",20,"fats or oils",5,NA,NA,NA,NA,NA,NA,NA,NA,NA,NA,"```json
{
    ""Potatoes"": 30,
    ""Green Beans"": 15,
    ""Garlic"": 5,
    ""Onion"": 20,
    ""Mushrooms"": 10,
    ""Gouda Cheese"": 10,
    ""Egg"": 15,
    ""Carrot"": 20,
    ""Butter"": 5
}
```",8,"potatoes or fries",30,"legumes",15,"garlic",5,"onion",20,"mushrooms",10,"cheese",10,"eggs",15,"root vegetables",20,"fats or oils",5,NA,NA,NA,NA,NA,NA,NA,NA,NA,NA,NA,NA,"```json
{
    ""Potatoes"": 30,
    ""Green Beans"": 15,
    ""Garlic"": 5,
    ""Onion"": 20,
    ""Mushrooms"": 10,
    ""Gouda Cheese"": 10,
    ""Egg"": 15,
    ""Carrot"": 20,
    ""Butter"": 5
}
```",8,"potatoes or fries",30,"legumes",15,"garlic",5,"onion",20,"mushrooms",10,"cheese",10,"eggs",15,"root vegetables",20,"fats or oils",5,NA,NA,NA,NA,NA,NA,NA,NA,NA,NA,NA,NA,"```json
{
    ""Potatoes"": 30,
    ""Green Beans"": 15,
    ""Garlic"": 5,
    ""Onion"": 20,
    ""Mushrooms"": 10,
    ""Gouda Cheese"": 10,
    ""Egg"": 15,
    ""Carrot"": 20,
    ""Butter"": 5
}
```",8,"potatoes or fries",30,"legumes",15,"garlic",5,"onion",20,"mushrooms",10,"cheese",10,"eggs",15,"root vegetables",20,"fats or oils",5,NA,NA,NA,NA,NA,NA,NA,NA,NA,NA,NA,NA,"```json
{
    ""Potatoes"": 50,
    ""Green Beans"": 20,
    ""Garlic"": 5,
    ""Onion"": 30,
    ""Mushrooms"": 20,
    ""Gouda Cheese"": 10,
    ""Egg"": 10,
    ""Parsley"": 0,
    ""Carrot"": 30,
    ""Butter"": 5
}
```",8,"potatoes or fries",50,"legumes",20,"garlic",5,"onion",30,"mushrooms",20,"cheese",10,"eggs",10,"herbs",0,"root vegetables",30,"fats or oils",5,NA,NA,NA,NA,NA,NA,NA,NA,NA,NA,"```json
{
    ""Potatoes"": 50,
    ""Green Beans"": 20,
    ""Onion"": 30,
    ""Mushrooms"": 20,
    ""Carrot"": 40,
    ""Gouda Cheese"": 10,
    ""Remnants"": 0
}
```",8,"potatoes or fries",50,"legumes",20,"onion",30,"mushrooms",20,"root vegetables",40,"cheese",10,NA,0,NA,NA,NA,NA,NA,NA,NA,NA,NA,NA,NA,NA,NA,NA,"```json
{
    ""Potatoes"": 50,
    ""Green Beans"": 20,
    ""Garlic"": 5,
    ""Onion"": 30,
    ""Mushrooms"": 20,
    ""Gouda Cheese"": 20,
    ""Egg"": 10,
    ""Carrot"": 30,
    ""Butter"": 5
}
```",8,"potatoes or fries",50,"legumes",20,"garlic",5,"onion",30,"mushrooms",20,"cheese",20,"eggs",10,"root vegetables",30,"fats or oils",5,NA,NA,NA,NA,NA,NA,NA,NA,NA,NA,NA,NA,"```json
{
    ""Potatoes"": 50,
    ""Green Beans"": 20,
    ""Onion"": 30,
    ""Mushrooms"": 20,
    ""Carrot"": 40,
    ""Gouda Cheese"": 10,
    ""Remnants"": 0
}
```",8,"potatoes or fries",50,"legumes",20,"onion",30,"mushrooms",20,"root vegetables",40,"cheese",10,NA,0,NA,NA,NA,NA,NA,NA,NA,NA,NA,NA,NA,NA,NA,NA,NA,NA,"```json
{
    ""Potatoes"": 50,
    ""Green Beans"": 20,
    ""Garlic"": 5,
    ""Onion"": 30,
    ""Mushrooms"": 20,
    ""Gouda Cheese"": 10,
    ""Egg"": 10,
    ""Parsley"": 0,
    ""Carrot"": 30,
    ""Butter"": 5
}
```",8,"potatoes or fries",50,"legumes",20,"garlic",5,"onion",30,"mushrooms",20,"cheese",10,"eggs",10,"herbs",0,"root vegetables",30,"fats or oils",5,NA,NA,NA,NA,NA,NA,NA,NA,"```json
{
    ""Potatoes"": 30,
    ""Carrots"": 20,
    ""Green Beans"": 15,
    ""Onions"": 10,
    ""Mushrooms"": 10,
    ""Fried Egg"": 20
}
```",8,"potatoes or fries",30,"root vegetables",20,"legumes",15,"onion",10,"mushrooms",10,"eggs",20,NA,NA,NA,NA,"```json
{
    ""Potato"": 30,
    ""Carrot"": 20,
    ""Green Beans"": 10,
    ""Onion"": 15,
    ""Mushroom"": 10,
    ""Fried Egg"": 20
}
```",8,"potatoes or fries",30,"root vegetables",20,"legumes",10,"onion",15,"mushrooms",10,"eggs",20,NA,NA,NA,NA,"```json
{
    ""Potato"": 30,
    ""Carrot"": 20,
    ""Green Beans"": 10,
    ""Onion"": 15,
    ""Mushroom"": 10,
    ""Fried Egg"": 20,
    ""Sauce/Remnants"": 5
}
```",8,"potatoes or fries",30,"root vegetables",20,"legumes",10,"onion",15,"mushrooms",10,"eggs",20,"sauce",5,NA,NA,"```json
{
    ""Potato"": 30,
    ""Carrot"": 20,
    ""Green Beans"": 15,
    ""Onion"": 10,
    ""Mushroom"": 10,
    ""Fried Egg"": 20
}
```",8,"potatoes or fries",30,"root vegetables",20,"legumes",15,"onion",10,"mushrooms",10,"eggs",20,NA,NA,NA,NA,"```json
{
    ""Potato"": 30,
    ""Carrot"": 20,
    ""Green Beans"": 10,
    ""Onion"": 15,
    ""Mushroom"": 10,
    ""Fried Egg"": 20
}
```",8,"potatoes or fries",30,"root vegetables",20,"legumes",10,"onion",15,"mushrooms",10,"eggs",20,NA,NA,NA,NA,105,130,35,35,130,35,35,130,35,35,130,35,35,130,35,35,180,-15,15,170,-5,5,190,-25,25,170,-5,5,180,-15,15,105,60,60,105,60,60,110,55,55,105,60,60,60,60,10,0,10,0,9,0,9,0,9,0,10,0,6,0,9,0,6,0,10,0,6,0,6,0,6,1,6,0,6,0
"Potato stir-fry with fried egg and mushrooms","Erica","Monday","Aardappelroerbak",3,"3","22.5",506,508,2,"Aardappelroerbak met spiegelei en champignons","https://www.hellofresh.nl/recipes/aardappelroerbak-met-spiegelei-en-kaas-658d7dd0f9d1ffb514ddb85b","Erica_Aardappelroerbak_3_3.jpg",3,"potatoes or fries","legumes","garlic","onion","mushrooms","cheese","eggs","herbs","root vegetables","fats or oils",NA,NA,NA,NA,NA,"600g Potatoes; 100g Green Beans; 1.5  Garlic cloves; 1.5  Onion; 250g Mushrooms; 150g Gouda Cheese; 3 Egg; 7.5g Parsley; 2 Carrot; 3.75 tablespoon butter"," Potatoes;  Green Beans;  Garlic ;  Onion;  Mushrooms;  Gouda Cheese; Egg;  Parsley; Carrot;   butter",2,2,"```json
{
  ""Remnants"": 0
}
```",9,NA,0,NA,NA,NA,NA,NA,NA,NA,NA,NA,NA,NA,NA,NA,NA,NA,NA,NA,NA,NA,NA,NA,NA,NA,NA,NA,NA,NA,NA,"```json
{
  ""Remnants"": 0 grams
}
```",9,NA,0,NA,NA,NA,NA,NA,NA,NA,NA,NA,NA,NA,NA,NA,NA,NA,NA,NA,NA,NA,NA,NA,NA,NA,NA,NA,NA,NA,NA,"```json
{
  ""Remnants"": 0 grams
}
```",9,NA,0,NA,NA,NA,NA,NA,NA,NA,NA,NA,NA,NA,NA,NA,NA,NA,NA,NA,NA,NA,NA,NA,NA,NA,NA,NA,NA,NA,NA,"```json
{
  ""Remnants"": 0
}
```",9,NA,0,NA,NA,NA,NA,NA,NA,NA,NA,NA,NA,NA,NA,NA,NA,NA,NA,NA,NA,NA,NA,NA,NA,NA,NA,NA,NA,NA,NA,"```json
{
  ""Remnants"": 0
}
```",9,NA,0,NA,NA,NA,NA,NA,NA,NA,NA,NA,NA,NA,NA,NA,NA,NA,NA,NA,NA,NA,NA,NA,NA,NA,NA,NA,NA,NA,NA,"```json
{
  ""Remnants"": 0 grams
}
```",9,NA,0,NA,NA,NA,NA,NA,NA,NA,NA,NA,NA,NA,NA,NA,NA,NA,NA,NA,NA,NA,NA,NA,NA,NA,NA,NA,NA,NA,NA,"```json
{
  ""Remnants"": 0 grams
}
```",9,NA,0,NA,NA,NA,NA,NA,NA,NA,NA,NA,NA,NA,NA,NA,NA,NA,NA,NA,NA,NA,NA,NA,NA,NA,NA,NA,NA,"```json
{
  ""Remnants"": 0 grams
}
```",9,NA,0,NA,NA,NA,NA,NA,NA,NA,NA,NA,NA,NA,NA,NA,NA,NA,NA,NA,NA,NA,NA,NA,NA,NA,NA,NA,NA,NA,NA,"```json
{
  ""Remnants"": 0 grams
}
```",9,NA,0,NA,NA,NA,NA,NA,NA,NA,NA,NA,NA,NA,NA,NA,NA,NA,NA,NA,NA,NA,NA,NA,NA,NA,NA,NA,NA,NA,NA,"```json
{
  ""Remnants"": 0 grams
}
```",9,NA,0,NA,NA,NA,NA,NA,NA,NA,NA,NA,NA,NA,NA,NA,NA,NA,NA,NA,NA,NA,NA,NA,NA,NA,NA,NA,NA,"```json
{""Remnants"": 0 grams}
```",9,NA,NA,NA,NA,NA,NA,NA,NA,NA,NA,NA,NA,NA,NA,NA,NA,"```json
{
  ""Remnants"": 0 grams
}
```",9,NA,0,NA,NA,NA,NA,NA,NA,NA,NA,NA,NA,NA,NA,NA,NA,"```json
{
  ""Remnants"": 0
}
```",9,NA,0,NA,NA,NA,NA,NA,NA,NA,NA,NA,NA,NA,NA,NA,NA,"```json
{""Remnants"": 0 grams}
```",9,NA,NA,NA,NA,NA,NA,NA,NA,NA,NA,NA,NA,NA,NA,NA,NA,"```json
{
  ""Remnants"": 0 grams
}
```",9,NA,0,NA,NA,NA,NA,NA,NA,NA,NA,NA,NA,NA,NA,NA,NA,0,0,2,2,0,2,2,0,2,2,0,2,2,0,2,2,0,2,2,0,2,2,0,2,2,0,2,2,0,2,2,0,2,2,0,2,2,0,2,2,0,2,2,2,2,0,0,0,0,0,0,0,0,0,0,0,0,0,0,0,0,0,0,0,0,0,0,0,0,0,0,0,0,0,0
"Prawns in Mediterranean marinade on orzo","Mariam","45581","ShrimpOrzo",1,"50-30","26,3",669,882,213,"Garnelen in mediterraner Marinade auf Orzo","https://www.hellofresh.de/recipes/garnelen-in-mediterraner-marinade-auf-orzo-salat-65b24289d1da3988cdd86720","Mitja_Wed_Meal1_1.jpg",2,"(shell)fish","pasta","cucumbers","tomatoes","garlic","tomatoes","dairy (cream)","spices","spices","fats or oils","fats or oils","water or broth",NA,NA,NA,"150g Shrimps; 180g orzo; 1  Cucumber; 2 Tomatoes; 2  Garlic cloves; 50g Tomato Pesto; 75g Yoghurt; 1 gram oregano; 2 gram spice mix; 1 tablespoon oil; 1 tablespoon olive oil; 350ml water"," Shrimps;  orzo;  Cucumber; Tomatoes;  Garlic ; Tomato Pesto; Yoghurt;  oregano;  spice mix;  oil;  olive oil; water",213,213,"```json
{
    ""Shrimps"": 20,
    ""Orzo"": 50,
    ""Cucumber"": 15,
    ""Tomatoes"": 10,
    ""Yoghurt"": 20,
    ""Remnants"": 0
}
```",67,"(shell)fish",20,"pasta",50,"cucumbers",15,"tomatoes",10,"dairy (cream)",20,NA,0,NA,NA,NA,NA,NA,NA,NA,NA,NA,NA,NA,NA,NA,NA,NA,NA,NA,NA,"```json
{
    ""Shrimps"": 20,
    ""Orzo"": 50,
    ""Cucumber"": 15,
    ""Tomatoes"": 10,
    ""Yoghurt"": 20,
    ""Remnants"": 5
}
```",67,"(shell)fish",20,"pasta",50,"cucumbers",15,"tomatoes",10,"dairy (cream)",20,NA,5,NA,NA,NA,NA,NA,NA,NA,NA,NA,NA,NA,NA,NA,NA,NA,NA,NA,NA,"```json
{
    ""Shrimps"": 20,
    ""Orzo"": 50,
    ""Cucumber"": 15,
    ""Tomatoes"": 10,
    ""Yoghurt"": 20,
    ""Tomato Pesto"": 5
}
```",67,"(shell)fish",20,"pasta",50,"cucumbers",15,"tomatoes",10,"dairy (cream)",20,"tomatoes",5,NA,NA,NA,NA,NA,NA,NA,NA,NA,NA,NA,NA,NA,NA,NA,NA,NA,NA,"```json
{
    ""Shrimps"": 20,
    ""Orzo"": 50,
    ""Cucumber"": 15,
    ""Tomatoes"": 10,
    ""Yoghurt"": 20,
    ""Remnants"": 5
}
```",67,"(shell)fish",20,"pasta",50,"cucumbers",15,"tomatoes",10,"dairy (cream)",20,NA,5,NA,NA,NA,NA,NA,NA,NA,NA,NA,NA,NA,NA,NA,NA,NA,NA,NA,NA,"```json
{
    ""Shrimps"": 20,
    ""Orzo"": 50,
    ""Cucumber"": 15,
    ""Tomatoes"": 10,
    ""Yoghurt"": 20,
    ""Tomato Pesto"": 5
}
```",67,"(shell)fish",20,"pasta",50,"cucumbers",15,"tomatoes",10,"dairy (cream)",20,"tomatoes",5,NA,NA,NA,NA,NA,NA,NA,NA,NA,NA,NA,NA,NA,NA,NA,NA,NA,NA,"```json
{
    ""Shrimps"": 20,
    ""Orzo"": 40,
    ""Cucumber"": 15,
    ""Tomatoes"": 10,
    ""Yoghurt"": 20
}
```",67,"(shell)fish",20,"pasta",40,"cucumbers",15,"tomatoes",10,"dairy (cream)",20,NA,NA,NA,NA,NA,NA,NA,NA,NA,NA,NA,NA,NA,NA,NA,NA,NA,NA,NA,NA,"```json
{
    ""Shrimps"": 30,
    ""Orzo"": 50,
    ""Cucumber"": 20,
    ""Tomato"": 15,
    ""Yoghurt"": 30
}
```",67,"(shell)fish",30,"pasta",50,"cucumbers",20,"tomatoes",15,"dairy (cream)",30,NA,NA,NA,NA,NA,NA,NA,NA,NA,NA,NA,NA,NA,NA,NA,NA,NA,NA,"```json
{
    ""Shrimps"": 30,
    ""Orzo"": 50,
    ""Cucumber"": 20,
    ""Tomato"": 15,
    ""Yoghurt"": 30
}
```",67,"(shell)fish",30,"pasta",50,"cucumbers",20,"tomatoes",15,"dairy (cream)",30,NA,NA,NA,NA,NA,NA,NA,NA,NA,NA,NA,NA,NA,NA,NA,NA,NA,NA,NA,NA,"```json
{
    ""Shrimps"": 30,
    ""Orzo"": 50,
    ""Cucumber"": 20,
    ""Tomato"": 15,
    ""Yoghurt"": 30
}
```",67,"(shell)fish",30,"pasta",50,"cucumbers",20,"tomatoes",15,"dairy (cream)",30,NA,NA,NA,NA,NA,NA,NA,NA,NA,NA,NA,NA,NA,NA,NA,NA,NA,NA,NA,NA,"```json
{
    ""Shrimps"": 30,
    ""Orzo"": 50,
    ""Cucumber"": 20,
    ""Tomato"": 15,
    ""Yoghurt"": 20
}
```",67,"(shell)fish",30,"pasta",50,"cucumbers",20,"tomatoes",15,"dairy (cream)",20,NA,NA,NA,NA,NA,NA,NA,NA,NA,NA,NA,NA,NA,NA,NA,NA,NA,NA,"```json
{
    ""Prawns"": 20,
    ""Orzo"": 60,
    ""Zucchini"": 15,
    ""Tomato"": 10,
    ""Sauce"": 20
}
```",67,"(shell)fish",20,"pasta",60,"zucchini",15,"tomatoes",10,"sauce",20,NA,NA,NA,NA,NA,NA,"```json
{
    ""Prawns"": 20,
    ""Orzo"": 80,
    ""Zucchini"": 15,
    ""Tomato"": 10,
    ""Sauce"": 20
}
```",67,"(shell)fish",20,"pasta",80,"zucchini",15,"tomatoes",10,"sauce",20,NA,NA,NA,NA,NA,NA,"```json
{
    ""Prawns"": 20,
    ""Orzo"": 60,
    ""Zucchini"": 15,
    ""Tomato"": 10,
    ""Yogurt Sauce"": 20
}
```",67,"(shell)fish",20,"pasta",60,"zucchini",15,"tomatoes",10,"dairy (cream)",20,NA,NA,NA,NA,NA,NA,"```json
{
    ""Prawns"": 20,
    ""Orzo"": 80,
    ""Zucchini"": 15,
    ""Tomato"": 10,
    ""Sauce"": 20
}
```",67,"(shell)fish",20,"pasta",80,"zucchini",15,"tomatoes",10,"sauce",20,NA,NA,NA,NA,NA,NA,"```json
{
    ""Prawns"": 20,
    ""Orzo"": 80,
    ""Zucchini"": 15,
    ""Tomato"": 10,
    ""Sauce"": 20
}
```",67,"(shell)fish",20,"pasta",80,"zucchini",15,"tomatoes",10,"sauce",20,NA,NA,NA,NA,NA,NA,145,115,98,98,120,93,93,120,93,93,120,93,93,120,93,93,105,108,108,145,68,68,145,68,68,145,68,68,135,78,78,125,88,88,145,68,68,125,88,88,145,68,68,68,68,5,0,5,0,5,0,5,0,5,0,5,0,5,0,5,0,5,0,5,0,3,2,3,2,4,1,3,2,3,2
"Prawns in Mediterranean marinade on orzo","Mariam","45581","ShrimpOrzo",1,"10%-30%","26,3",669,754,85,"Garnelen in mediterraner Marinade auf Orzo","https://www.hellofresh.de/recipes/garnelen-in-mediterraner-marinade-auf-orzo-salat-65b24289d1da3988cdd86721","Mitja_Wed_Meal1_2.jpg",2,"(shell)fish","pasta","cucumbers","tomatoes","garlic","tomatoes","dairy (cream)","spices","spices","fats or oils","fats or oils","water or broth",NA,NA,NA,"150g Shrimps; 180g orzo; 1  Cucumber; 2 Tomatoes; 2  Garlic cloves; 50g Tomato Pesto; 75g Yoghurt; 1 gram oregano; 2 gram spice mix; 1 tablespoon oil; 1 tablespoon olive oil; 350ml water"," Shrimps;  orzo;  Cucumber; Tomatoes;  Garlic ; Tomato Pesto; Yoghurt;  oregano;  spice mix;  oil;  olive oil; water",85,85,"```json
{
    ""Shrimps"": 5,
    ""Orzo"": 15,
    ""Cucumber"": 10,
    ""Tomatoes"": 5,
    ""Yoghurt"": 20,
    ""Remnants"": 0
}
```",68,"(shell)fish",5,"pasta",15,"cucumbers",10,"tomatoes",5,"dairy (cream)",20,NA,0,NA,NA,NA,NA,NA,NA,NA,NA,NA,NA,NA,NA,NA,NA,NA,NA,NA,NA,"```json
{
    ""Shrimps"": 5,
    ""Orzo"": 10,
    ""Cucumber"": 5,
    ""Tomatoes"": 5,
    ""Yoghurt"": 15,
    ""Remnants"": 0
}
```",68,"(shell)fish",5,"pasta",10,"cucumbers",5,"tomatoes",5,"dairy (cream)",15,NA,0,NA,NA,NA,NA,NA,NA,NA,NA,NA,NA,NA,NA,NA,NA,NA,NA,NA,NA,"```json
{
    ""Shrimps"": 10,
    ""Orzo"": 15,
    ""Cucumber"": 5,
    ""Tomatoes"": 5,
    ""Yoghurt"": 20,
    ""Remnants"": 0
}
```",68,"(shell)fish",10,"pasta",15,"cucumbers",5,"tomatoes",5,"dairy (cream)",20,NA,0,NA,NA,NA,NA,NA,NA,NA,NA,NA,NA,NA,NA,NA,NA,NA,NA,NA,NA,"```json
{
    ""Shrimps"": 5,
    ""Orzo"": 10,
    ""Cucumber"": 5,
    ""Tomatoes"": 5,
    ""Yoghurt"": 15,
    ""Remnants"": 0
}
```",68,"(shell)fish",5,"pasta",10,"cucumbers",5,"tomatoes",5,"dairy (cream)",15,NA,0,NA,NA,NA,NA,NA,NA,NA,NA,NA,NA,NA,NA,NA,NA,NA,NA,NA,NA,"```json
{
    ""Shrimps"": 5,
    ""Orzo"": 10,
    ""Cucumber"": 5,
    ""Tomatoes"": 5,
    ""Yoghurt"": 15,
    ""Remnants"": 0
}
```",68,"(shell)fish",5,"pasta",10,"cucumbers",5,"tomatoes",5,"dairy (cream)",15,NA,0,NA,NA,NA,NA,NA,NA,NA,NA,NA,NA,NA,NA,NA,NA,NA,NA,NA,NA,"```json
{
    ""Shrimps"": 10,
    ""Orzo"": 15,
    ""Cucumber"": 5,
    ""Tomato"": 5,
    ""Yoghurt"": 20
}
```",68,"(shell)fish",10,"pasta",15,"cucumbers",5,"tomatoes",5,"dairy (cream)",20,NA,NA,NA,NA,NA,NA,NA,NA,NA,NA,NA,NA,NA,NA,NA,NA,NA,NA,NA,NA,"```json
{
    ""Shrimps"": 10,
    ""Orzo"": 15,
    ""Cucumber"": 5,
    ""Tomato"": 5,
    ""Yoghurt"": 20
}
```",68,"(shell)fish",10,"pasta",15,"cucumbers",5,"tomatoes",5,"dairy (cream)",20,NA,NA,NA,NA,NA,NA,NA,NA,NA,NA,NA,NA,NA,NA,NA,NA,NA,NA,"```json
{
    ""Shrimps"": 10,
    ""Orzo"": 15,
    ""Cucumber"": 5,
    ""Tomato"": 5,
    ""Yoghurt"": 20
}
```",68,"(shell)fish",10,"pasta",15,"cucumbers",5,"tomatoes",5,"dairy (cream)",20,NA,NA,NA,NA,NA,NA,NA,NA,NA,NA,NA,NA,NA,NA,NA,NA,NA,NA,NA,NA,"```json
{
    ""Shrimps"": 10,
    ""Orzo"": 15,
    ""Cucumber"": 10,
    ""Tomatoes"": 5,
    ""Yoghurt"": 20
}
```",68,"(shell)fish",10,"pasta",15,"cucumbers",10,"tomatoes",5,"dairy (cream)",20,NA,NA,NA,NA,NA,NA,NA,NA,NA,NA,NA,NA,NA,NA,NA,NA,NA,NA,NA,NA,"```json
{
    ""Shrimps"": 10,
    ""Orzo"": 15,
    ""Cucumber"": 5,
    ""Tomato"": 5,
    ""Yoghurt"": 20
}
```",68,"(shell)fish",10,"pasta",15,"cucumbers",5,"tomatoes",5,"dairy (cream)",20,NA,NA,NA,NA,NA,NA,NA,NA,NA,NA,NA,NA,NA,NA,NA,NA,NA,NA,"```json
{
    ""Prawns"": 10,
    ""Orzo"": 15,
    ""Cucumber"": 5,
    ""Tomato"": 5,
    ""Sauce"": 10
}
```",68,"(shell)fish",10,"pasta",15,"cucumbers",5,"tomatoes",5,"sauce",10,NA,NA,NA,NA,NA,NA,"```json
{
    ""Orzo"": 10,
    ""Cucumber"": 5,
    ""Tomato"": 5,
    ""Prawn"": 5,
    ""Sauce"": 10
}
```",68,"pasta",10,"cucumbers",5,"tomatoes",5,"(shell)fish",5,"sauce",10,NA,NA,NA,NA,NA,NA,"```json
{
    ""Orzo"": 10,
    ""Cucumber"": 5,
    ""Tomato"": 5,
    ""Prawn"": 5,
    ""Sauce"": 10
}
```",68,"pasta",10,"cucumbers",5,"tomatoes",5,"(shell)fish",5,"sauce",10,NA,NA,NA,NA,NA,NA,"```json
{
    ""Orzo"": 10,
    ""Cucumber"": 5,
    ""Tomato"": 5,
    ""Prawn"": 5,
    ""Sauce"": 10
}
```",68,"pasta",10,"cucumbers",5,"tomatoes",5,"(shell)fish",5,"sauce",10,NA,NA,NA,NA,NA,NA,"```json
{
  ""orzo"": 10,
  ""cucumber"": 5,
  ""tomato"": 5,
  ""prawn"": 5,
  ""sauce"": 10
}
```",68,"pasta",10,"cucumbers",5,"tomatoes",5,"(shell)fish",5,"sauce",10,NA,NA,NA,NA,NA,NA,35,55,30,30,40,45,45,55,30,30,40,45,45,40,45,45,55,30,30,55,30,30,55,30,30,60,25,25,55,30,30,45,40,40,35,50,50,35,50,50,35,50,50,50,50,5,0,5,0,5,0,5,0,5,0,5,0,5,0,5,0,5,0,5,0,4,1,4,1,4,1,4,1,4,1
"Prawns in Mediterranean marinade on orzo","Mariam","45581","ShrimpOrzo",1,"finished","26,3",669,674,5,"Garnelen in mediterraner Marinade auf Orzo","https://www.hellofresh.de/recipes/garnelen-in-mediterraner-marinade-auf-orzo-salat-65b24289d1da3988cdd86722","Mitja_Wed_Meal1_3.jpg",2,"(shell)fish","pasta","cucumbers","tomatoes","garlic","tomatoes","dairy (cream)","spices","spices","fats or oils","fats or oils","water or broth",NA,NA,NA,"150g Shrimps; 180g orzo; 1  Cucumber; 2 Tomatoes; 2  Garlic cloves; 50g Tomato Pesto; 75g Yoghurt; 1 gram oregano; 2 gram spice mix; 1 tablespoon oil; 1 tablespoon olive oil; 350ml water"," Shrimps;  orzo;  Cucumber; Tomatoes;  Garlic ; Tomato Pesto; Yoghurt;  oregano;  spice mix;  oil;  olive oil; water",5,5,"```json
{
  ""Remnants"": 0 grams
}
```",69,NA,0,NA,NA,NA,NA,NA,NA,NA,NA,NA,NA,NA,NA,NA,NA,NA,NA,NA,NA,NA,NA,NA,NA,NA,NA,NA,NA,NA,NA,"```json
{
  ""Remnants"": 0 grams
}
```",69,NA,0,NA,NA,NA,NA,NA,NA,NA,NA,NA,NA,NA,NA,NA,NA,NA,NA,NA,NA,NA,NA,NA,NA,NA,NA,NA,NA,NA,NA,"```json
{
  ""Remnants"": 0 grams
}
```",69,NA,0,NA,NA,NA,NA,NA,NA,NA,NA,NA,NA,NA,NA,NA,NA,NA,NA,NA,NA,NA,NA,NA,NA,NA,NA,NA,NA,NA,NA,"```json
{
  ""Remnants"": 0 grams
}
```",69,NA,0,NA,NA,NA,NA,NA,NA,NA,NA,NA,NA,NA,NA,NA,NA,NA,NA,NA,NA,NA,NA,NA,NA,NA,NA,NA,NA,NA,NA,"```json
{
  ""Remnants"": 0 grams
}
```",69,NA,0,NA,NA,NA,NA,NA,NA,NA,NA,NA,NA,NA,NA,NA,NA,NA,NA,NA,NA,NA,NA,NA,NA,NA,NA,NA,NA,NA,NA,"```json
{
  ""Remnants"": 0 grams
}
```",69,NA,0,NA,NA,NA,NA,NA,NA,NA,NA,NA,NA,NA,NA,NA,NA,NA,NA,NA,NA,NA,NA,NA,NA,NA,NA,NA,NA,NA,NA,"```json
{
  ""Remnants"": 0 grams
}
```",69,NA,0,NA,NA,NA,NA,NA,NA,NA,NA,NA,NA,NA,NA,NA,NA,NA,NA,NA,NA,NA,NA,NA,NA,NA,NA,NA,NA,"```json
{
  ""Remnants"": 0 grams
}
```",69,NA,0,NA,NA,NA,NA,NA,NA,NA,NA,NA,NA,NA,NA,NA,NA,NA,NA,NA,NA,NA,NA,NA,NA,NA,NA,NA,NA,NA,NA,"```json
{
  ""Remnants"": 0 grams
}
```",69,NA,0,NA,NA,NA,NA,NA,NA,NA,NA,NA,NA,NA,NA,NA,NA,NA,NA,NA,NA,NA,NA,NA,NA,NA,NA,NA,NA,NA,NA,"```json
{
  ""Remnants"": 0 grams
}
```",69,NA,0,NA,NA,NA,NA,NA,NA,NA,NA,NA,NA,NA,NA,NA,NA,NA,NA,NA,NA,NA,NA,NA,NA,NA,NA,NA,NA,"```json
{
  ""Remnants"": 0
}
```",69,NA,0,NA,NA,NA,NA,NA,NA,NA,NA,NA,NA,NA,NA,NA,NA,"```json
{""Remnants"": 0 grams}
```",69,NA,NA,NA,NA,NA,NA,NA,NA,NA,NA,NA,NA,NA,NA,NA,NA,"```json
{""Remnants"": 0 grams}
```",69,NA,NA,NA,NA,NA,NA,NA,NA,NA,NA,NA,NA,NA,NA,NA,NA,"```json
{""Remnants"": 0}
```",69,NA,NA,NA,NA,NA,NA,NA,NA,NA,NA,NA,NA,NA,NA,NA,NA,"```json
{""Remnants"": 0 grams}
```",69,NA,NA,NA,NA,NA,NA,NA,NA,NA,NA,NA,NA,NA,NA,NA,NA,0,0,5,5,0,5,5,0,5,5,0,5,5,0,5,5,0,5,5,0,5,5,0,5,5,0,5,5,0,5,5,0,5,5,0,5,5,0,5,5,0,5,5,5,5,0,0,0,0,0,0,0,0,0,0,0,0,0,0,0,0,0,0,0,0,0,0,0,0,0,0,0,0,0,0
"Prawns in Mediterranean marinade on orzo","Mariam","45581","ShrimpOrzo",2,"50%-30%","26,3",668,916,248,"Garnelen in mediterraner Marinade auf Orzo","https://www.hellofresh.de/recipes/garnelen-in-mediterraner-marinade-auf-orzo-salat-65b24289d1da3988cdd86723","Mariam_Wed_Meal1_1.jpg",2,"(shell)fish","pasta","cucumbers","tomatoes","garlic","tomatoes","dairy (cream)","spices","spices","fats or oils","fats or oils","water or broth",NA,NA,NA,"150g Shrimps; 180g orzo; 1  Cucumber; 2 Tomatoes; 2  Garlic cloves; 50g Tomato Pesto; 75g Yoghurt; 1 gram oregano; 2 gram spice mix; 1 tablespoon oil; 1 tablespoon olive oil; 350ml water"," Shrimps;  orzo;  Cucumber; Tomatoes;  Garlic ; Tomato Pesto; Yoghurt;  oregano;  spice mix;  oil;  olive oil; water",248,248,"```json
{
    ""Shrimps"": 30,
    ""Orzo"": 50,
    ""Cucumber"": 20,
    ""Tomatoes"": 25,
    ""Garlic"": 5,
    ""Tomato Pesto"": 10,
    ""Yoghurt"": 40,
    ""Oregano"": 1,
    ""Spice Mix"": 2,
    ""Oil"": 5,
    ""Olive Oil"": 5,
    ""Water"": 0
}
```",31,"(shell)fish",30,"pasta",50,"cucumbers",20,"tomatoes",25,"garlic",5,"tomatoes",10,"dairy (cream)",40,"spices",1,"spices",2,"fats or oils",5,"fats or oils",5,"water or broth",0,NA,NA,NA,NA,NA,NA,"```json
{
    ""Shrimps"": 30,
    ""Orzo"": 50,
    ""Cucumber"": 20,
    ""Tomatoes"": 25,
    ""Garlic"": 5,
    ""Tomato Pesto"": 10,
    ""Yoghurt"": 40,
    ""Oregano"": 1,
    ""Spice Mix"": 2,
    ""Oil"": 5,
    ""Olive Oil"": 5,
    ""Water"": 0
}
```",31,"(shell)fish",30,"pasta",50,"cucumbers",20,"tomatoes",25,"garlic",5,"tomatoes",10,"dairy (cream)",40,"spices",1,"spices",2,"fats or oils",5,"fats or oils",5,"water or broth",0,NA,NA,NA,NA,NA,NA,"```json
{
    ""Shrimps"": 40,
    ""Orzo"": 50,
    ""Cucumber"": 20,
    ""Tomatoes"": 30,
    ""Garlic"": 5,
    ""Tomato Pesto"": 10,
    ""Yoghurt"": 40,
    ""Oregano"": 1,
    ""Spice Mix"": 1,
    ""Oil"": 5,
    ""Olive Oil"": 5,
    ""Water"": 0
}
```",31,"(shell)fish",40,"pasta",50,"cucumbers",20,"tomatoes",30,"garlic",5,"tomatoes",10,"dairy (cream)",40,"spices",1,"spices",1,"fats or oils",5,"fats or oils",5,"water or broth",0,NA,NA,NA,NA,NA,NA,"```json
{
    ""Shrimps"": 40,
    ""Orzo"": 60,
    ""Cucumber"": 20,
    ""Tomatoes"": 30,
    ""Garlic"": 5,
    ""Tomato Pesto"": 10,
    ""Yoghurt"": 50,
    ""Oregano"": 1,
    ""Spice Mix"": 2,
    ""Oil"": 5,
    ""Olive Oil"": 5,
    ""Water"": 0
}
```",31,"(shell)fish",40,"pasta",60,"cucumbers",20,"tomatoes",30,"garlic",5,"tomatoes",10,"dairy (cream)",50,"spices",1,"spices",2,"fats or oils",5,"fats or oils",5,"water or broth",0,NA,NA,NA,NA,NA,NA,"```json
{
    ""Shrimps"": 30,
    ""Orzo"": 50,
    ""Cucumber"": 20,
    ""Tomatoes"": 25,
    ""Garlic"": 5,
    ""Tomato Pesto"": 10,
    ""Yoghurt"": 40,
    ""Oregano"": 1,
    ""Spice Mix"": 2,
    ""Oil"": 5,
    ""Olive Oil"": 5,
    ""Water"": 0
}
```",31,"(shell)fish",30,"pasta",50,"cucumbers",20,"tomatoes",25,"garlic",5,"tomatoes",10,"dairy (cream)",40,"spices",1,"spices",2,"fats or oils",5,"fats or oils",5,"water or broth",0,NA,NA,NA,NA,NA,NA,"```json
{
    ""Shrimps"": 30,
    ""Orzo"": 50,
    ""Cucumber"": 20,
    ""Tomatoes"": 25,
    ""Yoghurt"": 40
}
```",31,"(shell)fish",30,"pasta",50,"cucumbers",20,"tomatoes",25,"dairy (cream)",40,NA,NA,NA,NA,NA,NA,NA,NA,NA,NA,NA,NA,NA,NA,NA,NA,NA,NA,NA,NA,"```json
{
    ""Shrimps"": 30,
    ""Orzo"": 50,
    ""Cucumber"": 20,
    ""Tomatoes"": 25,
    ""Yoghurt"": 40
}
```",31,"(shell)fish",30,"pasta",50,"cucumbers",20,"tomatoes",25,"dairy (cream)",40,NA,NA,NA,NA,NA,NA,NA,NA,NA,NA,NA,NA,NA,NA,NA,NA,NA,NA,"```json
{
    ""Shrimps"": 30,
    ""Orzo"": 50,
    ""Cucumber"": 20,
    ""Tomatoes"": 25,
    ""Yoghurt"": 40
}
```",31,"(shell)fish",30,"pasta",50,"cucumbers",20,"tomatoes",25,"dairy (cream)",40,NA,NA,NA,NA,NA,NA,NA,NA,NA,NA,NA,NA,NA,NA,NA,NA,NA,NA,NA,NA,"```json
{
    ""Shrimps"": 30,
    ""Orzo"": 50,
    ""Cucumber"": 20,
    ""Tomatoes"": 25,
    ""Yoghurt"": 40,
    ""Remnants"": 0
}
```",31,"(shell)fish",30,"pasta",50,"cucumbers",20,"tomatoes",25,"dairy (cream)",40,NA,0,NA,NA,NA,NA,NA,NA,NA,NA,NA,NA,NA,NA,NA,NA,NA,NA,NA,NA,"```json
{
    ""Shrimps"": 30,
    ""Orzo"": 40,
    ""Cucumber"": 20,
    ""Tomatoes"": 25,
    ""Yoghurt"": 50
}
```",31,"(shell)fish",30,"pasta",40,"cucumbers",20,"tomatoes",25,"dairy (cream)",50,NA,NA,NA,NA,NA,NA,NA,NA,NA,NA,NA,NA,NA,NA,NA,NA,NA,NA,"```json
{
    ""Prawns"": 30,
    ""Orzo"": 50,
    ""Tomato"": 20,
    ""Cucumber"": 15,
    ""Yogurt Sauce"": 40
}
```",31,"(shell)fish",30,"pasta",50,"tomatoes",20,"cucumbers",15,"dairy (cream)",40,NA,NA,NA,NA,NA,NA,"```json
{
    ""Prawns"": 30,
    ""Orzo"": 50,
    ""Tomato"": 20,
    ""Cucumber"": 15,
    ""Yogurt Sauce"": 40
}
```",31,"(shell)fish",30,"pasta",50,"tomatoes",20,"cucumbers",15,"dairy (cream)",40,NA,NA,NA,NA,NA,NA,"```json
{
    ""Prawns"": 30,
    ""Orzo"": 50,
    ""Tomato"": 20,
    ""Cucumber"": 15,
    ""Yogurt Sauce"": 40
}
```",31,"(shell)fish",30,"pasta",50,"tomatoes",20,"cucumbers",15,"dairy (cream)",40,NA,NA,NA,NA,NA,NA,"```json
{
    ""Prawns"": 30,
    ""Orzo"": 50,
    ""Tomato"": 20,
    ""Cucumber"": 15,
    ""Yogurt Sauce"": 40
}
```",31,"(shell)fish",30,"pasta",50,"tomatoes",20,"cucumbers",15,"dairy (cream)",40,NA,NA,NA,NA,NA,NA,"```json
{
    ""Prawns"": 30,
    ""Orzo"": 50,
    ""Tomato"": 20,
    ""Cucumber"": 15,
    ""Yogurt Sauce"": 40
}
```",31,"(shell)fish",30,"pasta",50,"tomatoes",20,"cucumbers",15,"dairy (cream)",40,NA,NA,NA,NA,NA,NA,155,193,55,55,193,55,55,207,41,41,228,20,20,193,55,55,165,83,83,165,83,83,165,83,83,165,83,83,165,83,83,155,93,93,155,93,93,155,93,93,155,93,93,93,93,9,0,9,0,9,0,9,0,9,0,5,0,5,0,5,0,5,0,5,0,5,0,5,0,5,0,5,0,5,0
"Prawns in Mediterranean marinade on orzo","Mariam","45581","ShrimpOrzo",2,"10%-30%","26,3",668,793,125,"Garnelen in mediterraner Marinade auf Orzo","https://www.hellofresh.de/recipes/garnelen-in-mediterraner-marinade-auf-orzo-salat-65b24289d1da3988cdd86724","Mariam_Wed_Meal1_2.jpg",2,"(shell)fish","pasta","cucumbers","tomatoes","garlic","tomatoes","dairy (cream)","spices","spices","fats or oils","fats or oils","water or broth",NA,NA,NA,"150g Shrimps; 180g orzo; 1  Cucumber; 2 Tomatoes; 2  Garlic cloves; 50g Tomato Pesto; 75g Yoghurt; 1 gram oregano; 2 gram spice mix; 1 tablespoon oil; 1 tablespoon olive oil; 350ml water"," Shrimps;  orzo;  Cucumber; Tomatoes;  Garlic ; Tomato Pesto; Yoghurt;  oregano;  spice mix;  oil;  olive oil; water",125,125,"```json
{
    ""Shrimps"": 15,
    ""Orzo"": 20,
    ""Cucumber"": 10,
    ""Tomatoes"": 10,
    ""Yoghurt"": 15,
    ""Remnants"": 5
}
```",32,"(shell)fish",15,"pasta",20,"cucumbers",10,"tomatoes",10,"dairy (cream)",15,NA,5,NA,NA,NA,NA,NA,NA,NA,NA,NA,NA,NA,NA,NA,NA,NA,NA,NA,NA,"```json
{
    ""Shrimps"": 10,
    ""Orzo"": 15,
    ""Cucumber"": 5,
    ""Tomatoes"": 5,
    ""Yoghurt"": 10,
    ""Remnants"": 0
}
```",32,"(shell)fish",10,"pasta",15,"cucumbers",5,"tomatoes",5,"dairy (cream)",10,NA,0,NA,NA,NA,NA,NA,NA,NA,NA,NA,NA,NA,NA,NA,NA,NA,NA,NA,NA,"```json
{
    ""Shrimps"": 10,
    ""Orzo"": 15,
    ""Cucumber"": 5,
    ""Tomatoes"": 5,
    ""Yoghurt"": 10,
    ""Remnants"": 0
}
```",32,"(shell)fish",10,"pasta",15,"cucumbers",5,"tomatoes",5,"dairy (cream)",10,NA,0,NA,NA,NA,NA,NA,NA,NA,NA,NA,NA,NA,NA,NA,NA,NA,NA,NA,NA,"```json
{
    ""Shrimps"": 10,
    ""Orzo"": 15,
    ""Cucumber"": 5,
    ""Tomatoes"": 5,
    ""Yoghurt"": 10,
    ""Remnants"": 0
}
```",32,"(shell)fish",10,"pasta",15,"cucumbers",5,"tomatoes",5,"dairy (cream)",10,NA,0,NA,NA,NA,NA,NA,NA,NA,NA,NA,NA,NA,NA,NA,NA,NA,NA,NA,NA,"```json
{
    ""Shrimps"": 10,
    ""Orzo"": 15,
    ""Cucumber"": 5,
    ""Tomatoes"": 5,
    ""Yoghurt"": 10,
    ""Remnants"": 0
}
```",32,"(shell)fish",10,"pasta",15,"cucumbers",5,"tomatoes",5,"dairy (cream)",10,NA,0,NA,NA,NA,NA,NA,NA,NA,NA,NA,NA,NA,NA,NA,NA,NA,NA,NA,NA,"```json
{
    ""Shrimps"": 20,
    ""Orzo"": 15,
    ""Cucumber"": 10,
    ""Tomatoes"": 10,
    ""Yoghurt"": 20,
    ""Remnants"": 5
}
```",32,"(shell)fish",20,"pasta",15,"cucumbers",10,"tomatoes",10,"dairy (cream)",20,NA,5,NA,NA,NA,NA,NA,NA,NA,NA,NA,NA,NA,NA,NA,NA,NA,NA,NA,NA,"```json
{
    ""Shrimps"": 20,
    ""Orzo"": 15,
    ""Cucumber"": 10,
    ""Tomatoes"": 10,
    ""Yoghurt"": 20
}
```",32,"(shell)fish",20,"pasta",15,"cucumbers",10,"tomatoes",10,"dairy (cream)",20,NA,NA,NA,NA,NA,NA,NA,NA,NA,NA,NA,NA,NA,NA,NA,NA,NA,NA,"```json
{
    ""Shrimps"": 20,
    ""Orzo"": 15,
    ""Cucumber"": 10,
    ""Tomatoes"": 10,
    ""Yoghurt"": 20,
    ""Remnants"": 5
}
```",32,"(shell)fish",20,"pasta",15,"cucumbers",10,"tomatoes",10,"dairy (cream)",20,NA,5,NA,NA,NA,NA,NA,NA,NA,NA,NA,NA,NA,NA,NA,NA,NA,NA,NA,NA,"```json
{
    ""Shrimps"": 20,
    ""Orzo"": 15,
    ""Cucumber"": 10,
    ""Tomatoes"": 10,
    ""Yoghurt"": 20
}
```",32,"(shell)fish",20,"pasta",15,"cucumbers",10,"tomatoes",10,"dairy (cream)",20,NA,NA,NA,NA,NA,NA,NA,NA,NA,NA,NA,NA,NA,NA,NA,NA,NA,NA,NA,NA,"```json
{
    ""Shrimps"": 20,
    ""Orzo"": 15,
    ""Cucumber"": 10,
    ""Tomatoes"": 10,
    ""Yoghurt"": 15
}
```",32,"(shell)fish",20,"pasta",15,"cucumbers",10,"tomatoes",10,"dairy (cream)",15,NA,NA,NA,NA,NA,NA,NA,NA,NA,NA,NA,NA,NA,NA,NA,NA,NA,NA,"```json
{
    ""Prawns"": 15,
    ""Orzo"": 20,
    ""Cucumber"": 10,
    ""Tomato"": 10,
    ""Sauce"": 5
}
```",32,"(shell)fish",15,"pasta",20,"cucumbers",10,"tomatoes",10,"sauce",5,NA,NA,NA,NA,NA,NA,"```json
{
    ""Prawns"": 15,
    ""Orzo"": 20,
    ""Cucumber"": 10,
    ""Tomato"": 10,
    ""Sauce"": 5
}
```",32,"(shell)fish",15,"pasta",20,"cucumbers",10,"tomatoes",10,"sauce",5,NA,NA,NA,NA,NA,NA,"```json
{
    ""Prawns"": 15,
    ""Orzo"": 20,
    ""Cucumber"": 10,
    ""Tomato"": 10,
    ""Sauce"": 5
}
```",32,"(shell)fish",15,"pasta",20,"cucumbers",10,"tomatoes",10,"sauce",5,NA,NA,NA,NA,NA,NA,"```json
{
    ""Prawns"": 15,
    ""Orzo"": 20,
    ""Cucumber"": 10,
    ""Tomato"": 10,
    ""Sauce"": 5
}
```",32,"(shell)fish",15,"pasta",20,"cucumbers",10,"tomatoes",10,"sauce",5,NA,NA,NA,NA,NA,NA,"```json
{
    ""Prawns"": 10,
    ""Orzo"": 15,
    ""Cucumber"": 5,
    ""Tomato"": 5,
    ""Sauce"": 10
}
```",32,"(shell)fish",10,"pasta",15,"cucumbers",5,"tomatoes",5,"sauce",10,NA,NA,NA,NA,NA,NA,45,75,50,50,45,80,80,45,80,80,45,80,80,45,80,80,80,45,45,75,50,50,80,45,45,75,50,50,70,55,55,60,65,65,60,65,65,60,65,65,60,65,65,80,80,5,0,5,0,5,0,5,0,5,0,5,0,5,0,5,0,5,0,5,0,4,1,4,1,4,1,4,1,4,1
"Prawns in Mediterranean marinade on orzo","Mariam","45581","ShrimpOrzo",2,"finished","26,3",668,673,5,"Garnelen in mediterraner Marinade auf Orzo","https://www.hellofresh.de/recipes/garnelen-in-mediterraner-marinade-auf-orzo-salat-65b24289d1da3988cdd86725","Mariam_Wed_Meal1_3.jpg",2,"(shell)fish","pasta","cucumbers","tomatoes","garlic","tomatoes","dairy (cream)","spices","spices","fats or oils","fats or oils","water or broth",NA,NA,NA,"150g Shrimps; 180g orzo; 1  Cucumber; 2 Tomatoes; 2  Garlic cloves; 50g Tomato Pesto; 75g Yoghurt; 1 gram oregano; 2 gram spice mix; 1 tablespoon oil; 1 tablespoon olive oil; 350ml water"," Shrimps;  orzo;  Cucumber; Tomatoes;  Garlic ; Tomato Pesto; Yoghurt;  oregano;  spice mix;  oil;  olive oil; water",5,5,"```json
{
  ""Remnants"": 0 grams
}
```",33,NA,0,NA,NA,NA,NA,NA,NA,NA,NA,NA,NA,NA,NA,NA,NA,NA,NA,NA,NA,NA,NA,NA,NA,NA,NA,NA,NA,NA,NA,"```json
{
  ""Remnants"": 0 grams
}
```",33,NA,0,NA,NA,NA,NA,NA,NA,NA,NA,NA,NA,NA,NA,NA,NA,NA,NA,NA,NA,NA,NA,NA,NA,NA,NA,NA,NA,NA,NA,"```json
{
  ""Remnants"": 0 grams
}
```",33,NA,0,NA,NA,NA,NA,NA,NA,NA,NA,NA,NA,NA,NA,NA,NA,NA,NA,NA,NA,NA,NA,NA,NA,NA,NA,NA,NA,NA,NA,"```json
{
  ""Remnants"": 0 grams
}
```",33,NA,0,NA,NA,NA,NA,NA,NA,NA,NA,NA,NA,NA,NA,NA,NA,NA,NA,NA,NA,NA,NA,NA,NA,NA,NA,NA,NA,NA,NA,"```json
{
  ""Remnants"": 0 grams
}
```",33,NA,0,NA,NA,NA,NA,NA,NA,NA,NA,NA,NA,NA,NA,NA,NA,NA,NA,NA,NA,NA,NA,NA,NA,NA,NA,NA,NA,NA,NA,"```json
{
  ""Remnants"": 0 grams
}
```",33,NA,0,NA,NA,NA,NA,NA,NA,NA,NA,NA,NA,NA,NA,NA,NA,NA,NA,NA,NA,NA,NA,NA,NA,NA,NA,NA,NA,NA,NA,"```json
{
  ""Remnants"": 0 grams
}
```",33,NA,0,NA,NA,NA,NA,NA,NA,NA,NA,NA,NA,NA,NA,NA,NA,NA,NA,NA,NA,NA,NA,NA,NA,NA,NA,NA,NA,"```json
{
  ""Remnants"": 0 grams
}
```",33,NA,0,NA,NA,NA,NA,NA,NA,NA,NA,NA,NA,NA,NA,NA,NA,NA,NA,NA,NA,NA,NA,NA,NA,NA,NA,NA,NA,NA,NA,"```json
{
  ""Remnants"": 0 grams
}
```",33,NA,0,NA,NA,NA,NA,NA,NA,NA,NA,NA,NA,NA,NA,NA,NA,NA,NA,NA,NA,NA,NA,NA,NA,NA,NA,NA,NA,NA,NA,"```json
{
  ""Remnants"": 0 grams
}
```",33,NA,0,NA,NA,NA,NA,NA,NA,NA,NA,NA,NA,NA,NA,NA,NA,NA,NA,NA,NA,NA,NA,NA,NA,NA,NA,NA,NA,"```json
{
  ""Remnants"": 0
}
```",33,NA,0,NA,NA,NA,NA,NA,NA,NA,NA,NA,NA,NA,NA,NA,NA,"```json
{""Remnants"": 0 grams}
```",33,NA,NA,NA,NA,NA,NA,NA,NA,NA,NA,NA,NA,NA,NA,NA,NA,"```json
{""Remnants"": 0 grams}
```",33,NA,NA,NA,NA,NA,NA,NA,NA,NA,NA,NA,NA,NA,NA,NA,NA,"```json
{""Remnants"": 0 grams}
```",33,NA,NA,NA,NA,NA,NA,NA,NA,NA,NA,NA,NA,NA,NA,NA,NA,"```json
{
  ""Remnants"": 0
}
```",33,NA,0,NA,NA,NA,NA,NA,NA,NA,NA,NA,NA,NA,NA,NA,NA,0,0,5,5,0,5,5,0,5,5,0,5,5,0,5,5,0,5,5,0,5,5,0,5,5,0,5,5,0,5,5,0,5,5,0,5,5,0,5,5,0,5,5,5,5,0,0,0,0,0,0,0,0,0,0,0,0,0,0,0,0,0,0,0,0,0,0,0,0,0,0,0,0,0,0
"skandi hake in cream and mustard sauce with lemon rice and cucumber salad","Nina","45583","Fish",1,"50-30%","26.8",658,833,175,"skandi hake in cream and mustard sauce with lemon rice and cucumber salad","https://www.hellofresh.de/recipes/skandi-seehecht-in-sahne-senf-sosse-64916bcb7c7d6edb8b03aee2","Nina_Day2_fish1_50.jpg",3,"(shell)fish","rice","cucumbers","onion","lemon or lime","herbs","dairy (cream)","vinaigrette","water or broth","fats or oils","spices",NA,NA,NA,NA,"375g Hake; 225g Rice; 1  Cucumber; 2  Shallot; 2 Lemon; 10g Dill; 200g Cream; 20ml Mustard; 600ml Water; 1.5 tablespoon oil; 1.5 teaspoon sugar"," Hake;  Rice;  Cucumber;  Shallot; Lemon; Dill;  Cream; Mustard; Water;  oil;  sugar",175,175,"```json
{
    ""Rice"": 50,
    ""Hake"": 40,
    ""Cucumber"": 10,
    ""Cream Sauce"": 30
}
```",82,"rice",50,"(shell)fish",40,"cucumbers",10,"dairy (cream)",30,NA,NA,NA,NA,NA,NA,NA,NA,NA,NA,NA,NA,NA,NA,NA,NA,NA,NA,NA,NA,NA,NA,"```json
{
    ""Rice"": 50,
    ""Hake"": 40,
    ""Cucumber"": 10,
    ""Cream Sauce"": 30
}
```",82,"rice",50,"(shell)fish",40,"cucumbers",10,"dairy (cream)",30,NA,NA,NA,NA,NA,NA,NA,NA,NA,NA,NA,NA,NA,NA,NA,NA,NA,NA,NA,NA,NA,NA,"```json
{
    ""Rice"": 50,
    ""Hake"": 40,
    ""Cucumber"": 10,
    ""Cream Sauce"": 30
}
```",82,"rice",50,"(shell)fish",40,"cucumbers",10,"dairy (cream)",30,NA,NA,NA,NA,NA,NA,NA,NA,NA,NA,NA,NA,NA,NA,NA,NA,NA,NA,NA,NA,NA,NA,"```json
{
    ""Rice"": 50,
    ""Hake"": 40,
    ""Cucumber"": 10,
    ""Cream Sauce"": 30
}
```",82,"rice",50,"(shell)fish",40,"cucumbers",10,"dairy (cream)",30,NA,NA,NA,NA,NA,NA,NA,NA,NA,NA,NA,NA,NA,NA,NA,NA,NA,NA,NA,NA,NA,NA,"```json
{
    ""Rice"": 50,
    ""Hake"": 40,
    ""Cucumber"": 10,
    ""Cream Sauce"": 30
}
```",82,"rice",50,"(shell)fish",40,"cucumbers",10,"dairy (cream)",30,NA,NA,NA,NA,NA,NA,NA,NA,NA,NA,NA,NA,NA,NA,NA,NA,NA,NA,NA,NA,NA,NA,"```json
{
    ""Rice"": 50,
    ""Hake in Cream Sauce"": 70,
    ""Cucumber"": 10
}
```",82,"rice",50,"(shell)fish",70,"cucumbers",10,NA,NA,NA,NA,NA,NA,NA,NA,NA,NA,NA,NA,NA,NA,NA,NA,NA,NA,NA,NA,NA,NA,NA,NA,"```json
{
    ""Rice"": 50,
    ""Cream Sauce"": 40,
    ""Cucumber"": 10
}
```",82,"rice",50,"dairy (cream)",40,"cucumbers",10,NA,NA,NA,NA,NA,NA,NA,NA,NA,NA,NA,NA,NA,NA,NA,NA,NA,NA,NA,NA,NA,NA,"```json
{
    ""Rice"": 60,
    ""Hake"": 50,
    ""Cucumber"": 10,
    ""Cream Sauce"": 30
}
```",82,"rice",60,"(shell)fish",50,"cucumbers",10,"dairy (cream)",30,NA,NA,NA,NA,NA,NA,NA,NA,NA,NA,NA,NA,NA,NA,NA,NA,NA,NA,NA,NA,NA,NA,"```json
{
    ""Rice"": 50,
    ""Hake in Cream Sauce"": 70,
    ""Cucumber"": 10
}
```",82,"rice",50,"(shell)fish",70,"cucumbers",10,NA,NA,NA,NA,NA,NA,NA,NA,NA,NA,NA,NA,NA,NA,NA,NA,NA,NA,NA,NA,NA,NA,NA,NA,"```json
{
    ""Rice"": 50,
    ""Cream sauce with Hake"": 70,
    ""Cucumber"": 10
}
```",82,"rice",50,"(shell)fish",70,"cucumbers",10,NA,NA,NA,NA,NA,NA,NA,NA,NA,NA,NA,NA,NA,NA,NA,NA,NA,NA,NA,NA,NA,NA,"```json
{
  ""Rice"": 50,
  ""Cream and Mustard Sauce"": 30,
  ""Fish"": 40,
  ""Cucumber"": 10,
  ""Herbs"": 5
}
```",82,"rice",50,"dairy (cream)",30,"(shell)fish",40,"cucumbers",10,"herbs",5,NA,NA,NA,NA,NA,NA,"```json
{
    ""Rice"": 50,
    ""Cream and Mustard Sauce"": 30,
    ""Hake"": 40,
    ""Cucumber"": 10,
    ""Herbs"": 5
}
```",82,"rice",50,"dairy (cream)",30,"(shell)fish",40,"cucumbers",10,"herbs",5,NA,NA,NA,NA,NA,NA,"```json
{
  ""Rice"": 50,
  ""Cream and Mustard Sauce"": 30,
  ""Hake"": 40,
  ""Cucumber"": 10
}
```",82,"rice",50,"dairy (cream)",30,"(shell)fish",40,"cucumbers",10,NA,NA,NA,NA,NA,NA,NA,NA,"```json
{
    ""Rice"": 50,
    ""Cream and Mustard Sauce"": 30,
    ""Fish"": 40,
    ""Cucumber"": 10
}
```",82,"rice",50,"dairy (cream)",30,"(shell)fish",40,"cucumbers",10,NA,NA,NA,NA,NA,NA,NA,NA,"```json
{
    ""Rice"": 50,
    ""Cream and Mustard Sauce"": 30,
    ""Fish"": 40,
    ""Cucumber"": 10,
    ""Herbs"": 5
}
```",82,"rice",50,"dairy (cream)",30,"(shell)fish",40,"cucumbers",10,"herbs",5,NA,NA,NA,NA,NA,NA,135,130,45,45,130,45,45,130,45,45,130,45,45,130,45,45,130,45,45,100,75,75,150,25,25,130,45,45,130,45,45,135,40,40,135,40,40,130,45,45,130,45,45,40,40,4,0,4,0,4,0,4,0,4,0,3,0,3,0,4,0,3,0,3,0,5,0,5,0,4,0,4,0,5,0
"skandi hake in cream and mustard sauce with lemon rice and cucumber salad","Nina","45583","Fish",1,"30-10%","26.8",658,710,52,"skandi hake in cream and mustard sauce with lemon rice and cucumber salad","https://www.hellofresh.de/recipes/skandi-seehecht-in-sahne-senf-sosse-64916bcb7c7d6edb8b03aee3","Nina_Day2_fish1_30.jpg",3,"(shell)fish","rice","cucumbers","onion","lemon or lime","herbs","dairy (cream)","vinaigrette","water or broth","fats or oils","spices",NA,NA,NA,NA,"375g Hake; 225g Rice; 1  Cucumber; 2  Shallot; 2 Lemon; 10g Dill; 200g Cream; 20ml Mustard; 600ml Water; 1.5 tablespoon oil; 1.5 teaspoon sugar"," Hake;  Rice;  Cucumber;  Shallot; Lemon; Dill;  Cream; Mustard; Water;  oil;  sugar",52,52,"```json
{
    ""Rice"": 20,
    ""Hake"": 5,
    ""Cucumber"": 2,
    ""Shallot"": 1,
    ""Lemon"": 1,
    ""Dill"": 1,
    ""Cream"": 2,
    ""Mustard"": 1,
    ""Oil"": 1,
    ""Sugar"": 0,
    ""Water"": 0
}
```",81,"rice",20,"(shell)fish",5,"cucumbers",2,"onion",1,"lemon or lime",1,"herbs",1,"dairy (cream)",2,"vinaigrette",1,"fats or oils",1,"spices",0,"water or broth",0,NA,NA,NA,NA,NA,NA,NA,NA,"```json
{
    ""Rice"": 20,
    ""Hake"": 5,
    ""Cucumber"": 2,
    ""Shallot"": 1,
    ""Lemon"": 1,
    ""Dill"": 1,
    ""Cream"": 3,
    ""Mustard"": 1,
    ""Oil"": 1,
    ""Sugar"": 0,
    ""Water"": 0
}
```",81,"rice",20,"(shell)fish",5,"cucumbers",2,"onion",1,"lemon or lime",1,"herbs",1,"dairy (cream)",3,"vinaigrette",1,"fats or oils",1,"spices",0,"water or broth",0,NA,NA,NA,NA,NA,NA,NA,NA,"```json
{
    ""Rice"": 20,
    ""Hake"": 5,
    ""Cucumber"": 2,
    ""Shallot"": 1,
    ""Lemon"": 1,
    ""Dill"": 1,
    ""Cream"": 3,
    ""Mustard"": 1,
    ""Oil"": 1,
    ""Sugar"": 0,
    ""Water"": 0
}
```",81,"rice",20,"(shell)fish",5,"cucumbers",2,"onion",1,"lemon or lime",1,"herbs",1,"dairy (cream)",3,"vinaigrette",1,"fats or oils",1,"spices",0,"water or broth",0,NA,NA,NA,NA,NA,NA,NA,NA,"```json
{
    ""Rice"": 20,
    ""Hake"": 5,
    ""Cucumber"": 2,
    ""Shallot"": 1,
    ""Lemon"": 1,
    ""Dill"": 1,
    ""Cream"": 3,
    ""Mustard"": 1,
    ""Oil"": 1,
    ""Sugar"": 0,
    ""Water"": 0
}
```",81,"rice",20,"(shell)fish",5,"cucumbers",2,"onion",1,"lemon or lime",1,"herbs",1,"dairy (cream)",3,"vinaigrette",1,"fats or oils",1,"spices",0,"water or broth",0,NA,NA,NA,NA,NA,NA,NA,NA,"```json
{
    ""Rice"": 20,
    ""Hake"": 5,
    ""Cucumber"": 2,
    ""Shallot"": 1,
    ""Lemon"": 1,
    ""Dill"": 1,
    ""Cream"": 2,
    ""Mustard"": 1,
    ""Oil"": 1,
    ""Sugar"": 0,
    ""Water"": 0
}
```",81,"rice",20,"(shell)fish",5,"cucumbers",2,"onion",1,"lemon or lime",1,"herbs",1,"dairy (cream)",2,"vinaigrette",1,"fats or oils",1,"spices",0,"water or broth",0,NA,NA,NA,NA,NA,NA,NA,NA,"```json
{
    ""Rice"": 30,
    ""Sauce remnants"": 5
}
```",81,"rice",30,"sauce",5,NA,NA,NA,NA,NA,NA,NA,NA,NA,NA,NA,NA,NA,NA,NA,NA,NA,NA,NA,NA,NA,NA,NA,NA,NA,NA,"```json
{
    ""Rice"": 30,
    ""Remnants"": 5
}
```",81,"rice",30,NA,5,NA,NA,NA,NA,NA,NA,NA,NA,NA,NA,NA,NA,NA,NA,NA,NA,NA,NA,NA,NA,NA,NA,NA,NA,"```json
{
  ""Rice"": 30,
  ""Sauce remnants"": 5
}
```",81,"rice",30,"sauce",5,NA,NA,NA,NA,NA,NA,NA,NA,NA,NA,NA,NA,NA,NA,NA,NA,NA,NA,NA,NA,NA,NA,NA,NA,NA,NA,"```json
{
  ""Rice"": 30,
  ""Sauce remnants"": 5
}
```",81,"rice",30,"sauce",5,NA,NA,NA,NA,NA,NA,NA,NA,NA,NA,NA,NA,NA,NA,NA,NA,NA,NA,NA,NA,NA,NA,NA,NA,NA,NA,"```json
{
    ""Rice"": 20,
    ""Remnants"": 0
}
```",81,"rice",20,NA,0,NA,NA,NA,NA,NA,NA,NA,NA,NA,NA,NA,NA,NA,NA,NA,NA,NA,NA,NA,NA,NA,NA,NA,NA,"```json
{
    ""Rice"": 30,
    ""Sauce remnants"": 5,
    ""Herbs"": 2
}
```",81,"rice",30,"sauce",5,"herbs",2,NA,NA,NA,NA,NA,NA,NA,NA,NA,NA,"```json
{
    ""Rice"": 30,
    ""Sauce remnants"": 5,
    ""Herbs"": 2,
    ""Cucumber remnants"": 3
}
```",81,"rice",30,"sauce",5,"herbs",2,"cucumbers",3,NA,NA,NA,NA,NA,NA,NA,NA,"```json
{
  ""Rice"": 30,
  ""Sauce remnants"": 5,
  ""Herbs"": 2,
  ""Cucumber remnants"": 3
}
```",81,"rice",30,"sauce",5,"herbs",2,"cucumbers",3,NA,NA,NA,NA,NA,NA,NA,NA,"```json
{
  ""Rice"": 30,
  ""Sauce remnants"": 5,
  ""Herbs"": 2,
  ""Cucumber remnants"": 3
}
```",81,"rice",30,"sauce",5,"herbs",2,"cucumbers",3,NA,NA,NA,NA,NA,NA,NA,NA,"```json
{
    ""Rice"": 30,
    ""Sauce remnants"": 5,
    ""Herbs"": 2,
    ""Cucumber remnants"": 3
}
```",81,"rice",30,"sauce",5,"herbs",2,"cucumbers",3,NA,NA,NA,NA,NA,NA,NA,NA,40,34,18,18,35,17,17,35,17,17,35,17,17,34,18,18,35,17,17,35,17,17,35,17,17,35,17,17,20,32,32,37,15,15,40,12,12,40,12,12,40,12,12,12,12,11,0,11,0,11,0,11,0,11,0,1,1,1,0,1,1,1,1,1,0,2,1,3,1,3,1,3,1,3,1
"skandi hake in cream and mustard sauce with lemon rice and cucumber salad","Nina","45583","Fish",1,"finished","26.8",658,664,6,"skandi hake in cream and mustard sauce with lemon rice and cucumber salad","https://www.hellofresh.de/recipes/skandi-seehecht-in-sahne-senf-sosse-64916bcb7c7d6edb8b03aee4","Nina_Day2_fish1_0.jpg",3,"(shell)fish","rice","cucumbers","onion","lemon or lime","herbs","dairy (cream)","vinaigrette","water or broth","fats or oils","spices",NA,NA,NA,NA,"375g Hake; 225g Rice; 1  Cucumber; 2  Shallot; 2 Lemon; 10g Dill; 200g Cream; 20ml Mustard; 600ml Water; 1.5 tablespoon oil; 1.5 teaspoon sugar"," Hake;  Rice;  Cucumber;  Shallot; Lemon; Dill;  Cream; Mustard; Water;  oil;  sugar",6,6,"```json
{
  ""Remnants"": 0 grams
}
```",80,NA,0,NA,NA,NA,NA,NA,NA,NA,NA,NA,NA,NA,NA,NA,NA,NA,NA,NA,NA,NA,NA,NA,NA,NA,NA,NA,NA,NA,NA,"```json
{
  ""Remnants"": 0
}
```",80,NA,0,NA,NA,NA,NA,NA,NA,NA,NA,NA,NA,NA,NA,NA,NA,NA,NA,NA,NA,NA,NA,NA,NA,NA,NA,NA,NA,NA,NA,"```json
{
  ""Remnants"": 0 grams
}
```",80,NA,0,NA,NA,NA,NA,NA,NA,NA,NA,NA,NA,NA,NA,NA,NA,NA,NA,NA,NA,NA,NA,NA,NA,NA,NA,NA,NA,NA,NA,"```json
{
  ""Remnants"": 0 grams
}
```",80,NA,0,NA,NA,NA,NA,NA,NA,NA,NA,NA,NA,NA,NA,NA,NA,NA,NA,NA,NA,NA,NA,NA,NA,NA,NA,NA,NA,NA,NA,"```json
{
  ""Remnants"": 5
}
```",80,NA,5,NA,NA,NA,NA,NA,NA,NA,NA,NA,NA,NA,NA,NA,NA,NA,NA,NA,NA,NA,NA,NA,NA,NA,NA,NA,NA,NA,NA,"```json
{
  ""Remnants"": 0
}
```",80,NA,0,NA,NA,NA,NA,NA,NA,NA,NA,NA,NA,NA,NA,NA,NA,NA,NA,NA,NA,NA,NA,NA,NA,NA,NA,NA,NA,NA,NA,"```json
{
  ""Remnants"": 0
}
```",80,NA,0,NA,NA,NA,NA,NA,NA,NA,NA,NA,NA,NA,NA,NA,NA,NA,NA,NA,NA,NA,NA,NA,NA,NA,NA,NA,NA,"```json
{
  ""Remnants"": 0 grams
}
```",80,NA,0,NA,NA,NA,NA,NA,NA,NA,NA,NA,NA,NA,NA,NA,NA,NA,NA,NA,NA,NA,NA,NA,NA,NA,NA,NA,NA,NA,NA,"```json
{
  ""Remnants"": 0
}
```",80,NA,0,NA,NA,NA,NA,NA,NA,NA,NA,NA,NA,NA,NA,NA,NA,NA,NA,NA,NA,NA,NA,NA,NA,NA,NA,NA,NA,NA,NA,"```json
{
  ""Remnants"": 0
}
```",80,NA,0,NA,NA,NA,NA,NA,NA,NA,NA,NA,NA,NA,NA,NA,NA,NA,NA,NA,NA,NA,NA,NA,NA,NA,NA,NA,NA,"```json
{
  ""Remnants"": 0
}
```",80,NA,0,NA,NA,NA,NA,NA,NA,NA,NA,NA,NA,NA,NA,NA,NA,"```json
{
  ""Remnants"": 0 grams
}
```",80,NA,0,NA,NA,NA,NA,NA,NA,NA,NA,NA,NA,NA,NA,NA,NA,"```json
{
  ""Remnants"": 0 grams
}
```",80,NA,0,NA,NA,NA,NA,NA,NA,NA,NA,NA,NA,NA,NA,NA,NA,"```json
{
  ""Remnants"": 0 grams
}
```",80,NA,0,NA,NA,NA,NA,NA,NA,NA,NA,NA,NA,NA,NA,NA,NA,"```json
{
  ""Remnants"": 0 grams
}
```",80,NA,0,NA,NA,NA,NA,NA,NA,NA,NA,NA,NA,NA,NA,NA,NA,0,0,6,6,0,6,6,0,6,6,0,6,6,5,1,1,0,6,6,0,6,6,0,6,6,0,6,6,0,6,6,0,6,6,0,6,6,0,6,6,0,6,6,6,6,0,0,0,0,0,0,0,0,0,0,0,0,0,0,0,0,0,0,0,0,0,0,0,0,0,0,0,0,0,0
"skandi hake in cream and mustard sauce with lemon rice and cucumber salad","Nina","45583","Fish",2,"50-30%","25",634,835,201,"skandi hake in cream and mustard sauce with lemon rice and cucumber salad","https://www.hellofresh.de/recipes/skandi-seehecht-in-sahne-senf-sosse-64916bcb7c7d6edb8b03aee5","Nina_Day2_fish2_50.jpg",3,"(shell)fish","rice","cucumbers","onion","lemon or lime","herbs","dairy (cream)","vinaigrette","water or broth","fats or oils","spices",NA,NA,NA,NA,"375g Hake; 225g Rice; 1  Cucumber; 2  Shallot; 2 Lemon; 10g Dill; 200g Cream; 20ml Mustard; 600ml Water; 1.5 tablespoon oil; 1.5 teaspoon sugar"," Hake;  Rice;  Cucumber;  Shallot; Lemon; Dill;  Cream; Mustard; Water;  oil;  sugar",201,201,"```json
{
    ""Hake"": 30,
    ""Rice"": 40,
    ""Cucumber"": 20,
    ""Shallot"": 5,
    ""Lemon"": 2,
    ""Dill"": 1,
    ""Cream"": 10,
    ""Mustard"": 1,
    ""Water"": 5,
    ""Oil"": 1,
    ""Sugar"": 1
}
```",83,"(shell)fish",30,"rice",40,"cucumbers",20,"onion",5,"lemon or lime",2,"herbs",1,"dairy (cream)",10,"vinaigrette",1,"water or broth",5,"fats or oils",1,"spices",1,NA,NA,NA,NA,NA,NA,NA,NA,"```json
{
    ""Hake"": 30,
    ""Rice"": 40,
    ""Cucumber"": 20,
    ""Shallot"": 5,
    ""Lemon"": 2,
    ""Dill"": 1,
    ""Cream"": 10,
    ""Mustard"": 1,
    ""Water"": 0,
    ""Oil"": 0,
    ""Sugar"": 0
}
```",83,"(shell)fish",30,"rice",40,"cucumbers",20,"onion",5,"lemon or lime",2,"herbs",1,"dairy (cream)",10,"vinaigrette",1,"water or broth",0,"fats or oils",0,"spices",0,NA,NA,NA,NA,NA,NA,NA,NA,"```json
{
    ""Hake"": 30,
    ""Rice"": 40,
    ""Cucumber"": 20,
    ""Shallot"": 5,
    ""Lemon"": 2,
    ""Dill"": 1,
    ""Cream"": 10,
    ""Mustard"": 1,
    ""Water"": 0,
    ""Oil"": 1,
    ""Sugar"": 0
}
```",83,"(shell)fish",30,"rice",40,"cucumbers",20,"onion",5,"lemon or lime",2,"herbs",1,"dairy (cream)",10,"vinaigrette",1,"water or broth",0,"fats or oils",1,"spices",0,NA,NA,NA,NA,NA,NA,NA,NA,"```json
{
    ""Hake"": 30,
    ""Rice"": 40,
    ""Cucumber"": 20,
    ""Shallot"": 5,
    ""Lemon"": 2,
    ""Dill"": 1,
    ""Cream"": 10,
    ""Mustard"": 1,
    ""Water"": 5,
    ""Oil"": 1,
    ""Sugar"": 1
}
```",83,"(shell)fish",30,"rice",40,"cucumbers",20,"onion",5,"lemon or lime",2,"herbs",1,"dairy (cream)",10,"vinaigrette",1,"water or broth",5,"fats or oils",1,"spices",1,NA,NA,NA,NA,NA,NA,NA,NA,"```json
{
    ""Hake"": 30,
    ""Rice"": 40,
    ""Cucumber"": 20,
    ""Shallot"": 5,
    ""Lemon"": 2,
    ""Dill"": 1,
    ""Cream"": 10,
    ""Mustard"": 1,
    ""Water"": 0,
    ""Oil"": 1,
    ""Sugar"": 0
}
```",83,"(shell)fish",30,"rice",40,"cucumbers",20,"onion",5,"lemon or lime",2,"herbs",1,"dairy (cream)",10,"vinaigrette",1,"water or broth",0,"fats or oils",1,"spices",0,NA,NA,NA,NA,NA,NA,NA,NA,"```json
{
    ""Hake"": 50,
    ""Rice"": 40,
    ""Cucumber"": 30,
    ""Cream Sauce"": 20,
    ""Dill"": 5
}
```",83,"(shell)fish",50,"rice",40,"cucumbers",30,"dairy (cream)",20,"herbs",5,NA,NA,NA,NA,NA,NA,NA,NA,NA,NA,NA,NA,NA,NA,NA,NA,NA,NA,NA,NA,"```json
{
    ""Hake"": 50,
    ""Rice"": 40,
    ""Cucumber"": 30,
    ""Cream Sauce"": 20,
    ""Dill"": 5
}
```",83,"(shell)fish",50,"rice",40,"cucumbers",30,"dairy (cream)",20,"herbs",5,NA,NA,NA,NA,NA,NA,NA,NA,NA,NA,NA,NA,NA,NA,NA,NA,NA,NA,"```json
{
    ""Hake"": 50,
    ""Rice"": 50,
    ""Cucumber"": 30,
    ""Cream"": 20,
    ""Dill"": 5
}
```",83,"(shell)fish",50,"rice",50,"cucumbers",30,"dairy (cream)",20,"herbs",5,NA,NA,NA,NA,NA,NA,NA,NA,NA,NA,NA,NA,NA,NA,NA,NA,NA,NA,NA,NA,"```json
{
    ""Hake"": 50,
    ""Rice"": 40,
    ""Cucumber"": 30,
    ""Cream"": 20,
    ""Dill"": 5
}
```",83,"(shell)fish",50,"rice",40,"cucumbers",30,"dairy (cream)",20,"herbs",5,NA,NA,NA,NA,NA,NA,NA,NA,NA,NA,NA,NA,NA,NA,NA,NA,NA,NA,NA,NA,"```json
{
    ""Hake"": 50,
    ""Rice"": 40,
    ""Cucumber"": 30,
    ""Cream"": 20,
    ""Dill"": 5
}
```",83,"(shell)fish",50,"rice",40,"cucumbers",30,"dairy (cream)",20,"herbs",5,NA,NA,NA,NA,NA,NA,NA,NA,NA,NA,NA,NA,NA,NA,NA,NA,NA,NA,"```json
{
    ""Rice"": 50,
    ""Hake in Cream and Mustard Sauce"": 40,
    ""Cucumber"": 30,
    ""Herbs"": 5
}
```",83,"rice",50,"(shell)fish",40,"cucumbers",30,"herbs",5,NA,NA,NA,NA,NA,NA,NA,NA,"```json
{
    ""Rice"": 50,
    ""Hake in Cream and Mustard Sauce"": 40,
    ""Cucumber"": 30,
    ""Herbs"": 5
}
```",83,"rice",50,"(shell)fish",40,"cucumbers",30,"herbs",5,NA,NA,NA,NA,NA,NA,NA,NA,"```json
{
    ""Rice"": 50,
    ""Hake in Cream and Mustard Sauce"": 40,
    ""Cucumber"": 30,
    ""Herbs"": 5
}
```",83,"rice",50,"(shell)fish",40,"cucumbers",30,"herbs",5,NA,NA,NA,NA,NA,NA,NA,NA,"```json
{
    ""Rice"": 50,
    ""Hake in Cream and Mustard Sauce"": 40,
    ""Cucumber"": 30,
    ""Herbs"": 5
}
```",83,"rice",50,"(shell)fish",40,"cucumbers",30,"herbs",5,NA,NA,NA,NA,NA,NA,NA,NA,"```json
{
    ""Rice"": 50,
    ""Hake in Cream and Mustard Sauce"": 40,
    ""Cucumber"": 30,
    ""Herbs"": 5
}
```",83,"rice",50,"(shell)fish",40,"cucumbers",30,"herbs",5,NA,NA,NA,NA,NA,NA,NA,NA,125,116,85,85,109,92,92,110,91,91,116,85,85,110,91,91,145,56,56,145,56,56,155,46,46,145,56,56,145,56,56,125,76,76,125,76,76,125,76,76,125,76,76,76,76,11,0,11,0,11,0,11,0,11,0,5,0,5,0,5,0,5,0,5,0,4,0,4,0,4,0,4,0,4,0
"skandi hake in cream and mustard sauce with lemon rice and cucumber salad","Nina","45583","Fish",3,"50-30%","26.8",573,768,195,"skandi hake in cream and mustard sauce with lemon rice and cucumber salad","https://www.hellofresh.de/recipes/skandi-seehecht-in-sahne-senf-sosse-64916bcb7c7d6edb8b03aee8","Nina_Day2_fish3_50.jpg",3,"(shell)fish","rice","cucumbers","onion","lemon or lime","herbs","dairy (cream)","vinaigrette","water or broth","fats or oils","spices",NA,NA,NA,NA,"375g Hake; 225g Rice; 1  Cucumber; 2  Shallot; 2 Lemon; 10g Dill; 200g Cream; 20ml Mustard; 600ml Water; 1.5 tablespoon oil; 1.5 teaspoon sugar"," Hake;  Rice;  Cucumber;  Shallot; Lemon; Dill;  Cream; Mustard; Water;  oil;  sugar",195,195,"```json
{
    ""Hake"": 50,
    ""Rice"": 70,
    ""Cucumber"": 40,
    ""Shallot"": 5,
    ""Lemon"": 5,
    ""Dill"": 2,
    ""Cream"": 20,
    ""Mustard"": 5,
    ""Water"": 0,
    ""Oil"": 2,
    ""Sugar"": 1
}
```",86,"(shell)fish",50,"rice",70,"cucumbers",40,"onion",5,"lemon or lime",5,"herbs",2,"dairy (cream)",20,"vinaigrette",5,"water or broth",0,"fats or oils",2,"spices",1,NA,NA,NA,NA,NA,NA,NA,NA,"```json
{
    ""Hake"": 50,
    ""Rice"": 60,
    ""Cucumber"": 40,
    ""Shallot"": 5,
    ""Lemon"": 5,
    ""Dill"": 2,
    ""Cream"": 20,
    ""Mustard"": 5,
    ""Water"": 0,
    ""Oil"": 2,
    ""Sugar"": 1
}
```",86,"(shell)fish",50,"rice",60,"cucumbers",40,"onion",5,"lemon or lime",5,"herbs",2,"dairy (cream)",20,"vinaigrette",5,"water or broth",0,"fats or oils",2,"spices",1,NA,NA,NA,NA,NA,NA,NA,NA,"```json
{
    ""Hake"": 50,
    ""Rice"": 70,
    ""Cucumber"": 40,
    ""Shallot"": 5,
    ""Lemon"": 5,
    ""Dill"": 2,
    ""Cream"": 20,
    ""Mustard"": 3,
    ""Water"": 0,
    ""Oil"": 2,
    ""Sugar"": 1
}
```",86,"(shell)fish",50,"rice",70,"cucumbers",40,"onion",5,"lemon or lime",5,"herbs",2,"dairy (cream)",20,"vinaigrette",3,"water or broth",0,"fats or oils",2,"spices",1,NA,NA,NA,NA,NA,NA,NA,NA,"```json
{
    ""Hake"": 50,
    ""Rice"": 60,
    ""Cucumber"": 40,
    ""Shallot"": 5,
    ""Lemon"": 5,
    ""Dill"": 2,
    ""Cream"": 20,
    ""Mustard"": 5,
    ""Water"": 0,
    ""Oil"": 2,
    ""Sugar"": 1
}
```",86,"(shell)fish",50,"rice",60,"cucumbers",40,"onion",5,"lemon or lime",5,"herbs",2,"dairy (cream)",20,"vinaigrette",5,"water or broth",0,"fats or oils",2,"spices",1,NA,NA,NA,NA,NA,NA,NA,NA,"```json
{
    ""Hake"": 50,
    ""Rice"": 60,
    ""Cucumber"": 40,
    ""Shallot"": 5,
    ""Lemon"": 5,
    ""Dill"": 2,
    ""Cream"": 20,
    ""Mustard"": 5,
    ""Water"": 0,
    ""Oil"": 2,
    ""Sugar"": 1
}
```",86,"(shell)fish",50,"rice",60,"cucumbers",40,"onion",5,"lemon or lime",5,"herbs",2,"dairy (cream)",20,"vinaigrette",5,"water or broth",0,"fats or oils",2,"spices",1,NA,NA,NA,NA,NA,NA,NA,NA,"```json
{
    ""Hake"": 50,
    ""Rice"": 60,
    ""Cucumber"": 40,
    ""Sauce"": 30
}
```",86,"(shell)fish",50,"rice",60,"cucumbers",40,"sauce",30,NA,NA,NA,NA,NA,NA,NA,NA,NA,NA,NA,NA,NA,NA,NA,NA,NA,NA,NA,NA,NA,NA,"```json
{
    ""Hake"": 50,
    ""Rice"": 60,
    ""Cucumber"": 40,
    ""Sauce"": 30
}
```",86,"(shell)fish",50,"rice",60,"cucumbers",40,"sauce",30,NA,NA,NA,NA,NA,NA,NA,NA,NA,NA,NA,NA,NA,NA,NA,NA,NA,NA,NA,NA,"```json
{
    ""Hake"": 50,
    ""Rice"": 60,
    ""Cucumber"": 40,
    ""Sauce"": 30
}
```",86,"(shell)fish",50,"rice",60,"cucumbers",40,"sauce",30,NA,NA,NA,NA,NA,NA,NA,NA,NA,NA,NA,NA,NA,NA,NA,NA,NA,NA,NA,NA,NA,NA,"```json
{
    ""Hake"": 50,
    ""Rice"": 60,
    ""Cucumber"": 40,
    ""Sauce"": 30
}
```",86,"(shell)fish",50,"rice",60,"cucumbers",40,"sauce",30,NA,NA,NA,NA,NA,NA,NA,NA,NA,NA,NA,NA,NA,NA,NA,NA,NA,NA,NA,NA,NA,NA,"```json
{
    ""Hake"": 50,
    ""Rice"": 60,
    ""Cucumber"": 40,
    ""Sauce"": 30
}
```",86,"(shell)fish",50,"rice",60,"cucumbers",40,"sauce",30,NA,NA,NA,NA,NA,NA,NA,NA,NA,NA,NA,NA,NA,NA,NA,NA,NA,NA,NA,NA,"```json
{
  ""Hake"": 80,
  ""Cream and Mustard Sauce"": 30,
  ""Lemon Rice"": 100,
  ""Cucumber Salad"": 50
}
```",86,"(shell)fish",80,"dairy (cream)",30,"rice",100,"lettuce",50,NA,NA,NA,NA,NA,NA,NA,NA,"```json
{
    ""Hake"": 50,
    ""Cream and Mustard Sauce"": 30,
    ""Lemon Rice"": 70,
    ""Cucumber Salad"": 40
}
```",86,"(shell)fish",50,"dairy (cream)",30,"rice",70,"lettuce",40,NA,NA,NA,NA,NA,NA,NA,NA,"```json
{
    ""Hake"": 50,
    ""Cream and Mustard Sauce"": 30,
    ""Lemon Rice"": 70,
    ""Cucumber Salad"": 40
}
```",86,"(shell)fish",50,"dairy (cream)",30,"rice",70,"lettuce",40,NA,NA,NA,NA,NA,NA,NA,NA,"```json
{
  ""Hake"": 80,
  ""Cream and Mustard Sauce"": 30,
  ""Lemon Rice"": 100,
  ""Cucumber Salad"": 50
}
```",86,"(shell)fish",80,"dairy (cream)",30,"rice",100,"lettuce",50,NA,NA,NA,NA,NA,NA,NA,NA,"```json
{
    ""Hake"": 60,
    ""Cream and Mustard Sauce"": 30,
    ""Lemon Rice"": 80,
    ""Cucumber Salad"": 50
}
```",86,"(shell)fish",60,"dairy (cream)",30,"rice",80,"lettuce",50,NA,NA,NA,NA,NA,NA,NA,NA,220,200,-5,5,190,5,5,198,-3,3,190,5,5,190,5,5,180,15,15,180,15,15,180,15,15,180,15,15,180,15,15,260,-65,65,190,5,5,190,5,5,260,-65,65,-25,25,11,0,11,0,11,0,11,0,11,0,3,1,3,1,3,1,3,1,3,1,3,1,3,1,3,1,3,1,3,1
"skandi hake in cream and mustard sauce with lemon rice and cucumber salad","Nina","45583","Fish",3,"30-10%","26.8",573,670,97,"skandi hake in cream and mustard sauce with lemon rice and cucumber salad","https://www.hellofresh.de/recipes/skandi-seehecht-in-sahne-senf-sosse-64916bcb7c7d6edb8b03aee9","Nina_Day2_fish3_30.jpg",3,"(shell)fish","rice","cucumbers","onion","lemon or lime","herbs","dairy (cream)","vinaigrette","water or broth","fats or oils","spices",NA,NA,NA,NA,"375g Hake; 225g Rice; 1  Cucumber; 2  Shallot; 2 Lemon; 10g Dill; 200g Cream; 20ml Mustard; 600ml Water; 1.5 tablespoon oil; 1.5 teaspoon sugar"," Hake;  Rice;  Cucumber;  Shallot; Lemon; Dill;  Cream; Mustard; Water;  oil;  sugar",97,97,"```json
{
    ""Hake"": 20,
    ""Rice"": 15,
    ""Cucumber"": 30,
    ""Shallot"": 5,
    ""Lemon"": 5,
    ""Dill"": 2,
    ""Cream"": 5,
    ""Mustard"": 2,
    ""Water"": 0,
    ""Oil"": 1,
    ""Sugar"": 0
}
```",85,"(shell)fish",20,"rice",15,"cucumbers",30,"onion",5,"lemon or lime",5,"herbs",2,"dairy (cream)",5,"vinaigrette",2,"water or broth",0,"fats or oils",1,"spices",0,NA,NA,NA,NA,NA,NA,NA,NA,"```json
{
    ""Hake"": 20,
    ""Rice"": 15,
    ""Cucumber"": 30,
    ""Shallot"": 5,
    ""Lemon"": 2,
    ""Dill"": 1,
    ""Cream"": 5,
    ""Mustard"": 1,
    ""Water"": 0,
    ""Oil"": 1,
    ""Sugar"": 0
}
```",85,"(shell)fish",20,"rice",15,"cucumbers",30,"onion",5,"lemon or lime",2,"herbs",1,"dairy (cream)",5,"vinaigrette",1,"water or broth",0,"fats or oils",1,"spices",0,NA,NA,NA,NA,NA,NA,NA,NA,"```json
{
    ""Hake"": 20,
    ""Rice"": 15,
    ""Cucumber"": 30,
    ""Shallot"": 5,
    ""Lemon"": 2,
    ""Dill"": 1,
    ""Cream"": 5,
    ""Mustard"": 1,
    ""Water"": 0,
    ""Oil"": 1,
    ""Sugar"": 0
}
```",85,"(shell)fish",20,"rice",15,"cucumbers",30,"onion",5,"lemon or lime",2,"herbs",1,"dairy (cream)",5,"vinaigrette",1,"water or broth",0,"fats or oils",1,"spices",0,NA,NA,NA,NA,NA,NA,NA,NA,"```json
{
    ""Hake"": 20,
    ""Rice"": 15,
    ""Cucumber"": 30,
    ""Shallot"": 5,
    ""Lemon"": 5,
    ""Dill"": 2,
    ""Cream"": 5,
    ""Mustard"": 2,
    ""Water"": 0,
    ""Oil"": 1,
    ""Sugar"": 1
}
```",85,"(shell)fish",20,"rice",15,"cucumbers",30,"onion",5,"lemon or lime",5,"herbs",2,"dairy (cream)",5,"vinaigrette",2,"water or broth",0,"fats or oils",1,"spices",1,NA,NA,NA,NA,NA,NA,NA,NA,"```json
{
    ""Hake"": 20,
    ""Rice"": 15,
    ""Cucumber"": 30,
    ""Shallot"": 5,
    ""Lemon"": 2,
    ""Dill"": 1,
    ""Cream"": 5,
    ""Mustard"": 1,
    ""Water"": 0,
    ""Oil"": 1,
    ""Sugar"": 0
}
```",85,"(shell)fish",20,"rice",15,"cucumbers",30,"onion",5,"lemon or lime",2,"herbs",1,"dairy (cream)",5,"vinaigrette",1,"water or broth",0,"fats or oils",1,"spices",0,NA,NA,NA,NA,NA,NA,NA,NA,"```json
{
    ""Hake"": 30,
    ""Rice"": 20,
    ""Cucumber"": 50,
    ""Remnants"": 0
}
```",85,"(shell)fish",30,"rice",20,"cucumbers",50,NA,0,NA,NA,NA,NA,NA,NA,NA,NA,NA,NA,NA,NA,NA,NA,NA,NA,NA,NA,NA,NA,NA,NA,"```json
{
    ""Hake"": 30,
    ""Rice"": 20,
    ""Cucumber"": 40,
    ""Remnants"": 0
}
```",85,"(shell)fish",30,"rice",20,"cucumbers",40,NA,0,NA,NA,NA,NA,NA,NA,NA,NA,NA,NA,NA,NA,NA,NA,NA,NA,NA,NA,NA,NA,"```json
{
    ""Hake"": 30,
    ""Rice"": 20,
    ""Cucumber"": 40,
    ""Remnants"": 0
}
```",85,"(shell)fish",30,"rice",20,"cucumbers",40,NA,0,NA,NA,NA,NA,NA,NA,NA,NA,NA,NA,NA,NA,NA,NA,NA,NA,NA,NA,NA,NA,NA,NA,"```json
{
    ""Hake"": 30,
    ""Rice"": 20,
    ""Cucumber"": 40,
    ""Remnants"": 0
}
```",85,"(shell)fish",30,"rice",20,"cucumbers",40,NA,0,NA,NA,NA,NA,NA,NA,NA,NA,NA,NA,NA,NA,NA,NA,NA,NA,NA,NA,NA,NA,NA,NA,"```json
{
    ""Hake"": 20,
    ""Rice"": 15,
    ""Cucumber"": 30,
    ""Remnants"": 5
}
```",85,"(shell)fish",20,"rice",15,"cucumbers",30,NA,5,NA,NA,NA,NA,NA,NA,NA,NA,NA,NA,NA,NA,NA,NA,NA,NA,NA,NA,NA,NA,"```json
{
    ""Hake"": 20,
    ""Cream and Mustard Sauce"": 10,
    ""Lemon Rice"": 30,
    ""Cucumber Salad"": 40
}
```",85,"(shell)fish",20,"dairy (cream)",10,"rice",30,"lettuce",40,NA,NA,NA,NA,NA,NA,NA,NA,"```json
{
    ""Lemon Rice"": 30,
    ""Skandi Hake in Cream and Mustard Sauce"": 20,
    ""Cucumber Salad"": 40
}
```",85,"rice",30,"(shell)fish",20,"lettuce",40,NA,NA,NA,NA,NA,NA,NA,NA,NA,NA,"```json
{
    ""Lemon Rice"": 20,
    ""Skandi Hake in Cream and Mustard Sauce"": 15,
    ""Cucumber Salad"": 30
}
```",85,"rice",20,"(shell)fish",15,"lettuce",30,NA,NA,NA,NA,NA,NA,NA,NA,NA,NA,"```json
{
    ""Rice"": 20,
    ""Fish"": 15,
    ""Cucumber"": 30,
    ""Sauce"": 5
}
```",85,"rice",20,"(shell)fish",15,"cucumbers",30,"sauce",5,NA,NA,NA,NA,NA,NA,NA,NA,"```json
{
    ""Hake"": 20,
    ""Cream and Mustard Sauce"": 10,
    ""Lemon Rice"": 30,
    ""Cucumber Salad"": 40
}
```",85,"(shell)fish",20,"dairy (cream)",10,"rice",30,"lettuce",40,NA,NA,NA,NA,NA,NA,NA,NA,100,85,12,12,80,17,17,80,17,17,86,11,11,80,17,17,100,-3,3,90,7,7,90,7,7,90,7,7,70,27,27,100,-3,3,90,7,7,65,32,32,70,27,27,-3,3,11,0,11,0,11,0,11,0,11,0,3,0,3,0,3,0,3,0,3,0,3,1,2,1,2,1,3,1,3,1
"skandi hake in cream and mustard sauce with lemon rice and cucumber salad","Nina","45583","Fish",3,"finished","26.8",573,632,59,"skandi hake in cream and mustard sauce with lemon rice and cucumber salad","https://www.hellofresh.de/recipes/skandi-seehecht-in-sahne-senf-sosse-64916bcb7c7d6edb8b03aee10","Nina_Day2_fish3_0.jpg",3,"(shell)fish","rice","cucumbers","onion","lemon or lime","herbs","dairy (cream)","vinaigrette","water or broth","fats or oils","spices",NA,NA,NA,NA,"375g Hake; 225g Rice; 1  Cucumber; 2  Shallot; 2 Lemon; 10g Dill; 200g Cream; 20ml Mustard; 600ml Water; 1.5 tablespoon oil; 1.5 teaspoon sugar"," Hake;  Rice;  Cucumber;  Shallot; Lemon; Dill;  Cream; Mustard; Water;  oil;  sugar",59,59,"```json
{
    ""Cucumber"": 30,
    ""Shallot"": 5,
    ""Dill"": 1,
    ""Remnants"": 0
}
```",84,"cucumbers",30,"onion",5,"herbs",1,NA,0,NA,NA,NA,NA,NA,NA,NA,NA,NA,NA,NA,NA,NA,NA,NA,NA,NA,NA,NA,NA,NA,NA,"```json
{
    ""Cucumber"": 30,
    ""Shallot"": 5,
    ""Dill"": 1,
    ""Remnants"": 0
}
```",84,"cucumbers",30,"onion",5,"herbs",1,NA,0,NA,NA,NA,NA,NA,NA,NA,NA,NA,NA,NA,NA,NA,NA,NA,NA,NA,NA,NA,NA,NA,NA,"```json
{
  ""Cucumber"": 30,
  ""Shallot"": 5,
  ""Dill"": 1,
  ""Remnants"": 0
}
```",84,"cucumbers",30,"onion",5,"herbs",1,NA,0,NA,NA,NA,NA,NA,NA,NA,NA,NA,NA,NA,NA,NA,NA,NA,NA,NA,NA,NA,NA,NA,NA,"```json
{
    ""Cucumber"": 30,
    ""Remnants"": 5
}
```",84,"cucumbers",30,NA,5,NA,NA,NA,NA,NA,NA,NA,NA,NA,NA,NA,NA,NA,NA,NA,NA,NA,NA,NA,NA,NA,NA,NA,NA,NA,NA,"```json
{
    ""Cucumber"": 30,
    ""Shallot"": 5,
    ""Dill"": 1,
    ""Remnants"": 0
}
```",84,"cucumbers",30,"onion",5,"herbs",1,NA,0,NA,NA,NA,NA,NA,NA,NA,NA,NA,NA,NA,NA,NA,NA,NA,NA,NA,NA,NA,NA,NA,NA,"```json
{
    ""Cucumber"": 50,
    ""Remnants"": 5
}
```",84,"cucumbers",50,NA,5,NA,NA,NA,NA,NA,NA,NA,NA,NA,NA,NA,NA,NA,NA,NA,NA,NA,NA,NA,NA,NA,NA,NA,NA,NA,NA,"```json
{
    ""Cucumber"": 50,
    ""Remnants"": 5
}
```",84,"cucumbers",50,NA,5,NA,NA,NA,NA,NA,NA,NA,NA,NA,NA,NA,NA,NA,NA,NA,NA,NA,NA,NA,NA,NA,NA,NA,NA,"```json
{
    ""Cucumber"": 30,
    ""Remnants"": 5
}
```",84,"cucumbers",30,NA,5,NA,NA,NA,NA,NA,NA,NA,NA,NA,NA,NA,NA,NA,NA,NA,NA,NA,NA,NA,NA,NA,NA,NA,NA,NA,NA,"```json
{
    ""Cucumber"": 50,
    ""Remnants"": 5
}
```",84,"cucumbers",50,NA,5,NA,NA,NA,NA,NA,NA,NA,NA,NA,NA,NA,NA,NA,NA,NA,NA,NA,NA,NA,NA,NA,NA,NA,NA,NA,NA,"```json
{
    ""Cucumber"": 30,
    ""Remnants"": 5
}
```",84,"cucumbers",30,NA,5,NA,NA,NA,NA,NA,NA,NA,NA,NA,NA,NA,NA,NA,NA,NA,NA,NA,NA,NA,NA,NA,NA,NA,NA,"```json
{
    ""Cucumber"": 30,
    ""Herbs"": 2,
    ""Remnants"": 5
}
```",84,"cucumbers",30,"herbs",2,NA,5,NA,NA,NA,NA,NA,NA,NA,NA,NA,NA,"```json
{
    ""Cucumber"": 30,
    ""Herbs"": 2,
    ""Remnants"": 0
}
```",84,"cucumbers",30,"herbs",2,NA,0,NA,NA,NA,NA,NA,NA,NA,NA,NA,NA,"```json
{
    ""Cucumber"": 30,
    ""Herbs"": 2,
    ""Remnants"": 5
}
```",84,"cucumbers",30,"herbs",2,NA,5,NA,NA,NA,NA,NA,NA,NA,NA,NA,NA,"```json
{
  ""Cucumber"": 30,
  ""Herbs"": 2,
  ""Remnants"": 0
}
```",84,"cucumbers",30,"herbs",2,NA,0,NA,NA,NA,NA,NA,NA,NA,NA,NA,NA,"```json
{
    ""Cucumber"": 30,
    ""Herbs"": 2,
    ""Remnants"": 5
}
```",84,"cucumbers",30,"herbs",2,NA,5,NA,NA,NA,NA,NA,NA,NA,NA,NA,NA,37,36,23,23,36,23,23,36,23,23,35,24,24,36,23,23,55,4,4,55,4,4,35,24,24,55,4,4,35,24,24,37,22,22,32,27,27,37,22,22,32,27,27,22,22,3,0,3,0,3,0,1,0,3,0,1,0,1,0,1,0,1,0,1,0,2,0,2,0,2,0,2,0,2,0
"Teriyaki fish fillet on ginger-sweet potato mash
with spicy cucumber salad","Mariam","18.10.2024","TeriyakiFishfilet",1,"50%-30%","26,3",683,900,217,"Teriyaki-Fischfilet auf Ingwer-Süßkartoffelstampf
mit scharfem Gurkensalat","https://www.hellofresh.de/recipes/pangasius-in-teriyaki-sosse-662f9c6d7ceb4fe1685f1ab2","Mitja_Fri_Meal2_1.jpg",2,"(shell)fish","potatoes or fries","cucumbers","root vegetables","lemon or lime","onion","seasoning","sauce","water or broth","fats or oils","fats or oils","water or broth",NA,NA,NA,"240g Pangasius; 1  Sweet Potato; 1  Cucumber; 1  Carrot; 1  Lime; 1  Spring Onion; 10g Ginger; 100ml Teriyaki Sauce; 100ml Water; 2 tablespoon olive oil; 1 tablespoon butter; 100 ml water"," Pangasius;  Sweet Potato;  Cucumber;  Carrot;  Lime;  Spring Onion; Ginger; Teriyaki Sauce; Water;  olive oil;  butter; water",217,217,"```json
{
    ""Pangasius"": 30,
    ""Sweet Potato"": 50,
    ""Cucumber"": 40,
    ""Lime"": 10,
    ""Teriyaki Sauce"": 5,
    ""Remnants"": 0
}
```",61,"(shell)fish",30,"potatoes or fries",50,"cucumbers",40,"lemon or lime",10,"sauce",5,NA,0,NA,NA,NA,NA,NA,NA,NA,NA,NA,NA,NA,NA,NA,NA,NA,NA,NA,NA,"```json
{
    ""Cucumber"": 30,
    ""Sweet Potato"": 50,
    ""Pangasius"": 40,
    ""Lime"": 10,
    ""Teriyaki Sauce"": 5,
    ""Remnants"": 5
}
```",61,"cucumbers",30,"potatoes or fries",50,"(shell)fish",40,"lemon or lime",10,"sauce",5,NA,5,NA,NA,NA,NA,NA,NA,NA,NA,NA,NA,NA,NA,NA,NA,NA,NA,NA,NA,"```json
{
    ""Cucumber"": 30,
    ""Sweet Potato"": 50,
    ""Pangasius"": 40,
    ""Lime"": 10,
    ""Teriyaki Sauce"": 5,
    ""Remnants"": 5
}
```",61,"cucumbers",30,"potatoes or fries",50,"(shell)fish",40,"lemon or lime",10,"sauce",5,NA,5,NA,NA,NA,NA,NA,NA,NA,NA,NA,NA,NA,NA,NA,NA,NA,NA,NA,NA,"```json
{
    ""Cucumber"": 40,
    ""Sweet Potato"": 50,
    ""Pangasius"": 30,
    ""Lime"": 10,
    ""Teriyaki Sauce"": 5,
    ""Remnants"": 0
}
```",61,"cucumbers",40,"potatoes or fries",50,"(shell)fish",30,"lemon or lime",10,"sauce",5,NA,0,NA,NA,NA,NA,NA,NA,NA,NA,NA,NA,NA,NA,NA,NA,NA,NA,NA,NA,"```json
{
    ""Cucumber"": 40,
    ""Sweet Potato"": 50,
    ""Pangasius"": 30,
    ""Lime"": 10,
    ""Teriyaki Sauce"": 5,
    ""Remnants"": 0
}
```",61,"cucumbers",40,"potatoes or fries",50,"(shell)fish",30,"lemon or lime",10,"sauce",5,NA,0,NA,NA,NA,NA,NA,NA,NA,NA,NA,NA,NA,NA,NA,NA,NA,NA,NA,NA,"```json
{
    ""Cucumber"": 40,
    ""Sweet Potato"": 50,
    ""Pangasius"": 30,
    ""Lime"": 10,
    ""Teriyaki Sauce"": 10
}
```",61,"cucumbers",40,"potatoes or fries",50,"(shell)fish",30,"lemon or lime",10,"sauce",10,NA,NA,NA,NA,NA,NA,NA,NA,NA,NA,NA,NA,NA,NA,NA,NA,NA,NA,NA,NA,"```json
{
    ""Pangasius"": 50,
    ""Cucumber"": 30,
    ""Sweet Potato"": 40,
    ""Lime"": 10,
    ""Remnants"": 0
}
```",61,"(shell)fish",50,"cucumbers",30,"potatoes or fries",40,"lemon or lime",10,NA,0,NA,NA,NA,NA,NA,NA,NA,NA,NA,NA,NA,NA,NA,NA,NA,NA,NA,NA,"```json
{
    ""Cucumber"": 30,
    ""Sweet Potato"": 50,
    ""Pangasius"": 40,
    ""Lime"": 10,
    ""Remnants"": 0
}
```",61,"cucumbers",30,"potatoes or fries",50,"(shell)fish",40,"lemon or lime",10,NA,0,NA,NA,NA,NA,NA,NA,NA,NA,NA,NA,NA,NA,NA,NA,NA,NA,NA,NA,NA,NA,"```json
{
    ""Pangasius"": 50,
    ""Sweet Potato"": 40,
    ""Cucumber"": 30,
    ""Lime"": 10,
    ""Remnants"": 0
}
```",61,"(shell)fish",50,"potatoes or fries",40,"cucumbers",30,"lemon or lime",10,NA,0,NA,NA,NA,NA,NA,NA,NA,NA,NA,NA,NA,NA,NA,NA,NA,NA,NA,NA,NA,NA,"```json
{
    ""Pangasius"": 50,
    ""Sweet Potato"": 40,
    ""Cucumber"": 30,
    ""Lime"": 10,
    ""Remnants"": 0
}
```",61,"(shell)fish",50,"potatoes or fries",40,"cucumbers",30,"lemon or lime",10,NA,0,NA,NA,NA,NA,NA,NA,NA,NA,NA,NA,NA,NA,NA,NA,NA,NA,NA,NA,"```json
{
    ""cucumber_slices"": 30,
    ""sweet_potato_mash"": 50,
    ""fish_fillet"": 40,
    ""lime_wedge"": 10
}
```",61,"cucumbers",30,"potatoes or fries",50,"(shell)fish",40,"lemon or lime",10,NA,NA,NA,NA,NA,NA,NA,NA,"```json
{
    ""cucumber_slices"": 30,
    ""sweet_potato_mash"": 50,
    ""fish_fillet"": 40,
    ""lime_wedge"": 10
}
```",61,"cucumbers",30,"potatoes or fries",50,"(shell)fish",40,"lemon or lime",10,NA,NA,NA,NA,NA,NA,NA,NA,"```json
{
    ""cucumber_slices"": 40,
    ""sweet_potato_mash"": 50,
    ""fish_fillet"": 30,
    ""lime_wedge"": 10,
    ""sauce"": 5
}
```",61,"cucumbers",40,"potatoes or fries",50,"(shell)fish",30,"lemon or lime",10,"sauce",5,NA,NA,NA,NA,NA,NA,"```json
{
    ""cucumber_slices"": 30,
    ""sweet_potato_mash"": 50,
    ""fish_fillet"": 40,
    ""lime_wedge"": 10
}
```",61,"cucumbers",30,"potatoes or fries",50,"(shell)fish",40,"lemon or lime",10,NA,NA,NA,NA,NA,NA,NA,NA,"```json
{
    ""Cucumber Salad"": 40,
    ""Sweet Potato Mash"": 60,
    ""Fish Fillet"": 50,
    ""Lime Wedge"": 10
}
```",61,"lettuce",40,"potatoes or fries",60,"(shell)fish",50,"lemon or lime",10,NA,NA,NA,NA,NA,NA,NA,NA,160,135,82,82,140,77,77,140,77,77,135,82,82,135,82,82,140,77,77,130,87,87,130,87,87,130,87,87,130,87,87,130,87,87,130,87,87,135,82,82,130,87,87,57,57,5,0,5,0,5,0,5,0,5,0,5,0,4,0,4,0,4,0,4,0,4,0,4,0,5,0,4,0,3,1
"Teriyaki fish fillet on ginger-sweet potato mash
with spicy cucumber salad","Mariam","18.10.2024","TeriyakiFishfilet",1,"10%-30%","26,3",683,768,85,"Teriyaki-Fischfilet auf Ingwer-Süßkartoffelstampf
mit scharfem Gurkensalat","https://www.hellofresh.de/recipes/pangasius-in-teriyaki-sosse-662f9c6d7ceb4fe1685f1ab2","Mitja_Fri_Meal2_2.jpg",2,"(shell)fish","potatoes or fries","cucumbers","root vegetables","lemon or lime","onion","seasoning","sauce","water or broth","fats or oils","fats or oils","water or broth",NA,NA,NA,"240g Pangasius; 1  Sweet Potato; 1  Cucumber; 1  Carrot; 1  Lime; 1  Spring Onion; 10g Ginger; 100ml Teriyaki Sauce; 100ml Water; 2 tablespoon olive oil; 1 tablespoon butter; 100 ml water"," Pangasius;  Sweet Potato;  Cucumber;  Carrot;  Lime;  Spring Onion; Ginger; Teriyaki Sauce; Water;  olive oil;  butter; water",85,85,"```json
{
    ""Cucumber"": 5,
    ""Sweet Potato"": 10,
    ""Lime"": 5,
    ""Teriyaki Sauce"": 5,
    ""Remnants"": 0
}
```",62,"cucumbers",5,"potatoes or fries",10,"lemon or lime",5,"sauce",5,NA,0,NA,NA,NA,NA,NA,NA,NA,NA,NA,NA,NA,NA,NA,NA,NA,NA,NA,NA,NA,NA,"```json
{
    ""Cucumber"": 5,
    ""Sweet Potato"": 10,
    ""Lime"": 5,
    ""Teriyaki Sauce"": 5,
    ""Remnants"": 0
}
```",62,"cucumbers",5,"potatoes or fries",10,"lemon or lime",5,"sauce",5,NA,0,NA,NA,NA,NA,NA,NA,NA,NA,NA,NA,NA,NA,NA,NA,NA,NA,NA,NA,NA,NA,"```json
{
    ""Cucumber"": 5,
    ""Sweet Potato"": 10,
    ""Lime"": 5,
    ""Teriyaki Sauce"": 5,
    ""Remnants"": 0
}
```",62,"cucumbers",5,"potatoes or fries",10,"lemon or lime",5,"sauce",5,NA,0,NA,NA,NA,NA,NA,NA,NA,NA,NA,NA,NA,NA,NA,NA,NA,NA,NA,NA,NA,NA,"```json
{
    ""Cucumber"": 5,
    ""Sweet Potato"": 10,
    ""Lime"": 5,
    ""Teriyaki Sauce"": 5,
    ""Remnants"": 0
}
```",62,"cucumbers",5,"potatoes or fries",10,"lemon or lime",5,"sauce",5,NA,0,NA,NA,NA,NA,NA,NA,NA,NA,NA,NA,NA,NA,NA,NA,NA,NA,NA,NA,NA,NA,"```json
{
    ""Cucumber"": 5,
    ""Sweet Potato"": 10,
    ""Lime"": 5,
    ""Teriyaki Sauce"": 5,
    ""Remnants"": 0
}
```",62,"cucumbers",5,"potatoes or fries",10,"lemon or lime",5,"sauce",5,NA,0,NA,NA,NA,NA,NA,NA,NA,NA,NA,NA,NA,NA,NA,NA,NA,NA,NA,NA,NA,NA,"```json
{
    ""Cucumber"": 10,
    ""Sweet Potato"": 20,
    ""Lime"": 10,
    ""Teriyaki Sauce"": 5,
    ""Remnants"": 0
}
```",62,"cucumbers",10,"potatoes or fries",20,"lemon or lime",10,"sauce",5,NA,0,NA,NA,NA,NA,NA,NA,NA,NA,NA,NA,NA,NA,NA,NA,NA,NA,NA,NA,NA,NA,"```json
{
    ""Cucumber"": 10,
    ""Sweet Potato"": 20,
    ""Lime"": 10,
    ""Teriyaki Sauce"": 5,
    ""Remnants"": 0
}
```",62,"cucumbers",10,"potatoes or fries",20,"lemon or lime",10,"sauce",5,NA,0,NA,NA,NA,NA,NA,NA,NA,NA,NA,NA,NA,NA,NA,NA,NA,NA,NA,NA,"```json
{
    ""Cucumber"": 10,
    ""Sweet Potato"": 20,
    ""Lime"": 10,
    ""Teriyaki Sauce"": 5,
    ""Remnants"": 0
}
```",62,"cucumbers",10,"potatoes or fries",20,"lemon or lime",10,"sauce",5,NA,0,NA,NA,NA,NA,NA,NA,NA,NA,NA,NA,NA,NA,NA,NA,NA,NA,NA,NA,NA,NA,"```json
{
    ""Cucumber"": 10,
    ""Sweet Potato"": 20,
    ""Lime"": 10,
    ""Teriyaki Sauce"": 5,
    ""Remnants"": 0
}
```",62,"cucumbers",10,"potatoes or fries",20,"lemon or lime",10,"sauce",5,NA,0,NA,NA,NA,NA,NA,NA,NA,NA,NA,NA,NA,NA,NA,NA,NA,NA,NA,NA,NA,NA,"```json
{
    ""Cucumber"": 10,
    ""Sweet Potato"": 20,
    ""Lime"": 10,
    ""Teriyaki Sauce"": 5,
    ""Remnants"": 0
}
```",62,"cucumbers",10,"potatoes or fries",20,"lemon or lime",10,"sauce",5,NA,0,NA,NA,NA,NA,NA,NA,NA,NA,NA,NA,NA,NA,NA,NA,NA,NA,NA,NA,"```json
{
    ""Cucumber"": 5,
    ""Sweet_potato_mash"": 15,
    ""Lime_wedge"": 10,
    ""Teriyaki_sauce"": 5,
    ""Remnants"": 0
}
```",62,"cucumbers",5,"potatoes or fries",15,"lemon or lime",10,"sauce",5,NA,0,NA,NA,NA,NA,NA,NA,"```json
{
    ""Cucumber"": 5,
    ""Sweet Potato Mash"": 15,
    ""Lime"": 10,
    ""Teriyaki Sauce"": 5,
    ""Remnants"": 0
}
```",62,"cucumbers",5,"potatoes or fries",15,"lemon or lime",10,"sauce",5,NA,0,NA,NA,NA,NA,NA,NA,"```json
{
    ""Cucumber"": 5,
    ""Sweet Potato Mash"": 15,
    ""Lime"": 10,
    ""Teriyaki Sauce"": 5,
    ""Remnants"": 0
}
```",62,"cucumbers",5,"potatoes or fries",15,"lemon or lime",10,"sauce",5,NA,0,NA,NA,NA,NA,NA,NA,"```json
{
    ""Cucumber"": 5,
    ""Sweet Potato Mash"": 15,
    ""Lime"": 10,
    ""Teriyaki Sauce"": 5,
    ""Remnants"": 0
}
```",62,"cucumbers",5,"potatoes or fries",15,"lemon or lime",10,"sauce",5,NA,0,NA,NA,NA,NA,NA,NA,"```json
{
    ""Cucumber"": 5,
    ""Sweet Potato Mash"": 15,
    ""Lime"": 10,
    ""Teriyaki Sauce"": 5,
    ""Remnants"": 0
}
```",62,"cucumbers",5,"potatoes or fries",15,"lemon or lime",10,"sauce",5,NA,0,NA,NA,NA,NA,NA,NA,35,25,60,60,25,60,60,25,60,60,25,60,60,25,60,60,45,40,40,45,40,40,45,40,40,45,40,40,45,40,40,35,50,50,35,50,50,35,50,50,35,50,50,50,50,4,0,4,0,4,0,4,0,4,0,4,0,4,0,4,0,4,0,4,0,4,0,4,0,4,0,4,0,4,0
"Teriyaki fish fillet on ginger-sweet potato mash
with spicy cucumber salad","Mariam","18.10.2024","TeriyakiFishfilet",1,"finished","26,3",683,707,24,"Teriyaki-Fischfilet auf Ingwer-Süßkartoffelstampf
mit scharfem Gurkensalat","https://www.hellofresh.de/recipes/pangasius-in-teriyaki-sosse-662f9c6d7ceb4fe1685f1ab2","Mitja_Fri_Meal2_3.jpg",2,"(shell)fish","potatoes or fries","cucumbers","root vegetables","lemon or lime","onion","seasoning","sauce","water or broth","fats or oils","fats or oils","water or broth",NA,NA,NA,"240g Pangasius; 1  Sweet Potato; 1  Cucumber; 1  Carrot; 1  Lime; 1  Spring Onion; 10g Ginger; 100ml Teriyaki Sauce; 100ml Water; 2 tablespoon olive oil; 1 tablespoon butter; 100 ml water"," Pangasius;  Sweet Potato;  Cucumber;  Carrot;  Lime;  Spring Onion; Ginger; Teriyaki Sauce; Water;  olive oil;  butter; water",24,24,"```json
{
    ""Remnants"": 0,
    ""Lime"": 10
}
```",63,NA,0,"lemon or lime",10,NA,NA,NA,NA,NA,NA,NA,NA,NA,NA,NA,NA,NA,NA,NA,NA,NA,NA,NA,NA,NA,NA,NA,NA,NA,NA,"```json
{
    ""Remnants"": 0,
    ""Lime"": 10
}
```",63,NA,0,"lemon or lime",10,NA,NA,NA,NA,NA,NA,NA,NA,NA,NA,NA,NA,NA,NA,NA,NA,NA,NA,NA,NA,NA,NA,NA,NA,NA,NA,"```json
{
    ""Remnants"": 0,
    ""Lime"": 10,
    ""Teriyaki Sauce"": 5
}
```",63,NA,0,"lemon or lime",10,"sauce",5,NA,NA,NA,NA,NA,NA,NA,NA,NA,NA,NA,NA,NA,NA,NA,NA,NA,NA,NA,NA,NA,NA,NA,NA,"```json
{
    ""Remnants"": 0,
    ""Lime"": 10,
    ""Teriyaki Sauce"": 5
}
```",63,NA,0,"lemon or lime",10,"sauce",5,NA,NA,NA,NA,NA,NA,NA,NA,NA,NA,NA,NA,NA,NA,NA,NA,NA,NA,NA,NA,NA,NA,NA,NA,"```json
{
  ""Lime"": 10,
  ""Teriyaki Sauce"": 5,
  ""Remnants"": 5
}
```",63,"lemon or lime",10,"sauce",5,NA,5,NA,NA,NA,NA,NA,NA,NA,NA,NA,NA,NA,NA,NA,NA,NA,NA,NA,NA,NA,NA,NA,NA,NA,NA,"```json
{
    ""Lime"": 10,
    ""Teriyaki Sauce"": 5,
    ""Remnants"": 5
}
```",63,"lemon or lime",10,"sauce",5,NA,5,NA,NA,NA,NA,NA,NA,NA,NA,NA,NA,NA,NA,NA,NA,NA,NA,NA,NA,NA,NA,NA,NA,NA,NA,"```json
{
  ""Remnants"": 0
}
```",63,NA,0,NA,NA,NA,NA,NA,NA,NA,NA,NA,NA,NA,NA,NA,NA,NA,NA,NA,NA,NA,NA,NA,NA,NA,NA,NA,NA,"```json
{
    ""Remnants"": 0
}
```",63,NA,0,NA,NA,NA,NA,NA,NA,NA,NA,NA,NA,NA,NA,NA,NA,NA,NA,NA,NA,NA,NA,NA,NA,NA,NA,NA,NA,NA,NA,"```json
{
    ""Lime"": 10,
    ""Teriyaki Sauce"": 5,
    ""Remnants"": 5
}
```",63,"lemon or lime",10,"sauce",5,NA,5,NA,NA,NA,NA,NA,NA,NA,NA,NA,NA,NA,NA,NA,NA,NA,NA,NA,NA,NA,NA,NA,NA,NA,NA,"```json
{
    ""Lime"": 10,
    ""Teriyaki Sauce"": 5,
    ""Remnants"": 0
}
```",63,"lemon or lime",10,"sauce",5,NA,0,NA,NA,NA,NA,NA,NA,NA,NA,NA,NA,NA,NA,NA,NA,NA,NA,NA,NA,NA,NA,NA,NA,"```json
{
  ""Remnants"": 0,
  ""Lime"": 10
}
```",63,NA,0,"lemon or lime",10,NA,NA,NA,NA,NA,NA,NA,NA,NA,NA,NA,NA,"```json
{
  ""Remnants"": 0,
  ""Lime"": 10
}
```",63,NA,0,"lemon or lime",10,NA,NA,NA,NA,NA,NA,NA,NA,NA,NA,NA,NA,"```json
{
  ""Remnants"": 0,
  ""Lime"": 10
}
```",63,NA,0,"lemon or lime",10,NA,NA,NA,NA,NA,NA,NA,NA,NA,NA,NA,NA,"```json
{
  ""Remnants"": 0,
  ""Lime"": 10
}
```",63,NA,0,"lemon or lime",10,NA,NA,NA,NA,NA,NA,NA,NA,NA,NA,NA,NA,"```json
{
  ""Remnants"": 0,
  ""Lime"": 10
}
```",63,NA,0,"lemon or lime",10,NA,NA,NA,NA,NA,NA,NA,NA,NA,NA,NA,NA,10,10,14,14,10,14,14,15,9,9,15,9,9,20,4,4,20,4,4,0,24,24,0,24,24,20,4,4,15,9,9,10,14,14,10,14,14,10,14,14,10,14,14,14,14,1,0,1,0,2,0,2,0,2,0,2,0,0,0,0,0,2,0,2,0,1,0,1,0,1,0,1,0,1,0
"Teriyaki fish fillet on ginger-sweet potato mash
with spicy cucumber salad","Mariam","18.10.2024","TeriyakiFishfilet",2,"50%-30%","26,3",676,950,274,"Teriyaki-Fischfilet auf Ingwer-Süßkartoffelstampf
mit scharfem Gurkensalat","https://www.hellofresh.de/recipes/pangasius-in-teriyaki-sosse-662f9c6d7ceb4fe1685f1ab2","Mariam_Fri_Meal2_1.jpg",2,"(shell)fish","potatoes or fries","cucumbers","root vegetables","lemon or lime","onion","seasoning","sauce","water or broth","fats or oils","fats or oils","water or broth",NA,NA,NA,"240g Pangasius; 1  Sweet Potato; 1  Cucumber; 1  Carrot; 1  Lime; 1  Spring Onion; 10g Ginger; 100ml Teriyaki Sauce; 100ml Water; 2 tablespoon olive oil; 1 tablespoon butter; 100 ml water"," Pangasius;  Sweet Potato;  Cucumber;  Carrot;  Lime;  Spring Onion; Ginger; Teriyaki Sauce; Water;  olive oil;  butter; water",274,274,"```json
{
    ""Pangasius"": 50,
    ""Sweet Potato"": 100,
    ""Cucumber"": 40,
    ""Lime"": 10,
    ""Spring Onion"": 5,
    ""Teriyaki Sauce"": 10
}
```",25,"(shell)fish",50,"potatoes or fries",100,"cucumbers",40,"lemon or lime",10,"onion",5,"sauce",10,NA,NA,NA,NA,NA,NA,NA,NA,NA,NA,NA,NA,NA,NA,NA,NA,NA,NA,"```json
{
    ""Pangasius"": 50,
    ""Sweet Potato"": 100,
    ""Cucumber"": 40,
    ""Lime"": 10,
    ""Spring Onion"": 5,
    ""Teriyaki Sauce"": 10
}
```",25,"(shell)fish",50,"potatoes or fries",100,"cucumbers",40,"lemon or lime",10,"onion",5,"sauce",10,NA,NA,NA,NA,NA,NA,NA,NA,NA,NA,NA,NA,NA,NA,NA,NA,NA,NA,"```json
{
    ""Pangasius"": 50,
    ""Sweet Potato"": 100,
    ""Cucumber"": 40,
    ""Lime"": 10,
    ""Spring Onion"": 5,
    ""Teriyaki Sauce"": 10
}
```",25,"(shell)fish",50,"potatoes or fries",100,"cucumbers",40,"lemon or lime",10,"onion",5,"sauce",10,NA,NA,NA,NA,NA,NA,NA,NA,NA,NA,NA,NA,NA,NA,NA,NA,NA,NA,"```json
{
    ""Pangasius"": 50,
    ""Sweet Potato"": 100,
    ""Cucumber"": 40,
    ""Lime"": 10,
    ""Spring Onion"": 5,
    ""Teriyaki Sauce"": 10
}
```",25,"(shell)fish",50,"potatoes or fries",100,"cucumbers",40,"lemon or lime",10,"onion",5,"sauce",10,NA,NA,NA,NA,NA,NA,NA,NA,NA,NA,NA,NA,NA,NA,NA,NA,NA,NA,"```json
{
    ""Pangasius"": 50,
    ""Sweet Potato"": 100,
    ""Cucumber"": 40,
    ""Lime"": 10,
    ""Spring Onion"": 5,
    ""Teriyaki Sauce"": 10
}
```",25,"(shell)fish",50,"potatoes or fries",100,"cucumbers",40,"lemon or lime",10,"onion",5,"sauce",10,NA,NA,NA,NA,NA,NA,NA,NA,NA,NA,NA,NA,NA,NA,NA,NA,NA,NA,"```json
{
    ""Pangasius"": 60,
    ""Sweet Potato"": 100,
    ""Cucumber"": 50,
    ""Lime"": 10,
    ""Spring Onion"": 5,
    ""Teriyaki Sauce"": 15
}
```",25,"(shell)fish",60,"potatoes or fries",100,"cucumbers",50,"lemon or lime",10,"onion",5,"sauce",15,NA,NA,NA,NA,NA,NA,NA,NA,NA,NA,NA,NA,NA,NA,NA,NA,NA,NA,"```json
{
    ""Pangasius"": 60,
    ""Sweet Potato"": 100,
    ""Cucumber"": 50,
    ""Lime"": 10,
    ""Spring Onion"": 5,
    ""Teriyaki Sauce"": 10
}
```",25,"(shell)fish",60,"potatoes or fries",100,"cucumbers",50,"lemon or lime",10,"onion",5,"sauce",10,NA,NA,NA,NA,NA,NA,NA,NA,NA,NA,NA,NA,NA,NA,NA,NA,"```json
{
    ""Pangasius"": 60,
    ""Sweet Potato"": 100,
    ""Cucumber"": 50,
    ""Lime"": 10,
    ""Spring Onion"": 5,
    ""Teriyaki Sauce"": 10
}
```",25,"(shell)fish",60,"potatoes or fries",100,"cucumbers",50,"lemon or lime",10,"onion",5,"sauce",10,NA,NA,NA,NA,NA,NA,NA,NA,NA,NA,NA,NA,NA,NA,NA,NA,NA,NA,"```json
{
    ""Pangasius"": 60,
    ""Sweet Potato"": 100,
    ""Cucumber"": 50,
    ""Lime"": 10,
    ""Spring Onion"": 5,
    ""Teriyaki Sauce"": 15
}
```",25,"(shell)fish",60,"potatoes or fries",100,"cucumbers",50,"lemon or lime",10,"onion",5,"sauce",15,NA,NA,NA,NA,NA,NA,NA,NA,NA,NA,NA,NA,NA,NA,NA,NA,NA,NA,"```json
{
    ""Pangasius"": 60,
    ""Sweet Potato"": 100,
    ""Cucumber"": 50,
    ""Lime"": 10,
    ""Spring Onion"": 5,
    ""Teriyaki Sauce"": 10
}
```",25,"(shell)fish",60,"potatoes or fries",100,"cucumbers",50,"lemon or lime",10,"onion",5,"sauce",10,NA,NA,NA,NA,NA,NA,NA,NA,NA,NA,NA,NA,NA,NA,NA,NA,"```json
{
    ""Teriyaki fish fillet"": 50,
    ""Ginger-sweet potato mash"": 100,
    ""Spicy cucumber salad"": 40,
    ""Lime wedge"": 10
}
```",25,"(shell)fish",50,"potatoes or fries",100,"lettuce",40,"lemon or lime",10,NA,NA,NA,NA,NA,NA,NA,NA,"```json
{
    ""Teriyaki fish fillet"": 50,
    ""Ginger-sweet potato mash"": 100,
    ""Spicy cucumber salad"": 40,
    ""Lime wedge"": 10
}
```",25,"(shell)fish",50,"potatoes or fries",100,"lettuce",40,"lemon or lime",10,NA,NA,NA,NA,NA,NA,NA,NA,"```json
{
    ""Teriyaki fish fillet"": 50,
    ""Ginger-sweet potato mash"": 100,
    ""Spicy cucumber salad"": 40,
    ""Lime wedge"": 10
}
```",25,"(shell)fish",50,"potatoes or fries",100,"lettuce",40,"lemon or lime",10,NA,NA,NA,NA,NA,NA,NA,NA,"```json
{
    ""Teriyaki fish fillet"": 50,
    ""Ginger-sweet potato mash"": 100,
    ""Spicy cucumber salad"": 40,
    ""Lime wedge"": 10
}
```",25,"(shell)fish",50,"potatoes or fries",100,"lettuce",40,"lemon or lime",10,NA,NA,NA,NA,NA,NA,NA,NA,"```json
{
    ""Teriyaki fish fillet"": 50,
    ""Ginger-sweet potato mash"": 100,
    ""Spicy cucumber salad"": 40,
    ""Lime wedge"": 10
}
```",25,"(shell)fish",50,"potatoes or fries",100,"lettuce",40,"lemon or lime",10,NA,NA,NA,NA,NA,NA,NA,NA,200,215,59,59,215,59,59,215,59,59,215,59,59,215,59,59,240,34,34,235,39,39,235,39,39,240,34,34,235,39,39,200,74,74,200,74,74,200,74,74,200,74,74,74,74,6,0,6,0,6,0,6,0,6,0,6,0,6,0,6,0,6,0,6,0,3,1,3,1,3,1,3,1,3,1
"Teriyaki fish fillet on ginger-sweet potato mash
with spicy cucumber salad","Mariam","18.10.2024","TeriyakiFishfilet",2,"10%-30%","26,3",676,851,175,"Teriyaki-Fischfilet auf Ingwer-Süßkartoffelstampf
mit scharfem Gurkensalat","https://www.hellofresh.de/recipes/pangasius-in-teriyaki-sosse-662f9c6d7ceb4fe1685f1ab2","Mariam_Fri_Meal2_2.jpg",2,"(shell)fish","potatoes or fries","cucumbers","root vegetables","lemon or lime","onion","seasoning","sauce","water or broth","fats or oils","fats or oils","water or broth",NA,NA,NA,"240g Pangasius; 1  Sweet Potato; 1  Cucumber; 1  Carrot; 1  Lime; 1  Spring Onion; 10g Ginger; 100ml Teriyaki Sauce; 100ml Water; 2 tablespoon olive oil; 1 tablespoon butter; 100 ml water"," Pangasius;  Sweet Potato;  Cucumber;  Carrot;  Lime;  Spring Onion; Ginger; Teriyaki Sauce; Water;  olive oil;  butter; water",175,175,"```json
{
    ""Cucumber"": 20,
    ""Sweet Potato"": 50,
    ""Lime"": 10,
    ""Spring Onion"": 5,
    ""Teriyaki Sauce"": 5,
    ""Remnants"": 0
}
```",26,"cucumbers",20,"potatoes or fries",50,"lemon or lime",10,"onion",5,"sauce",5,NA,0,NA,NA,NA,NA,NA,NA,NA,NA,NA,NA,NA,NA,NA,NA,NA,NA,NA,NA,"```json
{
    ""Cucumber"": 20,
    ""Sweet Potato"": 50,
    ""Lime"": 10,
    ""Spring Onion"": 5,
    ""Teriyaki Sauce"": 5,
    ""Remnants"": 0
}
```",26,"cucumbers",20,"potatoes or fries",50,"lemon or lime",10,"onion",5,"sauce",5,NA,0,NA,NA,NA,NA,NA,NA,NA,NA,NA,NA,NA,NA,NA,NA,NA,NA,NA,NA,"```json
{
    ""Cucumber"": 20,
    ""Sweet Potato"": 50,
    ""Lime"": 10,
    ""Spring Onion"": 5,
    ""Teriyaki Sauce"": 5,
    ""Remnants"": 0
}
```",26,"cucumbers",20,"potatoes or fries",50,"lemon or lime",10,"onion",5,"sauce",5,NA,0,NA,NA,NA,NA,NA,NA,NA,NA,NA,NA,NA,NA,NA,NA,NA,NA,NA,NA,"```json
{
    ""Cucumber"": 20,
    ""Lime"": 10,
    ""Sweet Potato"": 50,
    ""Teriyaki Sauce"": 5,
    ""Remnants"": 0
}
```",26,"cucumbers",20,"lemon or lime",10,"potatoes or fries",50,"sauce",5,NA,0,NA,NA,NA,NA,NA,NA,NA,NA,NA,NA,NA,NA,NA,NA,NA,NA,NA,NA,NA,NA,"```json
{
    ""Cucumber"": 20,
    ""Sweet Potato"": 50,
    ""Lime"": 10,
    ""Spring Onion"": 5,
    ""Teriyaki Sauce"": 5,
    ""Remnants"": 0
}
```",26,"cucumbers",20,"potatoes or fries",50,"lemon or lime",10,"onion",5,"sauce",5,NA,0,NA,NA,NA,NA,NA,NA,NA,NA,NA,NA,NA,NA,NA,NA,NA,NA,NA,NA,"```json
{
    ""Cucumber"": 30,
    ""Lime"": 10,
    ""Sweet Potato"": 50,
    ""Remnants"": 0
}
```",26,"cucumbers",30,"lemon or lime",10,"potatoes or fries",50,NA,0,NA,NA,NA,NA,NA,NA,NA,NA,NA,NA,NA,NA,NA,NA,NA,NA,NA,NA,NA,NA,NA,NA,"```json
{
    ""Cucumber"": 20,
    ""Lime"": 10,
    ""Sweet Potato"": 50,
    ""Teriyaki Sauce"": 5,
    ""Remnants"": 0
}
```",26,"cucumbers",20,"lemon or lime",10,"potatoes or fries",50,"sauce",5,NA,0,NA,NA,NA,NA,NA,NA,NA,NA,NA,NA,NA,NA,NA,NA,NA,NA,NA,NA,"```json
{
    ""Cucumber"": 20,
    ""Lime"": 10,
    ""Sweet Potato"": 50,
    ""Teriyaki Sauce"": 5,
    ""Remnants"": 0
}
```",26,"cucumbers",20,"lemon or lime",10,"potatoes or fries",50,"sauce",5,NA,0,NA,NA,NA,NA,NA,NA,NA,NA,NA,NA,NA,NA,NA,NA,NA,NA,NA,NA,NA,NA,"```json
{
    ""Cucumber"": 20,
    ""Lime"": 10,
    ""Sweet Potato"": 50,
    ""Teriyaki Sauce"": 5,
    ""Remnants"": 0
}
```",26,"cucumbers",20,"lemon or lime",10,"potatoes or fries",50,"sauce",5,NA,0,NA,NA,NA,NA,NA,NA,NA,NA,NA,NA,NA,NA,NA,NA,NA,NA,NA,NA,NA,NA,"```json
{
    ""Cucumber"": 20,
    ""Lime"": 10,
    ""Sweet Potato"": 50,
    ""Teriyaki Sauce"": 5,
    ""Remnants"": 0
}
```",26,"cucumbers",20,"lemon or lime",10,"potatoes or fries",50,"sauce",5,NA,0,NA,NA,NA,NA,NA,NA,NA,NA,NA,NA,NA,NA,NA,NA,NA,NA,NA,NA,"```json
{
    ""cucumber_slices"": 20,
    ""lime_wedge"": 10,
    ""sweet_potato_mash"": 50,
    ""sauce_remnants"": 0
}
```",26,"cucumbers",20,"lemon or lime",10,"potatoes or fries",50,"sauce",0,NA,NA,NA,NA,NA,NA,NA,NA,"```json
{
    ""cucumber_slices"": 20,
    ""lime_wedge"": 10,
    ""sweet_potato_mash"": 50,
    ""sauce_remnants"": 0
}
```",26,"cucumbers",20,"lemon or lime",10,"potatoes or fries",50,"sauce",0,NA,NA,NA,NA,NA,NA,NA,NA,"```json
{
  ""cucumber_slices"": 20,
  ""lime_wedge"": 10,
  ""sweet_potato_mash"": 50,
  ""sauce_remnants"": 0
}
```",26,"cucumbers",20,"lemon or lime",10,"potatoes or fries",50,"sauce",0,NA,NA,NA,NA,NA,NA,NA,NA,"```json
{
  ""cucumber_slices"": 20,
  ""lime_wedge"": 5,
  ""sweet_potato_mash"": 50,
  ""sauce_remnants"": 0
}
```",26,"cucumbers",20,"lemon or lime",5,"potatoes or fries",50,"sauce",0,NA,NA,NA,NA,NA,NA,NA,NA,"```json
{
    ""Cucumber slices"": 20,
    ""Lime wedge"": 10,
    ""Sweet potato mash"": 50,
    ""Sauce remnants"": 0
}
```",26,"cucumbers",20,"lemon or lime",10,"potatoes or fries",50,"sauce",0,NA,NA,NA,NA,NA,NA,NA,NA,80,90,85,85,90,85,85,90,85,85,85,90,90,90,85,85,90,85,85,85,90,90,85,90,90,85,90,90,85,90,90,80,95,95,80,95,95,80,95,95,75,100,100,95,95,5,0,5,0,5,0,4,0,5,0,3,0,4,0,4,0,4,0,4,0,4,0,4,0,4,0,4,0,4,0
"Teriyaki fish fillet on ginger-sweet potato mash
with spicy cucumber salad","Mariam","18.10.2024","TeriyakiFishfilet",2,"finished","26,3",676,694,18,"Teriyaki-Fischfilet auf Ingwer-Süßkartoffelstampf
mit scharfem Gurkensalat","https://www.hellofresh.de/recipes/pangasius-in-teriyaki-sosse-662f9c6d7ceb4fe1685f1ab2","Mariam_Fri_Meal2_3.jpg",2,"(shell)fish","potatoes or fries","cucumbers","root vegetables","lemon or lime","onion","seasoning","sauce","water or broth","fats or oils","fats or oils","water or broth",NA,NA,NA,"240g Pangasius; 1  Sweet Potato; 1  Cucumber; 1  Carrot; 1  Lime; 1  Spring Onion; 10g Ginger; 100ml Teriyaki Sauce; 100ml Water; 2 tablespoon olive oil; 1 tablespoon butter; 100 ml water"," Pangasius;  Sweet Potato;  Cucumber;  Carrot;  Lime;  Spring Onion; Ginger; Teriyaki Sauce; Water;  olive oil;  butter; water",18,18,"```json
{
  ""Remnants"": 0,
  ""Lime"": 5
}
```",27,NA,0,"lemon or lime",5,NA,NA,NA,NA,NA,NA,NA,NA,NA,NA,NA,NA,NA,NA,NA,NA,NA,NA,NA,NA,NA,NA,NA,NA,NA,NA,"```json
{
  ""Remnants"": 0,
  ""Lime"": 5
}
```",27,NA,0,"lemon or lime",5,NA,NA,NA,NA,NA,NA,NA,NA,NA,NA,NA,NA,NA,NA,NA,NA,NA,NA,NA,NA,NA,NA,NA,NA,NA,NA,"```json
{
    ""Remnants"": 0,
    ""Lime"": 5
}
```",27,NA,0,"lemon or lime",5,NA,NA,NA,NA,NA,NA,NA,NA,NA,NA,NA,NA,NA,NA,NA,NA,NA,NA,NA,NA,NA,NA,NA,NA,NA,NA,"```json
{
    ""Remnants"": 0,
    ""Lime"": 5
}
```",27,NA,0,"lemon or lime",5,NA,NA,NA,NA,NA,NA,NA,NA,NA,NA,NA,NA,NA,NA,NA,NA,NA,NA,NA,NA,NA,NA,NA,NA,NA,NA,"```json
{
  ""Remnants"": 0,
  ""Lime"": 10
}
```",27,NA,0,"lemon or lime",10,NA,NA,NA,NA,NA,NA,NA,NA,NA,NA,NA,NA,NA,NA,NA,NA,NA,NA,NA,NA,NA,NA,NA,NA,NA,NA,"```json
{
    ""Remnants"": 0,
    ""Lime"": 10
}
```",27,NA,0,"lemon or lime",10,NA,NA,NA,NA,NA,NA,NA,NA,NA,NA,NA,NA,NA,NA,NA,NA,NA,NA,NA,NA,NA,NA,NA,NA,NA,NA,"```json
{
    ""Remnants"": 0,
    ""Lime"": 10
}
```",27,NA,0,"lemon or lime",10,NA,NA,NA,NA,NA,NA,NA,NA,NA,NA,NA,NA,NA,NA,NA,NA,NA,NA,NA,NA,NA,NA,NA,NA,"```json
{
    ""Remnants"": 0,
    ""Lime"": 10
}
```",27,NA,0,"lemon or lime",10,NA,NA,NA,NA,NA,NA,NA,NA,NA,NA,NA,NA,NA,NA,NA,NA,NA,NA,NA,NA,NA,NA,NA,NA,NA,NA,"```json
{
    ""Lime"": 10,
    ""Remnants"": 0
}
```",27,"lemon or lime",10,NA,0,NA,NA,NA,NA,NA,NA,NA,NA,NA,NA,NA,NA,NA,NA,NA,NA,NA,NA,NA,NA,NA,NA,NA,NA,NA,NA,"```json
{
    ""Lime"": 10,
    ""Remnants"": 5
}
```",27,"lemon or lime",10,NA,5,NA,NA,NA,NA,NA,NA,NA,NA,NA,NA,NA,NA,NA,NA,NA,NA,NA,NA,NA,NA,NA,NA,NA,NA,"```json
{
  ""Remnants"": 0,
  ""Lime"": 5
}
```",27,NA,0,"lemon or lime",5,NA,NA,NA,NA,NA,NA,NA,NA,NA,NA,NA,NA,"```json
{
  ""Remnants"": 0,
  ""Lime"": 5
}
```",27,NA,0,"lemon or lime",5,NA,NA,NA,NA,NA,NA,NA,NA,NA,NA,NA,NA,"```json
{
  ""Remnants"": 0,
  ""Lime"": 5
}
```",27,NA,0,"lemon or lime",5,NA,NA,NA,NA,NA,NA,NA,NA,NA,NA,NA,NA,"```json
{
  ""Remnants"": 0,
  ""Lime"": 5
}
```",27,NA,0,"lemon or lime",5,NA,NA,NA,NA,NA,NA,NA,NA,NA,NA,NA,NA,"```json
{
  ""Remnants"": 0,
  ""Lime wedge"": 10
}
```",27,NA,0,"lemon or lime",10,NA,NA,NA,NA,NA,NA,NA,NA,NA,NA,NA,NA,10,5,13,13,5,13,13,5,13,13,5,13,13,10,8,8,10,8,8,10,8,8,10,8,8,10,8,8,15,3,3,5,13,13,5,13,13,5,13,13,5,13,13,8,8,1,0,1,0,1,0,1,0,1,0,1,0,1,0,1,0,1,0,1,0,1,0,1,0,1,0,1,0,1,0
"Whole wheat penne with red pesto tomato sauce","Meike","Wednesday","PastaVeggie",1,"50","25",574,899,325,"Volkoren penne met rodepesto-tomaten saus","https://www.hellofresh.nl/recipes/volkoren-penne-met-rode-pesto-tomatensaus-6482f79c4726b736914e1a6f","Meike_Wed_PastaVeggie_Pers1_Moment1.jpg",3,"pasta","onion","zucchini","root vegetables","garlic","sauce","cheese","herbs","water or broth","fats or oils","tomatoes","tomatoes","tomatoes",NA,NA,"270g Penne; 1.5 Onion; 1.5  Zucchini; 1.5  Carrot; 1.5  Garlic cloves; 120g Red Pesto; 60g Grana Padano Flakes; 15g Basil; 300ml Broth; 3 tablespoon olive oil; 120 g tomatoes; 0.5 tomato puree; 50g tomato paste"," Penne; Onion;  Zucchini;  Carrot;  Garlic ;  Red Pesto; Grana Padano Flakes; Basil; Broth;  olive oil; tomatoes; tomato puree; tomato paste",325,325,"```json
{
    ""Penne"": 100,
    ""Onion"": 20,
    ""Zucchini"": 15,
    ""Carrot"": 10,
    ""Garlic"": 5,
    ""Red Pesto"": 30,
    ""Grana Padano Flakes"": 10,
    ""Basil"": 5,
    ""Broth"": 20,
    ""Olive Oil"": 5
}
```",52,"pasta",100,"onion",20,"zucchini",15,"root vegetables",10,"garlic",5,"sauce",30,"cheese",10,"herbs",5,"water or broth",20,"fats or oils",5,NA,NA,NA,NA,NA,NA,NA,NA,NA,NA,"```json
{
    ""Penne"": 100,
    ""Onion"": 20,
    ""Zucchini"": 15,
    ""Carrot"": 10,
    ""Garlic"": 5,
    ""Red Pesto"": 30,
    ""Grana Padano Flakes"": 10,
    ""Basil"": 5,
    ""Broth"": 20,
    ""Olive Oil"": 5
}
```",52,"pasta",100,"onion",20,"zucchini",15,"root vegetables",10,"garlic",5,"sauce",30,"cheese",10,"herbs",5,"water or broth",20,"fats or oils",5,NA,NA,NA,NA,NA,NA,NA,NA,NA,NA,"```json
{
    ""Penne"": 100,
    ""Onion"": 20,
    ""Zucchini"": 15,
    ""Carrot"": 10,
    ""Garlic"": 5,
    ""Red Pesto"": 30,
    ""Grana Padano Flakes"": 10,
    ""Basil"": 5,
    ""Broth"": 20,
    ""Olive Oil"": 5
}
```",52,"pasta",100,"onion",20,"zucchini",15,"root vegetables",10,"garlic",5,"sauce",30,"cheese",10,"herbs",5,"water or broth",20,"fats or oils",5,NA,NA,NA,NA,NA,NA,NA,NA,NA,NA,"```json
{
    ""Penne"": 100,
    ""Onion"": 20,
    ""Zucchini"": 15,
    ""Carrot"": 10,
    ""Garlic"": 5,
    ""Red Pesto"": 30,
    ""Grana Padano Flakes"": 10,
    ""Basil"": 5,
    ""Broth"": 20,
    ""Olive Oil"": 5
}
```",52,"pasta",100,"onion",20,"zucchini",15,"root vegetables",10,"garlic",5,"sauce",30,"cheese",10,"herbs",5,"water or broth",20,"fats or oils",5,NA,NA,NA,NA,NA,NA,NA,NA,NA,NA,"```json
{
    ""Penne"": 100,
    ""Onion"": 20,
    ""Zucchini"": 15,
    ""Carrot"": 10,
    ""Garlic"": 5,
    ""Red Pesto"": 30,
    ""Grana Padano Flakes"": 10,
    ""Basil"": 5,
    ""Broth"": 20,
    ""Olive Oil"": 5
}
```",52,"pasta",100,"onion",20,"zucchini",15,"root vegetables",10,"garlic",5,"sauce",30,"cheese",10,"herbs",5,"water or broth",20,"fats or oils",5,NA,NA,NA,NA,NA,NA,NA,NA,NA,NA,"```json
{
    ""Penne"": 100,
    ""Onion"": 30,
    ""Zucchini"": 0,
    ""Carrot"": 0,
    ""Garlic"": 0,
    ""Red Pesto"": 40,
    ""Grana Padano Flakes"": 10,
    ""Basil"": 5,
    ""Broth"": 0,
    ""Olive Oil"": 5
}
```",52,"pasta",100,"onion",30,"zucchini",0,"root vegetables",0,"garlic",0,"sauce",40,"cheese",10,"herbs",5,"water or broth",0,"fats or oils",5,NA,NA,NA,NA,NA,NA,NA,NA,NA,NA,"```json
{
    ""Penne"": 100,
    ""Onion"": 20,
    ""Zucchini"": 0,
    ""Carrot"": 0,
    ""Garlic"": 0,
    ""Red Pesto"": 50,
    ""Grana Padano Flakes"": 10,
    ""Basil"": 5,
    ""Broth"": 0,
    ""Olive Oil"": 5
}
```",52,"pasta",100,"onion",20,"zucchini",0,"root vegetables",0,"garlic",0,"sauce",50,"cheese",10,"herbs",5,"water or broth",0,"fats or oils",5,NA,NA,NA,NA,NA,NA,NA,NA,"```json
{
    ""Penne"": 100,
    ""Onion"": 30,
    ""Zucchini"": 0,
    ""Carrot"": 0,
    ""Garlic"": 0,
    ""Red Pesto"": 50,
    ""Grana Padano Flakes"": 10,
    ""Basil"": 5,
    ""Broth"": 0,
    ""Olive Oil"": 5
}
```",52,"pasta",100,"onion",30,"zucchini",0,"root vegetables",0,"garlic",0,"sauce",50,"cheese",10,"herbs",5,"water or broth",0,"fats or oils",5,NA,NA,NA,NA,NA,NA,NA,NA,NA,NA,"```json
{
    ""Penne"": 100,
    ""Onion"": 30,
    ""Zucchini"": 0,
    ""Carrot"": 0,
    ""Garlic"": 0,
    ""Red Pesto"": 50,
    ""Grana Padano Flakes"": 10,
    ""Basil"": 5,
    ""Broth"": 0,
    ""Olive Oil"": 5
}
```",52,"pasta",100,"onion",30,"zucchini",0,"root vegetables",0,"garlic",0,"sauce",50,"cheese",10,"herbs",5,"water or broth",0,"fats or oils",5,NA,NA,NA,NA,NA,NA,NA,NA,NA,NA,"```json
{
    ""Penne"": 100,
    ""Onion"": 20,
    ""Zucchini"": 0,
    ""Carrot"": 0,
    ""Garlic"": 0,
    ""Red Pesto"": 50,
    ""Grana Padano Flakes"": 10,
    ""Basil"": 5,
    ""Broth"": 0,
    ""Olive Oil"": 5
}
```",52,"pasta",100,"onion",20,"zucchini",0,"root vegetables",0,"garlic",0,"sauce",50,"cheese",10,"herbs",5,"water or broth",0,"fats or oils",5,NA,NA,NA,NA,NA,NA,NA,NA,"```json
{
    ""whole_wheat_penne"": 100,
    ""red_pesto_tomato_sauce"": 50,
    ""basil"": 5,
    ""parmesan_cheese"": 10
}
```",52,"pasta",100,"tomatoes",50,"herbs",5,"cheese",10,NA,NA,NA,NA,NA,NA,NA,NA,"```json
{
    ""whole_wheat_penne"": 100,
    ""red_pesto_tomato_sauce"": 50,
    ""basil"": 5,
    ""parmesan_shavings"": 5
}
```",52,"pasta",100,"tomatoes",50,"herbs",5,"cheese",5,NA,NA,NA,NA,NA,NA,NA,NA,"```json
{
    ""whole_wheat_penne"": 100,
    ""red_pesto_tomato_sauce"": 50,
    ""basil"": 5,
    ""parmesan_cheese"": 10,
    ""eggplant"": 30
}
```",52,"pasta",100,"tomatoes",50,"herbs",5,"cheese",10,"eggplant",30,NA,NA,NA,NA,NA,NA,"```json
{
    ""Penne"": 100,
    ""Red Pesto Tomato Sauce"": 50,
    ""Basil"": 5,
    ""Parmesan Cheese"": 10,
    ""Eggplant"": 30
}
```",52,"pasta",100,"tomatoes",50,"herbs",5,"cheese",10,"eggplant",30,NA,NA,NA,NA,NA,NA,"```json
{
    ""whole_wheat_penne"": 100,
    ""red_pesto_tomato_sauce"": 50,
    ""basil"": 5,
    ""parmesan_shavings"": 5
}
```",52,"pasta",100,"tomatoes",50,"herbs",5,"cheese",5,NA,NA,NA,NA,NA,NA,NA,NA,160,220,105,105,220,105,105,220,105,105,220,105,105,220,105,105,190,135,135,190,135,135,200,125,125,200,125,125,190,135,135,165,160,160,160,165,165,195,130,130,195,130,130,165,165,10,0,10,0,10,0,10,0,10,0,10,0,10,0,10,0,10,0,10,0,4,0,4,0,4,1,4,1,4,0
"Whole wheat penne with red pesto tomato sauce","Meike","Wednesday","PastaVeggie",2,"50","25",616,947,331,"Volkoren penne met rodepesto-tomaten saus","https://www.hellofresh.nl/recipes/volkoren-penne-met-rode-pesto-tomatensaus-6482f79c4726b736914e1a6f","Meike_Wed_PastaVeggie_Pers2_Moment1.jpg",3,"pasta","onion","zucchini","root vegetables","garlic","sauce","cheese","herbs","water or broth","fats or oils","tomatoes","tomatoes","tomatoes",NA,NA,"270g Penne; 1.5 Onion; 1.5  Zucchini; 1.5  Carrot; 1.5  Garlic cloves; 120g Red Pesto; 60g Grana Padano Flakes; 15g Basil; 300ml Broth; 3 tablespoon olive oil; 120 g tomatoes; 0.5 tomato puree; 50g tomato paste"," Penne; Onion;  Zucchini;  Carrot;  Garlic ;  Red Pesto; Grana Padano Flakes; Basil; Broth;  olive oil; tomatoes; tomato puree; tomato paste",331,331,"```json
{
    ""Penne"": 80,
    ""Onion"": 20,
    ""Zucchini"": 30,
    ""Carrot"": 20,
    ""Garlic"": 5,
    ""Red Pesto"": 40,
    ""Grana Padano Flakes"": 5,
    ""Basil"": 2,
    ""Broth"": 30,
    ""Olive Oil"": 10
}
```",55,"pasta",80,"onion",20,"zucchini",30,"root vegetables",20,"garlic",5,"sauce",40,"cheese",5,"herbs",2,"water or broth",30,"fats or oils",10,NA,NA,NA,NA,NA,NA,NA,NA,NA,NA,"```json
{
    ""Penne"": 80,
    ""Onion"": 20,
    ""Zucchini"": 30,
    ""Carrot"": 20,
    ""Garlic"": 5,
    ""Red Pesto"": 40,
    ""Grana Padano Flakes"": 5,
    ""Basil"": 2,
    ""Broth"": 30,
    ""Olive Oil"": 10
}
```",55,"pasta",80,"onion",20,"zucchini",30,"root vegetables",20,"garlic",5,"sauce",40,"cheese",5,"herbs",2,"water or broth",30,"fats or oils",10,NA,NA,NA,NA,NA,NA,NA,NA,NA,NA,"```json
{
    ""Penne"": 80,
    ""Onion"": 20,
    ""Zucchini"": 30,
    ""Carrot"": 15,
    ""Garlic"": 5,
    ""Red Pesto"": 40,
    ""Grana Padano Flakes"": 10,
    ""Basil"": 5,
    ""Broth"": 30,
    ""Olive Oil"": 10
}
```",55,"pasta",80,"onion",20,"zucchini",30,"root vegetables",15,"garlic",5,"sauce",40,"cheese",10,"herbs",5,"water or broth",30,"fats or oils",10,NA,NA,NA,NA,NA,NA,NA,NA,NA,NA,"```json
{
    ""Penne"": 80,
    ""Onion"": 20,
    ""Zucchini"": 30,
    ""Carrot"": 20,
    ""Garlic"": 5,
    ""Red Pesto"": 40,
    ""Grana Padano Flakes"": 10,
    ""Basil"": 5,
    ""Broth"": 30,
    ""Olive Oil"": 10
}
```",55,"pasta",80,"onion",20,"zucchini",30,"root vegetables",20,"garlic",5,"sauce",40,"cheese",10,"herbs",5,"water or broth",30,"fats or oils",10,NA,NA,NA,NA,NA,NA,NA,NA,NA,NA,"```json
{
    ""Penne"": 80,
    ""Onion"": 20,
    ""Zucchini"": 30,
    ""Carrot"": 20,
    ""Garlic"": 5,
    ""Red Pesto"": 40,
    ""Grana Padano Flakes"": 10,
    ""Basil"": 5,
    ""Broth"": 30,
    ""Olive Oil"": 10
}
```",55,"pasta",80,"onion",20,"zucchini",30,"root vegetables",20,"garlic",5,"sauce",40,"cheese",10,"herbs",5,"water or broth",30,"fats or oils",10,NA,NA,NA,NA,NA,NA,NA,NA,NA,NA,"```json
{
    ""Penne"": 100,
    ""Onion"": 30,
    ""Zucchini"": 40,
    ""Carrot"": 30,
    ""Garlic"": 5,
    ""Red Pesto"": 50,
    ""Grana Padano Flakes"": 0,
    ""Basil"": 5,
    ""Broth"": 50,
    ""Olive Oil"": 10
}
```",55,"pasta",100,"onion",30,"zucchini",40,"root vegetables",30,"garlic",5,"sauce",50,"cheese",0,"herbs",5,"water or broth",50,"fats or oils",10,NA,NA,NA,NA,NA,NA,NA,NA,NA,NA,"```json
{
    ""Penne"": 100,
    ""Onion"": 30,
    ""Zucchini"": 40,
    ""Carrot"": 30,
    ""Garlic"": 5,
    ""Red Pesto"": 50,
    ""Grana Padano Flakes"": 0,
    ""Basil"": 5,
    ""Broth"": 50,
    ""Olive Oil"": 10
}
```",55,"pasta",100,"onion",30,"zucchini",40,"root vegetables",30,"garlic",5,"sauce",50,"cheese",0,"herbs",5,"water or broth",50,"fats or oils",10,NA,NA,NA,NA,NA,NA,NA,NA,"```json
{
    ""Penne"": 100,
    ""Onion"": 50,
    ""Zucchini"": 50,
    ""Carrot"": 30,
    ""Garlic"": 5,
    ""Red Pesto"": 40,
    ""Grana Padano Flakes"": 0,
    ""Basil"": 5,
    ""Broth"": 50,
    ""Olive Oil"": 10
}
```",55,"pasta",100,"onion",50,"zucchini",50,"root vegetables",30,"garlic",5,"sauce",40,"cheese",0,"herbs",5,"water or broth",50,"fats or oils",10,NA,NA,NA,NA,NA,NA,NA,NA,NA,NA,"```json
{
    ""Penne"": 100,
    ""Onion"": 50,
    ""Zucchini"": 50,
    ""Carrot"": 30,
    ""Garlic"": 5,
    ""Red Pesto"": 60,
    ""Grana Padano Flakes"": 0,
    ""Basil"": 5,
    ""Broth"": 30,
    ""Olive Oil"": 10
}
```",55,"pasta",100,"onion",50,"zucchini",50,"root vegetables",30,"garlic",5,"sauce",60,"cheese",0,"herbs",5,"water or broth",30,"fats or oils",10,NA,NA,NA,NA,NA,NA,NA,NA,NA,NA,"```json
{
    ""Penne"": 100,
    ""Onion"": 30,
    ""Zucchini"": 40,
    ""Carrot"": 30,
    ""Garlic"": 5,
    ""Red Pesto"": 50,
    ""Grana Padano Flakes"": 0,
    ""Basil"": 5,
    ""Broth"": 50,
    ""Olive Oil"": 10
}
```",55,"pasta",100,"onion",30,"zucchini",40,"root vegetables",30,"garlic",5,"sauce",50,"cheese",0,"herbs",5,"water or broth",50,"fats or oils",10,NA,NA,NA,NA,NA,NA,NA,NA,"```json
{
  ""Whole wheat penne"": 80,
  ""Red pesto tomato sauce"": 100,
  ""Zucchini"": 30,
  ""Red onion"": 20
}
```",55,"pasta",80,"tomatoes",100,"zucchini",30,"onion",20,NA,NA,NA,NA,NA,NA,NA,NA,"```json
{
    ""Whole wheat penne"": 80,
    ""Red pesto tomato sauce"": 100,
    ""Zucchini"": 30,
    ""Red onion"": 20
}
```",55,"pasta",80,"tomatoes",100,"zucchini",30,"onion",20,NA,NA,NA,NA,NA,NA,NA,NA,"```json
{
    ""Whole wheat penne"": 100,
    ""Red pesto tomato sauce"": 150,
    ""Zucchini"": 50,
    ""Red onion"": 30
}
```",55,"pasta",100,"tomatoes",150,"zucchini",50,"onion",30,NA,NA,NA,NA,NA,NA,NA,NA,"```json
{
    ""Whole wheat penne"": 80,
    ""Red pesto tomato sauce"": 100,
    ""Zucchini"": 30,
    ""Red onion"": 20
}
```",55,"pasta",80,"tomatoes",100,"zucchini",30,"onion",20,NA,NA,NA,NA,NA,NA,NA,NA,"```json
{
    ""Whole wheat penne"": 100,
    ""Red pesto tomato sauce"": 150,
    ""Zucchini"": 30,
    ""Red onion"": 20
}
```",55,"pasta",100,"tomatoes",150,"zucchini",30,"onion",20,NA,NA,NA,NA,NA,NA,NA,NA,300,242,89,89,242,89,89,245,86,86,250,81,81,250,81,81,320,11,11,320,11,11,340,-9,9,340,-9,9,320,11,11,230,101,101,230,101,101,330,1,1,230,101,101,31,31,10,0,10,0,10,0,10,0,10,0,10,0,10,0,10,0,10,0,10,0,4,0,4,0,4,0,4,0,4,0
"Whole wheat penne with red pesto tomato sauce","Meike","Wednesday","PastaVeggie",3,"50","25",598,904,306,"Volkoren penne met rodepesto-tomaten saus","https://www.hellofresh.nl/recipes/volkoren-penne-met-rode-pesto-tomatensaus-6482f79c4726b736914e1a6f","Meike_Wed_PastaVeggie_Pers3_Moment1.jpg",3,"pasta","onion","zucchini","root vegetables","garlic","sauce","cheese","herbs","water or broth","fats or oils","tomatoes","tomatoes","tomatoes",NA,NA,"270g Penne; 1.5 Onion; 1.5  Zucchini; 1.5  Carrot; 1.5  Garlic cloves; 120g Red Pesto; 60g Grana Padano Flakes; 15g Basil; 300ml Broth; 3 tablespoon olive oil; 120 g tomatoes; 0.5 tomato puree; 50g tomato paste"," Penne; Onion;  Zucchini;  Carrot;  Garlic ;  Red Pesto; Grana Padano Flakes; Basil; Broth;  olive oil; tomatoes; tomato puree; tomato paste",306,306,"```json
{
    ""Penne"": 150,
    ""Onion"": 30,
    ""Zucchini"": 40,
    ""Carrot"": 20,
    ""Garlic"": 5,
    ""Red Pesto"": 60,
    ""Grana Padano Flakes"": 10,
    ""Basil"": 5,
    ""Broth"": 50,
    ""Olive Oil"": 10
}
```",58,"pasta",150,"onion",30,"zucchini",40,"root vegetables",20,"garlic",5,"sauce",60,"cheese",10,"herbs",5,"water or broth",50,"fats or oils",10,NA,NA,NA,NA,NA,NA,NA,NA,NA,NA,"```json
{
    ""Penne"": 150,
    ""Onion"": 30,
    ""Zucchini"": 40,
    ""Carrot"": 20,
    ""Garlic"": 5,
    ""Red Pesto"": 50,
    ""Grana Padano Flakes"": 10,
    ""Basil"": 5,
    ""Broth"": 30,
    ""Olive Oil"": 10
}
```",58,"pasta",150,"onion",30,"zucchini",40,"root vegetables",20,"garlic",5,"sauce",50,"cheese",10,"herbs",5,"water or broth",30,"fats or oils",10,NA,NA,NA,NA,NA,NA,NA,NA,NA,NA,"```json
{
    ""Penne"": 150,
    ""Onion"": 30,
    ""Zucchini"": 30,
    ""Carrot"": 20,
    ""Garlic"": 5,
    ""Red Pesto"": 50,
    ""Grana Padano Flakes"": 10,
    ""Basil"": 5,
    ""Broth"": 50,
    ""Olive Oil"": 10
}
```",58,"pasta",150,"onion",30,"zucchini",30,"root vegetables",20,"garlic",5,"sauce",50,"cheese",10,"herbs",5,"water or broth",50,"fats or oils",10,NA,NA,NA,NA,NA,NA,NA,NA,NA,NA,"```json
{
    ""Penne"": 150,
    ""Onion"": 30,
    ""Zucchini"": 40,
    ""Carrot"": 20,
    ""Garlic"": 5,
    ""Red Pesto"": 50,
    ""Grana Padano Flakes"": 10,
    ""Basil"": 5,
    ""Broth"": 30,
    ""Olive Oil"": 10
}
```",58,"pasta",150,"onion",30,"zucchini",40,"root vegetables",20,"garlic",5,"sauce",50,"cheese",10,"herbs",5,"water or broth",30,"fats or oils",10,NA,NA,NA,NA,NA,NA,NA,NA,NA,NA,"```json
{
    ""Penne"": 150,
    ""Onion"": 30,
    ""Zucchini"": 40,
    ""Carrot"": 20,
    ""Garlic"": 5,
    ""Red Pesto"": 60,
    ""Grana Padano Flakes"": 10,
    ""Basil"": 5,
    ""Broth"": 50,
    ""Olive Oil"": 10
}
```",58,"pasta",150,"onion",30,"zucchini",40,"root vegetables",20,"garlic",5,"sauce",60,"cheese",10,"herbs",5,"water or broth",50,"fats or oils",10,NA,NA,NA,NA,NA,NA,NA,NA,NA,NA,"```json
{
    ""Penne"": 270,
    ""Onion"": 150,
    ""Zucchini"": 150,
    ""Carrot"": 150,
    ""Garlic cloves"": 15,
    ""Red Pesto"": 120,
    ""Grana Padano Flakes"": 60,
    ""Basil"": 15,
    ""Broth"": 300,
    ""Olive oil"": 40
}
```",58,"pasta",270,"onion",150,"zucchini",150,"root vegetables",150,"garlic",15,"sauce",120,"cheese",60,"herbs",15,"water or broth",300,"fats or oils",40,NA,NA,NA,NA,NA,NA,NA,NA,NA,NA,"```json
{
    ""Penne"": 270,
    ""Onion"": 150,
    ""Zucchini"": 150,
    ""Carrot"": 150,
    ""Garlic"": 15,
    ""Red Pesto"": 120,
    ""Grana Padano Flakes"": 60,
    ""Basil"": 15,
    ""Broth"": 300,
    ""Olive Oil"": 40
}
```",58,"pasta",270,"onion",150,"zucchini",150,"root vegetables",150,"garlic",15,"sauce",120,"cheese",60,"herbs",15,"water or broth",300,"fats or oils",40,NA,NA,NA,NA,NA,NA,NA,NA,"```json
{
    ""Penne"": 270,
    ""Onion"": 150,
    ""Zucchini"": 150,
    ""Carrot"": 150,
    ""Garlic"": 15,
    ""Red Pesto"": 120,
    ""Grana Padano Flakes"": 60,
    ""Basil"": 15,
    ""Broth"": 300,
    ""Olive Oil"": 45
}
```",58,"pasta",270,"onion",150,"zucchini",150,"root vegetables",150,"garlic",15,"sauce",120,"cheese",60,"herbs",15,"water or broth",300,"fats or oils",45,NA,NA,NA,NA,NA,NA,NA,NA,NA,NA,"```json
{
    ""Penne"": 270,
    ""Onion"": 150,
    ""Zucchini"": 150,
    ""Carrot"": 150,
    ""Garlic"": 15,
    ""Red Pesto"": 120,
    ""Grana Padano Flakes"": 60,
    ""Basil"": 15,
    ""Broth"": 300,
    ""Olive Oil"": 40
}
```",58,"pasta",270,"onion",150,"zucchini",150,"root vegetables",150,"garlic",15,"sauce",120,"cheese",60,"herbs",15,"water or broth",300,"fats or oils",40,NA,NA,NA,NA,NA,NA,NA,NA,NA,NA,"```json
{
    ""Penne"": 270,
    ""Onion"": 150,
    ""Zucchini"": 150,
    ""Carrot"": 150,
    ""Garlic"": 15,
    ""Red Pesto"": 120,
    ""Grana Padano Flakes"": 60,
    ""Basil"": 15,
    ""Broth"": 300,
    ""Olive Oil"": 40
}
```",58,"pasta",270,"onion",150,"zucchini",150,"root vegetables",150,"garlic",15,"sauce",120,"cheese",60,"herbs",15,"water or broth",300,"fats or oils",40,NA,NA,NA,NA,NA,NA,NA,NA,"```json
{
    ""Whole wheat penne"": 150,
    ""Red pesto tomato sauce"": 100,
    ""Basil"": 5
}
```",58,"pasta",150,"tomatoes",100,"herbs",5,NA,NA,NA,NA,NA,NA,NA,NA,NA,NA,"```json
{
    ""Penne"": 150,
    ""Tomato Sauce"": 100,
    ""Basil"": 5,
    ""Vegetables"": 30
}
```",58,"pasta",150,"tomatoes",100,"herbs",5,"vegetable mix",30,NA,NA,NA,NA,NA,NA,NA,NA,"```json
{
    ""Whole wheat penne"": 150,
    ""Red pesto tomato sauce"": 100,
    ""Basil"": 5
}
```",58,"pasta",150,"tomatoes",100,"herbs",5,NA,NA,NA,NA,NA,NA,NA,NA,NA,NA,"```json
{
    ""Whole wheat penne"": 150,
    ""Red pesto tomato sauce"": 100,
    ""Basil"": 5
}
```",58,"pasta",150,"tomatoes",100,"herbs",5,NA,NA,NA,NA,NA,NA,NA,NA,NA,NA,"```json
{
    ""Whole wheat penne"": 150,
    ""Red pesto tomato sauce"": 100,
    ""Basil"": 5
}
```",58,"pasta",150,"tomatoes",100,"herbs",5,NA,NA,NA,NA,NA,NA,NA,NA,NA,NA,255,380,-74,74,350,-44,44,360,-54,54,350,-44,44,380,-74,74,1270,-964,964,1270,-964,964,1275,-969,969,1270,-964,964,1270,-964,964,255,51,51,285,21,21,255,51,51,255,51,51,51,51,10,0,10,0,10,0,10,0,10,0,10,0,10,0,10,0,10,0,10,0,3,0,3,1,3,0,3,0,3,0
"Whole wheat penne with red pesto tomato sauce","Meike","Wednesday","PastaVeggie",1,"10","25",574,680,106,"Volkoren penne met rodepesto-tomaten saus","https://www.hellofresh.nl/recipes/volkoren-penne-met-rode-pesto-tomatensaus-6482f79c4726b736914e1a6f","Meike_Wed_PastaVeggie_Pers1_Moment2.jpg",3,"pasta","onion","zucchini","root vegetables","garlic","sauce","cheese","herbs","water or broth","fats or oils","tomatoes","tomatoes","tomatoes",NA,NA,"270g Penne; 1.5 Onion; 1.5  Zucchini; 1.5  Carrot; 1.5  Garlic cloves; 120g Red Pesto; 60g Grana Padano Flakes; 15g Basil; 300ml Broth; 3 tablespoon olive oil; 120 g tomatoes; 0.5 tomato puree; 50g tomato paste"," Penne; Onion;  Zucchini;  Carrot;  Garlic ;  Red Pesto; Grana Padano Flakes; Basil; Broth;  olive oil; tomatoes; tomato puree; tomato paste",106,106,"```json
{
    ""Penne"": 30,
    ""Onion"": 5,
    ""Zucchini"": 5,
    ""Carrot"": 5,
    ""Garlic"": 2,
    ""Red Pesto"": 10,
    ""Grana Padano Flakes"": 3,
    ""Basil"": 2,
    ""Broth"": 5,
    ""Olive Oil"": 3
}
```",53,"pasta",30,"onion",5,"zucchini",5,"root vegetables",5,"garlic",2,"sauce",10,"cheese",3,"herbs",2,"water or broth",5,"fats or oils",3,NA,NA,NA,NA,NA,NA,NA,NA,NA,NA,"```json
{
    ""Penne"": 20,
    ""Onion"": 5,
    ""Zucchini"": 5,
    ""Carrot"": 5,
    ""Garlic"": 1,
    ""Red Pesto"": 10,
    ""Grana Padano Flakes"": 2,
    ""Basil"": 1,
    ""Broth"": 5,
    ""Olive Oil"": 2
}
```",53,"pasta",20,"onion",5,"zucchini",5,"root vegetables",5,"garlic",1,"sauce",10,"cheese",2,"herbs",1,"water or broth",5,"fats or oils",2,NA,NA,NA,NA,NA,NA,NA,NA,NA,NA,"```json
{
    ""Penne"": 20,
    ""Onion"": 5,
    ""Zucchini"": 5,
    ""Carrot"": 5,
    ""Garlic"": 1,
    ""Red Pesto"": 10,
    ""Grana Padano Flakes"": 2,
    ""Basil"": 1,
    ""Broth"": 5,
    ""Olive Oil"": 2
}
```",53,"pasta",20,"onion",5,"zucchini",5,"root vegetables",5,"garlic",1,"sauce",10,"cheese",2,"herbs",1,"water or broth",5,"fats or oils",2,NA,NA,NA,NA,NA,NA,NA,NA,NA,NA,"```json
{
    ""Penne"": 20,
    ""Onion"": 5,
    ""Zucchini"": 5,
    ""Carrot"": 5,
    ""Garlic"": 1,
    ""Red Pesto"": 10,
    ""Grana Padano Flakes"": 2,
    ""Basil"": 1,
    ""Broth"": 5,
    ""Olive Oil"": 2
}
```",53,"pasta",20,"onion",5,"zucchini",5,"root vegetables",5,"garlic",1,"sauce",10,"cheese",2,"herbs",1,"water or broth",5,"fats or oils",2,NA,NA,NA,NA,NA,NA,NA,NA,NA,NA,"```json
{
    ""Penne"": 20,
    ""Onion"": 5,
    ""Zucchini"": 5,
    ""Carrot"": 5,
    ""Garlic"": 1,
    ""Red Pesto"": 10,
    ""Grana Padano Flakes"": 2,
    ""Basil"": 1,
    ""Broth"": 5,
    ""Olive Oil"": 2
}
```",53,"pasta",20,"onion",5,"zucchini",5,"root vegetables",5,"garlic",1,"sauce",10,"cheese",2,"herbs",1,"water or broth",5,"fats or oils",2,NA,NA,NA,NA,NA,NA,NA,NA,NA,NA,"```json
{
    ""Penne"": 30,
    ""Onion"": 5,
    ""Zucchini"": 5,
    ""Carrot"": 5,
    ""Garlic"": 1,
    ""Red Pesto"": 20,
    ""Grana Padano Flakes"": 5,
    ""Basil"": 2,
    ""Broth"": 10,
    ""Olive Oil"": 3
}
```",53,"pasta",30,"onion",5,"zucchini",5,"root vegetables",5,"garlic",1,"sauce",20,"cheese",5,"herbs",2,"water or broth",10,"fats or oils",3,NA,NA,NA,NA,NA,NA,NA,NA,NA,NA,"```json
{
    ""Penne"": 30,
    ""Onion"": 5,
    ""Zucchini"": 5,
    ""Carrot"": 5,
    ""Garlic"": 1,
    ""Red Pesto"": 20,
    ""Grana Padano Flakes"": 5,
    ""Basil"": 2,
    ""Broth"": 10,
    ""Olive Oil"": 3
}
```",53,"pasta",30,"onion",5,"zucchini",5,"root vegetables",5,"garlic",1,"sauce",20,"cheese",5,"herbs",2,"water or broth",10,"fats or oils",3,NA,NA,NA,NA,NA,NA,NA,NA,"```json
{
    ""Penne"": 30,
    ""Onion"": 5,
    ""Zucchini"": 5,
    ""Carrot"": 5,
    ""Garlic"": 1,
    ""Red Pesto"": 20,
    ""Grana Padano Flakes"": 5,
    ""Basil"": 2,
    ""Broth"": 10,
    ""Olive Oil"": 3
}
```",53,"pasta",30,"onion",5,"zucchini",5,"root vegetables",5,"garlic",1,"sauce",20,"cheese",5,"herbs",2,"water or broth",10,"fats or oils",3,NA,NA,NA,NA,NA,NA,NA,NA,NA,NA,"```json
{
    ""Penne"": 30,
    ""Onion"": 5,
    ""Zucchini"": 5,
    ""Carrot"": 5,
    ""Garlic"": 1,
    ""Red Pesto"": 20,
    ""Grana Padano Flakes"": 5,
    ""Basil"": 2,
    ""Broth"": 10,
    ""Olive Oil"": 3
}
```",53,"pasta",30,"onion",5,"zucchini",5,"root vegetables",5,"garlic",1,"sauce",20,"cheese",5,"herbs",2,"water or broth",10,"fats or oils",3,NA,NA,NA,NA,NA,NA,NA,NA,NA,NA,"```json
{
    ""Penne"": 30,
    ""Onion"": 10,
    ""Zucchini"": 10,
    ""Carrot"": 10,
    ""Garlic"": 5,
    ""Red Pesto"": 20,
    ""Grana Padano Flakes"": 5,
    ""Basil"": 5,
    ""Broth"": 0,
    ""Olive Oil"": 0
}
```",53,"pasta",30,"onion",10,"zucchini",10,"root vegetables",10,"garlic",5,"sauce",20,"cheese",5,"herbs",5,"water or broth",0,"fats or oils",0,NA,NA,NA,NA,NA,NA,NA,NA,"```json
{
    ""Whole wheat penne"": 20,
    ""Red pesto tomato sauce"": 15,
    ""Basil"": 2,
    ""Parmesan shavings"": 3
}
```",53,"pasta",20,"tomatoes",15,"herbs",2,"cheese",3,NA,NA,NA,NA,NA,NA,NA,NA,"```json
{
    ""Whole wheat penne"": 20,
    ""Red pesto tomato sauce"": 15,
    ""Basil"": 2,
    ""Parmesan cheese"": 3
}
```",53,"pasta",20,"tomatoes",15,"herbs",2,"cheese",3,NA,NA,NA,NA,NA,NA,NA,NA,"```json
{
    ""Whole wheat penne"": 20,
    ""Red pesto tomato sauce"": 15,
    ""Basil"": 2,
    ""Parmesan shavings"": 3
}
```",53,"pasta",20,"tomatoes",15,"herbs",2,"cheese",3,NA,NA,NA,NA,NA,NA,NA,NA,"```json
{
    ""Whole wheat penne"": 20,
    ""Red pesto tomato sauce"": 15,
    ""Basil"": 2,
    ""Parmesan shavings"": 3
}
```",53,"pasta",20,"tomatoes",15,"herbs",2,"cheese",3,NA,NA,NA,NA,NA,NA,NA,NA,"```json
{
    ""Whole wheat penne"": 20,
    ""Red pesto tomato sauce"": 15,
    ""Basil"": 2,
    ""Parmesan shavings"": 3
}
```",53,"pasta",20,"tomatoes",15,"herbs",2,"cheese",3,NA,NA,NA,NA,NA,NA,NA,NA,40,70,36,36,56,50,50,56,50,50,56,50,50,56,50,50,86,20,20,86,20,20,86,20,20,86,20,20,95,11,11,40,66,66,40,66,66,40,66,66,40,66,66,66,66,10,0,10,0,10,0,10,0,10,0,10,0,10,0,10,0,10,0,10,0,4,0,4,0,4,0,4,0,4,0
"Whole wheat penne with red pesto tomato sauce","Meike","Wednesday","PastaVeggie",2,"10","25",616,749,133,"Volkoren penne met rodepesto-tomaten saus","https://www.hellofresh.nl/recipes/volkoren-penne-met-rode-pesto-tomatensaus-6482f79c4726b736914e1a6f","Meike_Wed_PastaVeggie_Pers2_Moment2.jpg",3,"pasta","onion","zucchini","root vegetables","garlic","sauce","cheese","herbs","water or broth","fats or oils","tomatoes","tomatoes","tomatoes",NA,NA,"270g Penne; 1.5 Onion; 1.5  Zucchini; 1.5  Carrot; 1.5  Garlic cloves; 120g Red Pesto; 60g Grana Padano Flakes; 15g Basil; 300ml Broth; 3 tablespoon olive oil; 120 g tomatoes; 0.5 tomato puree; 50g tomato paste"," Penne; Onion;  Zucchini;  Carrot;  Garlic ;  Red Pesto; Grana Padano Flakes; Basil; Broth;  olive oil; tomatoes; tomato puree; tomato paste",133,133,"```json
{
    ""Penne"": 0,
    ""Onion"": 15,
    ""Zucchini"": 20,
    ""Carrot"": 0,
    ""Garlic"": 0,
    ""Red Pesto"": 30,
    ""Grana Padano Flakes"": 0,
    ""Basil"": 0,
    ""Broth"": 0,
    ""Olive Oil"": 0
}
```",56,"pasta",0,"onion",15,"zucchini",20,"root vegetables",0,"garlic",0,"sauce",30,"cheese",0,"herbs",0,"water or broth",0,"fats or oils",0,NA,NA,NA,NA,NA,NA,NA,NA,NA,NA,"```json
{
    ""Penne"": 0,
    ""Onion"": 15,
    ""Zucchini"": 20,
    ""Carrot"": 0,
    ""Garlic"": 0,
    ""Red Pesto"": 30,
    ""Grana Padano Flakes"": 0,
    ""Basil"": 0,
    ""Broth"": 10,
    ""Olive Oil"": 5
}
```",56,"pasta",0,"onion",15,"zucchini",20,"root vegetables",0,"garlic",0,"sauce",30,"cheese",0,"herbs",0,"water or broth",10,"fats or oils",5,NA,NA,NA,NA,NA,NA,NA,NA,NA,NA,"```json
{
    ""Penne"": 0,
    ""Onion"": 15,
    ""Zucchini"": 20,
    ""Carrot"": 0,
    ""Garlic"": 0,
    ""Red Pesto"": 30,
    ""Grana Padano Flakes"": 0,
    ""Basil"": 0,
    ""Broth"": 0,
    ""Olive Oil"": 0
}
```",56,"pasta",0,"onion",15,"zucchini",20,"root vegetables",0,"garlic",0,"sauce",30,"cheese",0,"herbs",0,"water or broth",0,"fats or oils",0,NA,NA,NA,NA,NA,NA,NA,NA,NA,NA,"```json
{
    ""Penne"": 0,
    ""Onion"": 10,
    ""Zucchini"": 15,
    ""Carrot"": 0,
    ""Garlic"": 0,
    ""Red Pesto"": 20,
    ""Grana Padano Flakes"": 0,
    ""Basil"": 0,
    ""Broth"": 0,
    ""Olive Oil"": 5
}
```",56,"pasta",0,"onion",10,"zucchini",15,"root vegetables",0,"garlic",0,"sauce",20,"cheese",0,"herbs",0,"water or broth",0,"fats or oils",5,NA,NA,NA,NA,NA,NA,NA,NA,NA,NA,"```json
{
    ""Remnants"": 0
}
```",56,NA,0,NA,NA,NA,NA,NA,NA,NA,NA,NA,NA,NA,NA,NA,NA,NA,NA,NA,NA,NA,NA,NA,NA,NA,NA,NA,NA,NA,NA,"```json
{
    ""Remnants"": 0
}
```",56,NA,0,NA,NA,NA,NA,NA,NA,NA,NA,NA,NA,NA,NA,NA,NA,NA,NA,NA,NA,NA,NA,NA,NA,NA,NA,NA,NA,NA,NA,"```json
{
    ""Remnants"": 0
}
```",56,NA,0,NA,NA,NA,NA,NA,NA,NA,NA,NA,NA,NA,NA,NA,NA,NA,NA,NA,NA,NA,NA,NA,NA,NA,NA,NA,NA,"```json
{
    ""Remnants"": 0
}
```",56,NA,0,NA,NA,NA,NA,NA,NA,NA,NA,NA,NA,NA,NA,NA,NA,NA,NA,NA,NA,NA,NA,NA,NA,NA,NA,NA,NA,NA,NA,"```json
{
    ""Remnants"": 0
}
```",56,NA,0,NA,NA,NA,NA,NA,NA,NA,NA,NA,NA,NA,NA,NA,NA,NA,NA,NA,NA,NA,NA,NA,NA,NA,NA,NA,NA,NA,NA,"```json
{
    ""Remnants"": 0
}
```",56,NA,0,NA,NA,NA,NA,NA,NA,NA,NA,NA,NA,NA,NA,NA,NA,NA,NA,NA,NA,NA,NA,NA,NA,NA,NA,NA,NA,"```json
{
  ""Zucchini"": 30,
  ""Red Onion"": 15,
  ""Tomato Sauce"": 50,
  ""Remnants"": 0
}
```",56,"zucchini",30,"onion",15,"tomatoes",50,NA,0,NA,NA,NA,NA,NA,NA,NA,NA,"```json
{
    ""Zucchini"": 30,
    ""Red Onion"": 20,
    ""Tomato Sauce"": 50,
    ""Remnants"": 0
}
```",56,"zucchini",30,"onion",20,"tomatoes",50,NA,0,NA,NA,NA,NA,NA,NA,NA,NA,"```json
{
  ""Remnants"": 0
}
```",56,NA,0,NA,NA,NA,NA,NA,NA,NA,NA,NA,NA,NA,NA,NA,NA,"```json
{
  ""Remnants"": 0
}
```",56,NA,0,NA,NA,NA,NA,NA,NA,NA,NA,NA,NA,NA,NA,NA,NA,"```json
{
  ""Remnants"": 0
}
```",56,NA,0,NA,NA,NA,NA,NA,NA,NA,NA,NA,NA,NA,NA,NA,NA,0,65,68,68,80,53,53,65,68,68,50,83,83,0,133,133,0,133,133,0,133,133,0,133,133,0,133,133,0,133,133,95,38,38,100,33,33,0,133,133,0,133,133,133,133,10,0,10,0,10,0,10,0,0,0,0,0,0,0,0,0,0,0,0,0,3,0,3,0,0,0,0,0,0,0
"Whole wheat penne with red pesto tomato sauce","Meike","Wednesday","PastaVeggie",3,"10","25",598,745,147,"Volkoren penne met rodepesto-tomaten saus","https://www.hellofresh.nl/recipes/volkoren-penne-met-rode-pesto-tomatensaus-6482f79c4726b736914e1a6f","Meike_Wed_PastaVeggie_Pers3_Moment2.jpg",3,"pasta","onion","zucchini","root vegetables","garlic","sauce","cheese","herbs","water or broth","fats or oils","tomatoes","tomatoes","tomatoes",NA,NA,"270g Penne; 1.5 Onion; 1.5  Zucchini; 1.5  Carrot; 1.5  Garlic cloves; 120g Red Pesto; 60g Grana Padano Flakes; 15g Basil; 300ml Broth; 3 tablespoon olive oil; 120 g tomatoes; 0.5 tomato puree; 50g tomato paste"," Penne; Onion;  Zucchini;  Carrot;  Garlic ;  Red Pesto; Grana Padano Flakes; Basil; Broth;  olive oil; tomatoes; tomato puree; tomato paste",147,147,"```json
{
    ""Penne"": 80,
    ""Onion"": 20,
    ""Zucchini"": 15,
    ""Carrot"": 15,
    ""Garlic"": 5,
    ""Red Pesto"": 30,
    ""Grana Padano Flakes"": 10,
    ""Basil"": 5,
    ""Broth"": 50,
    ""Olive Oil"": 10
}
```",59,"pasta",80,"onion",20,"zucchini",15,"root vegetables",15,"garlic",5,"sauce",30,"cheese",10,"herbs",5,"water or broth",50,"fats or oils",10,NA,NA,NA,NA,NA,NA,NA,NA,NA,NA,"```json
{
    ""Penne"": 80,
    ""Onion"": 15,
    ""Zucchini"": 20,
    ""Carrot"": 15,
    ""Garlic"": 5,
    ""Red Pesto"": 30,
    ""Grana Padano Flakes"": 10,
    ""Basil"": 5,
    ""Broth"": 50,
    ""Olive Oil"": 10
}
```",59,"pasta",80,"onion",15,"zucchini",20,"root vegetables",15,"garlic",5,"sauce",30,"cheese",10,"herbs",5,"water or broth",50,"fats or oils",10,NA,NA,NA,NA,NA,NA,NA,NA,NA,NA,"```json
{
    ""Penne"": 80,
    ""Onion"": 15,
    ""Zucchini"": 20,
    ""Carrot"": 15,
    ""Garlic"": 5,
    ""Red Pesto"": 30,
    ""Grana Padano Flakes"": 10,
    ""Basil"": 5,
    ""Broth"": 50,
    ""Olive Oil"": 5
}
```",59,"pasta",80,"onion",15,"zucchini",20,"root vegetables",15,"garlic",5,"sauce",30,"cheese",10,"herbs",5,"water or broth",50,"fats or oils",5,NA,NA,NA,NA,NA,NA,NA,NA,NA,NA,"```json
{
    ""Penne"": 80,
    ""Onion"": 15,
    ""Zucchini"": 20,
    ""Carrot"": 15,
    ""Garlic"": 5,
    ""Red Pesto"": 30,
    ""Grana Padano Flakes"": 10,
    ""Basil"": 5,
    ""Broth"": 50,
    ""Olive Oil"": 5
}
```",59,"pasta",80,"onion",15,"zucchini",20,"root vegetables",15,"garlic",5,"sauce",30,"cheese",10,"herbs",5,"water or broth",50,"fats or oils",5,NA,NA,NA,NA,NA,NA,NA,NA,NA,NA,"```json
{
    ""Penne"": 80,
    ""Onion"": 15,
    ""Zucchini"": 20,
    ""Carrot"": 15,
    ""Garlic"": 5,
    ""Red Pesto"": 30,
    ""Grana Padano Flakes"": 10,
    ""Basil"": 5,
    ""Broth"": 50,
    ""Olive Oil"": 10
}
```",59,"pasta",80,"onion",15,"zucchini",20,"root vegetables",15,"garlic",5,"sauce",30,"cheese",10,"herbs",5,"water or broth",50,"fats or oils",10,NA,NA,NA,NA,NA,NA,NA,NA,NA,NA,"```json
{
    ""Penne"": 100,
    ""Onion"": 30,
    ""Zucchini"": 30,
    ""Carrot"": 30,
    ""Garlic"": 5,
    ""Red Pesto"": 50,
    ""Grana Padano Flakes"": 20,
    ""Basil"": 5,
    ""Broth"": 100,
    ""Olive Oil"": 10
}
```",59,"pasta",100,"onion",30,"zucchini",30,"root vegetables",30,"garlic",5,"sauce",50,"cheese",20,"herbs",5,"water or broth",100,"fats or oils",10,NA,NA,NA,NA,NA,NA,NA,NA,NA,NA,"```json
{
    ""Penne"": 100,
    ""Onion"": 30,
    ""Zucchini"": 30,
    ""Carrot"": 30,
    ""Garlic"": 5,
    ""Red Pesto"": 50,
    ""Grana Padano Flakes"": 20,
    ""Basil"": 5,
    ""Broth"": 100,
    ""Olive Oil"": 10
}
```",59,"pasta",100,"onion",30,"zucchini",30,"root vegetables",30,"garlic",5,"sauce",50,"cheese",20,"herbs",5,"water or broth",100,"fats or oils",10,NA,NA,NA,NA,NA,NA,NA,NA,"```json
{
    ""Penne"": 100,
    ""Onion"": 30,
    ""Zucchini"": 20,
    ""Carrot"": 20,
    ""Garlic"": 5,
    ""Red Pesto"": 50,
    ""Grana Padano Flakes"": 10,
    ""Basil"": 5,
    ""Broth"": 100,
    ""Olive Oil"": 10
}
```",59,"pasta",100,"onion",30,"zucchini",20,"root vegetables",20,"garlic",5,"sauce",50,"cheese",10,"herbs",5,"water or broth",100,"fats or oils",10,NA,NA,NA,NA,NA,NA,NA,NA,NA,NA,"```json
{
    ""Penne"": 100,
    ""Onion"": 30,
    ""Zucchini"": 30,
    ""Carrot"": 30,
    ""Garlic"": 5,
    ""Red Pesto"": 50,
    ""Grana Padano Flakes"": 20,
    ""Basil"": 5,
    ""Broth"": 100,
    ""Olive Oil"": 10
}
```",59,"pasta",100,"onion",30,"zucchini",30,"root vegetables",30,"garlic",5,"sauce",50,"cheese",20,"herbs",5,"water or broth",100,"fats or oils",10,NA,NA,NA,NA,NA,NA,NA,NA,NA,NA,"```json
{
    ""Penne"": 100,
    ""Onion"": 30,
    ""Zucchini"": 30,
    ""Carrot"": 30,
    ""Garlic"": 5,
    ""Red Pesto"": 50,
    ""Grana Padano Flakes"": 10,
    ""Basil"": 5,
    ""Broth"": 100,
    ""Olive Oil"": 10
}
```",59,"pasta",100,"onion",30,"zucchini",30,"root vegetables",30,"garlic",5,"sauce",50,"cheese",10,"herbs",5,"water or broth",100,"fats or oils",10,NA,NA,NA,NA,NA,NA,NA,NA,"```json
{
    ""Whole wheat penne"": 80,
    ""Red pesto tomato sauce"": 100,
    ""Cheese"": 10,
    ""Herbs"": 5
}
```",59,"pasta",80,"tomatoes",100,"cheese",10,"herbs",5,NA,NA,NA,NA,NA,NA,NA,NA,"```json
{
    ""Whole wheat penne"": 80,
    ""Red pesto tomato sauce"": 100,
    ""Cheese"": 10,
    ""Herbs"": 5
}
```",59,"pasta",80,"tomatoes",100,"cheese",10,"herbs",5,NA,NA,NA,NA,NA,NA,NA,NA,"```json
{
    ""Whole wheat penne"": 80,
    ""Red pesto tomato sauce"": 100,
    ""Cheese"": 10,
    ""Herbs"": 5
}
```",59,"pasta",80,"tomatoes",100,"cheese",10,"herbs",5,NA,NA,NA,NA,NA,NA,NA,NA,"```json
{
    ""Whole wheat penne"": 80,
    ""Red pesto tomato sauce"": 100,
    ""Cheese"": 10,
    ""Herbs"": 5
}
```",59,"pasta",80,"tomatoes",100,"cheese",10,"herbs",5,NA,NA,NA,NA,NA,NA,NA,NA,"```json
{
    ""Whole wheat penne"": 80,
    ""Red pesto tomato sauce"": 100,
    ""Cheese"": 10,
    ""Herbs"": 5
}
```",59,"pasta",80,"tomatoes",100,"cheese",10,"herbs",5,NA,NA,NA,NA,NA,NA,NA,NA,195,240,-93,93,240,-93,93,235,-88,88,235,-88,88,240,-93,93,380,-233,233,380,-233,233,350,-203,203,380,-233,233,370,-223,223,195,-48,48,195,-48,48,195,-48,48,195,-48,48,-48,48,10,0,10,0,10,0,10,0,10,0,10,0,10,0,10,0,10,0,10,0,4,0,4,0,4,0,4,0,4,0
"Whole wheat penne with red pesto tomato sauce","Meike","Wednesday","PastaVeggie",1,"finished","25",574,580,6,"Volkoren penne met rodepesto-tomaten saus","https://www.hellofresh.nl/recipes/volkoren-penne-met-rode-pesto-tomatensaus-6482f79c4726b736914e1a6f","Meike_Wed_PastaVeggie_Pers1_Moment3.jpg",3,"pasta","onion","zucchini","root vegetables","garlic","sauce","cheese","herbs","water or broth","fats or oils","tomatoes","tomatoes","tomatoes",NA,NA,"270g Penne; 1.5 Onion; 1.5  Zucchini; 1.5  Carrot; 1.5  Garlic cloves; 120g Red Pesto; 60g Grana Padano Flakes; 15g Basil; 300ml Broth; 3 tablespoon olive oil; 120 g tomatoes; 0.5 tomato puree; 50g tomato paste"," Penne; Onion;  Zucchini;  Carrot;  Garlic ;  Red Pesto; Grana Padano Flakes; Basil; Broth;  olive oil; tomatoes; tomato puree; tomato paste",6,6,"```json
{
  ""Remnants"": 0 grams
}
```",54,NA,0,NA,NA,NA,NA,NA,NA,NA,NA,NA,NA,NA,NA,NA,NA,NA,NA,NA,NA,NA,NA,NA,NA,NA,NA,NA,NA,NA,NA,"```json
{
  ""Remnants"": 0 grams
}
```",54,NA,0,NA,NA,NA,NA,NA,NA,NA,NA,NA,NA,NA,NA,NA,NA,NA,NA,NA,NA,NA,NA,NA,NA,NA,NA,NA,NA,NA,NA,"```json
{
  ""Remnants"": 0 grams
}
```",54,NA,0,NA,NA,NA,NA,NA,NA,NA,NA,NA,NA,NA,NA,NA,NA,NA,NA,NA,NA,NA,NA,NA,NA,NA,NA,NA,NA,NA,NA,"```json
{
  ""Remnants"": 0 grams
}
```",54,NA,0,NA,NA,NA,NA,NA,NA,NA,NA,NA,NA,NA,NA,NA,NA,NA,NA,NA,NA,NA,NA,NA,NA,NA,NA,NA,NA,NA,NA,"```json
{
  ""Remnants"": 0 grams
}
```",54,NA,0,NA,NA,NA,NA,NA,NA,NA,NA,NA,NA,NA,NA,NA,NA,NA,NA,NA,NA,NA,NA,NA,NA,NA,NA,NA,NA,NA,NA,"```json
{
  ""Remnants"": 0
}
```",54,NA,0,NA,NA,NA,NA,NA,NA,NA,NA,NA,NA,NA,NA,NA,NA,NA,NA,NA,NA,NA,NA,NA,NA,NA,NA,NA,NA,NA,NA,"```json
{
  ""Remnants"": 0
}
```",54,NA,0,NA,NA,NA,NA,NA,NA,NA,NA,NA,NA,NA,NA,NA,NA,NA,NA,NA,NA,NA,NA,NA,NA,NA,NA,NA,NA,"```json
{
  ""Remnants"": 0
}
```",54,NA,0,NA,NA,NA,NA,NA,NA,NA,NA,NA,NA,NA,NA,NA,NA,NA,NA,NA,NA,NA,NA,NA,NA,NA,NA,NA,NA,NA,NA,"```json
{
  ""Remnants"": 0
}
```",54,NA,0,NA,NA,NA,NA,NA,NA,NA,NA,NA,NA,NA,NA,NA,NA,NA,NA,NA,NA,NA,NA,NA,NA,NA,NA,NA,NA,NA,NA,"```json
{
  ""Remnants"": 0
}
```",54,NA,0,NA,NA,NA,NA,NA,NA,NA,NA,NA,NA,NA,NA,NA,NA,NA,NA,NA,NA,NA,NA,NA,NA,NA,NA,NA,NA,"```json
{
  ""Remnants"": 0 grams
}
```",54,NA,0,NA,NA,NA,NA,NA,NA,NA,NA,NA,NA,NA,NA,NA,NA,"```json
{
  ""Remnants"": 0
}
```",54,NA,0,NA,NA,NA,NA,NA,NA,NA,NA,NA,NA,NA,NA,NA,NA,"```json
{
  ""Remnants"": 0
}
```",54,NA,0,NA,NA,NA,NA,NA,NA,NA,NA,NA,NA,NA,NA,NA,NA,"```json
{""Remnants"": 0 grams}
```",54,NA,NA,NA,NA,NA,NA,NA,NA,NA,NA,NA,NA,NA,NA,NA,NA,"```json
{
  ""Remnants"": 0 grams
}
```",54,NA,0,NA,NA,NA,NA,NA,NA,NA,NA,NA,NA,NA,NA,NA,NA,0,0,6,6,0,6,6,0,6,6,0,6,6,0,6,6,0,6,6,0,6,6,0,6,6,0,6,6,0,6,6,0,6,6,0,6,6,0,6,6,0,6,6,6,6,0,0,0,0,0,0,0,0,0,0,0,0,0,0,0,0,0,0,0,0,0,0,0,0,0,0,0,0,0,0
"Whole wheat penne with red pesto tomato sauce","Meike","Wednesday","PastaVeggie",2,"finished","25",616,631,15,"Volkoren penne met rodepesto-tomaten saus","https://www.hellofresh.nl/recipes/volkoren-penne-met-rode-pesto-tomatensaus-6482f79c4726b736914e1a6f","Meike_Wed_PastaVeggie_Pers2_Moment3.jpg",3,"pasta","onion","zucchini","root vegetables","garlic","sauce","cheese","herbs","water or broth","fats or oils","tomatoes","tomatoes","tomatoes",NA,NA,"270g Penne; 1.5 Onion; 1.5  Zucchini; 1.5  Carrot; 1.5  Garlic cloves; 120g Red Pesto; 60g Grana Padano Flakes; 15g Basil; 300ml Broth; 3 tablespoon olive oil; 120 g tomatoes; 0.5 tomato puree; 50g tomato paste"," Penne; Onion;  Zucchini;  Carrot;  Garlic ;  Red Pesto; Grana Padano Flakes; Basil; Broth;  olive oil; tomatoes; tomato puree; tomato paste",15,15,"```json
{
  ""Remnants"": 5
}
```",57,NA,5,NA,NA,NA,NA,NA,NA,NA,NA,NA,NA,NA,NA,NA,NA,NA,NA,NA,NA,NA,NA,NA,NA,NA,NA,NA,NA,NA,NA,"```json
{
  ""Remnants"": 5
}
```",57,NA,5,NA,NA,NA,NA,NA,NA,NA,NA,NA,NA,NA,NA,NA,NA,NA,NA,NA,NA,NA,NA,NA,NA,NA,NA,NA,NA,NA,NA,"```json
{
  ""Remnants"": 5
}
```",57,NA,5,NA,NA,NA,NA,NA,NA,NA,NA,NA,NA,NA,NA,NA,NA,NA,NA,NA,NA,NA,NA,NA,NA,NA,NA,NA,NA,NA,NA,"```json
{
  ""Remnants"": 5
}
```",57,NA,5,NA,NA,NA,NA,NA,NA,NA,NA,NA,NA,NA,NA,NA,NA,NA,NA,NA,NA,NA,NA,NA,NA,NA,NA,NA,NA,NA,NA,"```json
{
  ""Remnants"": 5
}
```",57,NA,5,NA,NA,NA,NA,NA,NA,NA,NA,NA,NA,NA,NA,NA,NA,NA,NA,NA,NA,NA,NA,NA,NA,NA,NA,NA,NA,NA,NA,"```json
{
  ""Remnants"": 5
}
```",57,NA,5,NA,NA,NA,NA,NA,NA,NA,NA,NA,NA,NA,NA,NA,NA,NA,NA,NA,NA,NA,NA,NA,NA,NA,NA,NA,NA,NA,NA,"```json
{
  ""Remnants"": 0
}
```",57,NA,0,NA,NA,NA,NA,NA,NA,NA,NA,NA,NA,NA,NA,NA,NA,NA,NA,NA,NA,NA,NA,NA,NA,NA,NA,NA,NA,"```json
{
  ""Remnants"": 0
}
```",57,NA,0,NA,NA,NA,NA,NA,NA,NA,NA,NA,NA,NA,NA,NA,NA,NA,NA,NA,NA,NA,NA,NA,NA,NA,NA,NA,NA,NA,NA,"```json
{
  ""Remnants"": 0
}
```",57,NA,0,NA,NA,NA,NA,NA,NA,NA,NA,NA,NA,NA,NA,NA,NA,NA,NA,NA,NA,NA,NA,NA,NA,NA,NA,NA,NA,NA,NA,"```json
{
  ""Remnants"": 0
}
```",57,NA,0,NA,NA,NA,NA,NA,NA,NA,NA,NA,NA,NA,NA,NA,NA,NA,NA,NA,NA,NA,NA,NA,NA,NA,NA,NA,NA,"```json
{""Remnants"": 5}
```",57,NA,NA,NA,NA,NA,NA,NA,NA,NA,NA,NA,NA,NA,NA,NA,NA,"```json
{""Remnants"": 5}
```",57,NA,NA,NA,NA,NA,NA,NA,NA,NA,NA,NA,NA,NA,NA,NA,NA,"```json
{""Remnants"": 5}
```",57,NA,NA,NA,NA,NA,NA,NA,NA,NA,NA,NA,NA,NA,NA,NA,NA,"```json
{""Remnants"": 5}
```",57,NA,NA,NA,NA,NA,NA,NA,NA,NA,NA,NA,NA,NA,NA,NA,NA,"```json
{""Remnants"": 5}
```",57,NA,NA,NA,NA,NA,NA,NA,NA,NA,NA,NA,NA,NA,NA,NA,NA,0,5,10,10,5,10,10,5,10,10,5,10,10,5,10,10,5,10,10,0,15,15,0,15,15,0,15,15,0,15,15,0,15,15,0,15,15,0,15,15,0,15,15,15,15,0,0,0,0,0,0,0,0,0,0,0,0,0,0,0,0,0,0,0,0,0,0,0,0,0,0,0,0,0,0
"Whole wheat penne with red pesto tomato sauce","Meike","Wednesday","PastaVeggie",3,"finished","25",598,624,26,"Volkoren penne met rodepesto-tomaten saus","https://www.hellofresh.nl/recipes/volkoren-penne-met-rode-pesto-tomatensaus-6482f79c4726b736914e1a6f","Meike_Wed_PastaVeggie_Pers3_Moment3.jpg",3,"pasta","onion","zucchini","root vegetables","garlic","sauce","cheese","herbs","water or broth","fats or oils","tomatoes","tomatoes","tomatoes",NA,NA,"270g Penne; 1.5 Onion; 1.5  Zucchini; 1.5  Carrot; 1.5  Garlic cloves; 120g Red Pesto; 60g Grana Padano Flakes; 15g Basil; 300ml Broth; 3 tablespoon olive oil; 120 g tomatoes; 0.5 tomato puree; 50g tomato paste"," Penne; Onion;  Zucchini;  Carrot;  Garlic ;  Red Pesto; Grana Padano Flakes; Basil; Broth;  olive oil; tomatoes; tomato puree; tomato paste",26,26,"```json
{
  ""Remnants"": 0
}
```",60,NA,0,NA,NA,NA,NA,NA,NA,NA,NA,NA,NA,NA,NA,NA,NA,NA,NA,NA,NA,NA,NA,NA,NA,NA,NA,NA,NA,NA,NA,"```json
{
  ""Remnants"": 0 grams
}
```",60,NA,0,NA,NA,NA,NA,NA,NA,NA,NA,NA,NA,NA,NA,NA,NA,NA,NA,NA,NA,NA,NA,NA,NA,NA,NA,NA,NA,NA,NA,"```json
{
  ""Remnants"": 0 grams
}
```",60,NA,0,NA,NA,NA,NA,NA,NA,NA,NA,NA,NA,NA,NA,NA,NA,NA,NA,NA,NA,NA,NA,NA,NA,NA,NA,NA,NA,NA,NA,"```json
{
  ""Remnants"": 0
}
```",60,NA,0,NA,NA,NA,NA,NA,NA,NA,NA,NA,NA,NA,NA,NA,NA,NA,NA,NA,NA,NA,NA,NA,NA,NA,NA,NA,NA,NA,NA,"```json
{
  ""Remnants"": 0 grams
}
```",60,NA,0,NA,NA,NA,NA,NA,NA,NA,NA,NA,NA,NA,NA,NA,NA,NA,NA,NA,NA,NA,NA,NA,NA,NA,NA,NA,NA,NA,NA,"```json
{
  ""Remnants"": 0 grams
}
```",60,NA,0,NA,NA,NA,NA,NA,NA,NA,NA,NA,NA,NA,NA,NA,NA,NA,NA,NA,NA,NA,NA,NA,NA,NA,NA,NA,NA,NA,NA,"```json
{
  ""Remnants"": 0
}
```",60,NA,0,NA,NA,NA,NA,NA,NA,NA,NA,NA,NA,NA,NA,NA,NA,NA,NA,NA,NA,NA,NA,NA,NA,NA,NA,NA,NA,"```json
{
  ""Remnants"": 0 grams
}
```",60,NA,0,NA,NA,NA,NA,NA,NA,NA,NA,NA,NA,NA,NA,NA,NA,NA,NA,NA,NA,NA,NA,NA,NA,NA,NA,NA,NA,NA,NA,"```json
{
  ""Remnants"": 0 grams
}
```",60,NA,0,NA,NA,NA,NA,NA,NA,NA,NA,NA,NA,NA,NA,NA,NA,NA,NA,NA,NA,NA,NA,NA,NA,NA,NA,NA,NA,NA,NA,"```json
{
  ""Remnants"": 0 grams
}
```",60,NA,0,NA,NA,NA,NA,NA,NA,NA,NA,NA,NA,NA,NA,NA,NA,NA,NA,NA,NA,NA,NA,NA,NA,NA,NA,NA,NA,"```json
{""Remnants"": 0 grams}
```",60,NA,NA,NA,NA,NA,NA,NA,NA,NA,NA,NA,NA,NA,NA,NA,NA,"```json
{
  ""Remnants"": 5
}
```",60,NA,5,NA,NA,NA,NA,NA,NA,NA,NA,NA,NA,NA,NA,NA,NA,"```json
{
  ""Remnants"": 0
}
```",60,NA,0,NA,NA,NA,NA,NA,NA,NA,NA,NA,NA,NA,NA,NA,NA,"```json
{
  ""Remnants"": 5
}
```",60,NA,5,NA,NA,NA,NA,NA,NA,NA,NA,NA,NA,NA,NA,NA,NA,"```json
{
  ""Remnants"": 0 grams
}
```",60,NA,0,NA,NA,NA,NA,NA,NA,NA,NA,NA,NA,NA,NA,NA,NA,0,0,26,26,0,26,26,0,26,26,0,26,26,0,26,26,0,26,26,0,26,26,0,26,26,0,26,26,0,26,26,0,26,26,5,21,21,0,26,26,5,21,21,26,26,0,0,0,0,0,0,0,0,0,0,0,0,0,0,0,0,0,0,0,0,0,0,0,0,0,0,0,0,0,0
