"Recipe Name (ENG)","Your name","Day","Meal Name","Person Nr","Moment of the meal","Plate Size (cm)","Empty plate weight (g)","Post meal weight (g)","Leftovers weight (g)","Recipe Name","Recipe Link","PhotoName","servings","ingredient_1","ingredient_2","ingredient_3","ingredient_4","ingredient_5","ingredient_6","ingredient_7","ingredient_8","ingredient_9","ingredient_10","ingredient_11","ingredient_12","ingredient_13","ingredient_14","ingredient_15","ingredientsQuantity","ingredients","TotalGramsSelf_char","TotalGramsSelf","chat1","i_1","ingredient1_1","quantity1_1","ingredient1_2","quantity1_2","ingredient1_3","quantity1_3","ingredient1_4","quantity1_4","ingredient1_5","quantity1_5","ingredient1_6","quantity1_6","ingredient1_7","quantity1_7","ingredient1_8","quantity1_8","ingredient1_9","quantity1_9","ingredient1_10","quantity1_10","ingredient1_11","quantity1_11","ingredient1_12","quantity1_12","ingredient1_13","quantity1_13","ingredient1_14","quantity1_14","ingredient1_15","quantity1_15","chat2","i_2","ingredient2_1","quantity2_1","ingredient2_2","quantity2_2","ingredient2_3","quantity2_3","ingredient2_4","quantity2_4","ingredient2_5","quantity2_5","ingredient2_6","quantity2_6","ingredient2_7","quantity2_7","ingredient2_8","quantity2_8","ingredient2_9","quantity2_9","ingredient2_10","quantity2_10","ingredient2_11","quantity2_11","ingredient2_12","quantity2_12","ingredient2_13","quantity2_13","ingredient2_14","quantity2_14","ingredient2_15","quantity2_15","chat3","i_3","ingredient3_1","quantity3_1","ingredient3_2","quantity3_2","ingredient3_3","quantity3_3","ingredient3_4","quantity3_4","ingredient3_5","quantity3_5","ingredient3_6","quantity3_6","ingredient3_7","quantity3_7","ingredient3_8","quantity3_8","ingredient3_9","quantity3_9","ingredient3_10","quantity3_10","ingredient3_11","quantity3_11","ingredient3_12","quantity3_12","ingredient3_13","quantity3_13","ingredient3_14","quantity3_14","ingredient3_15","quantity3_15","chat4","i_4","ingredient4_1","quantity4_1","ingredient4_2","quantity4_2","ingredient4_3","quantity4_3","ingredient4_4","quantity4_4","ingredient4_5","quantity4_5","ingredient4_6","quantity4_6","ingredient4_7","quantity4_7","ingredient4_8","quantity4_8","ingredient4_9","quantity4_9","ingredient4_10","quantity4_10","ingredient4_11","quantity4_11","ingredient4_12","quantity4_12","ingredient4_13","quantity4_13","ingredient4_14","quantity4_14","ingredient4_15","quantity4_15","chat5","i_5","ingredient5_1","quantity5_1","ingredient5_2","quantity5_2","ingredient5_3","quantity5_3","ingredient5_4","quantity5_4","ingredient5_5","quantity5_5","ingredient5_6","quantity5_6","ingredient5_7","quantity5_7","ingredient5_8","quantity5_8","ingredient5_9","quantity5_9","ingredient5_10","quantity5_10","ingredient5_11","quantity5_11","ingredient5_12","quantity5_12","ingredient5_13","quantity5_13","ingredient5_14","quantity5_14","ingredient5_15","quantity5_15","chat6","i_6","ingredient6_1","quantity6_1","ingredient6_2","quantity6_2","ingredient6_3","quantity6_3","ingredient6_4","quantity6_4","ingredient6_5","quantity6_5","ingredient6_6","quantity6_6","ingredient6_7","quantity6_7","ingredient6_8","quantity6_8","ingredient6_9","quantity6_9","ingredient6_10","quantity6_10","ingredient6_11","quantity6_11","ingredient6_12","quantity6_12","ingredient6_13","quantity6_13","ingredient6_14","quantity6_14","ingredient6_15","quantity6_15","chat7","i_7","ingredient7_1","quantity7_1","ingredient7_2","quantity7_2","ingredient7_3","quantity7_3","ingredient7_4","quantity7_4","ingredient7_5","quantity7_5","ingredient7_6","quantity7_6","ingredient7_7","quantity7_7","ingredient7_8","quantity7_8","ingredient7_9","quantity7_9","ingredient7_10","quantity7_10","ingredient7_11","quantity7_11","ingredient7_12","quantity7_12","ingredient7_13","quantity7_13","ingredient7_14","quantity7_14","ingredient7_15","quantity7_15","chat8","i_8","ingredient8_1","quantity8_1","ingredient8_2","quantity8_2","ingredient8_3","quantity8_3","ingredient8_4","quantity8_4","ingredient8_5","quantity8_5","ingredient8_6","quantity8_6","ingredient8_7","quantity8_7","ingredient8_8","quantity8_8","ingredient8_9","quantity8_9","ingredient8_10","quantity8_10","ingredient8_11","quantity8_11","ingredient8_12","quantity8_12","ingredient8_13","quantity8_13","ingredient8_14","quantity8_14","ingredient8_15","quantity8_15","chat9","i_9","ingredient9_1","quantity9_1","ingredient9_2","quantity9_2","ingredient9_3","quantity9_3","ingredient9_4","quantity9_4","ingredient9_5","quantity9_5","ingredient9_6","quantity9_6","ingredient9_7","quantity9_7","ingredient9_8","quantity9_8","ingredient9_9","quantity9_9","ingredient9_10","quantity9_10","ingredient9_11","quantity9_11","ingredient9_12","quantity9_12","ingredient9_13","quantity9_13","ingredient9_14","quantity9_14","ingredient9_15","quantity9_15","chat10","i_10","ingredient10_1","quantity10_1","ingredient10_2","quantity10_2","ingredient10_3","quantity10_3","ingredient10_4","quantity10_4","ingredient10_5","quantity10_5","ingredient10_6","quantity10_6","ingredient10_7","quantity10_7","ingredient10_8","quantity10_8","ingredient10_9","quantity10_9","ingredient10_10","quantity10_10","ingredient10_11","quantity10_11","chat11","i_11","ingredient11_1","quantity11_1","ingredient11_2","quantity11_2","ingredient11_3","quantity11_3","ingredient11_4","quantity11_4","ingredient11_5","quantity11_5","ingredient11_6","quantity11_6","ingredient11_7","quantity11_7","ingredient11_8","quantity11_8","chat12","i_12","ingredient12_1","quantity12_1","ingredient12_2","quantity12_2","ingredient12_3","quantity12_3","ingredient12_4","quantity12_4","ingredient12_5","quantity12_5","ingredient12_6","quantity12_6","ingredient12_7","quantity12_7","ingredient12_8","quantity12_8","chat13","i_13","ingredient13_1","quantity13_1","ingredient13_2","quantity13_2","ingredient13_3","quantity13_3","ingredient13_4","quantity13_4","ingredient13_5","quantity13_5","ingredient13_6","quantity13_6","ingredient13_7","quantity13_7","ingredient13_8","quantity13_8","chat14","i_14","ingredient14_1","quantity14_1","ingredient14_2","quantity14_2","ingredient14_3","quantity14_3","ingredient14_4","quantity14_4","ingredient14_5","quantity14_5","ingredient14_6","quantity14_6","ingredient14_7","quantity14_7","ingredient14_8","quantity14_8","chat15","i_15","ingredient15_1","quantity15_1","ingredient15_2","quantity15_2","ingredient15_3","quantity15_3","ingredient15_4","quantity15_4","ingredient15_5","quantity15_5","ingredient15_6","quantity15_6","ingredient15_7","quantity15_7","ingredient15_8","quantity15_8","TotalGrams1","GramsDiff1","AbsDiff1","TotalGrams2","GramsDiff2","AbsDiff2","TotalGrams3","GramsDiff3","AbsDiff3","TotalGrams4","GramsDiff4","AbsDiff4","TotalGrams5","GramsDiff5","AbsDiff5","TotalGrams6","GramsDiff6","AbsDiff6","TotalGrams7","GramsDiff7","AbsDiff7","TotalGrams8","GramsDiff8","AbsDiff8","TotalGrams9","GramsDiff9","AbsDiff9","TotalGrams10","GramsDiff10","AbsDiff10","TotalGrams11","GramsDiff11","AbsDiff11","TotalGrams12","GramsDiff12","AbsDiff12","TotalGrams13","GramsDiff13","AbsDiff13","TotalGrams14","GramsDiff14","AbsDiff14","TotalGrams15","GramsDiff15","AbsDiff15","TP1","FP1","TP2","FP2","TP3","FP3","TP4","FP4","TP5","FP5","TP6","FP6","TP7","FP7","TP8","FP8","TP9","FP9","TP10","FP10","TP11","FP11","TP12","FP12","TP13","FP13","TP14","FP14","TP15","FP15"
"Breaded white cheese with rosemary","Erica","Wednesday","Kaas",1,"1","26.7",722,996,274,"Gepaneerde witte kaas met rozemarijn","https://www.hellofresh.nl/recipes/gepaneerde-witte-kaas-met-krieltjes-658d7d8df9d1ffb514ddb5cc","Erica_Kaas_1_1.jpg",2,"cheese","bread(crumbs)","potatoes or fries","garlic","tomatoes","onion","onion","lettuce","zucchini","water or broth","sauce","fats or oils","flour","vinaigrette","fats or oils","200g White Cheese; 25g Breadcrumbs; 400g potatoes; 1  Garlic cloves; 1  Tomato; 80g Onion Chutney; 1  Onion; 60g Arugula; 1  Zucchini; 60ml Water; 1 tablespoon honey; 3 tablespoon olive oil; 50 grams of flour; 1 tablespoon vinegar; 1 tablespoon butter"," White Cheese; Breadcrumbs;  potatoes;  Garlic ;  Tomato; Onion Chutney;  Onion; Arugula;  Zucchini; Water;  honey;  olive oil;    flour;  vinegar;  butter",274,274,"```json
{
    ""White Cheese"": 80,
    ""Breadcrumbs"": 10,
    ""Potatoes"": 100,
    ""Garlic"": 5,
    ""Tomato"": 10,
    ""Onion Chutney"": 20,
    ""Onion"": 10,
    ""Arugula"": 15,
    ""Zucchini"": 30
}
```",10,"cheese",80,"bread(crumbs)",10,"potatoes or fries",100,"garlic",5,"tomatoes",10,"onion",20,"onion",10,"lettuce",15,"zucchini",30,NA,NA,NA,NA,NA,NA,NA,NA,NA,NA,NA,NA,"```json
{
    ""White Cheese"": 80,
    ""Breadcrumbs"": 5,
    ""Potatoes"": 100,
    ""Garlic"": 2,
    ""Onion Chutney"": 20,
    ""Arugula"": 15,
    ""Zucchini"": 30
}
```",10,"cheese",80,"bread(crumbs)",5,"potatoes or fries",100,"garlic",2,"onion",20,"lettuce",15,"zucchini",30,NA,NA,NA,NA,NA,NA,NA,NA,NA,NA,NA,NA,NA,NA,NA,NA,"```json
{
    ""White Cheese"": 80,
    ""Breadcrumbs"": 5,
    ""Potatoes"": 100,
    ""Garlic"": 2,
    ""Tomato"": 0,
    ""Onion Chutney"": 20,
    ""Onion"": 10,
    ""Arugula"": 15,
    ""Zucchini"": 30,
    ""Water"": 0,
    ""Honey"": 0,
    ""Olive Oil"": 0,
    ""Flour"": 0,
    ""Vinegar"": 0,
    ""Butter"": 0
}
```",10,"cheese",80,"bread(crumbs)",5,"potatoes or fries",100,"garlic",2,"tomatoes",0,"onion",20,"onion",10,"lettuce",15,"zucchini",30,"water or broth",0,"sauce",0,"fats or oils",0,"flour",0,"vinaigrette",0,"fats or oils",0,"```json
{
    ""White Cheese"": 100,
    ""Breadcrumbs"": 10,
    ""Potatoes"": 80,
    ""Onion Chutney"": 20,
    ""Arugula"": 15,
    ""Zucchini"": 30
}
```",10,"cheese",100,"bread(crumbs)",10,"potatoes or fries",80,"onion",20,"lettuce",15,"zucchini",30,NA,NA,NA,NA,NA,NA,NA,NA,NA,NA,NA,NA,NA,NA,NA,NA,NA,NA,"```json
{
    ""White Cheese"": 100,
    ""Breadcrumbs"": 10,
    ""Potatoes"": 80,
    ""Onion Chutney"": 20,
    ""Arugula"": 15,
    ""Zucchini"": 30
}
```",10,"cheese",100,"bread(crumbs)",10,"potatoes or fries",80,"onion",20,"lettuce",15,"zucchini",30,NA,NA,NA,NA,NA,NA,NA,NA,NA,NA,NA,NA,NA,NA,NA,NA,NA,NA,"```json
{
    ""Potatoes"": 100,
    ""White Cheese"": 80,
    ""Onion Chutney"": 30,
    ""Arugula"": 20,
    ""Zucchini"": 40
}
```",10,"potatoes or fries",100,"cheese",80,"onion",30,"lettuce",20,"zucchini",40,NA,NA,NA,NA,NA,NA,NA,NA,NA,NA,NA,NA,NA,NA,NA,NA,NA,NA,NA,NA,"```json
{
    ""White Cheese"": 150g,
    ""Potatoes"": 100g,
    ""Onion Chutney"": 30g,
    ""Arugula"": 20g,
    ""Zucchini"": 30g
}
```",10,"cheese",150,"potatoes or fries",100,"onion",30,"lettuce",20,"zucchini",30,NA,NA,NA,NA,NA,NA,NA,NA,NA,NA,NA,NA,NA,NA,NA,NA,NA,NA,NA,NA,"```json
{
    ""White Cheese"": 200,
    ""Potatoes"": 100,
    ""Onion Chutney"": 30,
    ""Arugula"": 20,
    ""Zucchini"": 40
}
```",10,"cheese",200,"potatoes or fries",100,"onion",30,"lettuce",20,"zucchini",40,NA,NA,NA,NA,NA,NA,NA,NA,NA,NA,NA,NA,NA,NA,NA,NA,NA,NA,NA,NA,"```json
{
    ""White Cheese"": 200,
    ""Potatoes"": 100,
    ""Onion Chutney"": 30,
    ""Arugula"": 20,
    ""Zucchini"": 40
}
```",10,"cheese",200,"potatoes or fries",100,"onion",30,"lettuce",20,"zucchini",40,NA,NA,NA,NA,NA,NA,NA,NA,NA,NA,NA,NA,NA,NA,NA,NA,NA,NA,NA,NA,"```json
{
    ""Potatoes"": 100,
    ""White Cheese"": 80,
    ""Onion Chutney"": 30,
    ""Arugula"": 20,
    ""Zucchini"": 40
}
```",10,"potatoes or fries",100,"cheese",80,"onion",30,"lettuce",20,"zucchini",40,NA,NA,NA,NA,NA,NA,NA,NA,NA,NA,NA,NA,"```json
{
    ""Potatoes"": 80,
    ""Breaded White Cheese"": 100,
    ""Onion Sauce"": 30,
    ""Zucchini"": 40,
    ""Arugula"": 20
}
```",10,"potatoes or fries",80,"bread(crumbs)",100,"onion",30,"zucchini",40,"lettuce",20,NA,NA,NA,NA,NA,NA,"```json
{
    ""Potatoes"": 100,
    ""Breaded White Cheese"": 150,
    ""Onion Chutney"": 30,
    ""Zucchini"": 40,
    ""Arugula"": 20
}
```",10,"potatoes or fries",100,"bread(crumbs)",150,"onion",30,"zucchini",40,"lettuce",20,NA,NA,NA,NA,NA,NA,"```json
{
    ""Potatoes"": 80,
    ""Breaded White Cheese"": 100,
    ""Onion Chutney"": 30,
    ""Zucchini"": 40,
    ""Arugula"": 20
}
```",10,"potatoes or fries",80,"bread(crumbs)",100,"onion",30,"zucchini",40,"lettuce",20,NA,NA,NA,NA,NA,NA,"```json
{
    ""Potatoes"": 80,
    ""Breaded White Cheese"": 100,
    ""Onion Sauce"": 30,
    ""Zucchini"": 40,
    ""Arugula"": 20
}
```",10,"potatoes or fries",80,"bread(crumbs)",100,"onion",30,"zucchini",40,"lettuce",20,NA,NA,NA,NA,NA,NA,"```json
{
    ""Potatoes"": 100,
    ""Breaded White Cheese"": 150,
    ""Onion Chutney"": 30,
    ""Zucchini"": 40,
    ""Arugula"": 20
}
```",10,"potatoes or fries",100,"bread(crumbs)",150,"onion",30,"zucchini",40,"lettuce",20,NA,NA,NA,NA,NA,NA,280,-6,6,252,22,22,262,12,12,255,19,19,255,19,19,270,4,4,330,-56,56,390,-116,116,390,-116,116,270,4,4,270,4,4,340,-66,66,270,4,4,270,4,4,340,-66,66,8,0,7,0,13,0,6,0,6,0,5,0,5,0,5,0,5,0,5,0,5,0,5,0,5,0,5,0,5,0
"Breaded white cheese with rosemary","Erica","Wednesday","Kaas",2,"1","26.7",691,1004,313,"Gepaneerde witte kaas met rozemarijn","https://www.hellofresh.nl/recipes/gepaneerde-witte-kaas-met-krieltjes-658d7d8df9d1ffb514ddb5cc","Erica_Kaas_2_1.jpg",2,"cheese","bread(crumbs)","potatoes or fries","garlic","tomatoes","onion","onion","lettuce","zucchini","water or broth","sauce","fats or oils","flour","vinaigrette","fats or oils","200g White Cheese; 25g Breadcrumbs; 400g potatoes; 1  Garlic cloves; 1  Tomato; 80g Onion Chutney; 1  Onion; 60g Arugula; 1  Zucchini; 60ml Water; 1 tablespoon honey; 3 tablespoon olive oil; 50 grams of flour; 1 tablespoon vinegar; 1 tablespoon butter"," White Cheese; Breadcrumbs;  potatoes;  Garlic ;  Tomato; Onion Chutney;  Onion; Arugula;  Zucchini; Water;  honey;  olive oil;    flour;  vinegar;  butter",313,313,"```json
{
    ""White Cheese"": 50,
    ""Breadcrumbs"": 10,
    ""Potatoes"": 60,
    ""Garlic"": 5,
    ""Tomato"": 20,
    ""Onion Chutney"": 15,
    ""Onion"": 10,
    ""Arugula"": 15,
    ""Zucchini"": 30
}
```",13,"cheese",50,"bread(crumbs)",10,"potatoes or fries",60,"garlic",5,"tomatoes",20,"onion",15,"onion",10,"lettuce",15,"zucchini",30,NA,NA,NA,NA,NA,NA,NA,NA,NA,NA,NA,NA,"```json
{
    ""White Cheese"": 50,
    ""Breadcrumbs"": 10,
    ""Potatoes"": 60,
    ""Garlic"": 5,
    ""Tomato"": 20,
    ""Onion Chutney"": 15,
    ""Onion"": 10,
    ""Arugula"": 15,
    ""Zucchini"": 30
}
```",13,"cheese",50,"bread(crumbs)",10,"potatoes or fries",60,"garlic",5,"tomatoes",20,"onion",15,"onion",10,"lettuce",15,"zucchini",30,NA,NA,NA,NA,NA,NA,NA,NA,NA,NA,NA,NA,"```json
{
    ""White Cheese"": 50,
    ""Breadcrumbs"": 10,
    ""Potatoes"": 60,
    ""Garlic"": 5,
    ""Tomato"": 20,
    ""Onion Chutney"": 15,
    ""Onion"": 10,
    ""Arugula"": 15,
    ""Zucchini"": 30,
    ""Water"": 0,
    ""Honey"": 0,
    ""Olive Oil"": 5,
    ""Flour"": 0,
    ""Vinegar"": 0,
    ""Butter"": 0
}
```",13,"cheese",50,"bread(crumbs)",10,"potatoes or fries",60,"garlic",5,"tomatoes",20,"onion",15,"onion",10,"lettuce",15,"zucchini",30,"water or broth",0,"sauce",0,"fats or oils",5,"flour",0,"vinaigrette",0,"fats or oils",0,"```json
{
    ""White Cheese"": 50,
    ""Breadcrumbs"": 10,
    ""Potatoes"": 60,
    ""Garlic"": 5,
    ""Tomato"": 20,
    ""Onion Chutney"": 30,
    ""Onion"": 15,
    ""Arugula"": 10,
    ""Zucchini"": 40
}
```",13,"cheese",50,"bread(crumbs)",10,"potatoes or fries",60,"garlic",5,"tomatoes",20,"onion",30,"onion",15,"lettuce",10,"zucchini",40,NA,NA,NA,NA,NA,NA,NA,NA,NA,NA,NA,NA,"```json
{
    ""White Cheese"": 50,
    ""Breadcrumbs"": 10,
    ""Potatoes"": 60,
    ""Garlic"": 5,
    ""Tomato"": 20,
    ""Onion Chutney"": 15,
    ""Onion"": 10,
    ""Arugula"": 15,
    ""Zucchini"": 30,
    ""Water"": 0,
    ""Honey"": 0,
    ""Olive Oil"": 5,
    ""Flour"": 0,
    ""Vinegar"": 0,
    ""Butter"": 0
}
```",13,"cheese",50,"bread(crumbs)",10,"potatoes or fries",60,"garlic",5,"tomatoes",20,"onion",15,"onion",10,"lettuce",15,"zucchini",30,"water or broth",0,"sauce",0,"fats or oils",5,"flour",0,"vinaigrette",0,"fats or oils",0,"```json
{
    ""White Cheese"": 50,
    ""Breadcrumbs"": 10,
    ""Potatoes"": 100,
    ""Tomato"": 20,
    ""Onion Chutney"": 20,
    ""Arugula"": 20,
    ""Zucchini"": 30
}
```",13,"cheese",50,"bread(crumbs)",10,"potatoes or fries",100,"tomatoes",20,"onion",20,"lettuce",20,"zucchini",30,NA,NA,NA,NA,NA,NA,NA,NA,NA,NA,NA,NA,NA,NA,NA,NA,"```json
{
    ""White Cheese"": 50,
    ""Breadcrumbs"": 10,
    ""Potatoes"": 100,
    ""Tomato"": 20,
    ""Onion Chutney"": 30,
    ""Arugula"": 20,
    ""Zucchini"": 40
}
```",13,"cheese",50,"bread(crumbs)",10,"potatoes or fries",100,"tomatoes",20,"onion",30,"lettuce",20,"zucchini",40,NA,NA,NA,NA,NA,NA,NA,NA,NA,NA,NA,NA,NA,NA,NA,NA,"```json
{
    ""White Cheese"": 50,
    ""Breadcrumbs"": 10,
    ""Potatoes"": 100,
    ""Tomato"": 20,
    ""Onion Chutney"": 30,
    ""Arugula"": 20,
    ""Zucchini"": 40
}
```",13,"cheese",50,"bread(crumbs)",10,"potatoes or fries",100,"tomatoes",20,"onion",30,"lettuce",20,"zucchini",40,NA,NA,NA,NA,NA,NA,NA,NA,NA,NA,NA,NA,NA,NA,NA,NA,"```json
{
    ""White Cheese"": 50,
    ""Breadcrumbs"": 10,
    ""Potatoes"": 100,
    ""Tomato"": 20,
    ""Onion Chutney"": 30,
    ""Arugula"": 20,
    ""Zucchini"": 40
}
```",13,"cheese",50,"bread(crumbs)",10,"potatoes or fries",100,"tomatoes",20,"onion",30,"lettuce",20,"zucchini",40,NA,NA,NA,NA,NA,NA,NA,NA,NA,NA,NA,NA,NA,NA,NA,NA,"```json
{
    ""White Cheese"": 50,
    ""Breadcrumbs"": 10,
    ""Potatoes"": 100,
    ""Tomato"": 20,
    ""Onion Chutney"": 30,
    ""Arugula"": 20,
    ""Zucchini"": 40
}
```",13,"cheese",50,"bread(crumbs)",10,"potatoes or fries",100,"tomatoes",20,"onion",30,"lettuce",20,"zucchini",40,NA,NA,NA,NA,NA,NA,NA,NA,"```json
{
  ""Breaded White Cheese"": 100,
  ""Rosemary"": 2,
  ""Zucchini"": 30,
  ""Tomato"": 20,
  ""Arugula"": 15,
  ""Potatoes"": 50,
  ""Onion"": 20,
  ""Sauce"": 15
}
```",13,"bread(crumbs)",100,"herbs",2,"zucchini",30,"tomatoes",20,"lettuce",15,"potatoes or fries",50,"onion",20,"sauce",15,"```json
{
  ""Breaded white cheese"": 100,
  ""Rosemary"": 2,
  ""Zucchini"": 30,
  ""Tomato"": 20,
  ""Arugula"": 15,
  ""Potatoes"": 50,
  ""Onion"": 15,
  ""Sauce"": 20
}
```",13,"bread(crumbs)",100,"herbs",2,"zucchini",30,"tomatoes",20,"lettuce",15,"potatoes or fries",50,"onion",15,"sauce",20,"```json
{
  ""Breaded white cheese"": 80,
  ""Rosemary"": 2,
  ""Zucchini"": 30,
  ""Tomato"": 15,
  ""Arugula"": 10,
  ""Potatoes"": 50,
  ""Onion"": 20,
  ""Sauce"": 15
}
```",13,"bread(crumbs)",80,"herbs",2,"zucchini",30,"tomatoes",15,"lettuce",10,"potatoes or fries",50,"onion",20,"sauce",15,"```json
{
    ""Breaded white cheese"": 100,
    ""Rosemary"": 2,
    ""Zucchini"": 30,
    ""Tomato"": 20,
    ""Arugula"": 15,
    ""Potatoes"": 50,
    ""Onion"": 20,
    ""Sauce"": 15
}
```",13,"bread(crumbs)",100,"herbs",2,"zucchini",30,"tomatoes",20,"lettuce",15,"potatoes or fries",50,"onion",20,"sauce",15,"```json
{
    ""Breaded White Cheese"": 100,
    ""Rosemary"": 2,
    ""Zucchini"": 30,
    ""Tomato"": 20,
    ""Arugula"": 15,
    ""Potatoes"": 50,
    ""Onion"": 15,
    ""Sauce"": 20
}
```",13,"bread(crumbs)",100,"herbs",2,"zucchini",30,"tomatoes",20,"lettuce",15,"potatoes or fries",50,"onion",15,"sauce",20,215,98,98,215,98,98,220,93,93,240,73,73,220,93,93,250,63,63,270,43,43,270,43,43,270,43,43,270,43,43,252,61,61,252,61,61,222,91,91,252,61,61,252,61,61,8,0,8,0,13,0,8,0,13,0,7,0,7,0,7,0,7,0,7,0,7,1,7,1,7,1,7,1,7,1
"Breaded white cheese with rosemary","Erica","Wednesday","Kaas",2,"2","26.7",691,843,152,"Gepaneerde witte kaas met rozemarijn","https://www.hellofresh.nl/recipes/gepaneerde-witte-kaas-met-krieltjes-658d7d8df9d1ffb514ddb5cc","Erica_Kaas_2_2.jpg",2,"cheese","bread(crumbs)","potatoes or fries","garlic","tomatoes","onion","onion","lettuce","zucchini","water or broth","sauce","fats or oils","flour","vinaigrette","fats or oils","200g White Cheese; 25g Breadcrumbs; 400g potatoes; 1  Garlic cloves; 1  Tomato; 80g Onion Chutney; 1  Onion; 60g Arugula; 1  Zucchini; 60ml Water; 1 tablespoon honey; 3 tablespoon olive oil; 50 grams of flour; 1 tablespoon vinegar; 1 tablespoon butter"," White Cheese; Breadcrumbs;  potatoes;  Garlic ;  Tomato; Onion Chutney;  Onion; Arugula;  Zucchini; Water;  honey;  olive oil;    flour;  vinegar;  butter",152,152,"```json
{
    ""White Cheese"": 30,
    ""Breadcrumbs"": 5,
    ""Onion"": 10,
    ""Arugula"": 15,
    ""Zucchini"": 20,
    ""Remnants"": 5
}
```",14,"cheese",30,"bread(crumbs)",5,"onion",10,"lettuce",15,"zucchini",20,NA,5,NA,NA,NA,NA,NA,NA,NA,NA,NA,NA,NA,NA,NA,NA,NA,NA,NA,NA,"```json
{
    ""White Cheese"": 30,
    ""Breadcrumbs"": 5,
    ""Potatoes"": 0,
    ""Garlic"": 0,
    ""Tomato"": 0,
    ""Onion Chutney"": 0,
    ""Onion"": 10,
    ""Arugula"": 15,
    ""Zucchini"": 10,
    ""Water"": 0,
    ""Honey"": 0,
    ""Olive Oil"": 0,
    ""Flour"": 0,
    ""Vinegar"": 0,
    ""Butter"": 0
}
```",14,"cheese",30,"bread(crumbs)",5,"potatoes or fries",0,"garlic",0,"tomatoes",0,"onion",0,"onion",10,"lettuce",15,"zucchini",10,"water or broth",0,"sauce",0,"fats or oils",0,"flour",0,"vinaigrette",0,"fats or oils",0,"```json
{
    ""White Cheese"": 30,
    ""Breadcrumbs"": 5,
    ""Potatoes"": 0,
    ""Garlic"": 0,
    ""Tomato"": 0,
    ""Onion Chutney"": 5,
    ""Onion"": 10,
    ""Arugula"": 15,
    ""Zucchini"": 10,
    ""Water"": 0,
    ""Honey"": 0,
    ""Olive Oil"": 0,
    ""Flour"": 0,
    ""Vinegar"": 0,
    ""Butter"": 0
}
```",14,"cheese",30,"bread(crumbs)",5,"potatoes or fries",0,"garlic",0,"tomatoes",0,"onion",5,"onion",10,"lettuce",15,"zucchini",10,"water or broth",0,"sauce",0,"fats or oils",0,"flour",0,"vinaigrette",0,"fats or oils",0,"```json
{
    ""White Cheese"": 30,
    ""Breadcrumbs"": 5,
    ""Potatoes"": 0,
    ""Garlic"": 0,
    ""Tomato"": 0,
    ""Onion Chutney"": 5,
    ""Onion"": 10,
    ""Arugula"": 15,
    ""Zucchini"": 10,
    ""Water"": 0,
    ""Honey"": 0,
    ""Olive Oil"": 0,
    ""Flour"": 0,
    ""Vinegar"": 0,
    ""Butter"": 0
}
```",14,"cheese",30,"bread(crumbs)",5,"potatoes or fries",0,"garlic",0,"tomatoes",0,"onion",5,"onion",10,"lettuce",15,"zucchini",10,"water or broth",0,"sauce",0,"fats or oils",0,"flour",0,"vinaigrette",0,"fats or oils",0,"```json
{
    ""White Cheese"": 30,
    ""Breadcrumbs"": 5,
    ""Potatoes"": 0,
    ""Garlic"": 0,
    ""Tomato"": 0,
    ""Onion Chutney"": 5,
    ""Onion"": 10,
    ""Arugula"": 15,
    ""Zucchini"": 10,
    ""Water"": 0,
    ""Honey"": 0,
    ""Olive Oil"": 0,
    ""Flour"": 0,
    ""Vinegar"": 0,
    ""Butter"": 0
}
```",14,"cheese",30,"bread(crumbs)",5,"potatoes or fries",0,"garlic",0,"tomatoes",0,"onion",5,"onion",10,"lettuce",15,"zucchini",10,"water or broth",0,"sauce",0,"fats or oils",0,"flour",0,"vinaigrette",0,"fats or oils",0,"```json
{
    ""White Cheese"": 50,
    ""Breadcrumbs"": 5,
    ""Onion Chutney"": 10,
    ""Arugula"": 15,
    ""Zucchini"": 20,
    ""Onion"": 10
}
```",14,"cheese",50,"bread(crumbs)",5,"onion",10,"lettuce",15,"zucchini",20,"onion",10,NA,NA,NA,NA,NA,NA,NA,NA,NA,NA,NA,NA,NA,NA,NA,NA,NA,NA,"```json
{
    ""White Cheese"": 50,
    ""Breadcrumbs"": 5,
    ""Onion Chutney"": 10,
    ""Arugula"": 15,
    ""Zucchini"": 20,
    ""Onion"": 10
}
```",14,"cheese",50,"bread(crumbs)",5,"onion",10,"lettuce",15,"zucchini",20,"onion",10,NA,NA,NA,NA,NA,NA,NA,NA,NA,NA,NA,NA,NA,NA,NA,NA,NA,NA,"```json
{
    ""White Cheese"": 50,
    ""Breadcrumbs"": 5,
    ""Onion Chutney"": 10,
    ""Arugula"": 15,
    ""Zucchini"": 20,
    ""Onion"": 10
}
```",14,"cheese",50,"bread(crumbs)",5,"onion",10,"lettuce",15,"zucchini",20,"onion",10,NA,NA,NA,NA,NA,NA,NA,NA,NA,NA,NA,NA,NA,NA,NA,NA,NA,NA,"```json
{
    ""White Cheese"": 50,
    ""Breadcrumbs"": 5,
    ""Onion Chutney"": 10,
    ""Arugula"": 15,
    ""Zucchini"": 20,
    ""Onion"": 10
}
```",14,"cheese",50,"bread(crumbs)",5,"onion",10,"lettuce",15,"zucchini",20,"onion",10,NA,NA,NA,NA,NA,NA,NA,NA,NA,NA,NA,NA,NA,NA,NA,NA,NA,NA,"```json
{
    ""White Cheese"": 50,
    ""Breadcrumbs"": 5,
    ""Onion Chutney"": 10,
    ""Arugula"": 15,
    ""Zucchini"": 20,
    ""Onion"": 10
}
```",14,"cheese",50,"bread(crumbs)",5,"onion",10,"lettuce",15,"zucchini",20,"onion",10,NA,NA,NA,NA,NA,NA,NA,NA,NA,NA,"```json
{
  ""Breaded white cheese"": 50,
  ""Rosemary"": 1,
  ""Zucchini"": 20,
  ""Arugula"": 10,
  ""Onion"": 5
}
```",14,"bread(crumbs)",50,"herbs",1,"zucchini",20,"lettuce",10,"onion",5,NA,NA,NA,NA,NA,NA,"```json
{
  ""Breaded white cheese"": 50,
  ""Rosemary"": 1,
  ""Zucchini"": 20,
  ""Arugula"": 10,
  ""Onion"": 5
}
```",14,"bread(crumbs)",50,"herbs",1,"zucchini",20,"lettuce",10,"onion",5,NA,NA,NA,NA,NA,NA,"```json
{
  ""Breaded white cheese"": 50,
  ""Rosemary"": 1,
  ""Mixed greens"": 20,
  ""Zucchini"": 15,
  ""Onion"": 10
}
```",14,"bread(crumbs)",50,"herbs",1,"vegetable mix",20,"zucchini",15,"onion",10,NA,NA,NA,NA,NA,NA,"```json
{
  ""Breaded white cheese"": 50,
  ""Rosemary"": 1,
  ""Zucchini"": 20,
  ""Arugula"": 10,
  ""Onion"": 5
}
```",14,"bread(crumbs)",50,"herbs",1,"zucchini",20,"lettuce",10,"onion",5,NA,NA,NA,NA,NA,NA,"```json
{
  ""Breaded white cheese"": 50,
  ""Rosemary"": 1,
  ""Mixed greens"": 20,
  ""Zucchini"": 15,
  ""Onion"": 10
}
```",14,"bread(crumbs)",50,"herbs",1,"vegetable mix",20,"zucchini",15,"onion",10,NA,NA,NA,NA,NA,NA,85,67,67,70,82,82,75,77,77,75,77,77,75,77,77,110,42,42,110,42,42,110,42,42,110,42,42,110,42,42,86,66,66,86,66,66,96,56,56,86,66,66,96,56,56,5,0,13,0,13,0,13,0,13,0,5,0,5,0,5,0,5,0,5,0,4,1,4,1,3,2,4,1,3,2
"Breaded white cheese with rosemary","Erica","Wednesday","Kaas",2,"3","26.7",691,691,0,"Gepaneerde witte kaas met rozemarijn","https://www.hellofresh.nl/recipes/gepaneerde-witte-kaas-met-krieltjes-658d7d8df9d1ffb514ddb5cc","Erica_Kaas_2_3.jpg",2,"cheese","bread(crumbs)","potatoes or fries","garlic","tomatoes","onion","onion","lettuce","zucchini","water or broth","sauce","fats or oils","flour","vinaigrette","fats or oils","200g White Cheese; 25g Breadcrumbs; 400g potatoes; 1  Garlic cloves; 1  Tomato; 80g Onion Chutney; 1  Onion; 60g Arugula; 1  Zucchini; 60ml Water; 1 tablespoon honey; 3 tablespoon olive oil; 50 grams of flour; 1 tablespoon vinegar; 1 tablespoon butter"," White Cheese; Breadcrumbs;  potatoes;  Garlic ;  Tomato; Onion Chutney;  Onion; Arugula;  Zucchini; Water;  honey;  olive oil;    flour;  vinegar;  butter",0,0,"```json
{
  ""Remnants"": 0 grams
}
```",15,NA,0,NA,NA,NA,NA,NA,NA,NA,NA,NA,NA,NA,NA,NA,NA,NA,NA,NA,NA,NA,NA,NA,NA,NA,NA,NA,NA,NA,NA,"```json
{
  ""Remnants"": 0 grams
}
```",15,NA,0,NA,NA,NA,NA,NA,NA,NA,NA,NA,NA,NA,NA,NA,NA,NA,NA,NA,NA,NA,NA,NA,NA,NA,NA,NA,NA,NA,NA,"```json
{
  ""Remnants"": 0 grams
}
```",15,NA,0,NA,NA,NA,NA,NA,NA,NA,NA,NA,NA,NA,NA,NA,NA,NA,NA,NA,NA,NA,NA,NA,NA,NA,NA,NA,NA,NA,NA,"```json
{""Remnants"": 0}
```",15,NA,NA,NA,NA,NA,NA,NA,NA,NA,NA,NA,NA,NA,NA,NA,NA,NA,NA,NA,NA,NA,NA,NA,NA,NA,NA,NA,NA,NA,NA,"```json
{
  ""Remnants"": 0
}
```",15,NA,0,NA,NA,NA,NA,NA,NA,NA,NA,NA,NA,NA,NA,NA,NA,NA,NA,NA,NA,NA,NA,NA,NA,NA,NA,NA,NA,NA,NA,"```json
{
  ""Remnants"": 0
}
```",15,NA,0,NA,NA,NA,NA,NA,NA,NA,NA,NA,NA,NA,NA,NA,NA,NA,NA,NA,NA,NA,NA,NA,NA,NA,NA,NA,NA,NA,NA,"{ ""Remnants"": 0 grams }",15,NA,NA,NA,NA,NA,NA,NA,NA,NA,NA,NA,NA,NA,NA,NA,NA,NA,NA,NA,NA,NA,NA,NA,NA,NA,NA,NA,NA,NA,NA,"```json
{""Remnants"": 0 grams}
```",15,NA,NA,NA,NA,NA,NA,NA,NA,NA,NA,NA,NA,NA,NA,NA,NA,NA,NA,NA,NA,NA,NA,NA,NA,NA,NA,NA,NA,NA,NA,"```json
{
  ""Remnants"": 0 grams
}
```",15,NA,0,NA,NA,NA,NA,NA,NA,NA,NA,NA,NA,NA,NA,NA,NA,NA,NA,NA,NA,NA,NA,NA,NA,NA,NA,NA,NA,NA,NA,"```json
{
  ""Remnants"": 0 grams
}
```",15,NA,0,NA,NA,NA,NA,NA,NA,NA,NA,NA,NA,NA,NA,NA,NA,NA,NA,NA,NA,NA,NA,"```json
{
  ""Remnants"": 0
}
```",15,NA,0,NA,NA,NA,NA,NA,NA,NA,NA,NA,NA,NA,NA,NA,NA,"```json
{
  ""Remnants"": 0
}
```",15,NA,0,NA,NA,NA,NA,NA,NA,NA,NA,NA,NA,NA,NA,NA,NA,"```json
{
  ""Remnants"": 0
}
```",15,NA,0,NA,NA,NA,NA,NA,NA,NA,NA,NA,NA,NA,NA,NA,NA,"```json
{
  ""Remnants"": 0
}
```",15,NA,0,NA,NA,NA,NA,NA,NA,NA,NA,NA,NA,NA,NA,NA,NA,"```json
{
  ""Remnants"": 0
}
```",15,NA,0,NA,NA,NA,NA,NA,NA,NA,NA,NA,NA,NA,NA,NA,NA,0,0,0,0,0,0,0,0,0,0,0,0,0,0,0,0,0,0,0,0,0,0,0,0,0,0,0,0,0,0,0,0,0,0,0,0,0,0,0,0,0,0,0,0,0,0,0,0,0,0,0,0,0,0,0,0,0,0,0,0,0,0,0,0,0,0,0,0,0,0,0,0,0,0,0
"Breaded white cheese with rosemary","Erica","Wednesday","Kaas",3,"1","26.7",734,1044,310,"Gepaneerde witte kaas met rozemarijn","https://www.hellofresh.nl/recipes/gepaneerde-witte-kaas-met-krieltjes-658d7d8df9d1ffb514ddb5cc","Erica_Kaas_3_1.jpg",2,"cheese","bread(crumbs)","potatoes or fries","garlic","tomatoes","onion","onion","lettuce","zucchini","water or broth","sauce","fats or oils","flour","vinaigrette","fats or oils","200g White Cheese; 25g Breadcrumbs; 400g potatoes; 1  Garlic cloves; 1  Tomato; 80g Onion Chutney; 1  Onion; 60g Arugula; 1  Zucchini; 60ml Water; 1 tablespoon honey; 3 tablespoon olive oil; 50 grams of flour; 1 tablespoon vinegar; 1 tablespoon butter"," White Cheese; Breadcrumbs;  potatoes;  Garlic ;  Tomato; Onion Chutney;  Onion; Arugula;  Zucchini; Water;  honey;  olive oil;    flour;  vinegar;  butter",310,310,"```json
{
    ""White Cheese"": 15,
    ""Potatoes"": 50,
    ""Onion"": 10,
    ""Zucchini"": 15,
    ""Tomato"": 5,
    ""Arugula"": 5,
    ""Onion Chutney"": 5
}
```",16,"cheese",15,"potatoes or fries",50,"onion",10,"zucchini",15,"tomatoes",5,"lettuce",5,"onion",5,NA,NA,NA,NA,NA,NA,NA,NA,NA,NA,NA,NA,NA,NA,NA,NA,"```json
{
    ""White Cheese"": 15,
    ""Potatoes"": 50,
    ""Onion"": 10,
    ""Zucchini"": 15,
    ""Tomato"": 5,
    ""Arugula"": 5,
    ""Onion Chutney"": 5
}
```",16,"cheese",15,"potatoes or fries",50,"onion",10,"zucchini",15,"tomatoes",5,"lettuce",5,"onion",5,NA,NA,NA,NA,NA,NA,NA,NA,NA,NA,NA,NA,NA,NA,NA,NA,"```json
{
    ""White Cheese"": 15,
    ""Breadcrumbs"": 5,
    ""Potatoes"": 40,
    ""Garlic"": 2,
    ""Tomato"": 5,
    ""Onion Chutney"": 5,
    ""Onion"": 5,
    ""Arugula"": 3,
    ""Zucchini"": 10
}
```",16,"cheese",15,"bread(crumbs)",5,"potatoes or fries",40,"garlic",2,"tomatoes",5,"onion",5,"onion",5,"lettuce",3,"zucchini",10,NA,NA,NA,NA,NA,NA,NA,NA,NA,NA,NA,NA,"```json
{
    ""White Cheese"": 15,
    ""Breadcrumbs"": 5,
    ""Potatoes"": 40,
    ""Garlic"": 2,
    ""Tomato"": 5,
    ""Onion Chutney"": 5,
    ""Onion"": 5,
    ""Arugula"": 3,
    ""Zucchini"": 10
}
```",16,"cheese",15,"bread(crumbs)",5,"potatoes or fries",40,"garlic",2,"tomatoes",5,"onion",5,"onion",5,"lettuce",3,"zucchini",10,NA,NA,NA,NA,NA,NA,NA,NA,NA,NA,NA,NA,"```json
{
    ""White Cheese"": 15,
    ""Potatoes"": 40,
    ""Onion"": 10,
    ""Zucchini"": 15,
    ""Tomato"": 5,
    ""Remnants"": 0
}
```",16,"cheese",15,"potatoes or fries",40,"onion",10,"zucchini",15,"tomatoes",5,NA,0,NA,NA,NA,NA,NA,NA,NA,NA,NA,NA,NA,NA,NA,NA,NA,NA,NA,NA,"```json
{
    ""White Cheese"": 30,
    ""Potatoes"": 100,
    ""Zucchini"": 20,
    ""Tomato"": 10,
    ""Onion"": 10
}
```",16,"cheese",30,"potatoes or fries",100,"zucchini",20,"tomatoes",10,"onion",10,NA,NA,NA,NA,NA,NA,NA,NA,NA,NA,NA,NA,NA,NA,NA,NA,NA,NA,NA,NA,"```json
{
    ""White Cheese"": 20,
    ""Potatoes"": 50,
    ""Zucchini"": 15,
    ""Tomato"": 10,
    ""Onion"": 10,
    ""Onion Chutney"": 5,
    ""Arugula"": 5
}
```",16,"cheese",20,"potatoes or fries",50,"zucchini",15,"tomatoes",10,"onion",10,"onion",5,"lettuce",5,NA,NA,NA,NA,NA,NA,NA,NA,NA,NA,NA,NA,NA,NA,NA,NA,"```json
{
    ""White Cheese"": 20,
    ""Potatoes"": 80,
    ""Zucchini"": 30,
    ""Tomato"": 10,
    ""Onion"": 10
}
```",16,"cheese",20,"potatoes or fries",80,"zucchini",30,"tomatoes",10,"onion",10,NA,NA,NA,NA,NA,NA,NA,NA,NA,NA,NA,NA,NA,NA,NA,NA,NA,NA,NA,NA,"```json
{
    ""White Cheese"": 20,
    ""Potatoes"": 80,
    ""Zucchini"": 15,
    ""Tomato"": 10,
    ""Onion"": 10
}
```",16,"cheese",20,"potatoes or fries",80,"zucchini",15,"tomatoes",10,"onion",10,NA,NA,NA,NA,NA,NA,NA,NA,NA,NA,NA,NA,NA,NA,NA,NA,NA,NA,NA,NA,"```json
{
    ""White Cheese"": 20,
    ""Potatoes"": 80,
    ""Zucchini"": 30,
    ""Tomato"": 10,
    ""Onion"": 10,
    ""Remnants"": 0
}
```",16,"cheese",20,"potatoes or fries",80,"zucchini",30,"tomatoes",10,"onion",10,NA,0,NA,NA,NA,NA,NA,NA,NA,NA,NA,NA,"```json
{
  ""Potatoes"": 50,
  ""Zucchini"": 20,
  ""Onions"": 10,
  ""Red Peppers"": 5,
  ""Breaded White Cheese"": 15
}
```",16,"potatoes or fries",50,"zucchini",20,"onion",10,"peppers",5,"bread(crumbs)",15,NA,NA,NA,NA,NA,NA,"I can't identify people or specific items like branded products, but I can describe the visible ingredients on the plate:

```json
{
  ""potatoes"": 50,
  ""zucchini"": 20,
  ""onions"": 10,
  ""red peppers"": 5,
  ""breaded cheese"": 15
}
```",16,"potatoes or fries",50,"zucchini",20,"onion",10,"peppers",5,"bread(crumbs)",15,NA,NA,NA,NA,NA,NA,"I can't identify people or specific items like branded products or specific types of cheese. However, I can describe the visible ingredients on the plate:

```json
{
  ""potatoes"": 50,
  ""zucchini"": 20,
  ""onions"": 10,
  ""red peppers"": 5,
  ""breaded cheese"": 15
}
```",16,"potatoes or fries",50,"zucchini",20,"onion",10,"peppers",5,"bread(crumbs)",15,NA,NA,NA,NA,NA,NA,"```json
{
  ""potatoes"": 50,
  ""zucchini"": 20,
  ""onions"": 10,
  ""red peppers"": 5,
  ""breaded white cheese"": 15
}
```",16,"potatoes or fries",50,"zucchini",20,"onion",10,"peppers",5,"bread(crumbs)",15,NA,NA,NA,NA,NA,NA,"I can't identify people or specific items like branded products, but I can describe the visible ingredients on the plate:

```json
{
  ""potatoes"": 50,
  ""zucchini"": 20,
  ""onions"": 10,
  ""red peppers"": 5,
  ""breaded cheese"": 15
}
```",16,"potatoes or fries",50,"zucchini",20,"onion",10,"peppers",5,"bread(crumbs)",15,NA,NA,NA,NA,NA,NA,105,205,205,105,205,205,90,220,220,90,220,220,85,225,225,170,140,140,115,195,195,150,160,160,135,175,175,150,160,160,100,210,210,100,210,210,100,210,210,100,210,210,100,210,210,6,0,6,0,8,0,8,0,5,0,5,0,6,0,5,0,5,0,5,0,4,1,4,1,4,1,4,1,4,1
"Breaded white cheese with rosemary","Erica","Wednesday","Kaas",1,"2","26.7",722,879,157,"Gepaneerde witte kaas met rozemarijn","https://www.hellofresh.nl/recipes/gepaneerde-witte-kaas-met-krieltjes-658d7d8df9d1ffb514ddb5cc","Erica_Kaas_1_2.jpg",2,"cheese","bread(crumbs)","potatoes or fries","garlic","tomatoes","onion","onion","lettuce","zucchini","water or broth","sauce","fats or oils","flour","vinaigrette","fats or oils","200g White Cheese; 25g Breadcrumbs; 400g potatoes; 1  Garlic cloves; 1  Tomato; 80g Onion Chutney; 1  Onion; 60g Arugula; 1  Zucchini; 60ml Water; 1 tablespoon honey; 3 tablespoon olive oil; 50 grams of flour; 1 tablespoon vinegar; 1 tablespoon butter"," White Cheese; Breadcrumbs;  potatoes;  Garlic ;  Tomato; Onion Chutney;  Onion; Arugula;  Zucchini; Water;  honey;  olive oil;    flour;  vinegar;  butter",157,157,"```json
{
    ""White Cheese"": 20,
    ""Breadcrumbs"": 5,
    ""Potatoes"": 80,
    ""Garlic"": 2,
    ""Tomato"": 30,
    ""Onion Chutney"": 10,
    ""Onion"": 5,
    ""Arugula"": 10,
    ""Zucchini"": 25,
    ""Water"": 0,
    ""Honey"": 0,
    ""Olive Oil"": 5,
    ""Flour"": 0,
    ""Vinegar"": 0,
    ""Butter"": 0
}
```",11,"cheese",20,"bread(crumbs)",5,"potatoes or fries",80,"garlic",2,"tomatoes",30,"onion",10,"onion",5,"lettuce",10,"zucchini",25,"water or broth",0,"sauce",0,"fats or oils",5,"flour",0,"vinaigrette",0,"fats or oils",0,"```json
{
    ""White Cheese"": 20,
    ""Breadcrumbs"": 5,
    ""Potatoes"": 80,
    ""Garlic"": 2,
    ""Tomato"": 30,
    ""Onion Chutney"": 0,
    ""Onion"": 5,
    ""Arugula"": 10,
    ""Zucchini"": 25,
    ""Water"": 0,
    ""Honey"": 0,
    ""Olive Oil"": 5,
    ""Flour"": 0,
    ""Vinegar"": 0,
    ""Butter"": 0
}
```",11,"cheese",20,"bread(crumbs)",5,"potatoes or fries",80,"garlic",2,"tomatoes",30,"onion",0,"onion",5,"lettuce",10,"zucchini",25,"water or broth",0,"sauce",0,"fats or oils",5,"flour",0,"vinaigrette",0,"fats or oils",0,"```json
{
    ""White Cheese"": 20,
    ""Breadcrumbs"": 5,
    ""Potatoes"": 80,
    ""Garlic"": 2,
    ""Tomato"": 30,
    ""Onion Chutney"": 10,
    ""Onion"": 5,
    ""Arugula"": 10,
    ""Zucchini"": 25,
    ""Water"": 0,
    ""Honey"": 0,
    ""Olive Oil"": 5,
    ""Flour"": 0,
    ""Vinegar"": 0,
    ""Butter"": 0
}
```",11,"cheese",20,"bread(crumbs)",5,"potatoes or fries",80,"garlic",2,"tomatoes",30,"onion",10,"onion",5,"lettuce",10,"zucchini",25,"water or broth",0,"sauce",0,"fats or oils",5,"flour",0,"vinaigrette",0,"fats or oils",0,"```json
{
    ""White Cheese"": 20,
    ""Breadcrumbs"": 5,
    ""Potatoes"": 80,
    ""Garlic"": 5,
    ""Tomato"": 30,
    ""Onion Chutney"": 10,
    ""Onion"": 10,
    ""Arugula"": 10,
    ""Zucchini"": 40,
    ""Water"": 0,
    ""Honey"": 0,
    ""Olive Oil"": 5,
    ""Flour"": 0,
    ""Vinegar"": 0,
    ""Butter"": 0
}
```",11,"cheese",20,"bread(crumbs)",5,"potatoes or fries",80,"garlic",5,"tomatoes",30,"onion",10,"onion",10,"lettuce",10,"zucchini",40,"water or broth",0,"sauce",0,"fats or oils",5,"flour",0,"vinaigrette",0,"fats or oils",0,"```json
{
    ""White Cheese"": 20,
    ""Breadcrumbs"": 5,
    ""Potatoes"": 100,
    ""Garlic"": 5,
    ""Tomato"": 30,
    ""Onion Chutney"": 10,
    ""Onion"": 10,
    ""Arugula"": 10,
    ""Zucchini"": 40,
    ""Water"": 0,
    ""Honey"": 0,
    ""Olive Oil"": 5,
    ""Flour"": 0,
    ""Vinegar"": 0,
    ""Butter"": 0
}
```",11,"cheese",20,"bread(crumbs)",5,"potatoes or fries",100,"garlic",5,"tomatoes",30,"onion",10,"onion",10,"lettuce",10,"zucchini",40,"water or broth",0,"sauce",0,"fats or oils",5,"flour",0,"vinaigrette",0,"fats or oils",0,"```json
{
    ""White Cheese"": 30,
    ""Breadcrumbs"": 5,
    ""Potatoes"": 100,
    ""Tomato"": 50,
    ""Arugula"": 10,
    ""Zucchini"": 40
}
```",11,"cheese",30,"bread(crumbs)",5,"potatoes or fries",100,"tomatoes",50,"lettuce",10,"zucchini",40,NA,NA,NA,NA,NA,NA,NA,NA,NA,NA,NA,NA,NA,NA,NA,NA,NA,NA,"```json
{
    ""White Cheese"": 30,
    ""Breadcrumbs"": 5,
    ""Potatoes"": 150,
    ""Tomato"": 50,
    ""Arugula"": 10,
    ""Zucchini"": 40
}
```",11,"cheese",30,"bread(crumbs)",5,"potatoes or fries",150,"tomatoes",50,"lettuce",10,"zucchini",40,NA,NA,NA,NA,NA,NA,NA,NA,NA,NA,NA,NA,NA,NA,NA,NA,NA,NA,"```json
{
    ""White Cheese"": 30,
    ""Breadcrumbs"": 5,
    ""Potatoes"": 150,
    ""Tomato"": 40,
    ""Arugula"": 10,
    ""Zucchini"": 50
}
```",11,"cheese",30,"bread(crumbs)",5,"potatoes or fries",150,"tomatoes",40,"lettuce",10,"zucchini",50,NA,NA,NA,NA,NA,NA,NA,NA,NA,NA,NA,NA,NA,NA,NA,NA,NA,NA,"```json
{
    ""White Cheese"": 30,
    ""Breadcrumbs"": 5,
    ""Potatoes"": 150,
    ""Tomato"": 50,
    ""Arugula"": 10,
    ""Zucchini"": 40
}
```",11,"cheese",30,"bread(crumbs)",5,"potatoes or fries",150,"tomatoes",50,"lettuce",10,"zucchini",40,NA,NA,NA,NA,NA,NA,NA,NA,NA,NA,NA,NA,NA,NA,NA,NA,NA,NA,"```json
{
    ""White Cheese"": 30,
    ""Breadcrumbs"": 5,
    ""Potatoes"": 100,
    ""Tomato"": 50,
    ""Arugula"": 10,
    ""Zucchini"": 40
}
```",11,"cheese",30,"bread(crumbs)",5,"potatoes or fries",100,"tomatoes",50,"lettuce",10,"zucchini",40,NA,NA,NA,NA,NA,NA,NA,NA,NA,NA,"I can't identify specific ingredients like breaded cheese or rosemary, but here's an estimate of the visible ingredients:

```json
{
    ""Cherry Tomatoes"": 30,
    ""Zucchini"": 40,
    ""Arugula"": 10,
    ""Baby Potatoes"": 60,
    ""White Cheese"": 20
}
```",11,"tomatoes",30,"zucchini",40,"lettuce",10,"potatoes or fries",60,"cheese",20,NA,NA,NA,NA,NA,NA,"I can't identify specific ingredients like breaded cheese with rosemary, but here's what I can see:

```json
{
  ""cherry_tomatoes"": 30,
  ""zucchini_ribbons"": 40,
  ""arugula"": 10,
  ""baby_potatoes"": 60,
  ""white_cheese"": 20
}
```",11,"tomatoes",30,"zucchini",40,"lettuce",10,"potatoes or fries",60,"cheese",20,NA,NA,NA,NA,NA,NA,"```json
{
  ""Tomatoes"": 30,
  ""Zucchini"": 25,
  ""Arugula"": 10,
  ""Yellow Potatoes"": 50,
  ""White Cheese"": 20,
  ""Remnants"": 5
}
```",11,"tomatoes",30,"zucchini",25,"lettuce",10,"potatoes or fries",50,"cheese",20,NA,5,NA,NA,NA,NA,"```json
{
  ""Tomatoes"": 30,
  ""Zucchini"": 40,
  ""Arugula"": 10,
  ""Yellow Potatoes"": 70,
  ""White Cheese"": 20,
  ""Cucumber"": 20
}
```",11,"tomatoes",30,"zucchini",40,"lettuce",10,"potatoes or fries",70,"cheese",20,"cucumbers",20,NA,NA,NA,NA,"I can't identify people or specific details like the type of cheese, but I can describe the visible ingredients on the plate:

```json
{
    ""Tomatoes"": 50,
    ""Zucchini"": 40,
    ""Arugula"": 10,
    ""Potatoes"": 80,
    ""White Cheese"": 30
}
```",11,"tomatoes",50,"zucchini",40,"lettuce",10,"potatoes or fries",80,"cheese",30,NA,NA,NA,NA,NA,NA,192,-35,35,182,-25,25,192,-35,35,215,-58,58,235,-78,78,235,-78,78,285,-128,128,285,-128,128,285,-128,128,235,-78,78,160,-3,3,160,-3,3,140,17,17,190,-33,33,210,-53,53,13,0,13,0,13,0,13,0,13,0,6,0,6,0,6,0,6,0,6,0,5,0,5,0,5,0,5,1,5,0
"Breaded white cheese with rosemary","Erica","Wednesday","Kaas",1,"3","26.7",722,722,0,"Gepaneerde witte kaas met rozemarijn","https://www.hellofresh.nl/recipes/gepaneerde-witte-kaas-met-krieltjes-658d7d8df9d1ffb514ddb5cc","Erica_Kaas_1_3.jpg",2,"cheese","bread(crumbs)","potatoes or fries","garlic","tomatoes","onion","onion","lettuce","zucchini","water or broth","sauce","fats or oils","flour","vinaigrette","fats or oils","200g White Cheese; 25g Breadcrumbs; 400g potatoes; 1  Garlic cloves; 1  Tomato; 80g Onion Chutney; 1  Onion; 60g Arugula; 1  Zucchini; 60ml Water; 1 tablespoon honey; 3 tablespoon olive oil; 50 grams of flour; 1 tablespoon vinegar; 1 tablespoon butter"," White Cheese; Breadcrumbs;  potatoes;  Garlic ;  Tomato; Onion Chutney;  Onion; Arugula;  Zucchini; Water;  honey;  olive oil;    flour;  vinegar;  butter",0,0,"```json
{
  ""Remnants"": 0 grams
}
```",12,NA,0,NA,NA,NA,NA,NA,NA,NA,NA,NA,NA,NA,NA,NA,NA,NA,NA,NA,NA,NA,NA,NA,NA,NA,NA,NA,NA,NA,NA,"```json
{
  ""Remnants"": 0 grams
}
```",12,NA,0,NA,NA,NA,NA,NA,NA,NA,NA,NA,NA,NA,NA,NA,NA,NA,NA,NA,NA,NA,NA,NA,NA,NA,NA,NA,NA,NA,NA,"```json
{
  ""Remnants"": 0
}
```",12,NA,0,NA,NA,NA,NA,NA,NA,NA,NA,NA,NA,NA,NA,NA,NA,NA,NA,NA,NA,NA,NA,NA,NA,NA,NA,NA,NA,NA,NA,"```json
{
  ""Remnants"": 0
}
```",12,NA,0,NA,NA,NA,NA,NA,NA,NA,NA,NA,NA,NA,NA,NA,NA,NA,NA,NA,NA,NA,NA,NA,NA,NA,NA,NA,NA,NA,NA,"```json
{
  ""Remnants"": 0
}
```",12,NA,0,NA,NA,NA,NA,NA,NA,NA,NA,NA,NA,NA,NA,NA,NA,NA,NA,NA,NA,NA,NA,NA,NA,NA,NA,NA,NA,NA,NA,"```json
{
  ""Remnants"": 0
}
```",12,NA,0,NA,NA,NA,NA,NA,NA,NA,NA,NA,NA,NA,NA,NA,NA,NA,NA,NA,NA,NA,NA,NA,NA,NA,NA,NA,NA,NA,NA,"```json
{
  ""Remnants"": 0
}
```",12,NA,0,NA,NA,NA,NA,NA,NA,NA,NA,NA,NA,NA,NA,NA,NA,NA,NA,NA,NA,NA,NA,NA,NA,NA,NA,NA,NA,NA,NA,"```json
{
  ""Remnants"": 0
}
```",12,NA,0,NA,NA,NA,NA,NA,NA,NA,NA,NA,NA,NA,NA,NA,NA,NA,NA,NA,NA,NA,NA,NA,NA,NA,NA,NA,NA,NA,NA,"```json
{""Remnants"": 0 grams}
```",12,NA,NA,NA,NA,NA,NA,NA,NA,NA,NA,NA,NA,NA,NA,NA,NA,NA,NA,NA,NA,NA,NA,NA,NA,NA,NA,NA,NA,NA,NA,"```json
{""Remnants"": 0 grams}
```",12,NA,NA,NA,NA,NA,NA,NA,NA,NA,NA,NA,NA,NA,NA,NA,NA,NA,NA,NA,NA,NA,NA,"```json
{
  ""Remnants"": 0
}
```",12,NA,0,NA,NA,NA,NA,NA,NA,NA,NA,NA,NA,NA,NA,NA,NA,"```json
{
  ""Remnants"": 0
}
```",12,NA,0,NA,NA,NA,NA,NA,NA,NA,NA,NA,NA,NA,NA,NA,NA,"```json
{
  ""Remnants"": 0
}
```",12,NA,0,NA,NA,NA,NA,NA,NA,NA,NA,NA,NA,NA,NA,NA,NA,"```json
{
  ""Remnants"": 0
}
```",12,NA,0,NA,NA,NA,NA,NA,NA,NA,NA,NA,NA,NA,NA,NA,NA,"```json
{
  ""Remnants"": 0
}
```",12,NA,0,NA,NA,NA,NA,NA,NA,NA,NA,NA,NA,NA,NA,NA,NA,0,0,0,0,0,0,0,0,0,0,0,0,0,0,0,0,0,0,0,0,0,0,0,0,0,0,0,0,0,0,0,0,0,0,0,0,0,0,0,0,0,0,0,0,0,0,0,0,0,0,0,0,0,0,0,0,0,0,0,0,0,0,0,0,0,0,0,0,0,0,0,0,0,0,0
"Breaded white cheese with rosemary","Erica","Wednesday","Kaas",3,"2","26.7",734,967,233,"Gepaneerde witte kaas met rozemarijn","https://www.hellofresh.nl/recipes/gepaneerde-witte-kaas-met-krieltjes-658d7d8df9d1ffb514ddb5cc","Erica_Kaas_3_2.jpg",2,"cheese","bread(crumbs)","potatoes or fries","garlic","tomatoes","onion","onion","lettuce","zucchini","water or broth","sauce","fats or oils","flour","vinaigrette","fats or oils","200g White Cheese; 25g Breadcrumbs; 400g potatoes; 1  Garlic cloves; 1  Tomato; 80g Onion Chutney; 1  Onion; 60g Arugula; 1  Zucchini; 60ml Water; 1 tablespoon honey; 3 tablespoon olive oil; 50 grams of flour; 1 tablespoon vinegar; 1 tablespoon butter"," White Cheese; Breadcrumbs;  potatoes;  Garlic ;  Tomato; Onion Chutney;  Onion; Arugula;  Zucchini; Water;  honey;  olive oil;    flour;  vinegar;  butter",233,233,"```json
{
    ""White Cheese"": 10,
    ""Breadcrumbs"": 5,
    ""Potatoes"": 50,
    ""Garlic"": 2,
    ""Tomato"": 20,
    ""Onion Chutney"": 5,
    ""Onion"": 5,
    ""Arugula"": 5,
    ""Zucchini"": 10
}
```",17,"cheese",10,"bread(crumbs)",5,"potatoes or fries",50,"garlic",2,"tomatoes",20,"onion",5,"onion",5,"lettuce",5,"zucchini",10,NA,NA,NA,NA,NA,NA,NA,NA,NA,NA,NA,NA,"```json
{
    ""White Cheese"": 10,
    ""Breadcrumbs"": 5,
    ""Potatoes"": 60,
    ""Garlic"": 2,
    ""Tomato"": 20,
    ""Onion Chutney"": 5,
    ""Onion"": 5,
    ""Arugula"": 5,
    ""Zucchini"": 10
}
```",17,"cheese",10,"bread(crumbs)",5,"potatoes or fries",60,"garlic",2,"tomatoes",20,"onion",5,"onion",5,"lettuce",5,"zucchini",10,NA,NA,NA,NA,NA,NA,NA,NA,NA,NA,NA,NA,"```json
{
    ""White Cheese"": 10,
    ""Breadcrumbs"": 5,
    ""Potatoes"": 60,
    ""Garlic"": 2,
    ""Tomato"": 20,
    ""Onion Chutney"": 5,
    ""Onion"": 5,
    ""Arugula"": 5,
    ""Zucchini"": 10
}
```",17,"cheese",10,"bread(crumbs)",5,"potatoes or fries",60,"garlic",2,"tomatoes",20,"onion",5,"onion",5,"lettuce",5,"zucchini",10,NA,NA,NA,NA,NA,NA,NA,NA,NA,NA,NA,NA,"```json
{
    ""White Cheese"": 10,
    ""Breadcrumbs"": 5,
    ""Potatoes"": 60,
    ""Garlic"": 2,
    ""Tomato"": 20,
    ""Onion Chutney"": 5,
    ""Onion"": 5,
    ""Arugula"": 5,
    ""Zucchini"": 10
}
```",17,"cheese",10,"bread(crumbs)",5,"potatoes or fries",60,"garlic",2,"tomatoes",20,"onion",5,"onion",5,"lettuce",5,"zucchini",10,NA,NA,NA,NA,NA,NA,NA,NA,NA,NA,NA,NA,"```json
{
    ""White Cheese"": 10,
    ""Breadcrumbs"": 5,
    ""Potatoes"": 60,
    ""Garlic"": 2,
    ""Tomato"": 20,
    ""Onion Chutney"": 5,
    ""Onion"": 5,
    ""Arugula"": 5,
    ""Zucchini"": 10
}
```",17,"cheese",10,"bread(crumbs)",5,"potatoes or fries",60,"garlic",2,"tomatoes",20,"onion",5,"onion",5,"lettuce",5,"zucchini",10,NA,NA,NA,NA,NA,NA,NA,NA,NA,NA,NA,NA,"```json
{
    ""Potatoes"": 100,
    ""Tomato"": 30,
    ""Zucchini"": 20,
    ""White Cheese"": 10,
    ""Arugula"": 5,
    ""Remnants"": 0
}
```",17,"potatoes or fries",100,"tomatoes",30,"zucchini",20,"cheese",10,"lettuce",5,NA,0,NA,NA,NA,NA,NA,NA,NA,NA,NA,NA,NA,NA,NA,NA,NA,NA,NA,NA,"```json
{
    ""Potatoes"": 100,
    ""Tomato"": 30,
    ""Zucchini"": 20,
    ""White Cheese"": 10,
    ""Arugula"": 5,
    ""Remnants"": 0
}
```",17,"potatoes or fries",100,"tomatoes",30,"zucchini",20,"cheese",10,"lettuce",5,NA,0,NA,NA,NA,NA,NA,NA,NA,NA,NA,NA,NA,NA,NA,NA,NA,NA,NA,NA,"```json
{
    ""Potatoes"": 100,
    ""Tomato"": 30,
    ""Zucchini"": 20,
    ""White Cheese"": 10,
    ""Arugula"": 5,
    ""Breadcrumbs"": 5,
    ""Remnants"": 0
}
```",17,"potatoes or fries",100,"tomatoes",30,"zucchini",20,"cheese",10,"lettuce",5,"bread(crumbs)",5,NA,0,NA,NA,NA,NA,NA,NA,NA,NA,NA,NA,NA,NA,NA,NA,NA,NA,"```json
{
    ""Potatoes"": 100,
    ""Tomato"": 30,
    ""Zucchini"": 20,
    ""White Cheese"": 10,
    ""Arugula"": 5,
    ""Remnants"": 0
}
```",17,"potatoes or fries",100,"tomatoes",30,"zucchini",20,"cheese",10,"lettuce",5,NA,0,NA,NA,NA,NA,NA,NA,NA,NA,NA,NA,NA,NA,NA,NA,NA,NA,NA,NA,"```json
{
    ""White Cheese"": 10,
    ""Breadcrumbs"": 5,
    ""Potatoes"": 100,
    ""Garlic"": 1,
    ""Tomato"": 30,
    ""Onion Chutney"": 5,
    ""Onion"": 10,
    ""Arugula"": 5,
    ""Zucchini"": 15
}
```",17,"cheese",10,"bread(crumbs)",5,"potatoes or fries",100,"garlic",1,"tomatoes",30,"onion",5,"onion",10,"lettuce",5,"zucchini",15,NA,NA,NA,NA,"I can't identify specific ingredients like breaded cheese or rosemary in images. However, I can see some small potatoes, tomato pieces, cucumber slices, arugula, and what appears to be some white cheese. If you need more specific details, let me know!",17,NA,NA,NA,NA,NA,NA,NA,NA,NA,NA,NA,NA,NA,NA,NA,NA,"I can't identify specific ingredients like breaded cheese or rosemary in images. However, I can see some potatoes, tomatoes, cucumber slices, arugula, and what appears to be some white cheese on the plate. If you need more specific information, let me know!",17,NA,NA,NA,NA,NA,NA,NA,NA,NA,NA,NA,NA,NA,NA,NA,NA,"I can't identify specific ingredients like breaded cheese or herbs, but here's an estimate of the visible ingredients:

```json
{
    ""Potatoes"": 60,
    ""Tomato"": 30,
    ""Cucumber"": 15,
    ""Arugula"": 5,
    ""White Cheese"": 10
}
```",17,"potatoes or fries",60,"tomatoes",30,"cucumbers",15,"lettuce",5,"cheese",10,NA,NA,NA,NA,NA,NA,"I can't identify specific ingredients like breaded cheese or rosemary in images. However, I can see some small potatoes, tomato pieces, cucumber slices, arugula, and what appears to be some white cheese. If you need more specific information, let me know!",17,NA,NA,NA,NA,NA,NA,NA,NA,NA,NA,NA,NA,NA,NA,NA,NA,"I can't identify specific ingredients like breaded cheese or herbs in images. However, I can see some small potatoes, tomato pieces, cucumber slices, arugula, and what appears to be some white cheese. If you need more specific information, let me know!",17,NA,NA,NA,NA,NA,NA,NA,NA,NA,NA,NA,NA,NA,NA,NA,NA,112,121,121,122,111,111,122,111,111,122,111,111,122,111,111,165,68,68,165,68,68,170,63,63,165,68,68,181,52,52,NA,233,233,NA,233,233,120,113,113,NA,233,233,NA,233,233,8,0,8,0,8,0,8,0,8,0,5,0,5,0,6,0,5,0,8,0,0,0,0,0,4,1,0,0,0,0
"Breaded white cheese with rosemary","Erica","Wednesday","Kaas",3,"3","26.7",734,738,4,"Gepaneerde witte kaas met rozemarijn","https://www.hellofresh.nl/recipes/gepaneerde-witte-kaas-met-krieltjes-658d7d8df9d1ffb514ddb5cc","Erica_Kaas_3_3.jpg",2,"cheese","bread(crumbs)","potatoes or fries","garlic","tomatoes","onion","onion","lettuce","zucchini","water or broth","sauce","fats or oils","flour","vinaigrette","fats or oils","200g White Cheese; 25g Breadcrumbs; 400g potatoes; 1  Garlic cloves; 1  Tomato; 80g Onion Chutney; 1  Onion; 60g Arugula; 1  Zucchini; 60ml Water; 1 tablespoon honey; 3 tablespoon olive oil; 50 grams of flour; 1 tablespoon vinegar; 1 tablespoon butter"," White Cheese; Breadcrumbs;  potatoes;  Garlic ;  Tomato; Onion Chutney;  Onion; Arugula;  Zucchini; Water;  honey;  olive oil;    flour;  vinegar;  butter",4,4,"```json
{
    ""Remnants"": 0 grams
}
```",18,NA,0,NA,NA,NA,NA,NA,NA,NA,NA,NA,NA,NA,NA,NA,NA,NA,NA,NA,NA,NA,NA,NA,NA,NA,NA,NA,NA,NA,NA,"```json
{
  ""Remnants"": 0 grams
}
```",18,NA,0,NA,NA,NA,NA,NA,NA,NA,NA,NA,NA,NA,NA,NA,NA,NA,NA,NA,NA,NA,NA,NA,NA,NA,NA,NA,NA,NA,NA,"```json
{
  ""Remnants"": 0 grams
}
```",18,NA,0,NA,NA,NA,NA,NA,NA,NA,NA,NA,NA,NA,NA,NA,NA,NA,NA,NA,NA,NA,NA,NA,NA,NA,NA,NA,NA,NA,NA,"```json
{
  ""Remnants"": 0 grams
}
```",18,NA,0,NA,NA,NA,NA,NA,NA,NA,NA,NA,NA,NA,NA,NA,NA,NA,NA,NA,NA,NA,NA,NA,NA,NA,NA,NA,NA,NA,NA,"```json
{
  ""Remnants"": 0 grams
}
```",18,NA,0,NA,NA,NA,NA,NA,NA,NA,NA,NA,NA,NA,NA,NA,NA,NA,NA,NA,NA,NA,NA,NA,NA,NA,NA,NA,NA,NA,NA,"```json
{
  ""Remnants"": 0 grams
}
```",18,NA,0,NA,NA,NA,NA,NA,NA,NA,NA,NA,NA,NA,NA,NA,NA,NA,NA,NA,NA,NA,NA,NA,NA,NA,NA,NA,NA,NA,NA,"```json
{
  ""Remnants"": 0 grams
}
```",18,NA,0,NA,NA,NA,NA,NA,NA,NA,NA,NA,NA,NA,NA,NA,NA,NA,NA,NA,NA,NA,NA,NA,NA,NA,NA,NA,NA,NA,NA,"```json
{
  ""Remnants"": 0 grams
}
```",18,NA,0,NA,NA,NA,NA,NA,NA,NA,NA,NA,NA,NA,NA,NA,NA,NA,NA,NA,NA,NA,NA,NA,NA,NA,NA,NA,NA,NA,NA,"```json
{
  ""Remnants"": 0
}
```",18,NA,0,NA,NA,NA,NA,NA,NA,NA,NA,NA,NA,NA,NA,NA,NA,NA,NA,NA,NA,NA,NA,NA,NA,NA,NA,NA,NA,NA,NA,"```json
{
  ""Remnants"": 0 grams
}
```",18,NA,0,NA,NA,NA,NA,NA,NA,NA,NA,NA,NA,NA,NA,NA,NA,NA,NA,NA,NA,NA,NA,"```json
{""Remnants"": 0 grams}
```",18,NA,NA,NA,NA,NA,NA,NA,NA,NA,NA,NA,NA,NA,NA,NA,NA,"{ ""Remnants"": 0 grams }",18,NA,NA,NA,NA,NA,NA,NA,NA,NA,NA,NA,NA,NA,NA,NA,NA,"```json
{""Remnants"": 0 grams}
```",18,NA,NA,NA,NA,NA,NA,NA,NA,NA,NA,NA,NA,NA,NA,NA,NA,"{ ""Remnants"": 0 grams }",18,NA,NA,NA,NA,NA,NA,NA,NA,NA,NA,NA,NA,NA,NA,NA,NA,"{ ""Remnants"": 0 grams }",18,NA,NA,NA,NA,NA,NA,NA,NA,NA,NA,NA,NA,NA,NA,NA,NA,0,4,4,0,4,4,0,4,4,0,4,4,0,4,4,0,4,4,0,4,4,0,4,4,0,4,4,0,4,4,0,4,4,0,4,4,0,4,4,0,4,4,0,4,4,0,0,0,0,0,0,0,0,0,0,0,0,0,0,0,0,0,0,0,0,0,0,0,0,0,0,0,0,0,0
"chicken with apricot curry sauce served with baked potatoes and fluffy rice","Nina","45582","ChickenCranberryCurrySauce",1,"50-30%","26.6",575,669,94,"chicken with apricot curry sauce served with baked potatoes and fluffy rice","https://www.hellofresh.de/recipes/hahnchen-mit-aprikosen-curry-sosse-65d86c68700746d2fe51fc64","Nina_Day1_Chicken1_50.jpg",4,"poultry","garlic","rice","onion","root vegetables","herbs","dried fruits","sauce","water or broth","fats or oils","fats or oils","spices",NA,NA,NA,"500g Chicken Breast; 12 Garlic cloves; 300g Rice; 2  Shallot; 8  Carrot; 10g Parsley; 40g Apricots; 100g Apricot Chutney; 900ml Water; 6 tablespoon  oil; 4 tablespoon butter; 8g spices mix"," Chicken Breast;  Garlic ;  Rice;  Shallot;  Carrot; Parsley; Apricots;  Apricot Chutney; Water;   oil;  butter;  spices mix",94,94,"```json
{
    ""Chicken Breast"": 20,
    ""Rice"": 30,
    ""Carrot"": 15,
    ""Parsley"": 2,
    ""Apricots"": 5,
    ""Apricot Chutney"": 5,
    ""Remnants"": 0
}
```",72,"poultry",20,"rice",30,"root vegetables",15,"herbs",2,"dried fruits",5,"sauce",5,NA,0,NA,NA,NA,NA,NA,NA,NA,NA,NA,NA,NA,NA,NA,NA,NA,NA,"```json
{
    ""Chicken Breast"": 20,
    ""Rice"": 30,
    ""Carrot"": 15,
    ""Parsley"": 2,
    ""Apricots"": 5,
    ""Apricot Chutney"": 5,
    ""Remnants"": 0
}
```",72,"poultry",20,"rice",30,"root vegetables",15,"herbs",2,"dried fruits",5,"sauce",5,NA,0,NA,NA,NA,NA,NA,NA,NA,NA,NA,NA,NA,NA,NA,NA,NA,NA,"```json
{
    ""Chicken Breast"": 20,
    ""Garlic"": 0,
    ""Rice"": 30,
    ""Shallot"": 0,
    ""Carrot"": 15,
    ""Parsley"": 1,
    ""Apricots"": 0,
    ""Apricot Chutney"": 5,
    ""Water"": 0,
    ""Oil"": 0,
    ""Butter"": 0,
    ""Spices Mix"": 0
}
```",72,"poultry",20,"garlic",0,"rice",30,"onion",0,"root vegetables",15,"herbs",1,"dried fruits",0,"sauce",5,"water or broth",0,"fats or oils",0,"fats or oils",0,"spices",0,NA,NA,NA,NA,NA,NA,"```json
{
    ""Chicken Breast"": 20,
    ""Rice"": 30,
    ""Carrot"": 15,
    ""Parsley"": 2,
    ""Apricots"": 5,
    ""Apricot Chutney"": 5,
    ""Remnants"": 0
}
```",72,"poultry",20,"rice",30,"root vegetables",15,"herbs",2,"dried fruits",5,"sauce",5,NA,0,NA,NA,NA,NA,NA,NA,NA,NA,NA,NA,NA,NA,NA,NA,NA,NA,"```json
{
    ""Chicken Breast"": 20,
    ""Rice"": 30,
    ""Carrot"": 15,
    ""Parsley"": 2,
    ""Apricots"": 5,
    ""Apricot Chutney"": 5,
    ""Remnants"": 0
}
```",72,"poultry",20,"rice",30,"root vegetables",15,"herbs",2,"dried fruits",5,"sauce",5,NA,0,NA,NA,NA,NA,NA,NA,NA,NA,NA,NA,NA,NA,NA,NA,NA,NA,"```json
{
    ""Chicken Breast"": 30,
    ""Rice"": 40,
    ""Carrot"": 20,
    ""Parsley"": 2,
    ""Apricot Chutney"": 5
}
```",72,"poultry",30,"rice",40,"root vegetables",20,"herbs",2,"sauce",5,NA,NA,NA,NA,NA,NA,NA,NA,NA,NA,NA,NA,NA,NA,NA,NA,NA,NA,NA,NA,"```json
{
    ""Chicken Breast"": 30,
    ""Rice"": 40,
    ""Carrot"": 20,
    ""Parsley"": 2,
    ""Apricot Chutney"": 5,
    ""Remnants"": 0
}
```",72,"poultry",30,"rice",40,"root vegetables",20,"herbs",2,"sauce",5,NA,0,NA,NA,NA,NA,NA,NA,NA,NA,NA,NA,NA,NA,NA,NA,NA,NA,NA,NA,"```json
{
    ""Chicken Breast"": 30,
    ""Rice"": 40,
    ""Carrot"": 20,
    ""Parsley"": 2,
    ""Apricot Chutney"": 5,
    ""Remnants"": 0
}
```",72,"poultry",30,"rice",40,"root vegetables",20,"herbs",2,"sauce",5,NA,0,NA,NA,NA,NA,NA,NA,NA,NA,NA,NA,NA,NA,NA,NA,NA,NA,NA,NA,"```json
{
    ""Chicken Breast"": 30,
    ""Rice"": 40,
    ""Carrot"": 20,
    ""Parsley"": 2,
    ""Apricot Chutney"": 5
}
```",72,"poultry",30,"rice",40,"root vegetables",20,"herbs",2,"sauce",5,NA,NA,NA,NA,NA,NA,NA,NA,NA,NA,NA,NA,NA,NA,NA,NA,NA,NA,NA,NA,"```json
{
    ""Chicken Breast"": 50,
    ""Rice"": 40,
    ""Carrot"": 20,
    ""Parsley"": 2,
    ""Apricot Chutney"": 5,
    ""Remnants"": 0
}
```",72,"poultry",50,"rice",40,"root vegetables",20,"herbs",2,"sauce",5,NA,0,NA,NA,NA,NA,NA,NA,NA,NA,NA,NA,"```json
{
    ""Rice"": 30,
    ""Chicken"": 20,
    ""Carrots"": 15,
    ""Curry Sauce"": 10
}
```",72,"rice",30,"poultry",20,"root vegetables",15,"sauce",10,NA,NA,NA,NA,NA,NA,NA,NA,"```json
{
    ""Rice"": 30,
    ""Chicken"": 20,
    ""Carrots"": 15,
    ""Curry Sauce"": 10
}
```",72,"rice",30,"poultry",20,"root vegetables",15,"sauce",10,NA,NA,NA,NA,NA,NA,NA,NA,"```json
{
    ""Chicken"": 20,
    ""Rice"": 30,
    ""Carrots"": 15,
    ""Sauce"": 5
}
```",72,"poultry",20,"rice",30,"root vegetables",15,"sauce",5,NA,NA,NA,NA,NA,NA,NA,NA,"```json
{
  ""Rice"": 30,
  ""Chicken"": 20,
  ""Carrots"": 15,
  ""Sauce"": 5
}
```",72,"rice",30,"poultry",20,"root vegetables",15,"sauce",5,NA,NA,NA,NA,NA,NA,NA,NA,"```json
{
    ""Rice"": 30,
    ""Chicken"": 20,
    ""Carrots"": 15,
    ""Sauce"": 5
}
```",72,"rice",30,"poultry",20,"root vegetables",15,"sauce",5,NA,NA,NA,NA,NA,NA,NA,NA,77,17,17,77,17,17,71,23,23,77,17,17,77,17,17,97,-3,3,97,-3,3,97,-3,3,97,-3,3,117,-23,23,75,19,19,75,19,19,70,24,24,70,24,24,70,24,24,6,0,6,0,11,0,6,0,6,0,5,0,5,0,5,0,5,0,5,0,4,0,4,0,4,0,4,0,4,0
"chicken with apricot curry sauce served with baked potatoes and fluffy rice","Nina","45582","ChickenCranberryCurrySauce",1,"30-10%","26.6",575,610,35,"chicken with apricot curry sauce served with baked potatoes and fluffy rice","https://www.hellofresh.de/recipes/hahnchen-mit-aprikosen-curry-sosse-65d86c68700746d2fe51fc65","Nina_Day1_Chicken1_30.jpg",4,"poultry","garlic","rice","onion","root vegetables","herbs","dried fruits","sauce","water or broth","fats or oils","fats or oils","spices",NA,NA,NA,"500g Chicken Breast; 12 Garlic cloves; 300g Rice; 2  Shallot; 8  Carrot; 10g Parsley; 40g Apricots; 100g Apricot Chutney; 900ml Water; 6 tablespoon  oil; 4 tablespoon butter; 8g spices mix"," Chicken Breast;  Garlic ;  Rice;  Shallot;  Carrot; Parsley; Apricots;  Apricot Chutney; Water;   oil;  butter;  spices mix",35,35,"```json
{
    ""Chicken Breast"": 15,
    ""Garlic"": 1,
    ""Rice"": 20,
    ""Shallot"": 2,
    ""Carrot"": 5,
    ""Parsley"": 1,
    ""Apricots"": 2,
    ""Apricot Chutney"": 3,
    ""Oil"": 1,
    ""Butter"": 1,
    ""Spices Mix"": 1
}
```",71,"poultry",15,"garlic",1,"rice",20,"onion",2,"root vegetables",5,"herbs",1,"dried fruits",2,"sauce",3,"fats or oils",1,"fats or oils",1,"spices",1,NA,NA,NA,NA,NA,NA,NA,NA,"```json
{
    ""Chicken Breast"": 15,
    ""Garlic"": 1,
    ""Rice"": 20,
    ""Shallot"": 2,
    ""Carrot"": 5,
    ""Parsley"": 1,
    ""Apricots"": 2,
    ""Apricot Chutney"": 3,
    ""Oil"": 1,
    ""Butter"": 1,
    ""Spices Mix"": 1
}
```",71,"poultry",15,"garlic",1,"rice",20,"onion",2,"root vegetables",5,"herbs",1,"dried fruits",2,"sauce",3,"fats or oils",1,"fats or oils",1,"spices",1,NA,NA,NA,NA,NA,NA,NA,NA,"```json
{
    ""Chicken Breast"": 15,
    ""Garlic"": 1,
    ""Rice"": 20,
    ""Shallot"": 2,
    ""Carrot"": 5,
    ""Parsley"": 1,
    ""Apricots"": 2,
    ""Apricot Chutney"": 3,
    ""Oil"": 1,
    ""Butter"": 1,
    ""Spices Mix"": 1
}
```",71,"poultry",15,"garlic",1,"rice",20,"onion",2,"root vegetables",5,"herbs",1,"dried fruits",2,"sauce",3,"fats or oils",1,"fats or oils",1,"spices",1,NA,NA,NA,NA,NA,NA,NA,NA,"```json
{
    ""Chicken Breast"": 15,
    ""Garlic"": 1,
    ""Rice"": 20,
    ""Shallot"": 2,
    ""Carrot"": 5,
    ""Parsley"": 1,
    ""Apricots"": 2,
    ""Apricot Chutney"": 3,
    ""Oil"": 1,
    ""Butter"": 1,
    ""Spices Mix"": 1
}
```",71,"poultry",15,"garlic",1,"rice",20,"onion",2,"root vegetables",5,"herbs",1,"dried fruits",2,"sauce",3,"fats or oils",1,"fats or oils",1,"spices",1,NA,NA,NA,NA,NA,NA,NA,NA,"```json
{
    ""Chicken Breast"": 15,
    ""Garlic"": 1,
    ""Rice"": 20,
    ""Shallot"": 2,
    ""Carrot"": 5,
    ""Parsley"": 1,
    ""Apricots"": 2,
    ""Apricot Chutney"": 3,
    ""Oil"": 1,
    ""Butter"": 1,
    ""Spices Mix"": 1
}
```",71,"poultry",15,"garlic",1,"rice",20,"onion",2,"root vegetables",5,"herbs",1,"dried fruits",2,"sauce",3,"fats or oils",1,"fats or oils",1,"spices",1,NA,NA,NA,NA,NA,NA,NA,NA,"```json
{
    ""Chicken Breast"": 20,
    ""Rice"": 15,
    ""Carrot"": 10,
    ""Parsley"": 1,
    ""Remnants"": 0
}
```",71,"poultry",20,"rice",15,"root vegetables",10,"herbs",1,NA,0,NA,NA,NA,NA,NA,NA,NA,NA,NA,NA,NA,NA,NA,NA,NA,NA,NA,NA,NA,NA,"```json
{
    ""Chicken Breast"": 20,
    ""Rice"": 15,
    ""Carrot"": 10,
    ""Parsley"": 1,
    ""Remnants"": 0
}
```",71,"poultry",20,"rice",15,"root vegetables",10,"herbs",1,NA,0,NA,NA,NA,NA,NA,NA,NA,NA,NA,NA,NA,NA,NA,NA,NA,NA,NA,NA,NA,NA,"```json
{
    ""Chicken Breast"": 20,
    ""Rice"": 15,
    ""Carrot"": 10,
    ""Parsley"": 1,
    ""Remnants"": 0
}
```",71,"poultry",20,"rice",15,"root vegetables",10,"herbs",1,NA,0,NA,NA,NA,NA,NA,NA,NA,NA,NA,NA,NA,NA,NA,NA,NA,NA,NA,NA,NA,NA,"```json
{
    ""Chicken Breast"": 20,
    ""Rice"": 15,
    ""Carrot"": 10,
    ""Parsley"": 1,
    ""Remnants"": 0
}
```",71,"poultry",20,"rice",15,"root vegetables",10,"herbs",1,NA,0,NA,NA,NA,NA,NA,NA,NA,NA,NA,NA,NA,NA,NA,NA,NA,NA,NA,NA,NA,NA,"```json
{
    ""Chicken Breast"": 20,
    ""Rice"": 15,
    ""Carrot"": 10,
    ""Parsley"": 1,
    ""Remnants"": 0
}
```",71,"poultry",20,"rice",15,"root vegetables",10,"herbs",1,NA,0,NA,NA,NA,NA,NA,NA,NA,NA,NA,NA,NA,NA,"```json
{
    ""Chicken"": 15,
    ""Rice"": 20,
    ""Carrot"": 5,
    ""Sauce"": 5,
    ""Herbs"": 1
}
```",71,"poultry",15,"rice",20,"root vegetables",5,"sauce",5,"herbs",1,NA,NA,NA,NA,NA,NA,"```json
{
    ""chicken"": 15,
    ""rice"": 20,
    ""carrot"": 5,
    ""sauce"": 5,
    ""herbs"": 1
}
```",71,"poultry",15,"rice",20,"root vegetables",5,"sauce",5,"herbs",1,NA,NA,NA,NA,NA,NA,"```json
{
    ""chicken"": 10,
    ""rice"": 15,
    ""carrot"": 5,
    ""sauce"": 5,
    ""herbs"": 1
}
```",71,"poultry",10,"rice",15,"root vegetables",5,"sauce",5,"herbs",1,NA,NA,NA,NA,NA,NA,"```json
{
    ""Chicken"": 10,
    ""Rice"": 15,
    ""Carrot"": 5,
    ""Sauce"": 5,
    ""Herbs"": 1
}
```",71,"poultry",10,"rice",15,"root vegetables",5,"sauce",5,"herbs",1,NA,NA,NA,NA,NA,NA,"```json
{
    ""chicken"": 15,
    ""rice"": 20,
    ""carrot"": 5,
    ""sauce"": 5,
    ""herbs"": 1
}
```",71,"poultry",15,"rice",20,"root vegetables",5,"sauce",5,"herbs",1,NA,NA,NA,NA,NA,NA,52,-17,17,52,-17,17,52,-17,17,52,-17,17,52,-17,17,46,-11,11,46,-11,11,46,-11,11,46,-11,11,46,-11,11,46,-11,11,46,-11,11,36,-1,1,36,-1,1,46,-11,11,10,0,10,0,10,0,10,0,10,0,4,0,4,0,4,0,4,0,4,0,5,0,5,0,5,0,5,0,5,0
"chicken with apricot curry sauce served with baked potatoes and fluffy rice","Nina","45582","ChickenCranberryCurrySauce",1,"finished","26.6",575,575,0,"chicken with apricot curry sauce served with baked potatoes and fluffy rice","https://www.hellofresh.de/recipes/hahnchen-mit-aprikosen-curry-sosse-65d86c68700746d2fe51fc66","Nina_Day1_Chicken1_0.jpg",4,"poultry","garlic","rice","onion","root vegetables","herbs","dried fruits","sauce","water or broth","fats or oils","fats or oils","spices",NA,NA,NA,"500g Chicken Breast; 12 Garlic cloves; 300g Rice; 2  Shallot; 8  Carrot; 10g Parsley; 40g Apricots; 100g Apricot Chutney; 900ml Water; 6 tablespoon  oil; 4 tablespoon butter; 8g spices mix"," Chicken Breast;  Garlic ;  Rice;  Shallot;  Carrot; Parsley; Apricots;  Apricot Chutney; Water;   oil;  butter;  spices mix",0,0,"```json
{
  ""Remnants"": 0 grams
}
```",70,NA,0,NA,NA,NA,NA,NA,NA,NA,NA,NA,NA,NA,NA,NA,NA,NA,NA,NA,NA,NA,NA,NA,NA,NA,NA,NA,NA,NA,NA,"```json
{
  ""Remnants"": 0 grams
}
```",70,NA,0,NA,NA,NA,NA,NA,NA,NA,NA,NA,NA,NA,NA,NA,NA,NA,NA,NA,NA,NA,NA,NA,NA,NA,NA,NA,NA,NA,NA,"```json
{
  ""Remnants"": 0 grams
}
```",70,NA,0,NA,NA,NA,NA,NA,NA,NA,NA,NA,NA,NA,NA,NA,NA,NA,NA,NA,NA,NA,NA,NA,NA,NA,NA,NA,NA,NA,NA,"```json
{
  ""Remnants"": 0 grams
}
```",70,NA,0,NA,NA,NA,NA,NA,NA,NA,NA,NA,NA,NA,NA,NA,NA,NA,NA,NA,NA,NA,NA,NA,NA,NA,NA,NA,NA,NA,NA,"```json
{
  ""Remnants"": 0 grams
}
```",70,NA,0,NA,NA,NA,NA,NA,NA,NA,NA,NA,NA,NA,NA,NA,NA,NA,NA,NA,NA,NA,NA,NA,NA,NA,NA,NA,NA,NA,NA,"```json
{
  ""Remnants"": 0 grams
}
```",70,NA,0,NA,NA,NA,NA,NA,NA,NA,NA,NA,NA,NA,NA,NA,NA,NA,NA,NA,NA,NA,NA,NA,NA,NA,NA,NA,NA,NA,NA,"```json
{
  ""Remnants"": 0 grams
}
```",70,NA,0,NA,NA,NA,NA,NA,NA,NA,NA,NA,NA,NA,NA,NA,NA,NA,NA,NA,NA,NA,NA,NA,NA,NA,NA,NA,NA,NA,NA,"```json
{
  ""Remnants"": 0
}
```",70,NA,0,NA,NA,NA,NA,NA,NA,NA,NA,NA,NA,NA,NA,NA,NA,NA,NA,NA,NA,NA,NA,NA,NA,NA,NA,NA,NA,NA,NA,"```json
{
  ""Remnants"": 0 grams
}
```",70,NA,0,NA,NA,NA,NA,NA,NA,NA,NA,NA,NA,NA,NA,NA,NA,NA,NA,NA,NA,NA,NA,NA,NA,NA,NA,NA,NA,NA,NA,"```json
{
  ""Remnants"": 0 grams
}
```",70,NA,0,NA,NA,NA,NA,NA,NA,NA,NA,NA,NA,NA,NA,NA,NA,NA,NA,NA,NA,NA,NA,"```json
{""Remnants"": 0 grams}
```",70,NA,NA,NA,NA,NA,NA,NA,NA,NA,NA,NA,NA,NA,NA,NA,NA,"```json
{
  ""Remnants"": 0
}
```",70,NA,0,NA,NA,NA,NA,NA,NA,NA,NA,NA,NA,NA,NA,NA,NA,"```json
{""Remnants"": 0 grams}
```",70,NA,NA,NA,NA,NA,NA,NA,NA,NA,NA,NA,NA,NA,NA,NA,NA,"```json
{""Remnants"": 0 grams}
```",70,NA,NA,NA,NA,NA,NA,NA,NA,NA,NA,NA,NA,NA,NA,NA,NA,"```json
{""Remnants"": 0 grams}
```",70,NA,NA,NA,NA,NA,NA,NA,NA,NA,NA,NA,NA,NA,NA,NA,NA,0,0,0,0,0,0,0,0,0,0,0,0,0,0,0,0,0,0,0,0,0,0,0,0,0,0,0,0,0,0,0,0,0,0,0,0,0,0,0,0,0,0,0,0,0,0,0,0,0,0,0,0,0,0,0,0,0,0,0,0,0,0,0,0,0,0,0,0,0,0,0,0,0,0,0
"chicken with apricot curry sauce served with baked potatoes and fluffy rice","Nina","45582","ChickenCranberryCurrySauce",2,"50-30%","26.6",661,799,138,"chicken with apricot curry sauce served with baked potatoes and fluffy rice","https://www.hellofresh.de/recipes/hahnchen-mit-aprikosen-curry-sosse-65d86c68700746d2fe51fc67","Nina_Day1_Chicken2_50.jpg",4,"poultry","garlic","rice","onion","root vegetables","herbs","dried fruits","sauce","water or broth","fats or oils","fats or oils","spices",NA,NA,NA,"500g Chicken Breast; 12 Garlic cloves; 300g Rice; 2  Shallot; 8  Carrot; 10g Parsley; 40g Apricots; 100g Apricot Chutney; 900ml Water; 6 tablespoon  oil; 4 tablespoon butter; 8g spices mix"," Chicken Breast;  Garlic ;  Rice;  Shallot;  Carrot; Parsley; Apricots;  Apricot Chutney; Water;   oil;  butter;  spices mix",138,138,"```json
{
    ""Chicken Breast"": 20,
    ""Garlic"": 0,
    ""Rice"": 30,
    ""Shallot"": 5,
    ""Carrot"": 15,
    ""Parsley"": 5,
    ""Apricots"": 0,
    ""Apricot Chutney"": 5,
    ""Water"": 0,
    ""Oil"": 0,
    ""Butter"": 0,
    ""Spices Mix"": 0
}
```",75,"poultry",20,"garlic",0,"rice",30,"onion",5,"root vegetables",15,"herbs",5,"dried fruits",0,"sauce",5,"water or broth",0,"fats or oils",0,"fats or oils",0,"spices",0,NA,NA,NA,NA,NA,NA,"```json
{
    ""Chicken Breast"": 20,
    ""Garlic"": 0,
    ""Rice"": 30,
    ""Shallot"": 5,
    ""Carrot"": 15,
    ""Parsley"": 5,
    ""Apricots"": 0,
    ""Apricot Chutney"": 5,
    ""Water"": 0,
    ""Oil"": 0,
    ""Butter"": 0,
    ""Spices Mix"": 0
}
```",75,"poultry",20,"garlic",0,"rice",30,"onion",5,"root vegetables",15,"herbs",5,"dried fruits",0,"sauce",5,"water or broth",0,"fats or oils",0,"fats or oils",0,"spices",0,NA,NA,NA,NA,NA,NA,"```json
{
    ""Chicken Breast"": 20,
    ""Garlic"": 0,
    ""Rice"": 30,
    ""Shallot"": 5,
    ""Carrot"": 15,
    ""Parsley"": 5,
    ""Apricots"": 0,
    ""Apricot Chutney"": 5,
    ""Water"": 0,
    ""Oil"": 0,
    ""Butter"": 0,
    ""Spices Mix"": 0
}
```",75,"poultry",20,"garlic",0,"rice",30,"onion",5,"root vegetables",15,"herbs",5,"dried fruits",0,"sauce",5,"water or broth",0,"fats or oils",0,"fats or oils",0,"spices",0,NA,NA,NA,NA,NA,NA,"```json
{
    ""Chicken Breast"": 20,
    ""Garlic"": 0,
    ""Rice"": 30,
    ""Shallot"": 5,
    ""Carrot"": 15,
    ""Parsley"": 5,
    ""Apricots"": 0,
    ""Apricot Chutney"": 5,
    ""Water"": 0,
    ""Oil"": 0,
    ""Butter"": 0,
    ""Spices Mix"": 0
}
```",75,"poultry",20,"garlic",0,"rice",30,"onion",5,"root vegetables",15,"herbs",5,"dried fruits",0,"sauce",5,"water or broth",0,"fats or oils",0,"fats or oils",0,"spices",0,NA,NA,NA,NA,NA,NA,"```json
{
    ""Chicken Breast"": 20,
    ""Garlic"": 0,
    ""Rice"": 30,
    ""Shallot"": 5,
    ""Carrot"": 15,
    ""Parsley"": 5,
    ""Apricots"": 0,
    ""Apricot Chutney"": 5,
    ""Water"": 0,
    ""Oil"": 0,
    ""Butter"": 0,
    ""Spices Mix"": 0
}
```",75,"poultry",20,"garlic",0,"rice",30,"onion",5,"root vegetables",15,"herbs",5,"dried fruits",0,"sauce",5,"water or broth",0,"fats or oils",0,"fats or oils",0,"spices",0,NA,NA,NA,NA,NA,NA,"```json
{
    ""Chicken Breast"": 30,
    ""Rice"": 40,
    ""Carrot"": 20,
    ""Parsley"": 5,
    ""Apricot Chutney"": 10
}
```",75,"poultry",30,"rice",40,"root vegetables",20,"herbs",5,"sauce",10,NA,NA,NA,NA,NA,NA,NA,NA,NA,NA,NA,NA,NA,NA,NA,NA,NA,NA,NA,NA,"```json
{
    ""Chicken Breast"": 30,
    ""Rice"": 40,
    ""Carrot"": 20,
    ""Parsley"": 5,
    ""Apricot Chutney"": 10
}
```",75,"poultry",30,"rice",40,"root vegetables",20,"herbs",5,"sauce",10,NA,NA,NA,NA,NA,NA,NA,NA,NA,NA,NA,NA,NA,NA,NA,NA,NA,NA,NA,NA,"```json
{
    ""Chicken Breast"": 30,
    ""Rice"": 50,
    ""Carrot"": 20,
    ""Parsley"": 5,
    ""Apricot Chutney"": 10
}
```",75,"poultry",30,"rice",50,"root vegetables",20,"herbs",5,"sauce",10,NA,NA,NA,NA,NA,NA,NA,NA,NA,NA,NA,NA,NA,NA,NA,NA,NA,NA,NA,NA,"```json
{
    ""Carrot"": 30,
    ""Rice"": 40,
    ""Chicken Breast"": 20,
    ""Parsley"": 5,
    ""Apricot Chutney"": 10
}
```",75,"root vegetables",30,"rice",40,"poultry",20,"herbs",5,"sauce",10,NA,NA,NA,NA,NA,NA,NA,NA,NA,NA,NA,NA,NA,NA,NA,NA,NA,NA,NA,NA,"```json
{
    ""Chicken Breast"": 30,
    ""Rice"": 40,
    ""Carrot"": 20,
    ""Parsley"": 5,
    ""Apricot Chutney"": 10
}
```",75,"poultry",30,"rice",40,"root vegetables",20,"herbs",5,"sauce",10,NA,NA,NA,NA,NA,NA,NA,NA,NA,NA,NA,NA,"```json
{
    ""Carrots"": 30,
    ""Rice"": 40,
    ""Chicken"": 20,
    ""Curry Sauce"": 10,
    ""Parsley"": 5
}
```",75,"root vegetables",30,"rice",40,"poultry",20,"sauce",10,"herbs",5,NA,NA,NA,NA,NA,NA,"```json
{
    ""Rice"": 40,
    ""Carrots"": 30,
    ""Chicken"": 20,
    ""Curry Sauce"": 10,
    ""Parsley"": 5
}
```",75,"rice",40,"root vegetables",30,"poultry",20,"sauce",10,"herbs",5,NA,NA,NA,NA,NA,NA,"```json
{
    ""Carrots"": 30,
    ""Rice"": 40,
    ""Chicken"": 20,
    ""Curry Sauce"": 10,
    ""Parsley"": 5
}
```",75,"root vegetables",30,"rice",40,"poultry",20,"sauce",10,"herbs",5,NA,NA,NA,NA,NA,NA,"```json
{
    ""Carrots"": 30,
    ""Rice"": 40,
    ""Chicken"": 20,
    ""Curry Sauce"": 10,
    ""Parsley"": 5
}
```",75,"root vegetables",30,"rice",40,"poultry",20,"sauce",10,"herbs",5,NA,NA,NA,NA,NA,NA,"```json
{
    ""Rice"": 40,
    ""Carrots"": 30,
    ""Chicken"": 20,
    ""Curry Sauce"": 10,
    ""Parsley"": 5
}
```",75,"rice",40,"root vegetables",30,"poultry",20,"sauce",10,"herbs",5,NA,NA,NA,NA,NA,NA,80,58,58,80,58,58,80,58,58,80,58,58,80,58,58,105,33,33,105,33,33,115,23,23,105,33,33,105,33,33,105,33,33,105,33,33,105,33,33,105,33,33,105,33,33,11,0,11,0,11,0,11,0,11,0,5,0,5,0,5,0,5,0,5,0,5,0,5,0,5,0,5,0,5,0
"chicken with apricot curry sauce served with baked potatoes and fluffy rice","Nina","45582","ChickenCranberryCurrySauce",2,"30-10%","26.6",661,695,34,"chicken with apricot curry sauce served with baked potatoes and fluffy rice","https://www.hellofresh.de/recipes/hahnchen-mit-aprikosen-curry-sosse-65d86c68700746d2fe51fc68","Nina_Day1_Chicken2_30.jpg",4,"poultry","garlic","rice","onion","root vegetables","herbs","dried fruits","sauce","water or broth","fats or oils","fats or oils","spices",NA,NA,NA,"500g Chicken Breast; 12 Garlic cloves; 300g Rice; 2  Shallot; 8  Carrot; 10g Parsley; 40g Apricots; 100g Apricot Chutney; 900ml Water; 6 tablespoon  oil; 4 tablespoon butter; 8g spices mix"," Chicken Breast;  Garlic ;  Rice;  Shallot;  Carrot; Parsley; Apricots;  Apricot Chutney; Water;   oil;  butter;  spices mix",34,34,"```json
{
    ""Chicken Breast"": 10,
    ""Garlic"": 1,
    ""Rice"": 15,
    ""Shallot"": 1,
    ""Carrot"": 0,
    ""Parsley"": 1,
    ""Apricots"": 0,
    ""Apricot Chutney"": 0,
    ""Water"": 0,
    ""Oil"": 0,
    ""Butter"": 0,
    ""Spices Mix"": 1
}
```",74,"poultry",10,"garlic",1,"rice",15,"onion",1,"root vegetables",0,"herbs",1,"dried fruits",0,"sauce",0,"water or broth",0,"fats or oils",0,"fats or oils",0,"spices",1,NA,NA,NA,NA,NA,NA,"```json
{
    ""Chicken Breast"": 10,
    ""Rice"": 15,
    ""Parsley"": 1,
    ""Remnants"": 0
}
```",74,"poultry",10,"rice",15,"herbs",1,NA,0,NA,NA,NA,NA,NA,NA,NA,NA,NA,NA,NA,NA,NA,NA,NA,NA,NA,NA,NA,NA,NA,NA,"```json
{
    ""Chicken Breast"": 10,
    ""Rice"": 15,
    ""Parsley"": 1,
    ""Remnants"": 0
}
```",74,"poultry",10,"rice",15,"herbs",1,NA,0,NA,NA,NA,NA,NA,NA,NA,NA,NA,NA,NA,NA,NA,NA,NA,NA,NA,NA,NA,NA,NA,NA,"```json
{
    ""Chicken Breast"": 10,
    ""Rice"": 15,
    ""Parsley"": 1,
    ""Remnants"": 0
}
```",74,"poultry",10,"rice",15,"herbs",1,NA,0,NA,NA,NA,NA,NA,NA,NA,NA,NA,NA,NA,NA,NA,NA,NA,NA,NA,NA,NA,NA,NA,NA,"```json
{
    ""Chicken Breast"": 10,
    ""Rice"": 15,
    ""Parsley"": 1,
    ""Remnants"": 0
}
```",74,"poultry",10,"rice",15,"herbs",1,NA,0,NA,NA,NA,NA,NA,NA,NA,NA,NA,NA,NA,NA,NA,NA,NA,NA,NA,NA,NA,NA,NA,NA,"```json
{
    ""Chicken Breast"": 10,
    ""Rice"": 15,
    ""Parsley"": 1,
    ""Remnants"": 0
}
```",74,"poultry",10,"rice",15,"herbs",1,NA,0,NA,NA,NA,NA,NA,NA,NA,NA,NA,NA,NA,NA,NA,NA,NA,NA,NA,NA,NA,NA,NA,NA,"```json
{
    ""Chicken Breast"": 20,
    ""Rice"": 15,
    ""Parsley"": 1,
    ""Remnants"": 0
}
```",74,"poultry",20,"rice",15,"herbs",1,NA,0,NA,NA,NA,NA,NA,NA,NA,NA,NA,NA,NA,NA,NA,NA,NA,NA,NA,NA,NA,NA,NA,NA,"```json
{
    ""Chicken"": 10,
    ""Rice"": 15,
    ""Parsley"": 1,
    ""Remnants"": 0
}
```",74,"poultry",10,"rice",15,"herbs",1,NA,0,NA,NA,NA,NA,NA,NA,NA,NA,NA,NA,NA,NA,NA,NA,NA,NA,NA,NA,NA,NA,NA,NA,"```json
{
    ""Chicken Breast"": 20,
    ""Rice"": 15,
    ""Parsley"": 1,
    ""Remnants"": 0
}
```",74,"poultry",20,"rice",15,"herbs",1,NA,0,NA,NA,NA,NA,NA,NA,NA,NA,NA,NA,NA,NA,NA,NA,NA,NA,NA,NA,NA,NA,NA,NA,"```json
{
    ""Chicken Breast"": 20,
    ""Rice"": 15,
    ""Parsley"": 1,
    ""Remnants"": 0
}
```",74,"poultry",20,"rice",15,"herbs",1,NA,0,NA,NA,NA,NA,NA,NA,NA,NA,NA,NA,NA,NA,NA,NA,"```json
{
    ""Chicken"": 10,
    ""Rice"": 15,
    ""Curry Sauce"": 5,
    ""Parsley"": 1
}
```",74,"poultry",10,"rice",15,"sauce",5,"herbs",1,NA,NA,NA,NA,NA,NA,NA,NA,"```json
{
    ""chicken"": 10,
    ""rice"": 15,
    ""curry sauce remnants"": 5,
    ""parsley"": 1
}
```",74,"poultry",10,"rice",15,"sauce",5,"herbs",1,NA,NA,NA,NA,NA,NA,NA,NA,"```json
{
    ""chicken"": 10,
    ""rice"": 15,
    ""curry sauce remnants"": 5,
    ""parsley"": 1
}
```",74,"poultry",10,"rice",15,"sauce",5,"herbs",1,NA,NA,NA,NA,NA,NA,NA,NA,"```json
{
    ""chicken"": 10,
    ""rice"": 15,
    ""curry sauce remnants"": 5,
    ""parsley"": 1
}
```",74,"poultry",10,"rice",15,"sauce",5,"herbs",1,NA,NA,NA,NA,NA,NA,NA,NA,"```json
{
    ""chicken"": 10,
    ""rice"": 15,
    ""sauce"": 5,
    ""parsley"": 1
}
```",74,"poultry",10,"rice",15,"sauce",5,"herbs",1,NA,NA,NA,NA,NA,NA,NA,NA,29,5,5,26,8,8,26,8,8,26,8,8,26,8,8,26,8,8,36,-2,2,26,8,8,36,-2,2,36,-2,2,31,3,3,31,3,3,31,3,3,31,3,3,31,3,3,11,0,3,0,3,0,3,0,3,0,3,0,3,0,3,0,3,0,3,0,4,0,4,0,4,0,4,0,4,0
"chicken with apricot curry sauce served with baked potatoes and fluffy rice","Nina","45582","ChickenCranberryCurrySauce",2,"finished","26.6",661,661,0,"chicken with apricot curry sauce served with baked potatoes and fluffy rice","https://www.hellofresh.de/recipes/hahnchen-mit-aprikosen-curry-sosse-65d86c68700746d2fe51fc69","Nina_Day1_Chicken2_0.jpg",4,"poultry","garlic","rice","onion","root vegetables","herbs","dried fruits","sauce","water or broth","fats or oils","fats or oils","spices",NA,NA,NA,"500g Chicken Breast; 12 Garlic cloves; 300g Rice; 2  Shallot; 8  Carrot; 10g Parsley; 40g Apricots; 100g Apricot Chutney; 900ml Water; 6 tablespoon  oil; 4 tablespoon butter; 8g spices mix"," Chicken Breast;  Garlic ;  Rice;  Shallot;  Carrot; Parsley; Apricots;  Apricot Chutney; Water;   oil;  butter;  spices mix",0,0,"```json
{
  ""Remnants"": 0 grams
}
```",73,NA,0,NA,NA,NA,NA,NA,NA,NA,NA,NA,NA,NA,NA,NA,NA,NA,NA,NA,NA,NA,NA,NA,NA,NA,NA,NA,NA,NA,NA,"```json
{
  ""Remnants"": 0
}
```",73,NA,0,NA,NA,NA,NA,NA,NA,NA,NA,NA,NA,NA,NA,NA,NA,NA,NA,NA,NA,NA,NA,NA,NA,NA,NA,NA,NA,NA,NA,"```json
{
  ""Remnants"": 0 grams
}
```",73,NA,0,NA,NA,NA,NA,NA,NA,NA,NA,NA,NA,NA,NA,NA,NA,NA,NA,NA,NA,NA,NA,NA,NA,NA,NA,NA,NA,NA,NA,"```json
{
  ""Remnants"": 0 grams
}
```",73,NA,0,NA,NA,NA,NA,NA,NA,NA,NA,NA,NA,NA,NA,NA,NA,NA,NA,NA,NA,NA,NA,NA,NA,NA,NA,NA,NA,NA,NA,"```json
{
  ""Remnants"": 0 grams
}
```",73,NA,0,NA,NA,NA,NA,NA,NA,NA,NA,NA,NA,NA,NA,NA,NA,NA,NA,NA,NA,NA,NA,NA,NA,NA,NA,NA,NA,NA,NA,"```json
{
  ""Remnants"": 0 grams
}
```",73,NA,0,NA,NA,NA,NA,NA,NA,NA,NA,NA,NA,NA,NA,NA,NA,NA,NA,NA,NA,NA,NA,NA,NA,NA,NA,NA,NA,NA,NA,"```json
{
  ""Remnants"": 0 grams
}
```",73,NA,0,NA,NA,NA,NA,NA,NA,NA,NA,NA,NA,NA,NA,NA,NA,NA,NA,NA,NA,NA,NA,NA,NA,NA,NA,NA,NA,NA,NA,"```json
{
  ""Remnants"": 0 grams
}
```",73,NA,0,NA,NA,NA,NA,NA,NA,NA,NA,NA,NA,NA,NA,NA,NA,NA,NA,NA,NA,NA,NA,NA,NA,NA,NA,NA,NA,NA,NA,"```json
{
  ""Remnants"": 0 grams
}
```",73,NA,0,NA,NA,NA,NA,NA,NA,NA,NA,NA,NA,NA,NA,NA,NA,NA,NA,NA,NA,NA,NA,NA,NA,NA,NA,NA,NA,NA,NA,"```json
{
    ""Remnants"": 0 grams
}
```",73,NA,0,NA,NA,NA,NA,NA,NA,NA,NA,NA,NA,NA,NA,NA,NA,NA,NA,NA,NA,NA,NA,"```json
{
  ""Remnants"": 0 grams
}
```",73,NA,0,NA,NA,NA,NA,NA,NA,NA,NA,NA,NA,NA,NA,NA,NA,"```json
{
  ""Remnants"": 0 grams
}
```",73,NA,0,NA,NA,NA,NA,NA,NA,NA,NA,NA,NA,NA,NA,NA,NA,"```json
{
  ""Remnants"": 0 grams
}
```",73,NA,0,NA,NA,NA,NA,NA,NA,NA,NA,NA,NA,NA,NA,NA,NA,"```json
{
  ""Remnants"": 0 grams
}
```",73,NA,0,NA,NA,NA,NA,NA,NA,NA,NA,NA,NA,NA,NA,NA,NA,"```json
{
  ""Remnants"": 0 grams
}
```",73,NA,0,NA,NA,NA,NA,NA,NA,NA,NA,NA,NA,NA,NA,NA,NA,0,0,0,0,0,0,0,0,0,0,0,0,0,0,0,0,0,0,0,0,0,0,0,0,0,0,0,0,0,0,0,0,0,0,0,0,0,0,0,0,0,0,0,0,0,0,0,0,0,0,0,0,0,0,0,0,0,0,0,0,0,0,0,0,0,0,0,0,0,0,0,0,0,0,0
"chicken with apricot curry sauce served with baked potatoes and fluffy rice","Nina","45582","ChickenCranberryCurrySauce",3,"50-30%","25",626,779,153,"chicken with apricot curry sauce served with baked potatoes and fluffy rice","https://www.hellofresh.de/recipes/hahnchen-mit-aprikosen-curry-sosse-65d86c68700746d2fe51fc70","Nina_Day1_Chicken3_50.jpg",4,"poultry","garlic","rice","onion","root vegetables","herbs","dried fruits","sauce","water or broth","fats or oils","fats or oils","spices",NA,NA,NA,"500g Chicken Breast; 12 Garlic cloves; 300g Rice; 2  Shallot; 8  Carrot; 10g Parsley; 40g Apricots; 100g Apricot Chutney; 900ml Water; 6 tablespoon  oil; 4 tablespoon butter; 8g spices mix"," Chicken Breast;  Garlic ;  Rice;  Shallot;  Carrot; Parsley; Apricots;  Apricot Chutney; Water;   oil;  butter;  spices mix",153,153,"```json
{
    ""Chicken Breast"": 20,
    ""Garlic"": 0,
    ""Rice"": 40,
    ""Shallot"": 0,
    ""Carrot"": 30,
    ""Parsley"": 5,
    ""Apricots"": 0,
    ""Apricot Chutney"": 10,
    ""Water"": 0,
    ""Oil"": 0,
    ""Butter"": 0,
    ""Spices Mix"": 0
}
```",76,"poultry",20,"garlic",0,"rice",40,"onion",0,"root vegetables",30,"herbs",5,"dried fruits",0,"sauce",10,"water or broth",0,"fats or oils",0,"fats or oils",0,"spices",0,NA,NA,NA,NA,NA,NA,"```json
{
    ""Chicken Breast"": 20,
    ""Garlic"": 0,
    ""Rice"": 40,
    ""Shallot"": 0,
    ""Carrot"": 30,
    ""Parsley"": 5,
    ""Apricots"": 0,
    ""Apricot Chutney"": 10,
    ""Water"": 0,
    ""Oil"": 0,
    ""Butter"": 0,
    ""Spices Mix"": 0
}
```",76,"poultry",20,"garlic",0,"rice",40,"onion",0,"root vegetables",30,"herbs",5,"dried fruits",0,"sauce",10,"water or broth",0,"fats or oils",0,"fats or oils",0,"spices",0,NA,NA,NA,NA,NA,NA,"```json
{
    ""Chicken Breast"": 20,
    ""Rice"": 40,
    ""Carrot"": 30,
    ""Parsley"": 5,
    ""Apricot Chutney"": 15
}
```",76,"poultry",20,"rice",40,"root vegetables",30,"herbs",5,"sauce",15,NA,NA,NA,NA,NA,NA,NA,NA,NA,NA,NA,NA,NA,NA,NA,NA,NA,NA,NA,NA,"```json
{
    ""Chicken Breast"": 20,
    ""Garlic"": 0,
    ""Rice"": 40,
    ""Shallot"": 0,
    ""Carrot"": 30,
    ""Parsley"": 5,
    ""Apricots"": 0,
    ""Apricot Chutney"": 10,
    ""Water"": 0,
    ""Oil"": 0,
    ""Butter"": 0,
    ""Spices Mix"": 0
}
```",76,"poultry",20,"garlic",0,"rice",40,"onion",0,"root vegetables",30,"herbs",5,"dried fruits",0,"sauce",10,"water or broth",0,"fats or oils",0,"fats or oils",0,"spices",0,NA,NA,NA,NA,NA,NA,"```json
{
    ""Chicken Breast"": 20,
    ""Garlic"": 0,
    ""Rice"": 40,
    ""Shallot"": 0,
    ""Carrot"": 30,
    ""Parsley"": 5,
    ""Apricots"": 0,
    ""Apricot Chutney"": 10,
    ""Water"": 0,
    ""Oil"": 0,
    ""Butter"": 0,
    ""Spices Mix"": 0
}
```",76,"poultry",20,"garlic",0,"rice",40,"onion",0,"root vegetables",30,"herbs",5,"dried fruits",0,"sauce",10,"water or broth",0,"fats or oils",0,"fats or oils",0,"spices",0,NA,NA,NA,NA,NA,NA,"```json
{
    ""Rice"": 50,
    ""Carrot"": 40,
    ""Parsley"": 5,
    ""Chicken"": 30,
    ""Apricot Chutney"": 20
}
```",76,"rice",50,"root vegetables",40,"herbs",5,"poultry",30,"sauce",20,NA,NA,NA,NA,NA,NA,NA,NA,NA,NA,NA,NA,NA,NA,NA,NA,NA,NA,NA,NA,"```json
{
    ""Rice"": 50,
    ""Carrot"": 40,
    ""Parsley"": 5,
    ""Chicken"": 30,
    ""Apricot Chutney"": 20
}
```",76,"rice",50,"root vegetables",40,"herbs",5,"poultry",30,"sauce",20,NA,NA,NA,NA,NA,NA,NA,NA,NA,NA,NA,NA,NA,NA,NA,NA,NA,NA,NA,NA,"```json
{
    ""Rice"": 50,
    ""Carrot"": 40,
    ""Parsley"": 5,
    ""Chicken"": 30,
    ""Apricot Chutney"": 20
}
```",76,"rice",50,"root vegetables",40,"herbs",5,"poultry",30,"sauce",20,NA,NA,NA,NA,NA,NA,NA,NA,NA,NA,NA,NA,NA,NA,NA,NA,NA,NA,NA,NA,"```json
{
    ""Rice"": 50,
    ""Carrot"": 40,
    ""Parsley"": 5,
    ""Chicken"": 30,
    ""Apricot Chutney"": 20
}
```",76,"rice",50,"root vegetables",40,"herbs",5,"poultry",30,"sauce",20,NA,NA,NA,NA,NA,NA,NA,NA,NA,NA,NA,NA,NA,NA,NA,NA,NA,NA,NA,NA,"```json
{
    ""Rice"": 50,
    ""Carrot"": 40,
    ""Parsley"": 5,
    ""Chicken"": 30,
    ""Apricot Chutney"": 20
}
```",76,"rice",50,"root vegetables",40,"herbs",5,"poultry",30,"sauce",20,NA,NA,NA,NA,NA,NA,NA,NA,NA,NA,NA,NA,"```json
{
    ""Rice"": 50,
    ""Carrots"": 30,
    ""Chicken"": 20,
    ""Curry Sauce"": 10,
    ""Herbs"": 5
}
```",76,"rice",50,"root vegetables",30,"poultry",20,"sauce",10,"herbs",5,NA,NA,NA,NA,NA,NA,"```json
{
    ""Rice"": 50,
    ""Carrots"": 30,
    ""Chicken"": 20,
    ""Curry Sauce"": 10,
    ""Herbs"": 5
}
```",76,"rice",50,"root vegetables",30,"poultry",20,"sauce",10,"herbs",5,NA,NA,NA,NA,NA,NA,"```json
{
    ""Rice"": 50,
    ""Carrots"": 30,
    ""Curry Sauce"": 20,
    ""Chicken"": 15,
    ""Herbs"": 5
}
```",76,"rice",50,"root vegetables",30,"sauce",20,"poultry",15,"herbs",5,NA,NA,NA,NA,NA,NA,"```json
{
    ""Rice"": 50,
    ""Carrots"": 30,
    ""Curry Sauce"": 20,
    ""Chicken"": 15,
    ""Herbs"": 5
}
```",76,"rice",50,"root vegetables",30,"sauce",20,"poultry",15,"herbs",5,NA,NA,NA,NA,NA,NA,"```json
{
    ""rice"": 50,
    ""carrots"": 40,
    ""curry sauce"": 20,
    ""chicken"": 20,
    ""herbs"": 5
}
```",76,"rice",50,"root vegetables",40,"sauce",20,"poultry",20,"herbs",5,NA,NA,NA,NA,NA,NA,105,48,48,105,48,48,110,43,43,105,48,48,105,48,48,145,8,8,145,8,8,145,8,8,145,8,8,145,8,8,115,38,38,115,38,38,120,33,33,120,33,33,135,18,18,11,0,11,0,5,0,11,0,11,0,5,0,5,0,5,0,5,0,5,0,5,0,5,0,5,0,5,0,5,0
"chicken with apricot curry sauce served with baked potatoes and fluffy rice","Nina","45582","ChickenCranberryCurrySauce",4,"50-30%","26.6",578,748,170,"chicken with apricot curry sauce served with baked potatoes and fluffy rice","https://www.hellofresh.de/recipes/hahnchen-mit-aprikosen-curry-sosse-65d86c68700746d2fe51fc73","Nina_Day1_Chicken4_50.jpg",4,"poultry","garlic","rice","onion","root vegetables","herbs","dried fruits","sauce","water or broth","fats or oils","fats or oils","spices",NA,NA,NA,"500g Chicken Breast; 12 Garlic cloves; 300g Rice; 2  Shallot; 8  Carrot; 10g Parsley; 40g Apricots; 100g Apricot Chutney; 900ml Water; 6 tablespoon  oil; 4 tablespoon butter; 8g spices mix"," Chicken Breast;  Garlic ;  Rice;  Shallot;  Carrot; Parsley; Apricots;  Apricot Chutney; Water;   oil;  butter;  spices mix",170,170,"```json
{
    ""Chicken Breast"": 40,
    ""Rice"": 50,
    ""Carrot"": 30,
    ""Parsley"": 5,
    ""Apricot Chutney"": 10,
    ""Remnants"": 5
}
```",79,"poultry",40,"rice",50,"root vegetables",30,"herbs",5,"sauce",10,NA,5,NA,NA,NA,NA,NA,NA,NA,NA,NA,NA,NA,NA,NA,NA,NA,NA,NA,NA,"```json
{
    ""Chicken Breast"": 40,
    ""Garlic"": 5,
    ""Rice"": 50,
    ""Shallot"": 5,
    ""Carrot"": 30,
    ""Parsley"": 5,
    ""Apricots"": 10,
    ""Apricot Chutney"": 10,
    ""Oil"": 5,
    ""Butter"": 5,
    ""Spices Mix"": 5
}
```",79,"poultry",40,"garlic",5,"rice",50,"onion",5,"root vegetables",30,"herbs",5,"dried fruits",10,"sauce",10,"fats or oils",5,"fats or oils",5,"spices",5,NA,NA,NA,NA,NA,NA,NA,NA,"```json
{
    ""Chicken Breast"": 40,
    ""Garlic"": 2,
    ""Rice"": 50,
    ""Shallot"": 5,
    ""Carrot"": 30,
    ""Parsley"": 3,
    ""Apricots"": 5,
    ""Apricot Chutney"": 10,
    ""Oil"": 2,
    ""Butter"": 2,
    ""Spices Mix"": 1
}
```",79,"poultry",40,"garlic",2,"rice",50,"onion",5,"root vegetables",30,"herbs",3,"dried fruits",5,"sauce",10,"fats or oils",2,"fats or oils",2,"spices",1,NA,NA,NA,NA,NA,NA,NA,NA,"```json
{
    ""Chicken Breast"": 30,
    ""Garlic"": 2,
    ""Rice"": 50,
    ""Shallot"": 5,
    ""Carrot"": 20,
    ""Parsley"": 3,
    ""Apricots"": 5,
    ""Apricot Chutney"": 10,
    ""Oil"": 2,
    ""Butter"": 1,
    ""Spices Mix"": 1
}
```",79,"poultry",30,"garlic",2,"rice",50,"onion",5,"root vegetables",20,"herbs",3,"dried fruits",5,"sauce",10,"fats or oils",2,"fats or oils",1,"spices",1,NA,NA,NA,NA,NA,NA,NA,NA,"```json
{
    ""Chicken Breast"": 40,
    ""Garlic"": 2,
    ""Rice"": 50,
    ""Shallot"": 5,
    ""Carrot"": 30,
    ""Parsley"": 3,
    ""Apricots"": 5,
    ""Apricot Chutney"": 10,
    ""Oil"": 2,
    ""Butter"": 2,
    ""Spices Mix"": 1
}
```",79,"poultry",40,"garlic",2,"rice",50,"onion",5,"root vegetables",30,"herbs",3,"dried fruits",5,"sauce",10,"fats or oils",2,"fats or oils",2,"spices",1,NA,NA,NA,NA,NA,NA,NA,NA,"```json
{
    ""Rice"": 80,
    ""Chicken Breast"": 50,
    ""Carrot"": 40,
    ""Parsley"": 5,
    ""Sauce"": 10
}
```",79,"rice",80,"poultry",50,"root vegetables",40,"herbs",5,"sauce",10,NA,NA,NA,NA,NA,NA,NA,NA,NA,NA,NA,NA,NA,NA,NA,NA,NA,NA,NA,NA,"```json
{
    ""Rice"": 80,
    ""Chicken Breast"": 50,
    ""Carrot"": 40,
    ""Parsley"": 5,
    ""Sauce"": 10
}
```",79,"rice",80,"poultry",50,"root vegetables",40,"herbs",5,"sauce",10,NA,NA,NA,NA,NA,NA,NA,NA,NA,NA,NA,NA,NA,NA,NA,NA,NA,NA,NA,NA,"```json
{
    ""Rice"": 80,
    ""Chicken Breast"": 50,
    ""Carrot"": 40,
    ""Parsley"": 5,
    ""Sauce"": 10
}
```",79,"rice",80,"poultry",50,"root vegetables",40,"herbs",5,"sauce",10,NA,NA,NA,NA,NA,NA,NA,NA,NA,NA,NA,NA,NA,NA,NA,NA,NA,NA,NA,NA,"```json
{
    ""Rice"": 80,
    ""Chicken Breast"": 50,
    ""Carrot"": 40,
    ""Parsley"": 5,
    ""Sauce"": 10
}
```",79,"rice",80,"poultry",50,"root vegetables",40,"herbs",5,"sauce",10,NA,NA,NA,NA,NA,NA,NA,NA,NA,NA,NA,NA,NA,NA,NA,NA,NA,NA,NA,NA,"```json
{
    ""Rice"": 80,
    ""Chicken Breast"": 50,
    ""Carrot"": 40,
    ""Parsley"": 5,
    ""Sauce"": 10
}
```",79,"rice",80,"poultry",50,"root vegetables",40,"herbs",5,"sauce",10,NA,NA,NA,NA,NA,NA,NA,NA,NA,NA,NA,NA,"```json
{
    ""Rice"": 50,
    ""Chicken"": 30,
    ""Baked Carrots"": 40,
    ""Curry Sauce"": 10,
    ""Herbs"": 5
}
```",79,"rice",50,"poultry",30,"root vegetables",40,"sauce",10,"herbs",5,NA,NA,NA,NA,NA,NA,"```json
{
    ""Rice"": 50,
    ""Chicken"": 30,
    ""Baked Carrots"": 40,
    ""Curry Sauce"": 10,
    ""Herbs"": 5
}
```",79,"rice",50,"poultry",30,"root vegetables",40,"sauce",10,"herbs",5,NA,NA,NA,NA,NA,NA,"```json
{
    ""Rice"": 50,
    ""Chicken"": 30,
    ""Baked Carrots"": 40,
    ""Curry Sauce"": 10,
    ""Cilantro"": 5
}
```",79,"rice",50,"poultry",30,"root vegetables",40,"sauce",10,"herbs",5,NA,NA,NA,NA,NA,NA,"```json
{
    ""Rice"": 50,
    ""Chicken"": 30,
    ""Baked Carrots"": 40,
    ""Curry Sauce"": 10,
    ""Herbs"": 5
}
```",79,"rice",50,"poultry",30,"root vegetables",40,"sauce",10,"herbs",5,NA,NA,NA,NA,NA,NA,"```json
{
    ""Rice"": 50,
    ""Chicken"": 30,
    ""Baked Carrots"": 40,
    ""Curry Sauce"": 10,
    ""Herbs"": 5
}
```",79,"rice",50,"poultry",30,"root vegetables",40,"sauce",10,"herbs",5,NA,NA,NA,NA,NA,NA,140,30,30,170,0,0,150,20,20,129,41,41,150,20,20,185,-15,15,185,-15,15,185,-15,15,185,-15,15,185,-15,15,135,35,35,135,35,35,135,35,35,135,35,35,135,35,35,5,0,10,0,10,0,10,0,10,0,5,0,5,0,5,0,5,0,5,0,5,0,5,0,5,0,5,0,5,0
"chicken with apricot curry sauce served with baked potatoes and fluffy rice","Nina","45582","ChickenCranberryCurrySauce",4,"30-10%","26.6",578,618,40,"chicken with apricot curry sauce served with baked potatoes and fluffy rice","https://www.hellofresh.de/recipes/hahnchen-mit-aprikosen-curry-sosse-65d86c68700746d2fe51fc74","Nina_Day1_Chicken4_30.jpg",4,"poultry","garlic","rice","onion","root vegetables","herbs","dried fruits","sauce","water or broth","fats or oils","fats or oils","spices",NA,NA,NA,"500g Chicken Breast; 12 Garlic cloves; 300g Rice; 2  Shallot; 8  Carrot; 10g Parsley; 40g Apricots; 100g Apricot Chutney; 900ml Water; 6 tablespoon  oil; 4 tablespoon butter; 8g spices mix"," Chicken Breast;  Garlic ;  Rice;  Shallot;  Carrot; Parsley; Apricots;  Apricot Chutney; Water;   oil;  butter;  spices mix",40,40,"```json
{
    ""Rice"": 20,
    ""Chicken Breast"": 10,
    ""Parsley"": 1,
    ""Apricot Chutney"": 1,
    ""Remnants"": 0
}
```",78,"rice",20,"poultry",10,"herbs",1,"sauce",1,NA,0,NA,NA,NA,NA,NA,NA,NA,NA,NA,NA,NA,NA,NA,NA,NA,NA,NA,NA,NA,NA,"```json
{
    ""Chicken Breast"": 10,
    ""Rice"": 20,
    ""Parsley"": 1,
    ""Apricot Chutney"": 1,
    ""Remnants"": 0
}
```",78,"poultry",10,"rice",20,"herbs",1,"sauce",1,NA,0,NA,NA,NA,NA,NA,NA,NA,NA,NA,NA,NA,NA,NA,NA,NA,NA,NA,NA,NA,NA,"```json
{
    ""Chicken Breast"": 10,
    ""Rice"": 20,
    ""Parsley"": 1,
    ""Apricot Chutney"": 1,
    ""Remnants"": 0
}
```",78,"poultry",10,"rice",20,"herbs",1,"sauce",1,NA,0,NA,NA,NA,NA,NA,NA,NA,NA,NA,NA,NA,NA,NA,NA,NA,NA,NA,NA,NA,NA,"```json
{
    ""Chicken Breast"": 10,
    ""Rice"": 20,
    ""Parsley"": 1,
    ""Apricot Chutney"": 2,
    ""Remnants"": 0
}
```",78,"poultry",10,"rice",20,"herbs",1,"sauce",2,NA,0,NA,NA,NA,NA,NA,NA,NA,NA,NA,NA,NA,NA,NA,NA,NA,NA,NA,NA,NA,NA,"```json
{
    ""Chicken Breast"": 10,
    ""Rice"": 20,
    ""Parsley"": 1,
    ""Apricot Chutney"": 2,
    ""Remnants"": 0
}
```",78,"poultry",10,"rice",20,"herbs",1,"sauce",2,NA,0,NA,NA,NA,NA,NA,NA,NA,NA,NA,NA,NA,NA,NA,NA,NA,NA,NA,NA,NA,NA,"```json
{
    ""Rice"": 30,
    ""Chicken"": 10,
    ""Parsley"": 1,
    ""Remnants"": 0
}
```",78,"rice",30,"poultry",10,"herbs",1,NA,0,NA,NA,NA,NA,NA,NA,NA,NA,NA,NA,NA,NA,NA,NA,NA,NA,NA,NA,NA,NA,NA,NA,"```json
{
    ""Rice"": 30,
    ""Chicken"": 20,
    ""Parsley"": 1,
    ""Remnants"": 0
}
```",78,"rice",30,"poultry",20,"herbs",1,NA,0,NA,NA,NA,NA,NA,NA,NA,NA,NA,NA,NA,NA,NA,NA,NA,NA,NA,NA,NA,NA,NA,NA,"```json
{
    ""Rice"": 30,
    ""Chicken"": 10,
    ""Parsley"": 1,
    ""Remnants"": 0
}
```",78,"rice",30,"poultry",10,"herbs",1,NA,0,NA,NA,NA,NA,NA,NA,NA,NA,NA,NA,NA,NA,NA,NA,NA,NA,NA,NA,NA,NA,NA,NA,"```json
{
    ""Rice"": 30,
    ""Chicken"": 20,
    ""Parsley"": 1,
    ""Remnants"": 0
}
```",78,"rice",30,"poultry",20,"herbs",1,NA,0,NA,NA,NA,NA,NA,NA,NA,NA,NA,NA,NA,NA,NA,NA,NA,NA,NA,NA,NA,NA,NA,NA,"```json
{
    ""Rice"": 30,
    ""Chicken"": 10,
    ""Parsley"": 1,
    ""Remnants"": 0
}
```",78,"rice",30,"poultry",10,"herbs",1,NA,0,NA,NA,NA,NA,NA,NA,NA,NA,NA,NA,NA,NA,NA,NA,"```json
{
    ""Rice"": 20,
    ""Chicken"": 10,
    ""Curry Sauce"": 5,
    ""Herbs"": 1,
    ""Remnants"": 0
}
```",78,"rice",20,"poultry",10,"sauce",5,"herbs",1,NA,0,NA,NA,NA,NA,NA,NA,"```json
{
    ""Rice"": 20,
    ""Chicken"": 10,
    ""Curry Sauce"": 5,
    ""Herbs"": 1,
    ""Remnants"": 0
}
```",78,"rice",20,"poultry",10,"sauce",5,"herbs",1,NA,0,NA,NA,NA,NA,NA,NA,"```json
{
    ""Rice"": 20,
    ""Chicken"": 10,
    ""Curry Sauce"": 5,
    ""Herbs"": 1,
    ""Remnants"": 0
}
```",78,"rice",20,"poultry",10,"sauce",5,"herbs",1,NA,0,NA,NA,NA,NA,NA,NA,"```json
{
    ""Rice"": 20,
    ""Chicken"": 10,
    ""Curry Sauce"": 5,
    ""Herbs"": 1,
    ""Remnants"": 0
}
```",78,"rice",20,"poultry",10,"sauce",5,"herbs",1,NA,0,NA,NA,NA,NA,NA,NA,"```json
{
    ""Rice"": 20,
    ""Chicken"": 10,
    ""Curry Sauce"": 5,
    ""Remnants"": 0
}
```",78,"rice",20,"poultry",10,"sauce",5,NA,0,NA,NA,NA,NA,NA,NA,NA,NA,32,8,8,32,8,8,32,8,8,33,7,7,33,7,7,41,-1,1,51,-11,11,41,-1,1,51,-11,11,41,-1,1,36,4,4,36,4,4,36,4,4,36,4,4,35,5,5,4,0,4,0,4,0,4,0,4,0,3,0,3,0,3,0,3,0,3,0,4,0,4,0,4,0,4,0,3,0
"chicken with apricot curry sauce served with baked potatoes and fluffy rice","Nina","45582","ChickenCranberryCurrySauce",4,"finished","26.6",578,578,0,"chicken with apricot curry sauce served with baked potatoes and fluffy rice","https://www.hellofresh.de/recipes/hahnchen-mit-aprikosen-curry-sosse-65d86c68700746d2fe51fc75","Nina_Day1_Chicken4_0.jpg",4,"poultry","garlic","rice","onion","root vegetables","herbs","dried fruits","sauce","water or broth","fats or oils","fats or oils","spices",NA,NA,NA,"500g Chicken Breast; 12 Garlic cloves; 300g Rice; 2  Shallot; 8  Carrot; 10g Parsley; 40g Apricots; 100g Apricot Chutney; 900ml Water; 6 tablespoon  oil; 4 tablespoon butter; 8g spices mix"," Chicken Breast;  Garlic ;  Rice;  Shallot;  Carrot; Parsley; Apricots;  Apricot Chutney; Water;   oil;  butter;  spices mix",0,0,"```json
{
  ""Remnants"": 0
}
```",77,NA,0,NA,NA,NA,NA,NA,NA,NA,NA,NA,NA,NA,NA,NA,NA,NA,NA,NA,NA,NA,NA,NA,NA,NA,NA,NA,NA,NA,NA,"```json
{
  ""Remnants"": 0 grams
}
```",77,NA,0,NA,NA,NA,NA,NA,NA,NA,NA,NA,NA,NA,NA,NA,NA,NA,NA,NA,NA,NA,NA,NA,NA,NA,NA,NA,NA,NA,NA,"```json
{
  ""Remnants"": 0 grams
}
```",77,NA,0,NA,NA,NA,NA,NA,NA,NA,NA,NA,NA,NA,NA,NA,NA,NA,NA,NA,NA,NA,NA,NA,NA,NA,NA,NA,NA,NA,NA,"```json
{
  ""Remnants"": 0 grams
}
```",77,NA,0,NA,NA,NA,NA,NA,NA,NA,NA,NA,NA,NA,NA,NA,NA,NA,NA,NA,NA,NA,NA,NA,NA,NA,NA,NA,NA,NA,NA,"```json
{
  ""Remnants"": 0 grams
}
```",77,NA,0,NA,NA,NA,NA,NA,NA,NA,NA,NA,NA,NA,NA,NA,NA,NA,NA,NA,NA,NA,NA,NA,NA,NA,NA,NA,NA,NA,NA,"```json
{
  ""Remnants"": 0 grams
}
```",77,NA,0,NA,NA,NA,NA,NA,NA,NA,NA,NA,NA,NA,NA,NA,NA,NA,NA,NA,NA,NA,NA,NA,NA,NA,NA,NA,NA,NA,NA,"```json
{
  ""Remnants"": 0 grams
}
```",77,NA,0,NA,NA,NA,NA,NA,NA,NA,NA,NA,NA,NA,NA,NA,NA,NA,NA,NA,NA,NA,NA,NA,NA,NA,NA,NA,NA,NA,NA,"```json
{
  ""Remnants"": 0 grams
}
```",77,NA,0,NA,NA,NA,NA,NA,NA,NA,NA,NA,NA,NA,NA,NA,NA,NA,NA,NA,NA,NA,NA,NA,NA,NA,NA,NA,NA,NA,NA,"```json
{
  ""Remnants"": 0
}
```",77,NA,0,NA,NA,NA,NA,NA,NA,NA,NA,NA,NA,NA,NA,NA,NA,NA,NA,NA,NA,NA,NA,NA,NA,NA,NA,NA,NA,NA,NA,"```json
{
  ""Remnants"": 0 grams
}
```",77,NA,0,NA,NA,NA,NA,NA,NA,NA,NA,NA,NA,NA,NA,NA,NA,NA,NA,NA,NA,NA,NA,"```json
{
  ""Remnants"": 0 grams
}
```",77,NA,0,NA,NA,NA,NA,NA,NA,NA,NA,NA,NA,NA,NA,NA,NA,"```json
{
  ""Remnants"": 0 grams
}
```",77,NA,0,NA,NA,NA,NA,NA,NA,NA,NA,NA,NA,NA,NA,NA,NA,"```json
{
  ""Remnants"": 0 grams
}
```",77,NA,0,NA,NA,NA,NA,NA,NA,NA,NA,NA,NA,NA,NA,NA,NA,"```json
{
  ""Remnants"": 0 grams
}
```",77,NA,0,NA,NA,NA,NA,NA,NA,NA,NA,NA,NA,NA,NA,NA,NA,"```json
{
  ""Remnants"": 0 grams
}
```",77,NA,0,NA,NA,NA,NA,NA,NA,NA,NA,NA,NA,NA,NA,NA,NA,0,0,0,0,0,0,0,0,0,0,0,0,0,0,0,0,0,0,0,0,0,0,0,0,0,0,0,0,0,0,0,0,0,0,0,0,0,0,0,0,0,0,0,0,0,0,0,0,0,0,0,0,0,0,0,0,0,0,0,0,0,0,0,0,0,0,0,0,0,0,0,0,0,0,0
"Crispy shrimps with sweet and spicy sauce","Meike","Thursday","RiceShrimps",1,"50","25",598,796,198,"Krokante garnalen met zoet-pittige saus","https://www.hellofresh.nl/recipes/krokante-garnalen-met-kokosrijst-6661c3ce5fb32512350b4fc2","Meike_Thu_RiceShrimps_Pers1_Moment1.jpg",3,"rice","cucumbers","root vegetables","fats or oils","bread(crumbs)","(shell)fish","herbs","lemon or lime","garlic","fats or oils","water or broth","fats or oils","spices","vinaigrette",NA,"225g Rice; 1.5  Cucumber; 10 pieces Radish; 30g Grated Coconut; 75g Breadcrumbs; 240g Shrimp; 7.5g Coriander; 1.5  Lemon; 3  Garlic cloves; 3 tablespoon olive oil; 540ml broth; 1.5 tablespoon butter; 3 teaspoon sugar; 3 tablespoon vinegar"," Rice;  Cucumber;   Radish; Grated Coconut; Breadcrumbs;  Shrimp;  Coriander;  Lemon;  Garlic ;  olive oil; broth;  butter;  sugar;  vinegar",198,198,"```json
{
    ""Rice"": 50,
    ""Cucumber"": 30,
    ""Radish"": 20,
    ""Grated Coconut"": 5,
    ""Breadcrumbs"": 5,
    ""Shrimp"": 30,
    ""Coriander"": 2,
    ""Lemon"": 2,
    ""Garlic"": 2,
    ""Olive Oil"": 3,
    ""Broth"": 5,
    ""Butter"": 3,
    ""Sugar"": 1,
    ""Vinegar"": 2
}
```",34,"rice",50,"cucumbers",30,"root vegetables",20,"fats or oils",5,"bread(crumbs)",5,"(shell)fish",30,"herbs",2,"lemon or lime",2,"garlic",2,"fats or oils",3,"water or broth",5,"fats or oils",3,"spices",1,"vinaigrette",2,NA,NA,"```json
{
    ""Rice"": 50,
    ""Cucumber"": 30,
    ""Radish"": 20,
    ""Grated Coconut"": 5,
    ""Breadcrumbs"": 5,
    ""Shrimp"": 30,
    ""Coriander"": 2,
    ""Lemon"": 2,
    ""Garlic"": 2,
    ""Olive Oil"": 3,
    ""Broth"": 5,
    ""Butter"": 3,
    ""Sugar"": 1,
    ""Vinegar"": 2
}
```",34,"rice",50,"cucumbers",30,"root vegetables",20,"fats or oils",5,"bread(crumbs)",5,"(shell)fish",30,"herbs",2,"lemon or lime",2,"garlic",2,"fats or oils",3,"water or broth",5,"fats or oils",3,"spices",1,"vinaigrette",2,NA,NA,"```json
{
    ""Rice"": 50,
    ""Cucumber"": 30,
    ""Radish"": 20,
    ""Grated Coconut"": 5,
    ""Breadcrumbs"": 5,
    ""Shrimp"": 30,
    ""Coriander"": 2,
    ""Lemon"": 2,
    ""Garlic"": 2,
    ""Olive Oil"": 3,
    ""Broth"": 5,
    ""Butter"": 3,
    ""Sugar"": 1,
    ""Vinegar"": 2
}
```",34,"rice",50,"cucumbers",30,"root vegetables",20,"fats or oils",5,"bread(crumbs)",5,"(shell)fish",30,"herbs",2,"lemon or lime",2,"garlic",2,"fats or oils",3,"water or broth",5,"fats or oils",3,"spices",1,"vinaigrette",2,NA,NA,"```json
{
    ""Rice"": 50,
    ""Cucumber"": 30,
    ""Radish"": 20,
    ""Grated Coconut"": 5,
    ""Breadcrumbs"": 5,
    ""Shrimp"": 30,
    ""Coriander"": 2,
    ""Lemon"": 2,
    ""Garlic"": 2,
    ""Olive Oil"": 3,
    ""Broth"": 5,
    ""Butter"": 3,
    ""Sugar"": 1,
    ""Vinegar"": 2
}
```",34,"rice",50,"cucumbers",30,"root vegetables",20,"fats or oils",5,"bread(crumbs)",5,"(shell)fish",30,"herbs",2,"lemon or lime",2,"garlic",2,"fats or oils",3,"water or broth",5,"fats or oils",3,"spices",1,"vinaigrette",2,NA,NA,"```json
{
    ""Rice"": 50,
    ""Cucumber"": 30,
    ""Radish"": 20,
    ""Grated Coconut"": 5,
    ""Breadcrumbs"": 5,
    ""Shrimp"": 20,
    ""Coriander"": 2,
    ""Lemon"": 2,
    ""Garlic"": 1,
    ""Olive Oil"": 1,
    ""Broth"": 5,
    ""Butter"": 2,
    ""Sugar"": 1,
    ""Vinegar"": 1
}
```",34,"rice",50,"cucumbers",30,"root vegetables",20,"fats or oils",5,"bread(crumbs)",5,"(shell)fish",20,"herbs",2,"lemon or lime",2,"garlic",1,"fats or oils",1,"water or broth",5,"fats or oils",2,"spices",1,"vinaigrette",1,NA,NA,"```json
{
    ""Rice"": 50,
    ""Cucumber"": 30,
    ""Radish"": 20,
    ""Shrimp"": 40,
    ""Breadcrumbs"": 10
}
```",34,"rice",50,"cucumbers",30,"root vegetables",20,"(shell)fish",40,"bread(crumbs)",10,NA,NA,NA,NA,NA,NA,NA,NA,NA,NA,NA,NA,NA,NA,NA,NA,NA,NA,NA,NA,"```json
{
    ""Rice"": 50,
    ""Cucumber"": 30,
    ""Radish"": 20,
    ""Shrimp"": 40,
    ""Breadcrumbs"": 10
}
```",34,"rice",50,"cucumbers",30,"root vegetables",20,"(shell)fish",40,"bread(crumbs)",10,NA,NA,NA,NA,NA,NA,NA,NA,NA,NA,NA,NA,NA,NA,NA,NA,NA,NA,NA,NA,"```json
{
    ""Rice"": 50,
    ""Cucumber"": 30,
    ""Radish"": 20,
    ""Shrimp"": 40,
    ""Breadcrumbs"": 10
}
```",34,"rice",50,"cucumbers",30,"root vegetables",20,"(shell)fish",40,"bread(crumbs)",10,NA,NA,NA,NA,NA,NA,NA,NA,NA,NA,NA,NA,NA,NA,NA,NA,NA,NA,NA,NA,"```json
{
    ""Rice"": 50,
    ""Cucumber"": 40,
    ""Radish"": 20,
    ""Shrimp"": 40,
    ""Breadcrumbs"": 10
}
```",34,"rice",50,"cucumbers",40,"root vegetables",20,"(shell)fish",40,"bread(crumbs)",10,NA,NA,NA,NA,NA,NA,NA,NA,NA,NA,NA,NA,NA,NA,NA,NA,NA,NA,NA,NA,"```json
{
    ""Rice"": 50,
    ""Cucumber"": 30,
    ""Radish"": 20,
    ""Shrimp"": 40,
    ""Breadcrumbs"": 10
}
```",34,"rice",50,"cucumbers",30,"root vegetables",20,"(shell)fish",40,"bread(crumbs)",10,NA,NA,NA,NA,NA,NA,NA,NA,NA,NA,NA,NA,"```json
{
    ""Shrimp"": 50,
    ""Rice"": 60,
    ""Cucumber"": 30,
    ""Radish"": 20
}
```",34,"(shell)fish",50,"rice",60,"cucumbers",30,"root vegetables",20,NA,NA,NA,NA,NA,NA,NA,NA,"```json
{
    ""Shrimp"": 50,
    ""Rice"": 60,
    ""Cucumber"": 30,
    ""Radish"": 20
}
```",34,"(shell)fish",50,"rice",60,"cucumbers",30,"root vegetables",20,NA,NA,NA,NA,NA,NA,NA,NA,"```json
{
    ""Shrimp"": 30,
    ""Rice"": 40,
    ""Cucumber"": 20,
    ""Radish"": 15
}
```",34,"(shell)fish",30,"rice",40,"cucumbers",20,"root vegetables",15,NA,NA,NA,NA,NA,NA,NA,NA,"```json
{
    ""Shrimp"": 30,
    ""Rice"": 40,
    ""Cucumber"": 20,
    ""Radish"": 15
}
```",34,"(shell)fish",30,"rice",40,"cucumbers",20,"root vegetables",15,NA,NA,NA,NA,NA,NA,NA,NA,"```json
{
    ""Shrimp"": 30,
    ""Rice"": 40,
    ""Cucumber"": 20,
    ""Radish"": 15
}
```",34,"(shell)fish",30,"rice",40,"cucumbers",20,"root vegetables",15,NA,NA,NA,NA,NA,NA,NA,NA,160,38,38,160,38,38,160,38,38,160,38,38,145,53,53,150,48,48,150,48,48,150,48,48,160,38,38,150,48,48,160,38,38,160,38,38,105,93,93,105,93,93,105,93,93,12,0,12,0,12,0,12,0,12,0,5,0,5,0,5,0,5,0,5,0,4,0,4,0,4,0,4,0,4,0
"Crispy shrimps with sweet and spicy sauce","Meike","Thursday","RiceShrimps",2,"50","25",575,1011,436,"Krokante garnalen met zoet-pittige saus","https://www.hellofresh.nl/recipes/krokante-garnalen-met-kokosrijst-6661c3ce5fb32512350b4fc3","Meike_Thu_RiceShrimps_Pers2_Moment1.jpg",3,"rice","cucumbers","root vegetables","fats or oils","bread(crumbs)","(shell)fish","herbs","lemon or lime","garlic","fats or oils","water or broth","fats or oils","spices","vinaigrette",NA,"225g Rice; 1.5  Cucumber; 10 pieces Radish; 30g Grated Coconut; 75g Breadcrumbs; 240g Shrimp; 7.5g Coriander; 1.5  Lemon; 3  Garlic cloves; 3 tablespoon olive oil; 540ml broth; 1.5 tablespoon butter; 3 teaspoon sugar; 3 tablespoon vinegar"," Rice;  Cucumber;   Radish; Grated Coconut; Breadcrumbs;  Shrimp;  Coriander;  Lemon;  Garlic ;  olive oil; broth;  butter;  sugar;  vinegar",436,436,"```json
{
    ""Rice"": 100,
    ""Cucumber"": 50,
    ""Radish"": 30,
    ""Grated Coconut"": 10,
    ""Breadcrumbs"": 10,
    ""Shrimp"": 20,
    ""Coriander"": 5,
    ""Lemon"": 10,
    ""Garlic"": 5,
    ""Olive Oil"": 5,
    ""Broth"": 5,
    ""Butter"": 5,
    ""Sugar"": 2,
    ""Vinegar"": 5
}
```",37,"rice",100,"cucumbers",50,"root vegetables",30,"fats or oils",10,"bread(crumbs)",10,"(shell)fish",20,"herbs",5,"lemon or lime",10,"garlic",5,"fats or oils",5,"water or broth",5,"fats or oils",5,"spices",2,"vinaigrette",5,NA,NA,"```json
{
    ""Rice"": 100,
    ""Cucumber"": 50,
    ""Radish"": 30,
    ""Grated Coconut"": 10,
    ""Breadcrumbs"": 15,
    ""Shrimp"": 20,
    ""Coriander"": 5,
    ""Lemon"": 10,
    ""Garlic"": 5,
    ""Olive Oil"": 5,
    ""Broth"": 10,
    ""Butter"": 5,
    ""Sugar"": 5,
    ""Vinegar"": 5
}
```",37,"rice",100,"cucumbers",50,"root vegetables",30,"fats or oils",10,"bread(crumbs)",15,"(shell)fish",20,"herbs",5,"lemon or lime",10,"garlic",5,"fats or oils",5,"water or broth",10,"fats or oils",5,"spices",5,"vinaigrette",5,NA,NA,"```json
{
    ""Rice"": 100,
    ""Cucumber"": 50,
    ""Radish"": 30,
    ""Grated Coconut"": 10,
    ""Breadcrumbs"": 15,
    ""Shrimp"": 20,
    ""Lemon"": 10
}
```",37,"rice",100,"cucumbers",50,"root vegetables",30,"fats or oils",10,"bread(crumbs)",15,"(shell)fish",20,"lemon or lime",10,NA,NA,NA,NA,NA,NA,NA,NA,NA,NA,NA,NA,NA,NA,NA,NA,"```json
{
    ""Rice"": 100,
    ""Cucumber"": 50,
    ""Radish"": 30,
    ""Grated Coconut"": 10,
    ""Breadcrumbs"": 15,
    ""Shrimp"": 20,
    ""Coriander"": 5,
    ""Lemon"": 10,
    ""Garlic"": 5,
    ""Olive Oil"": 5,
    ""Broth"": 0,
    ""Butter"": 5,
    ""Sugar"": 0,
    ""Vinegar"": 5
}
```",37,"rice",100,"cucumbers",50,"root vegetables",30,"fats or oils",10,"bread(crumbs)",15,"(shell)fish",20,"herbs",5,"lemon or lime",10,"garlic",5,"fats or oils",5,"water or broth",0,"fats or oils",5,"spices",0,"vinaigrette",5,NA,NA,"```json
{
    ""Rice"": 100,
    ""Cucumber"": 50,
    ""Radish"": 30,
    ""Grated Coconut"": 10,
    ""Breadcrumbs"": 20,
    ""Shrimp"": 30,
    ""Lemon"": 10
}
```",37,"rice",100,"cucumbers",50,"root vegetables",30,"fats or oils",10,"bread(crumbs)",20,"(shell)fish",30,"lemon or lime",10,NA,NA,NA,NA,NA,NA,NA,NA,NA,NA,NA,NA,NA,NA,NA,NA,"```json
{
    ""Rice"": 225,
    ""Cucumber"": 150,
    ""Radish"": 50,
    ""Grated Coconut"": 30,
    ""Breadcrumbs"": 75,
    ""Shrimp"": 240,
    ""Coriander"": 7.5,
    ""Lemon"": 75,
    ""Garlic"": 15,
    ""Olive Oil"": 45,
    ""Broth"": 540,
    ""Butter"": 21,
    ""Sugar"": 12,
    ""Vinegar"": 45
}
```",37,"rice",225,"cucumbers",150,"root vegetables",50,"fats or oils",30,"bread(crumbs)",75,"(shell)fish",240,"herbs",7.5,"lemon or lime",75,"garlic",15,"fats or oils",45,"water or broth",540,"fats or oils",21,"spices",12,"vinaigrette",45,NA,NA,"```json
{
    ""Rice"": 100,
    ""Cucumber"": 50,
    ""Radish"": 20,
    ""Grated Coconut"": 10,
    ""Breadcrumbs"": 20,
    ""Shrimp"": 40,
    ""Lemon"": 10
}
```",37,"rice",100,"cucumbers",50,"root vegetables",20,"fats or oils",10,"bread(crumbs)",20,"(shell)fish",40,"lemon or lime",10,NA,NA,NA,NA,NA,NA,NA,NA,NA,NA,NA,NA,NA,NA,NA,NA,"```json
{
    ""Rice"": 225,
    ""Cucumber"": 150,
    ""Radish"": 50,
    ""Grated Coconut"": 30,
    ""Breadcrumbs"": 75,
    ""Shrimp"": 240,
    ""Coriander"": 7.5,
    ""Lemon"": 75,
    ""Garlic"": 15,
    ""Olive Oil"": 45,
    ""Broth"": 540,
    ""Butter"": 21,
    ""Sugar"": 12,
    ""Vinegar"": 45
}
```",37,"rice",225,"cucumbers",150,"root vegetables",50,"fats or oils",30,"bread(crumbs)",75,"(shell)fish",240,"herbs",7.5,"lemon or lime",75,"garlic",15,"fats or oils",45,"water or broth",540,"fats or oils",21,"spices",12,"vinaigrette",45,NA,NA,"```json
{
    ""Rice"": ""225 grams"",
    ""Cucumber"": ""150 grams"",
    ""Radish"": ""50 grams"",
    ""Grated Coconut"": ""30 grams"",
    ""Breadcrumbs"": ""75 grams"",
    ""Shrimp"": ""240 grams"",
    ""Coriander"": ""7.5 grams"",
    ""Lemon"": ""1.5 pieces"",
    ""Garlic"": ""3 cloves"",
    ""Olive Oil"": ""3 tablespoons"",
    ""Broth"": ""540 ml"",
    ""Butter"": ""1.5 tablespoons"",
    ""Sugar"": ""3 teaspoons"",
    ""Vinegar"": ""3 tablespoons""
}
```",37,"rice",225,"cucumbers",150,"root vegetables",50,"fats or oils",30,"bread(crumbs)",75,"(shell)fish",240,"herbs",7.5,"lemon or lime",1.5,"garlic",3,"fats or oils",3,"water or broth",540,"fats or oils",1.5,"spices",3,"vinaigrette",3,NA,NA,"```json
{
    ""Rice"": 100,
    ""Cucumber"": 80,
    ""Radish"": 30,
    ""Grated Coconut"": 20,
    ""Breadcrumbs"": 40,
    ""Shrimp"": 60,
    ""Lemon"": 10
}
```",37,"rice",100,"cucumbers",80,"root vegetables",30,"fats or oils",20,"bread(crumbs)",40,"(shell)fish",60,"lemon or lime",10,NA,NA,NA,NA,NA,NA,NA,NA,"```json
{
    ""Cucumber"": 50,
    ""Radish"": 30,
    ""Rice"": 100,
    ""Lemon wedge"": 10,
    ""Crispy coating"": 20,
    ""Sweet and spicy sauce"": 10
}
```",37,"cucumbers",50,"root vegetables",30,"rice",100,"lemon or lime",10,"crispy coating",20,"sauce",10,NA,NA,NA,NA,"```json
{
    ""Cucumber"": 50,
    ""Radish"": 30,
    ""Rice"": 100,
    ""Lemon wedge"": 10,
    ""Crispy topping"": 20,
    ""Sweet and spicy sauce"": 10
}
```",37,"cucumbers",50,"root vegetables",30,"rice",100,"lemon or lime",10,"crispy topping",20,"sauce",10,NA,NA,NA,NA,"```json
{
    ""Cucumber"": 50,
    ""Radish"": 30,
    ""Rice"": 100,
    ""Lemon wedge"": 10,
    ""Crispy topping"": 20,
    ""Sweet and spicy sauce"": 10
}
```",37,"cucumbers",50,"root vegetables",30,"rice",100,"lemon or lime",10,"crispy topping",20,"sauce",10,NA,NA,NA,NA,"```json
{
    ""Cucumber"": 50,
    ""Radish"": 30,
    ""Rice"": 100,
    ""Lemon wedge"": 10,
    ""Crispy coating"": 20,
    ""Sweet and spicy sauce"": 10
}
```",37,"cucumbers",50,"root vegetables",30,"rice",100,"lemon or lime",10,"crispy coating",20,"sauce",10,NA,NA,NA,NA,"```json
{
    ""Cucumber"": 50,
    ""Radish"": 30,
    ""Rice"": 100,
    ""Lemon wedge"": 10,
    ""Crispy coating"": 20,
    ""Sweet and spicy sauce"": 10
}
```",37,"cucumbers",50,"root vegetables",30,"rice",100,"lemon or lime",10,"crispy coating",20,"sauce",10,NA,NA,NA,NA,262,174,174,275,161,161,235,201,201,260,176,176,250,186,186,1530.5,-1094.5,1094.5,250,186,186,1530.5,-1094.5,1094.5,1332.5,-896.5,896.5,340,96,96,220,216,216,220,216,216,220,216,216,220,216,216,220,216,216,12,0,12,0,7,0,12,0,7,0,12,0,7,0,12,0,12,0,7,0,4,2,4,2,4,2,4,2,4,2
"Crispy shrimps with sweet and spicy sauce","Meike","Thursday","RiceShrimps",3,"50","25",618,814,196,"Krokante garnalen met zoet-pittige saus","https://www.hellofresh.nl/recipes/krokante-garnalen-met-kokosrijst-6661c3ce5fb32512350b4fc4","Meike_Thu_RiceShrimps_Pers3_Moment1.jpg",3,"rice","cucumbers","root vegetables","fats or oils","bread(crumbs)","(shell)fish","herbs","lemon or lime","garlic","fats or oils","water or broth","fats or oils","spices","vinaigrette",NA,"225g Rice; 1.5  Cucumber; 10 pieces Radish; 30g Grated Coconut; 75g Breadcrumbs; 240g Shrimp; 7.5g Coriander; 1.5  Lemon; 3  Garlic cloves; 3 tablespoon olive oil; 540ml broth; 1.5 tablespoon butter; 3 teaspoon sugar; 3 tablespoon vinegar"," Rice;  Cucumber;   Radish; Grated Coconut; Breadcrumbs;  Shrimp;  Coriander;  Lemon;  Garlic ;  olive oil; broth;  butter;  sugar;  vinegar",196,196,"```json
{
    ""Rice"": 50,
    ""Cucumber"": 30,
    ""Radish"": 20,
    ""Grated Coconut"": 10,
    ""Breadcrumbs"": 10,
    ""Shrimp"": 40,
    ""Coriander"": 5,
    ""Lemon"": 15
}
```",40,"rice",50,"cucumbers",30,"root vegetables",20,"fats or oils",10,"bread(crumbs)",10,"(shell)fish",40,"herbs",5,"lemon or lime",15,NA,NA,NA,NA,NA,NA,NA,NA,NA,NA,NA,NA,NA,NA,"```json
{
    ""Rice"": 50,
    ""Cucumber"": 30,
    ""Radish"": 20,
    ""Grated Coconut"": 10,
    ""Breadcrumbs"": 10,
    ""Shrimp"": 40,
    ""Coriander"": 5,
    ""Lemon"": 15
}
```",40,"rice",50,"cucumbers",30,"root vegetables",20,"fats or oils",10,"bread(crumbs)",10,"(shell)fish",40,"herbs",5,"lemon or lime",15,NA,NA,NA,NA,NA,NA,NA,NA,NA,NA,NA,NA,NA,NA,"```json
{
    ""Rice"": 50,
    ""Cucumber"": 30,
    ""Radish"": 20,
    ""Grated Coconut"": 10,
    ""Breadcrumbs"": 10,
    ""Shrimp"": 40,
    ""Coriander"": 5,
    ""Lemon"": 15
}
```",40,"rice",50,"cucumbers",30,"root vegetables",20,"fats or oils",10,"bread(crumbs)",10,"(shell)fish",40,"herbs",5,"lemon or lime",15,NA,NA,NA,NA,NA,NA,NA,NA,NA,NA,NA,NA,NA,NA,"```json
{
    ""Rice"": 50,
    ""Cucumber"": 30,
    ""Radish"": 20,
    ""Grated Coconut"": 5,
    ""Breadcrumbs"": 10,
    ""Shrimp"": 40,
    ""Coriander"": 2,
    ""Lemon"": 10,
    ""Garlic"": 2,
    ""Olive Oil"": 5,
    ""Broth"": 5,
    ""Butter"": 5,
    ""Sugar"": 1,
    ""Vinegar"": 2
}
```",40,"rice",50,"cucumbers",30,"root vegetables",20,"fats or oils",5,"bread(crumbs)",10,"(shell)fish",40,"herbs",2,"lemon or lime",10,"garlic",2,"fats or oils",5,"water or broth",5,"fats or oils",5,"spices",1,"vinaigrette",2,NA,NA,"```json
{
    ""Rice"": 50,
    ""Cucumber"": 30,
    ""Radish"": 20,
    ""Grated Coconut"": 5,
    ""Breadcrumbs"": 10,
    ""Shrimp"": 40,
    ""Coriander"": 2,
    ""Lemon"": 10
}
```",40,"rice",50,"cucumbers",30,"root vegetables",20,"fats or oils",5,"bread(crumbs)",10,"(shell)fish",40,"herbs",2,"lemon or lime",10,NA,NA,NA,NA,NA,NA,NA,NA,NA,NA,NA,NA,NA,NA,"```json
{
    ""Rice"": ""225 grams"",
    ""Cucumber"": ""150 grams"",
    ""Radish"": ""50 grams"",
    ""Grated Coconut"": ""30 grams"",
    ""Breadcrumbs"": ""75 grams"",
    ""Shrimp"": ""240 grams"",
    ""Coriander"": ""7.5 grams"",
    ""Lemon"": ""1.5 pieces"",
    ""Garlic"": ""3 cloves"",
    ""Olive Oil"": ""3 tablespoons"",
    ""Broth"": ""540 ml"",
    ""Butter"": ""1.5 tablespoons"",
    ""Sugar"": ""3 teaspoons"",
    ""Vinegar"": ""3 tablespoons""
}
```",40,"rice",225,"cucumbers",150,"root vegetables",50,"fats or oils",30,"bread(crumbs)",75,"(shell)fish",240,"herbs",7.5,"lemon or lime",1.5,"garlic",3,"fats or oils",3,"water or broth",540,"fats or oils",1.5,"spices",3,"vinaigrette",3,NA,NA,"```json
{
  ""Rice"": 50,
  ""Cucumber"": 40,
  ""Radish"": 10,
  ""Grated Coconut"": 5,
  ""Breadcrumbs"": 10,
  ""Shrimp"": 40,
  ""Coriander"": 2,
  ""Lemon"": 10
}
```",40,"rice",50,"cucumbers",40,"root vegetables",10,"fats or oils",5,"bread(crumbs)",10,"(shell)fish",40,"herbs",2,"lemon or lime",10,NA,NA,NA,NA,NA,NA,NA,NA,NA,NA,NA,NA,NA,NA,"```json
{
    ""Rice"": 225,
    ""Cucumber"": 100,
    ""Radish"": 20,
    ""Grated Coconut"": 10,
    ""Breadcrumbs"": 20,
    ""Shrimp"": 60,
    ""Coriander"": 5,
    ""Lemon"": 15
}
```",40,"rice",225,"cucumbers",100,"root vegetables",20,"fats or oils",10,"bread(crumbs)",20,"(shell)fish",60,"herbs",5,"lemon or lime",15,NA,NA,NA,NA,NA,NA,NA,NA,NA,NA,NA,NA,NA,NA,"```json
{
    ""Rice"": 50,
    ""Cucumber"": 40,
    ""Radish"": 10,
    ""Grated Coconut"": 5,
    ""Breadcrumbs"": 10,
    ""Shrimp"": 40,
    ""Coriander"": 2,
    ""Lemon"": 10
}
```",40,"rice",50,"cucumbers",40,"root vegetables",10,"fats or oils",5,"bread(crumbs)",10,"(shell)fish",40,"herbs",2,"lemon or lime",10,NA,NA,NA,NA,NA,NA,NA,NA,NA,NA,NA,NA,NA,NA,"```json
{
    ""Rice"": 225,
    ""Cucumber"": 100,
    ""Radish"": 30,
    ""Grated Coconut"": 30,
    ""Breadcrumbs"": 75,
    ""Shrimp"": 240,
    ""Coriander"": 7,
    ""Lemon"": 30
}
```",40,"rice",225,"cucumbers",100,"root vegetables",30,"fats or oils",30,"bread(crumbs)",75,"(shell)fish",240,"herbs",7,"lemon or lime",30,NA,NA,NA,NA,NA,NA,"```json
{
    ""Shrimp"": 50,
    ""Rice"": 60,
    ""Cucumber"": 30,
    ""Radish"": 20,
    ""Lemon Wedge"": 10
}
```",40,"(shell)fish",50,"rice",60,"cucumbers",30,"root vegetables",20,"lemon or lime",10,NA,NA,NA,NA,NA,NA,"```json
{
    ""Shrimp"": 50,
    ""Rice"": 60,
    ""Cucumber"": 30,
    ""Radish"": 20,
    ""Lemon"": 10
}
```",40,"(shell)fish",50,"rice",60,"cucumbers",30,"root vegetables",20,"lemon or lime",10,NA,NA,NA,NA,NA,NA,"```json
{
    ""Shrimp"": 50,
    ""Rice"": 60,
    ""Cucumber"": 30,
    ""Radish"": 20,
    ""Lemon"": 10
}
```",40,"(shell)fish",50,"rice",60,"cucumbers",30,"root vegetables",20,"lemon or lime",10,NA,NA,NA,NA,NA,NA,"```json
{
    ""Shrimp"": 50,
    ""Rice"": 60,
    ""Cucumber"": 30,
    ""Radish"": 20,
    ""Lemon"": 10
}
```",40,"(shell)fish",50,"rice",60,"cucumbers",30,"root vegetables",20,"lemon or lime",10,NA,NA,NA,NA,NA,NA,"```json
{
    ""Shrimp"": 50,
    ""Rice"": 60,
    ""Cucumber"": 30,
    ""Radish"": 20,
    ""Lemon"": 10
}
```",40,"(shell)fish",50,"rice",60,"cucumbers",30,"root vegetables",20,"lemon or lime",10,NA,NA,NA,NA,NA,NA,180,16,16,180,16,16,180,16,16,187,9,9,167,29,29,1332.5,-1136.5,1136.5,167,29,29,455,-259,259,167,29,29,737,-541,541,170,26,26,170,26,26,170,26,26,170,26,26,170,26,26,8,0,8,0,8,0,12,0,8,0,12,0,8,0,8,0,8,0,8,0,5,0,5,0,5,0,5,0,5,0
"Crispy shrimps with sweet and spicy sauce","Meike","Thursday","RiceShrimps",1,"10","25",598,674,76,"Krokante garnalen met zoet-pittige saus","https://www.hellofresh.nl/recipes/krokante-garnalen-met-kokosrijst-6661c3ce5fb32512350b4fc5","Meike_Thu_RiceShrimps_Pers1_Moment2.jpg",3,"rice","cucumbers","root vegetables","fats or oils","bread(crumbs)","(shell)fish","herbs","lemon or lime","garlic","fats or oils","water or broth","fats or oils","spices","vinaigrette",NA,"225g Rice; 1.5  Cucumber; 10 pieces Radish; 30g Grated Coconut; 75g Breadcrumbs; 240g Shrimp; 7.5g Coriander; 1.5  Lemon; 3  Garlic cloves; 3 tablespoon olive oil; 540ml broth; 1.5 tablespoon butter; 3 teaspoon sugar; 3 tablespoon vinegar"," Rice;  Cucumber;   Radish; Grated Coconut; Breadcrumbs;  Shrimp;  Coriander;  Lemon;  Garlic ;  olive oil; broth;  butter;  sugar;  vinegar",76,76,"```json
{
    ""Rice"": 20,
    ""Cucumber"": 10,
    ""Radish"": 5,
    ""Grated Coconut"": 5,
    ""Breadcrumbs"": 5,
    ""Shrimp"": 10,
    ""Coriander"": 1
}
```",35,"rice",20,"cucumbers",10,"root vegetables",5,"fats or oils",5,"bread(crumbs)",5,"(shell)fish",10,"herbs",1,NA,NA,NA,NA,NA,NA,NA,NA,NA,NA,NA,NA,NA,NA,NA,NA,"```json
{
    ""Rice"": 15,
    ""Cucumber"": 10,
    ""Radish"": 5,
    ""Grated Coconut"": 5,
    ""Breadcrumbs"": 5,
    ""Shrimp"": 10,
    ""Coriander"": 1
}
```",35,"rice",15,"cucumbers",10,"root vegetables",5,"fats or oils",5,"bread(crumbs)",5,"(shell)fish",10,"herbs",1,NA,NA,NA,NA,NA,NA,NA,NA,NA,NA,NA,NA,NA,NA,NA,NA,"```json
{
    ""Rice"": 15,
    ""Cucumber"": 10,
    ""Radish"": 5,
    ""Grated Coconut"": 2,
    ""Breadcrumbs"": 3,
    ""Shrimp"": 10,
    ""Coriander"": 1
}
```",35,"rice",15,"cucumbers",10,"root vegetables",5,"fats or oils",2,"bread(crumbs)",3,"(shell)fish",10,"herbs",1,NA,NA,NA,NA,NA,NA,NA,NA,NA,NA,NA,NA,NA,NA,NA,NA,"```json
{
    ""Rice"": 15,
    ""Cucumber"": 10,
    ""Radish"": 5,
    ""Grated Coconut"": 5,
    ""Breadcrumbs"": 5,
    ""Shrimp"": 10,
    ""Coriander"": 1
}
```",35,"rice",15,"cucumbers",10,"root vegetables",5,"fats or oils",5,"bread(crumbs)",5,"(shell)fish",10,"herbs",1,NA,NA,NA,NA,NA,NA,NA,NA,NA,NA,NA,NA,NA,NA,NA,NA,"```json
{
    ""Rice"": 20,
    ""Cucumber"": 10,
    ""Radish"": 5,
    ""Grated Coconut"": 5,
    ""Breadcrumbs"": 5,
    ""Shrimp"": 10,
    ""Coriander"": 1
}
```",35,"rice",20,"cucumbers",10,"root vegetables",5,"fats or oils",5,"bread(crumbs)",5,"(shell)fish",10,"herbs",1,NA,NA,NA,NA,NA,NA,NA,NA,NA,NA,NA,NA,NA,NA,NA,NA,"```json
{
    ""Rice"": 10,
    ""Cucumber"": 15,
    ""Radish"": 10,
    ""Shrimp"": 15,
    ""Breadcrumbs"": 5,
    ""Grated Coconut"": 5
}
```",35,"rice",10,"cucumbers",15,"root vegetables",10,"(shell)fish",15,"bread(crumbs)",5,"fats or oils",5,NA,NA,NA,NA,NA,NA,NA,NA,NA,NA,NA,NA,NA,NA,NA,NA,NA,NA,"```json
{
    ""Rice"": 20,
    ""Cucumber"": 15,
    ""Radish"": 10,
    ""Shrimp"": 15,
    ""Breadcrumbs"": 5,
    ""Grated Coconut"": 5,
    ""Coriander"": 1
}
```",35,"rice",20,"cucumbers",15,"root vegetables",10,"(shell)fish",15,"bread(crumbs)",5,"fats or oils",5,"herbs",1,NA,NA,NA,NA,NA,NA,NA,NA,NA,NA,NA,NA,NA,NA,NA,NA,"```json
{
    ""Rice"": 15,
    ""Cucumber"": 10,
    ""Radish"": 5,
    ""Shrimp"": 10,
    ""Breadcrumbs"": 5
}
```",35,"rice",15,"cucumbers",10,"root vegetables",5,"(shell)fish",10,"bread(crumbs)",5,NA,NA,NA,NA,NA,NA,NA,NA,NA,NA,NA,NA,NA,NA,NA,NA,NA,NA,NA,NA,"```json
{
    ""Rice"": 15,
    ""Cucumber"": 10,
    ""Radish"": 5,
    ""Shrimp"": 20,
    ""Breadcrumbs"": 5
}
```",35,"rice",15,"cucumbers",10,"root vegetables",5,"(shell)fish",20,"bread(crumbs)",5,NA,NA,NA,NA,NA,NA,NA,NA,NA,NA,NA,NA,NA,NA,NA,NA,NA,NA,NA,NA,"```json
{
    ""Rice"": 15,
    ""Cucumber"": 10,
    ""Radish"": 5,
    ""Shrimp"": 20,
    ""Breadcrumbs"": 5
}
```",35,"rice",15,"cucumbers",10,"root vegetables",5,"(shell)fish",20,"bread(crumbs)",5,NA,NA,NA,NA,NA,NA,NA,NA,NA,NA,NA,NA,"```json
{
    ""Shrimp"": 15,
    ""Rice"": 10,
    ""Cucumber"": 5,
    ""Radish"": 5,
    ""Sauce remnants"": 0
}
```",35,"(shell)fish",15,"rice",10,"cucumbers",5,"root vegetables",5,"sauce",0,NA,NA,NA,NA,NA,NA,"```json
{
    ""Shrimp"": 20,
    ""Rice"": 15,
    ""Cucumber"": 10,
    ""Radish"": 5,
    ""Remnants"": 0
}
```",35,"(shell)fish",20,"rice",15,"cucumbers",10,"root vegetables",5,NA,0,NA,NA,NA,NA,NA,NA,"```json
{
    ""Shrimp"": 20,
    ""Rice"": 15,
    ""Cucumber"": 10,
    ""Radish"": 5,
    ""Sauce remnants"": 5
}
```",35,"(shell)fish",20,"rice",15,"cucumbers",10,"root vegetables",5,"sauce",5,NA,NA,NA,NA,NA,NA,"```json
{
    ""Shrimp"": 15,
    ""Rice"": 10,
    ""Cucumber"": 5,
    ""Radish"": 5,
    ""Remnants"": 0
}
```",35,"(shell)fish",15,"rice",10,"cucumbers",5,"root vegetables",5,NA,0,NA,NA,NA,NA,NA,NA,"```json
{
    ""Shrimp"": 20,
    ""Rice"": 15,
    ""Cucumber"": 10,
    ""Radish"": 5,
    ""Remnants"": 0
}
```",35,"(shell)fish",20,"rice",15,"cucumbers",10,"root vegetables",5,NA,0,NA,NA,NA,NA,NA,NA,56,20,20,51,25,25,46,30,30,51,25,25,56,20,20,60,16,16,71,5,5,45,31,31,55,21,21,55,21,21,35,41,41,50,26,26,55,21,21,35,41,41,50,26,26,7,0,7,0,7,0,7,0,7,0,6,0,7,0,5,0,5,0,5,0,4,1,4,0,4,1,4,0,4,0
"Crispy shrimps with sweet and spicy sauce","Meike","Thursday","RiceShrimps",2,"10","25",575,958,383,"Krokante garnalen met zoet-pittige saus","https://www.hellofresh.nl/recipes/krokante-garnalen-met-kokosrijst-6661c3ce5fb32512350b4fc6","Meike_Thu_RiceShrimps_Pers2_Moment2.jpg",3,"rice","cucumbers","root vegetables","fats or oils","bread(crumbs)","(shell)fish","herbs","lemon or lime","garlic","fats or oils","water or broth","fats or oils","spices","vinaigrette",NA,"225g Rice; 1.5  Cucumber; 10 pieces Radish; 30g Grated Coconut; 75g Breadcrumbs; 240g Shrimp; 7.5g Coriander; 1.5  Lemon; 3  Garlic cloves; 3 tablespoon olive oil; 540ml broth; 1.5 tablespoon butter; 3 teaspoon sugar; 3 tablespoon vinegar"," Rice;  Cucumber;   Radish; Grated Coconut; Breadcrumbs;  Shrimp;  Coriander;  Lemon;  Garlic ;  olive oil; broth;  butter;  sugar;  vinegar",383,383,"```json
{
    ""Rice"": 150,
    ""Cucumber"": 50,
    ""Radish"": 30,
    ""Grated Coconut"": 10,
    ""Breadcrumbs"": 10,
    ""Shrimp"": 20,
    ""Coriander"": 5,
    ""Lemon"": 15,
    ""Garlic"": 5,
    ""Olive Oil"": 5,
    ""Broth"": 10,
    ""Butter"": 5,
    ""Sugar"": 5,
    ""Vinegar"": 5
}
```",38,"rice",150,"cucumbers",50,"root vegetables",30,"fats or oils",10,"bread(crumbs)",10,"(shell)fish",20,"herbs",5,"lemon or lime",15,"garlic",5,"fats or oils",5,"water or broth",10,"fats or oils",5,"spices",5,"vinaigrette",5,NA,NA,"```json
{
    ""Rice"": 150,
    ""Cucumber"": 50,
    ""Radish"": 30,
    ""Grated Coconut"": 10,
    ""Breadcrumbs"": 10,
    ""Shrimp"": 20,
    ""Coriander"": 5,
    ""Lemon"": 15,
    ""Garlic"": 5,
    ""Olive Oil"": 5,
    ""Broth"": 10,
    ""Butter"": 5,
    ""Sugar"": 2,
    ""Vinegar"": 5
}
```",38,"rice",150,"cucumbers",50,"root vegetables",30,"fats or oils",10,"bread(crumbs)",10,"(shell)fish",20,"herbs",5,"lemon or lime",15,"garlic",5,"fats or oils",5,"water or broth",10,"fats or oils",5,"spices",2,"vinaigrette",5,NA,NA,"```json
{
    ""Rice"": 150,
    ""Cucumber"": 50,
    ""Radish"": 30,
    ""Grated Coconut"": 10,
    ""Breadcrumbs"": 10,
    ""Shrimp"": 20,
    ""Coriander"": 5,
    ""Lemon"": 15,
    ""Garlic"": 5,
    ""Olive Oil"": 5,
    ""Broth"": 10,
    ""Butter"": 5,
    ""Sugar"": 2,
    ""Vinegar"": 5
}
```",38,"rice",150,"cucumbers",50,"root vegetables",30,"fats or oils",10,"bread(crumbs)",10,"(shell)fish",20,"herbs",5,"lemon or lime",15,"garlic",5,"fats or oils",5,"water or broth",10,"fats or oils",5,"spices",2,"vinaigrette",5,NA,NA,"```json
{
    ""Rice"": 150,
    ""Cucumber"": 50,
    ""Radish"": 30,
    ""Grated Coconut"": 10,
    ""Breadcrumbs"": 10,
    ""Shrimp"": 20,
    ""Coriander"": 5,
    ""Lemon"": 15,
    ""Garlic"": 5,
    ""Olive Oil"": 5,
    ""Broth"": 0,
    ""Butter"": 5,
    ""Sugar"": 0,
    ""Vinegar"": 0
}
```",38,"rice",150,"cucumbers",50,"root vegetables",30,"fats or oils",10,"bread(crumbs)",10,"(shell)fish",20,"herbs",5,"lemon or lime",15,"garlic",5,"fats or oils",5,"water or broth",0,"fats or oils",5,"spices",0,"vinaigrette",0,NA,NA,"```json
{
    ""Rice"": 150,
    ""Cucumber"": 50,
    ""Radish"": 30,
    ""Grated Coconut"": 10,
    ""Breadcrumbs"": 10,
    ""Shrimp"": 20,
    ""Coriander"": 5,
    ""Lemon"": 15,
    ""Garlic"": 5,
    ""Olive Oil"": 5,
    ""Broth"": 0,
    ""Butter"": 5,
    ""Sugar"": 0,
    ""Vinegar"": 0
}
```",38,"rice",150,"cucumbers",50,"root vegetables",30,"fats or oils",10,"bread(crumbs)",10,"(shell)fish",20,"herbs",5,"lemon or lime",15,"garlic",5,"fats or oils",5,"water or broth",0,"fats or oils",5,"spices",0,"vinaigrette",0,NA,NA,"```json
{
    ""Rice"": 100,
    ""Cucumber"": 80,
    ""Radish"": 30,
    ""Grated Coconut"": 10,
    ""Lemon"": 20
}
```",38,"rice",100,"cucumbers",80,"root vegetables",30,"fats or oils",10,"lemon or lime",20,NA,NA,NA,NA,NA,NA,NA,NA,NA,NA,NA,NA,NA,NA,NA,NA,NA,NA,NA,NA,"```json
{
    ""Rice"": 225,
    ""Cucumber"": 150,
    ""Radish"": 50,
    ""Grated Coconut"": 30,
    ""Breadcrumbs"": 75,
    ""Shrimp"": 240,
    ""Coriander"": 7.5,
    ""Lemon"": 75,
    ""Garlic"": 15,
    ""Olive Oil"": 45,
    ""Broth"": 540,
    ""Butter"": 21,
    ""Sugar"": 12,
    ""Vinegar"": 45
}
```",38,"rice",225,"cucumbers",150,"root vegetables",50,"fats or oils",30,"bread(crumbs)",75,"(shell)fish",240,"herbs",7.5,"lemon or lime",75,"garlic",15,"fats or oils",45,"water or broth",540,"fats or oils",21,"spices",12,"vinaigrette",45,NA,NA,"```json
{
    ""Rice"": 225,
    ""Cucumber"": 150,
    ""Radish"": 50,
    ""Grated Coconut"": 30,
    ""Breadcrumbs"": 75,
    ""Shrimp"": 0,
    ""Coriander"": 0,
    ""Lemon"": 30,
    ""Garlic"": 0,
    ""Olive Oil"": 0,
    ""Broth"": 0,
    ""Butter"": 0,
    ""Sugar"": 0,
    ""Vinegar"": 0
}
```",38,"rice",225,"cucumbers",150,"root vegetables",50,"fats or oils",30,"bread(crumbs)",75,"(shell)fish",0,"herbs",0,"lemon or lime",30,"garlic",0,"fats or oils",0,"water or broth",0,"fats or oils",0,"spices",0,"vinaigrette",0,NA,NA,"```json
{
    ""Rice"": 100,
    ""Cucumber"": 80,
    ""Radish"": 30,
    ""Lemon"": 20
}
```",38,"rice",100,"cucumbers",80,"root vegetables",30,"lemon or lime",20,NA,NA,NA,NA,NA,NA,NA,NA,NA,NA,NA,NA,NA,NA,NA,NA,NA,NA,NA,NA,NA,NA,"```json
{
    ""Rice"": 100,
    ""Cucumber"": 80,
    ""Radish"": 30,
    ""Grated Coconut"": 10,
    ""Breadcrumbs"": 20,
    ""Lemon"": 20
}
```",38,"rice",100,"cucumbers",80,"root vegetables",30,"fats or oils",10,"bread(crumbs)",20,"lemon or lime",20,NA,NA,NA,NA,NA,NA,NA,NA,NA,NA,"```json
{
    ""Rice"": 150,
    ""Cucumber"": 50,
    ""Radish"": 30,
    ""Lemon"": 20
}
```",38,"rice",150,"cucumbers",50,"root vegetables",30,"lemon or lime",20,NA,NA,NA,NA,NA,NA,NA,NA,"```json
{
    ""Rice"": 150,
    ""Cucumber"": 50,
    ""Radish"": 30,
    ""Lemon"": 20
}
```",38,"rice",150,"cucumbers",50,"root vegetables",30,"lemon or lime",20,NA,NA,NA,NA,NA,NA,NA,NA,"```json
{
    ""Rice"": 150,
    ""Cucumber"": 50,
    ""Radish"": 30,
    ""Lemon"": 20
}
```",38,"rice",150,"cucumbers",50,"root vegetables",30,"lemon or lime",20,NA,NA,NA,NA,NA,NA,NA,NA,"```json
{
    ""Rice"": 150,
    ""Cucumber"": 50,
    ""Radish"": 30,
    ""Lemon"": 20,
    ""Crispy Bits"": 10
}
```",38,"rice",150,"cucumbers",50,"root vegetables",30,"lemon or lime",20,"crispy bits",10,NA,NA,NA,NA,NA,NA,"```json
{
    ""Rice"": 150,
    ""Cucumber"": 50,
    ""Radish"": 30,
    ""Lemon"": 20,
    ""Crispy Bits"": 10
}
```",38,"rice",150,"cucumbers",50,"root vegetables",30,"lemon or lime",20,"crispy bits",10,NA,NA,NA,NA,NA,NA,325,58,58,322,61,61,322,61,61,305,78,78,305,78,78,240,143,143,1530.5,-1147.5,1147.5,560,-177,177,230,153,153,260,123,123,250,133,133,250,133,133,250,133,133,260,123,123,260,123,123,12,0,12,0,12,0,12,0,12,0,5,0,12,0,12,0,4,0,6,0,4,0,4,0,4,0,4,1,4,1
"Crispy shrimps with sweet and spicy sauce","Meike","Thursday","RiceShrimps",3,"10","25",618,728,110,"Krokante garnalen met zoet-pittige saus","https://www.hellofresh.nl/recipes/krokante-garnalen-met-kokosrijst-6661c3ce5fb32512350b4fc7","Meike_Thu_RiceShrimps_Pers3_Moment2.jpg",3,"rice","cucumbers","root vegetables","fats or oils","bread(crumbs)","(shell)fish","herbs","lemon or lime","garlic","fats or oils","water or broth","fats or oils","spices","vinaigrette",NA,"225g Rice; 1.5  Cucumber; 10 pieces Radish; 30g Grated Coconut; 75g Breadcrumbs; 240g Shrimp; 7.5g Coriander; 1.5  Lemon; 3  Garlic cloves; 3 tablespoon olive oil; 540ml broth; 1.5 tablespoon butter; 3 teaspoon sugar; 3 tablespoon vinegar"," Rice;  Cucumber;   Radish; Grated Coconut; Breadcrumbs;  Shrimp;  Coriander;  Lemon;  Garlic ;  olive oil; broth;  butter;  sugar;  vinegar",110,110,"```json
{
    ""Rice"": 50,
    ""Cucumber"": 30,
    ""Radish"": 15,
    ""Grated Coconut"": 5,
    ""Breadcrumbs"": 10,
    ""Shrimp"": 20,
    ""Coriander"": 2,
    ""Lemon"": 10,
    ""Garlic"": 2,
    ""Olive Oil"": 5,
    ""Broth"": 50,
    ""Butter"": 5,
    ""Sugar"": 1,
    ""Vinegar"": 2
}
```",41,"rice",50,"cucumbers",30,"root vegetables",15,"fats or oils",5,"bread(crumbs)",10,"(shell)fish",20,"herbs",2,"lemon or lime",10,"garlic",2,"fats or oils",5,"water or broth",50,"fats or oils",5,"spices",1,"vinaigrette",2,NA,NA,"```json
{
    ""Rice"": 50,
    ""Cucumber"": 30,
    ""Radish"": 15,
    ""Grated Coconut"": 5,
    ""Breadcrumbs"": 10,
    ""Shrimp"": 20,
    ""Coriander"": 2,
    ""Lemon"": 10,
    ""Garlic"": 2,
    ""Olive Oil"": 5,
    ""Broth"": 50,
    ""Butter"": 5,
    ""Sugar"": 1,
    ""Vinegar"": 2
}
```",41,"rice",50,"cucumbers",30,"root vegetables",15,"fats or oils",5,"bread(crumbs)",10,"(shell)fish",20,"herbs",2,"lemon or lime",10,"garlic",2,"fats or oils",5,"water or broth",50,"fats or oils",5,"spices",1,"vinaigrette",2,NA,NA,"```json
{
    ""Rice"": 50,
    ""Cucumber"": 30,
    ""Radish"": 15,
    ""Grated Coconut"": 5,
    ""Breadcrumbs"": 10,
    ""Shrimp"": 20,
    ""Coriander"": 2,
    ""Lemon"": 10,
    ""Garlic"": 2,
    ""Olive Oil"": 5,
    ""Broth"": 50,
    ""Butter"": 5,
    ""Sugar"": 1,
    ""Vinegar"": 2
}
```",41,"rice",50,"cucumbers",30,"root vegetables",15,"fats or oils",5,"bread(crumbs)",10,"(shell)fish",20,"herbs",2,"lemon or lime",10,"garlic",2,"fats or oils",5,"water or broth",50,"fats or oils",5,"spices",1,"vinaigrette",2,NA,NA,"```json
{
    ""Rice"": 50,
    ""Cucumber"": 30,
    ""Radish"": 20,
    ""Grated Coconut"": 10,
    ""Breadcrumbs"": 10,
    ""Shrimp"": 30,
    ""Coriander"": 5,
    ""Lemon"": 15,
    ""Garlic"": 5,
    ""Olive Oil"": 5,
    ""Broth"": 50,
    ""Butter"": 5,
    ""Sugar"": 2,
    ""Vinegar"": 5
}
```",41,"rice",50,"cucumbers",30,"root vegetables",20,"fats or oils",10,"bread(crumbs)",10,"(shell)fish",30,"herbs",5,"lemon or lime",15,"garlic",5,"fats or oils",5,"water or broth",50,"fats or oils",5,"spices",2,"vinaigrette",5,NA,NA,"```json
{
    ""Rice"": 50,
    ""Cucumber"": 30,
    ""Radish"": 20,
    ""Grated Coconut"": 10,
    ""Breadcrumbs"": 10,
    ""Shrimp"": 20,
    ""Coriander"": 5,
    ""Lemon"": 15,
    ""Garlic"": 5,
    ""Olive Oil"": 5,
    ""Broth"": 50,
    ""Butter"": 5,
    ""Sugar"": 2,
    ""Vinegar"": 5
}
```",41,"rice",50,"cucumbers",30,"root vegetables",20,"fats or oils",10,"bread(crumbs)",10,"(shell)fish",20,"herbs",5,"lemon or lime",15,"garlic",5,"fats or oils",5,"water or broth",50,"fats or oils",5,"spices",2,"vinaigrette",5,NA,NA,"```json
{
    ""Rice"": 50,
    ""Cucumber"": 30,
    ""Radish"": 10,
    ""Grated Coconut"": 5,
    ""Breadcrumbs"": 10,
    ""Shrimp"": 20,
    ""Coriander"": 2,
    ""Lemon"": 10
}
```",41,"rice",50,"cucumbers",30,"root vegetables",10,"fats or oils",5,"bread(crumbs)",10,"(shell)fish",20,"herbs",2,"lemon or lime",10,NA,NA,NA,NA,NA,NA,NA,NA,NA,NA,NA,NA,NA,NA,"```json
{
    ""Rice"": 50,
    ""Cucumber"": 30,
    ""Radish"": 10,
    ""Grated Coconut"": 5,
    ""Breadcrumbs"": 10,
    ""Shrimp"": 20,
    ""Coriander"": 2,
    ""Lemon"": 10
}
```",41,"rice",50,"cucumbers",30,"root vegetables",10,"fats or oils",5,"bread(crumbs)",10,"(shell)fish",20,"herbs",2,"lemon or lime",10,NA,NA,NA,NA,NA,NA,NA,NA,NA,NA,NA,NA,NA,NA,"```json
{
    ""Rice"": 50,
    ""Cucumber"": 30,
    ""Radish"": 10,
    ""Grated Coconut"": 5,
    ""Breadcrumbs"": 10,
    ""Shrimp"": 20,
    ""Coriander"": 2,
    ""Lemon"": 10
}
```",41,"rice",50,"cucumbers",30,"root vegetables",10,"fats or oils",5,"bread(crumbs)",10,"(shell)fish",20,"herbs",2,"lemon or lime",10,NA,NA,NA,NA,NA,NA,NA,NA,NA,NA,NA,NA,NA,NA,"```json
{
    ""Rice"": 50,
    ""Cucumber"": 30,
    ""Radish"": 10,
    ""Grated Coconut"": 5,
    ""Breadcrumbs"": 10,
    ""Shrimp"": 20,
    ""Coriander"": 2,
    ""Lemon"": 15
}
```",41,"rice",50,"cucumbers",30,"root vegetables",10,"fats or oils",5,"bread(crumbs)",10,"(shell)fish",20,"herbs",2,"lemon or lime",15,NA,NA,NA,NA,NA,NA,NA,NA,NA,NA,NA,NA,NA,NA,"```json
{
    ""Rice"": 50,
    ""Cucumber"": 30,
    ""Radish"": 10,
    ""Grated Coconut"": 5,
    ""Breadcrumbs"": 10,
    ""Shrimp"": 20,
    ""Coriander"": 2,
    ""Lemon"": 10
}
```",41,"rice",50,"cucumbers",30,"root vegetables",10,"fats or oils",5,"bread(crumbs)",10,"(shell)fish",20,"herbs",2,"lemon or lime",10,NA,NA,NA,NA,NA,NA,"```json
{
    ""Cucumber"": 30,
    ""Radish"": 15,
    ""Rice"": 40,
    ""Crispy Shrimp"": 25,
    ""Lemon Wedge"": 10,
    ""Sauce"": 20
}
```",41,"cucumbers",30,"root vegetables",15,"rice",40,"(shell)fish",25,"lemon or lime",10,"sauce",20,NA,NA,NA,NA,"```json
{
    ""Cucumber"": 30,
    ""Radish"": 15,
    ""Rice"": 40,
    ""Crispy Shrimp"": 25,
    ""Lemon Wedge"": 10,
    ""Sauce"": 20
}
```",41,"cucumbers",30,"root vegetables",15,"rice",40,"(shell)fish",25,"lemon or lime",10,"sauce",20,NA,NA,NA,NA,"```json
{
    ""Cucumber"": 30,
    ""Radish"": 10,
    ""Rice"": 40,
    ""Crispy Shrimp"": 20,
    ""Lemon Wedge"": 10,
    ""Sauce"": 30
}
```",41,"cucumbers",30,"root vegetables",10,"rice",40,"(shell)fish",20,"lemon or lime",10,"sauce",30,NA,NA,NA,NA,"```json
{
    ""Cucumber"": 30,
    ""Radish"": 15,
    ""Rice"": 40,
    ""Crispy Shrimp"": 25,
    ""Lemon Wedge"": 10,
    ""Sauce"": 20
}
```",41,"cucumbers",30,"root vegetables",15,"rice",40,"(shell)fish",25,"lemon or lime",10,"sauce",20,NA,NA,NA,NA,"```json
{
    ""Cucumber"": 30,
    ""Radish"": 15,
    ""Rice"": 40,
    ""Crispy Shrimp"": 25,
    ""Lemon Wedge"": 10,
    ""Sauce"": 20
}
```",41,"cucumbers",30,"root vegetables",15,"rice",40,"(shell)fish",25,"lemon or lime",10,"sauce",20,NA,NA,NA,NA,207,-97,97,207,-97,97,207,-97,97,242,-132,132,232,-122,122,137,-27,27,137,-27,27,137,-27,27,142,-32,32,137,-27,27,140,-30,30,140,-30,30,140,-30,30,140,-30,30,140,-30,30,12,0,12,0,12,0,12,0,12,0,8,0,8,0,8,0,8,0,8,0,5,1,5,1,5,1,5,1,5,1
"Crispy shrimps with sweet and spicy sauce","Meike","Thursday","RiceShrimps",1,"finished","25",598,599,1,"Krokante garnalen met zoet-pittige saus","https://www.hellofresh.nl/recipes/krokante-garnalen-met-kokosrijst-6661c3ce5fb32512350b4fc8","Meike_Thu_RiceShrimps_Pers1_Moment3.jpg",3,"rice","cucumbers","root vegetables","fats or oils","bread(crumbs)","(shell)fish","herbs","lemon or lime","garlic","fats or oils","water or broth","fats or oils","spices","vinaigrette",NA,"225g Rice; 1.5  Cucumber; 10 pieces Radish; 30g Grated Coconut; 75g Breadcrumbs; 240g Shrimp; 7.5g Coriander; 1.5  Lemon; 3  Garlic cloves; 3 tablespoon olive oil; 540ml broth; 1.5 tablespoon butter; 3 teaspoon sugar; 3 tablespoon vinegar"," Rice;  Cucumber;   Radish; Grated Coconut; Breadcrumbs;  Shrimp;  Coriander;  Lemon;  Garlic ;  olive oil; broth;  butter;  sugar;  vinegar",1,1,"```json
{
  ""Remnants"": 0 grams
}
```",36,NA,0,NA,NA,NA,NA,NA,NA,NA,NA,NA,NA,NA,NA,NA,NA,NA,NA,NA,NA,NA,NA,NA,NA,NA,NA,NA,NA,NA,NA,"```json
{
  ""Remnants"": 0
}
```",36,NA,0,NA,NA,NA,NA,NA,NA,NA,NA,NA,NA,NA,NA,NA,NA,NA,NA,NA,NA,NA,NA,NA,NA,NA,NA,NA,NA,NA,NA,"```json
{
  ""Remnants"": 0
}
```",36,NA,0,NA,NA,NA,NA,NA,NA,NA,NA,NA,NA,NA,NA,NA,NA,NA,NA,NA,NA,NA,NA,NA,NA,NA,NA,NA,NA,NA,NA,"```json
{
  ""Remnants"": 0 grams
}
```",36,NA,0,NA,NA,NA,NA,NA,NA,NA,NA,NA,NA,NA,NA,NA,NA,NA,NA,NA,NA,NA,NA,NA,NA,NA,NA,NA,NA,NA,NA,"```json
{
  ""Remnants"": 0
}
```",36,NA,0,NA,NA,NA,NA,NA,NA,NA,NA,NA,NA,NA,NA,NA,NA,NA,NA,NA,NA,NA,NA,NA,NA,NA,NA,NA,NA,NA,NA,"```json
{
  ""Remnants"": 0 grams
}
```",36,NA,0,NA,NA,NA,NA,NA,NA,NA,NA,NA,NA,NA,NA,NA,NA,NA,NA,NA,NA,NA,NA,NA,NA,NA,NA,NA,NA,NA,NA,"```json
{
  ""Remnants"": 0 grams
}
```",36,NA,0,NA,NA,NA,NA,NA,NA,NA,NA,NA,NA,NA,NA,NA,NA,NA,NA,NA,NA,NA,NA,NA,NA,NA,NA,NA,NA,NA,NA,"```json
{
  ""Remnants"": 0
}
```",36,NA,0,NA,NA,NA,NA,NA,NA,NA,NA,NA,NA,NA,NA,NA,NA,NA,NA,NA,NA,NA,NA,NA,NA,NA,NA,NA,NA,NA,NA,"```json
{
  ""Remnants"": 0 grams
}
```",36,NA,0,NA,NA,NA,NA,NA,NA,NA,NA,NA,NA,NA,NA,NA,NA,NA,NA,NA,NA,NA,NA,NA,NA,NA,NA,NA,NA,NA,NA,"```json
{
  ""Remnants"": 0 grams
}
```",36,NA,0,NA,NA,NA,NA,NA,NA,NA,NA,NA,NA,NA,NA,NA,NA,NA,NA,NA,NA,NA,NA,"```json
{""Remnants"": 0 grams}
```",36,NA,NA,NA,NA,NA,NA,NA,NA,NA,NA,NA,NA,NA,NA,NA,NA,"```json
{""Remnants"": 0 grams}
```",36,NA,NA,NA,NA,NA,NA,NA,NA,NA,NA,NA,NA,NA,NA,NA,NA,"```json
{
  ""Remnants"": 0
}
```",36,NA,0,NA,NA,NA,NA,NA,NA,NA,NA,NA,NA,NA,NA,NA,NA,"```json
{
  ""Remnants"": 0
}
```",36,NA,0,NA,NA,NA,NA,NA,NA,NA,NA,NA,NA,NA,NA,NA,NA,"```json
{""Remnants"": 0 grams}
```",36,NA,NA,NA,NA,NA,NA,NA,NA,NA,NA,NA,NA,NA,NA,NA,NA,0,1,1,0,1,1,0,1,1,0,1,1,0,1,1,0,1,1,0,1,1,0,1,1,0,1,1,0,1,1,0,1,1,0,1,1,0,1,1,0,1,1,0,1,1,0,0,0,0,0,0,0,0,0,0,0,0,0,0,0,0,0,0,0,0,0,0,0,0,0,0,0,0,0,0
"Crispy shrimps with sweet and spicy sauce","Meike","Thursday","RiceShrimps",2,"finished","25",575,926,351,"Krokante garnalen met zoet-pittige saus","https://www.hellofresh.nl/recipes/krokante-garnalen-met-kokosrijst-6661c3ce5fb32512350b4fc9","Meike_Thu_RiceShrimps_Pers2_Moment3.jpg",3,"rice","cucumbers","root vegetables","fats or oils","bread(crumbs)","(shell)fish","herbs","lemon or lime","garlic","fats or oils","water or broth","fats or oils","spices","vinaigrette",NA,"225g Rice; 1.5  Cucumber; 10 pieces Radish; 30g Grated Coconut; 75g Breadcrumbs; 240g Shrimp; 7.5g Coriander; 1.5  Lemon; 3  Garlic cloves; 3 tablespoon olive oil; 540ml broth; 1.5 tablespoon butter; 3 teaspoon sugar; 3 tablespoon vinegar"," Rice;  Cucumber;   Radish; Grated Coconut; Breadcrumbs;  Shrimp;  Coriander;  Lemon;  Garlic ;  olive oil; broth;  butter;  sugar;  vinegar",351,351,"```json
{
    ""Rice"": 50,
    ""Cucumber"": 30,
    ""Radish"": 20,
    ""Grated Coconut"": 5,
    ""Breadcrumbs"": 5,
    ""Shrimp"": 10,
    ""Coriander"": 2,
    ""Lemon"": 10,
    ""Garlic"": 2,
    ""Olive Oil"": 3,
    ""Broth"": 0,
    ""Butter"": 0,
    ""Sugar"": 0,
    ""Vinegar"": 0
}
```",39,"rice",50,"cucumbers",30,"root vegetables",20,"fats or oils",5,"bread(crumbs)",5,"(shell)fish",10,"herbs",2,"lemon or lime",10,"garlic",2,"fats or oils",3,"water or broth",0,"fats or oils",0,"spices",0,"vinaigrette",0,NA,NA,"```json
{
    ""Rice"": 50,
    ""Cucumber"": 30,
    ""Radish"": 20,
    ""Grated Coconut"": 5,
    ""Breadcrumbs"": 5,
    ""Shrimp"": 0,
    ""Coriander"": 0,
    ""Lemon"": 10,
    ""Garlic"": 0,
    ""Olive Oil"": 0,
    ""Broth"": 0,
    ""Butter"": 0,
    ""Sugar"": 0,
    ""Vinegar"": 0
}
```",39,"rice",50,"cucumbers",30,"root vegetables",20,"fats or oils",5,"bread(crumbs)",5,"(shell)fish",0,"herbs",0,"lemon or lime",10,"garlic",0,"fats or oils",0,"water or broth",0,"fats or oils",0,"spices",0,"vinaigrette",0,NA,NA,"```json
{
    ""Rice"": 50,
    ""Cucumber"": 30,
    ""Radish"": 20,
    ""Grated Coconut"": 5,
    ""Breadcrumbs"": 5,
    ""Shrimp"": 0,
    ""Coriander"": 0,
    ""Lemon"": 10,
    ""Garlic"": 0,
    ""Olive Oil"": 0,
    ""Broth"": 0,
    ""Butter"": 0,
    ""Sugar"": 0,
    ""Vinegar"": 0
}
```",39,"rice",50,"cucumbers",30,"root vegetables",20,"fats or oils",5,"bread(crumbs)",5,"(shell)fish",0,"herbs",0,"lemon or lime",10,"garlic",0,"fats or oils",0,"water or broth",0,"fats or oils",0,"spices",0,"vinaigrette",0,NA,NA,"```json
{
    ""Rice"": 50,
    ""Cucumber"": 30,
    ""Radish"": 20,
    ""Grated Coconut"": 5,
    ""Breadcrumbs"": 5,
    ""Shrimp"": 0,
    ""Coriander"": 0,
    ""Lemon"": 10,
    ""Garlic"": 0,
    ""Olive Oil"": 0,
    ""Broth"": 0,
    ""Butter"": 0,
    ""Sugar"": 0,
    ""Vinegar"": 0
}
```",39,"rice",50,"cucumbers",30,"root vegetables",20,"fats or oils",5,"bread(crumbs)",5,"(shell)fish",0,"herbs",0,"lemon or lime",10,"garlic",0,"fats or oils",0,"water or broth",0,"fats or oils",0,"spices",0,"vinaigrette",0,NA,NA,"```json
{
    ""Rice"": 50,
    ""Cucumber"": 30,
    ""Radish"": 20,
    ""Grated Coconut"": 5,
    ""Breadcrumbs"": 5,
    ""Shrimp"": 10,
    ""Coriander"": 2,
    ""Lemon"": 10,
    ""Garlic"": 2,
    ""Olive Oil"": 3,
    ""Broth"": 0,
    ""Butter"": 0,
    ""Sugar"": 0,
    ""Vinegar"": 0
}
```",39,"rice",50,"cucumbers",30,"root vegetables",20,"fats or oils",5,"bread(crumbs)",5,"(shell)fish",10,"herbs",2,"lemon or lime",10,"garlic",2,"fats or oils",3,"water or broth",0,"fats or oils",0,"spices",0,"vinaigrette",0,NA,NA,"```json
{
    ""Rice"": 50,
    ""Cucumber"": 40,
    ""Radish"": 20,
    ""Grated Coconut"": 10,
    ""Breadcrumbs"": 15,
    ""Lemon"": 10
}
```",39,"rice",50,"cucumbers",40,"root vegetables",20,"fats or oils",10,"bread(crumbs)",15,"lemon or lime",10,NA,NA,NA,NA,NA,NA,NA,NA,NA,NA,NA,NA,NA,NA,NA,NA,NA,NA,"```json
{
    ""Rice"": 50,
    ""Cucumber"": 40,
    ""Radish"": 20,
    ""Grated Coconut"": 10,
    ""Lemon"": 10
}
```",39,"rice",50,"cucumbers",40,"root vegetables",20,"fats or oils",10,"lemon or lime",10,NA,NA,NA,NA,NA,NA,NA,NA,NA,NA,NA,NA,NA,NA,NA,NA,NA,NA,NA,NA,"```json
{
    ""Rice"": 50,
    ""Cucumber"": 40,
    ""Radish"": 20,
    ""Grated Coconut"": 10,
    ""Lemon"": 10
}
```",39,"rice",50,"cucumbers",40,"root vegetables",20,"fats or oils",10,"lemon or lime",10,NA,NA,NA,NA,NA,NA,NA,NA,NA,NA,NA,NA,NA,NA,NA,NA,NA,NA,NA,NA,"```json
{
    ""Rice"": 50,
    ""Cucumber"": 40,
    ""Radish"": 20,
    ""Grated Coconut"": 10,
    ""Lemon"": 10
}
```",39,"rice",50,"cucumbers",40,"root vegetables",20,"fats or oils",10,"lemon or lime",10,NA,NA,NA,NA,NA,NA,NA,NA,NA,NA,NA,NA,NA,NA,NA,NA,NA,NA,NA,NA,"```json
{
    ""Rice"": 50,
    ""Cucumber"": 40,
    ""Radish"": 20,
    ""Grated Coconut"": 10,
    ""Lemon"": 10
}
```",39,"rice",50,"cucumbers",40,"root vegetables",20,"fats or oils",10,"lemon or lime",10,NA,NA,NA,NA,NA,NA,NA,NA,NA,NA,NA,NA,"I can't identify specific dishes or sauces, but I can describe the visible ingredients on the plate:

```json
{
  ""Rice"": 50,
  ""Cucumber"": 30,
  ""Radish"": 20,
  ""Lemon"": 10
}
```",39,"rice",50,"cucumbers",30,"root vegetables",20,"lemon or lime",10,NA,NA,NA,NA,NA,NA,NA,NA,"```json
{
    ""Rice"": 50,
    ""Cucumber"": 30,
    ""Radish"": 20,
    ""Lemon"": 10,
    ""Remnants"": 0
}
```",39,"rice",50,"cucumbers",30,"root vegetables",20,"lemon or lime",10,NA,0,NA,NA,NA,NA,NA,NA,"```json
{
    ""Rice"": 50,
    ""Cucumber"": 30,
    ""Radish"": 20,
    ""Lemon"": 10,
    ""Remnants"": 0
}
```",39,"rice",50,"cucumbers",30,"root vegetables",20,"lemon or lime",10,NA,0,NA,NA,NA,NA,NA,NA,"I can't identify specific dishes or sauces, but I can describe the visible ingredients on the plate:

```json
{
    ""Rice"": 50,
    ""Cucumber"": 30,
    ""Radish"": 20,
    ""Lemon"": 10
}
```",39,"rice",50,"cucumbers",30,"root vegetables",20,"lemon or lime",10,NA,NA,NA,NA,NA,NA,NA,NA,"```json
{
    ""Rice"": 50,
    ""Cucumber"": 30,
    ""Radish"": 20,
    ""Lemon"": 10,
    ""Remnants"": 0
}
```",39,"rice",50,"cucumbers",30,"root vegetables",20,"lemon or lime",10,NA,0,NA,NA,NA,NA,NA,NA,137,214,214,120,231,231,120,231,231,120,231,231,137,214,214,145,206,206,130,221,221,130,221,221,130,221,221,130,221,221,110,241,241,110,241,241,110,241,241,110,241,241,110,241,241,12,0,12,0,12,0,12,0,12,0,6,0,5,0,5,0,5,0,5,0,4,0,4,0,4,0,4,0,4,0
"Crispy shrimps with sweet and spicy sauce","Meike","Thursday","RiceShrimps",3,"finished","25",618,632,14,"Krokante garnalen met zoet-pittige saus","https://www.hellofresh.nl/recipes/krokante-garnalen-met-kokosrijst-6661c3ce5fb32512350b4fc10","Meike_Thu_RiceShrimps_Pers3_Moment3.jpg",3,"rice","cucumbers","root vegetables","fats or oils","bread(crumbs)","(shell)fish","herbs","lemon or lime","garlic","fats or oils","water or broth","fats or oils","spices","vinaigrette",NA,"225g Rice; 1.5  Cucumber; 10 pieces Radish; 30g Grated Coconut; 75g Breadcrumbs; 240g Shrimp; 7.5g Coriander; 1.5  Lemon; 3  Garlic cloves; 3 tablespoon olive oil; 540ml broth; 1.5 tablespoon butter; 3 teaspoon sugar; 3 tablespoon vinegar"," Rice;  Cucumber;   Radish; Grated Coconut; Breadcrumbs;  Shrimp;  Coriander;  Lemon;  Garlic ;  olive oil; broth;  butter;  sugar;  vinegar",14,14,"```json
{
    ""Lemon"": 10,
    ""Coriander"": 1,
    ""Remnants"": 0
}
```",42,"lemon or lime",10,"herbs",1,NA,0,NA,NA,NA,NA,NA,NA,NA,NA,NA,NA,NA,NA,NA,NA,NA,NA,NA,NA,NA,NA,NA,NA,NA,NA,"```json
{
    ""Lemon"": 10,
    ""Coriander"": 1,
    ""Remnants"": 2
}
```",42,"lemon or lime",10,"herbs",1,NA,2,NA,NA,NA,NA,NA,NA,NA,NA,NA,NA,NA,NA,NA,NA,NA,NA,NA,NA,NA,NA,NA,NA,NA,NA,"```json
{
    ""Lemon"": 10,
    ""Coriander"": 1,
    ""Remnants"": 0
}
```",42,"lemon or lime",10,"herbs",1,NA,0,NA,NA,NA,NA,NA,NA,NA,NA,NA,NA,NA,NA,NA,NA,NA,NA,NA,NA,NA,NA,NA,NA,NA,NA,"```json
{
    ""Lemon"": 10,
    ""Coriander"": 1,
    ""Remnants"": 0
}
```",42,"lemon or lime",10,"herbs",1,NA,0,NA,NA,NA,NA,NA,NA,NA,NA,NA,NA,NA,NA,NA,NA,NA,NA,NA,NA,NA,NA,NA,NA,NA,NA,"```json
{
    ""Lemon"": 10,
    ""Coriander"": 1,
    ""Remnants"": 0
}
```",42,"lemon or lime",10,"herbs",1,NA,0,NA,NA,NA,NA,NA,NA,NA,NA,NA,NA,NA,NA,NA,NA,NA,NA,NA,NA,NA,NA,NA,NA,NA,NA,"```json
{
    ""Remnants"": 0
}
```",42,NA,0,NA,NA,NA,NA,NA,NA,NA,NA,NA,NA,NA,NA,NA,NA,NA,NA,NA,NA,NA,NA,NA,NA,NA,NA,NA,NA,NA,NA,"```json
{
    ""Remnants"": 0
}
```",42,NA,0,NA,NA,NA,NA,NA,NA,NA,NA,NA,NA,NA,NA,NA,NA,NA,NA,NA,NA,NA,NA,NA,NA,NA,NA,NA,NA,NA,NA,"```json
{
    ""Remnants"": 0
}
```",42,NA,0,NA,NA,NA,NA,NA,NA,NA,NA,NA,NA,NA,NA,NA,NA,NA,NA,NA,NA,NA,NA,NA,NA,NA,NA,NA,NA,NA,NA,"```json
{
  ""Remnants"": 0 grams
}
```",42,NA,0,NA,NA,NA,NA,NA,NA,NA,NA,NA,NA,NA,NA,NA,NA,NA,NA,NA,NA,NA,NA,NA,NA,NA,NA,NA,NA,NA,NA,"```json
{
    ""Remnants"": 0
}
```",42,NA,0,NA,NA,NA,NA,NA,NA,NA,NA,NA,NA,NA,NA,NA,NA,NA,NA,NA,NA,NA,NA,"```json
{
  ""Remnants"": 0
}
```",42,NA,0,NA,NA,NA,NA,NA,NA,NA,NA,NA,NA,NA,NA,NA,NA,"```json
{
  ""Remnants"": 0,
  ""Lemon wedge"": 10
}
```",42,NA,0,"lemon or lime",10,NA,NA,NA,NA,NA,NA,NA,NA,NA,NA,NA,NA,"```json
{
  ""Remnants"": 0,
  ""Lemon wedge"": 10
}
```",42,NA,0,"lemon or lime",10,NA,NA,NA,NA,NA,NA,NA,NA,NA,NA,NA,NA,"```json
{
  ""Remnants"": 0,
  ""Lemon wedge"": 10
}
```",42,NA,0,"lemon or lime",10,NA,NA,NA,NA,NA,NA,NA,NA,NA,NA,NA,NA,"```json
{
  ""Remnants"": 0,
  ""Lemon wedge"": 10
}
```",42,NA,0,"lemon or lime",10,NA,NA,NA,NA,NA,NA,NA,NA,NA,NA,NA,NA,11,3,3,13,1,1,11,3,3,11,3,3,11,3,3,0,14,14,0,14,14,0,14,14,0,14,14,0,14,14,0,14,14,10,4,4,10,4,4,10,4,4,10,4,4,2,0,2,0,2,0,2,0,2,0,0,0,0,0,0,0,0,0,0,0,0,0,1,0,1,0,1,0,1,0
"Lentil soufflé with cheese and potato topping, carrots, champions and parsley","Nina","45584","Lentilsouffle",1,"50-30%","22.8",385,501,116,"Lentil soufflé with cheese and potato topping, carrots, champions and parsley","https://www.hellofresh.de/recipes/linsenauflauf-mit-kase-kartoffel-haube-65bcbbf4fb38871420c61dc1","Nina_Day3_Lentil1_50.jpg",3,"legumes","potatoes or fries","mushrooms","root vegetables","onion","garlic","herbs","dairy (cream)","tomatoes","vinaigrette","sauce","cheese","water or broth","fats or oils","fats or oils","585g Brown Lentils; 2  Potato; 125g Mushrooms; 2  Carrot; 1  Onion; 1  Garlic cloves; 10g Parsley; 100g Crème Fraîche; 105g Tomato Paste; 15ml Mustard; 50ml Soy Sauce; 150g Gouda cheese; 500ml Water; 1.5 tablespoon butter; 10g oil"," Brown Lentils;  Potato;  Mushrooms;  Carrot;  Onion;  Garlic ; Parsley;  Crème Fraîche;  Tomato Paste; Mustard; Soy Sauce;  Gouda cheese; Water;  butter; oil",116,116,"```json
{
    ""Brown Lentils"": 30,
    ""Potato"": 20,
    ""Mushrooms"": 15,
    ""Carrot"": 10,
    ""Onion"": 5,
    ""Garlic"": 2,
    ""Parsley"": 1,
    ""Crème Fraîche"": 5,
    ""Tomato Paste"": 3,
    ""Mustard"": 2,
    ""Soy Sauce"": 2,
    ""Gouda Cheese"": 5,
    ""Butter"": 2,
    ""Oil"": 1
}
```",89,"legumes",30,"potatoes or fries",20,"mushrooms",15,"root vegetables",10,"onion",5,"garlic",2,"herbs",1,"dairy (cream)",5,"tomatoes",3,"vinaigrette",2,"sauce",2,"cheese",5,"fats or oils",2,"fats or oils",1,NA,NA,"```json
{
    ""Brown Lentils"": 30,
    ""Potato"": 20,
    ""Mushrooms"": 15,
    ""Carrot"": 10,
    ""Onion"": 5,
    ""Garlic"": 2,
    ""Parsley"": 1,
    ""Crème Fraîche"": 5,
    ""Tomato Paste"": 5,
    ""Mustard"": 2,
    ""Soy Sauce"": 2,
    ""Gouda Cheese"": 5,
    ""Butter"": 3,
    ""Oil"": 2
}
```",89,"legumes",30,"potatoes or fries",20,"mushrooms",15,"root vegetables",10,"onion",5,"garlic",2,"herbs",1,"dairy (cream)",5,"tomatoes",5,"vinaigrette",2,"sauce",2,"cheese",5,"fats or oils",3,"fats or oils",2,NA,NA,"```json
{
    ""Brown Lentils"": 30,
    ""Potato"": 20,
    ""Mushrooms"": 15,
    ""Carrot"": 10,
    ""Onion"": 5,
    ""Garlic"": 2,
    ""Parsley"": 1,
    ""Crème Fraîche"": 5,
    ""Tomato Paste"": 3,
    ""Mustard"": 2,
    ""Soy Sauce"": 2,
    ""Gouda Cheese"": 5,
    ""Butter"": 2,
    ""Oil"": 1
}
```",89,"legumes",30,"potatoes or fries",20,"mushrooms",15,"root vegetables",10,"onion",5,"garlic",2,"herbs",1,"dairy (cream)",5,"tomatoes",3,"vinaigrette",2,"sauce",2,"cheese",5,"fats or oils",2,"fats or oils",1,NA,NA,"```json
{
    ""Brown Lentils"": 30,
    ""Potato"": 20,
    ""Mushrooms"": 15,
    ""Carrot"": 10,
    ""Onion"": 5,
    ""Garlic"": 2,
    ""Parsley"": 1,
    ""Crème Fraîche"": 5,
    ""Tomato Paste"": 5,
    ""Mustard"": 2,
    ""Soy Sauce"": 2,
    ""Gouda Cheese"": 10,
    ""Water"": 0,
    ""Butter"": 2,
    ""Oil"": 1
}
```",89,"legumes",30,"potatoes or fries",20,"mushrooms",15,"root vegetables",10,"onion",5,"garlic",2,"herbs",1,"dairy (cream)",5,"tomatoes",5,"vinaigrette",2,"sauce",2,"cheese",10,"water or broth",0,"fats or oils",2,"fats or oils",1,"```json
{
    ""Brown Lentils"": 30,
    ""Potato"": 20,
    ""Mushrooms"": 15,
    ""Carrot"": 10,
    ""Onion"": 5,
    ""Garlic"": 2,
    ""Parsley"": 1,
    ""Crème Fraîche"": 5,
    ""Tomato Paste"": 5,
    ""Mustard"": 2,
    ""Soy Sauce"": 2,
    ""Gouda Cheese"": 10,
    ""Butter"": 3,
    ""Oil"": 2
}
```",89,"legumes",30,"potatoes or fries",20,"mushrooms",15,"root vegetables",10,"onion",5,"garlic",2,"herbs",1,"dairy (cream)",5,"tomatoes",5,"vinaigrette",2,"sauce",2,"cheese",10,"fats or oils",3,"fats or oils",2,NA,NA,"```json
{
  ""Remnants"": 50
}
```",89,NA,50,NA,NA,NA,NA,NA,NA,NA,NA,NA,NA,NA,NA,NA,NA,NA,NA,NA,NA,NA,NA,NA,NA,NA,NA,NA,NA,NA,NA,"```json
{
  ""Remnants"": 0
}
```",89,NA,0,NA,NA,NA,NA,NA,NA,NA,NA,NA,NA,NA,NA,NA,NA,NA,NA,NA,NA,NA,NA,NA,NA,NA,NA,NA,NA,NA,NA,"```json
{
  ""Remnants"": 0
}
```",89,NA,0,NA,NA,NA,NA,NA,NA,NA,NA,NA,NA,NA,NA,NA,NA,NA,NA,NA,NA,NA,NA,NA,NA,NA,NA,NA,NA,NA,NA,"```json
{
  ""Remnants"": 0
}
```",89,NA,0,NA,NA,NA,NA,NA,NA,NA,NA,NA,NA,NA,NA,NA,NA,NA,NA,NA,NA,NA,NA,NA,NA,NA,NA,NA,NA,NA,NA,"```json
{
  ""Remnants"": 50
}
```",89,NA,50,NA,NA,NA,NA,NA,NA,NA,NA,NA,NA,NA,NA,NA,NA,NA,NA,NA,NA,NA,NA,"```json
{
    ""Lentils"": 30,
    ""Cheese"": 10,
    ""Potato"": 15,
    ""Carrots"": 5,
    ""Champignons"": 5,
    ""Parsley"": 1
}
```",89,"legumes",30,"cheese",10,"potatoes or fries",15,"root vegetables",5,"mushrooms",5,"herbs",1,NA,NA,NA,NA,"```json
{
    ""Lentils"": 30,
    ""Cheese"": 10,
    ""Potato"": 15,
    ""Carrots"": 5,
    ""Champignons"": 5,
    ""Parsley"": 1
}
```",89,"legumes",30,"cheese",10,"potatoes or fries",15,"root vegetables",5,"mushrooms",5,"herbs",1,NA,NA,NA,NA,"```json
{
    ""Lentils"": 30,
    ""Cheese"": 10,
    ""Potato"": 15,
    ""Carrots"": 5,
    ""Champignons"": 5,
    ""Parsley"": 1
}
```",89,"legumes",30,"cheese",10,"potatoes or fries",15,"root vegetables",5,"mushrooms",5,"herbs",1,NA,NA,NA,NA,"```json
{
    ""Lentils"": 30,
    ""Cheese"": 10,
    ""Potato"": 15,
    ""Carrots"": 5,
    ""Champignons"": 5,
    ""Parsley"": 1
}
```",89,"legumes",30,"cheese",10,"potatoes or fries",15,"root vegetables",5,"mushrooms",5,"herbs",1,NA,NA,NA,NA,"```json
{
    ""Lentils"": 30,
    ""Cheese"": 10,
    ""Potato"": 15,
    ""Carrots"": 5,
    ""Champignons"": 5,
    ""Parsley"": 1
}
```",89,"legumes",30,"cheese",10,"potatoes or fries",15,"root vegetables",5,"mushrooms",5,"herbs",1,NA,NA,NA,NA,103,13,13,107,9,9,103,13,13,110,6,6,112,4,4,50,66,66,0,116,116,0,116,116,0,116,116,50,66,66,66,50,50,66,50,50,66,50,50,66,50,50,66,50,50,13,0,13,0,13,0,14,0,13,0,0,0,0,0,0,0,0,0,0,0,6,0,6,0,6,0,6,0,6,0
"Lentil soufflé with cheese and potato topping, carrots, champions and parsley","Nina","45584","Lentilsouffle",1,"30-10%","22.8",385,436,51,"Lentil soufflé with cheese and potato topping, carrots, champions and parsley","https://www.hellofresh.de/recipes/linsenauflauf-mit-kase-kartoffel-haube-65bcbbf4fb38871420c61dc1","Nina_Day3_Lentil1_30.jpg",3,"legumes","potatoes or fries","mushrooms","root vegetables","onion","garlic","herbs","dairy (cream)","tomatoes","vinaigrette","sauce","cheese","water or broth","fats or oils","fats or oils","585g Brown Lentils; 2  Potato; 125g Mushrooms; 2  Carrot; 1  Onion; 1  Garlic cloves; 10g Parsley; 100g Crème Fraîche; 105g Tomato Paste; 15ml Mustard; 50ml Soy Sauce; 150g Gouda cheese; 500ml Water; 1.5 tablespoon butter; 10g oil"," Brown Lentils;  Potato;  Mushrooms;  Carrot;  Onion;  Garlic ; Parsley;  Crème Fraîche;  Tomato Paste; Mustard; Soy Sauce;  Gouda cheese; Water;  butter; oil",51,51,"```json
{
    ""Brown Lentils"": 10,
    ""Potato"": 15,
    ""Mushrooms"": 5,
    ""Carrot"": 5,
    ""Onion"": 5,
    ""Garlic"": 1,
    ""Parsley"": 1,
    ""Crème Fraîche"": 5,
    ""Tomato Paste"": 5,
    ""Mustard"": 1,
    ""Soy Sauce"": 1,
    ""Gouda cheese"": 10,
    ""Butter"": 1,
    ""Oil"": 1
}
```",88,"legumes",10,"potatoes or fries",15,"mushrooms",5,"root vegetables",5,"onion",5,"garlic",1,"herbs",1,"dairy (cream)",5,"tomatoes",5,"vinaigrette",1,"sauce",1,"cheese",10,"fats or oils",1,"fats or oils",1,NA,NA,"```json
{
    ""Brown Lentils"": 10,
    ""Potato"": 20,
    ""Mushrooms"": 5,
    ""Carrot"": 5,
    ""Onion"": 5,
    ""Garlic"": 1,
    ""Parsley"": 1,
    ""Crème Fraîche"": 5,
    ""Tomato Paste"": 5,
    ""Mustard"": 1,
    ""Soy Sauce"": 1,
    ""Gouda cheese"": 10,
    ""Butter"": 1,
    ""Oil"": 1
}
```",88,"legumes",10,"potatoes or fries",20,"mushrooms",5,"root vegetables",5,"onion",5,"garlic",1,"herbs",1,"dairy (cream)",5,"tomatoes",5,"vinaigrette",1,"sauce",1,"cheese",10,"fats or oils",1,"fats or oils",1,NA,NA,"```json
{
    ""Brown Lentils"": 10,
    ""Potato"": 20,
    ""Mushrooms"": 5,
    ""Carrot"": 5,
    ""Onion"": 10,
    ""Garlic"": 1,
    ""Parsley"": 1,
    ""Crème Fraîche"": 5,
    ""Tomato Paste"": 5,
    ""Mustard"": 1,
    ""Soy Sauce"": 1,
    ""Gouda cheese"": 10,
    ""Butter"": 1,
    ""Oil"": 1
}
```",88,"legumes",10,"potatoes or fries",20,"mushrooms",5,"root vegetables",5,"onion",10,"garlic",1,"herbs",1,"dairy (cream)",5,"tomatoes",5,"vinaigrette",1,"sauce",1,"cheese",10,"fats or oils",1,"fats or oils",1,NA,NA,"```json
{
    ""Brown Lentils"": 10,
    ""Potato"": 15,
    ""Mushrooms"": 5,
    ""Carrot"": 5,
    ""Onion"": 10,
    ""Garlic"": 1,
    ""Parsley"": 1,
    ""Crème Fraîche"": 5,
    ""Tomato Paste"": 5,
    ""Mustard"": 1,
    ""Soy Sauce"": 1,
    ""Gouda cheese"": 10,
    ""Water"": 0,
    ""Butter"": 1,
    ""Oil"": 1
}
```",88,"legumes",10,"potatoes or fries",15,"mushrooms",5,"root vegetables",5,"onion",10,"garlic",1,"herbs",1,"dairy (cream)",5,"tomatoes",5,"vinaigrette",1,"sauce",1,"cheese",10,"water or broth",0,"fats or oils",1,"fats or oils",1,"```json
{
  ""Brown Lentils"": 10,
  ""Potato"": 15,
  ""Mushrooms"": 5,
  ""Carrot"": 5,
  ""Onion"": 5,
  ""Garlic"": 1,
  ""Parsley"": 1,
  ""Crème Fraîche"": 5,
  ""Tomato Paste"": 5,
  ""Mustard"": 1,
  ""Soy Sauce"": 1,
  ""Gouda cheese"": 10,
  ""Butter"": 1,
  ""Oil"": 1
}
```",88,"legumes",10,"potatoes or fries",15,"mushrooms",5,"root vegetables",5,"onion",5,"garlic",1,"herbs",1,"dairy (cream)",5,"tomatoes",5,"vinaigrette",1,"sauce",1,"cheese",10,"fats or oils",1,"fats or oils",1,NA,NA,"```json
{
  ""Remnants"": 0 grams
}
```",88,NA,0,NA,NA,NA,NA,NA,NA,NA,NA,NA,NA,NA,NA,NA,NA,NA,NA,NA,NA,NA,NA,NA,NA,NA,NA,NA,NA,NA,NA,"```json
{
  ""Remnants"": 0 grams
}
```",88,NA,0,NA,NA,NA,NA,NA,NA,NA,NA,NA,NA,NA,NA,NA,NA,NA,NA,NA,NA,NA,NA,NA,NA,NA,NA,NA,NA,NA,NA,"```json
{
  ""Remnants"": 20
}
```",88,NA,20,NA,NA,NA,NA,NA,NA,NA,NA,NA,NA,NA,NA,NA,NA,NA,NA,NA,NA,NA,NA,NA,NA,NA,NA,NA,NA,NA,NA,"```json
{
  ""Remnants"": 20
}
```",88,NA,20,NA,NA,NA,NA,NA,NA,NA,NA,NA,NA,NA,NA,NA,NA,NA,NA,NA,NA,NA,NA,NA,NA,NA,NA,NA,NA,NA,NA,"```json
{
  ""Remnants"": 20
}
```",88,NA,20,NA,NA,NA,NA,NA,NA,NA,NA,NA,NA,NA,NA,NA,NA,NA,NA,NA,NA,NA,NA,"```json
{
  ""Remnants"": 0
}
```",88,NA,0,NA,NA,NA,NA,NA,NA,NA,NA,NA,NA,NA,NA,NA,NA,"```json
{
    ""Remnants"": 0
}
```",88,NA,0,NA,NA,NA,NA,NA,NA,NA,NA,NA,NA,NA,NA,NA,NA,"```json
{
  ""Remnants"": 0
}
```",88,NA,0,NA,NA,NA,NA,NA,NA,NA,NA,NA,NA,NA,NA,NA,NA,"```json
{
  ""Remnants"": 0
}
```",88,NA,0,NA,NA,NA,NA,NA,NA,NA,NA,NA,NA,NA,NA,NA,NA,"```json
{
  ""Remnants"": 0 grams
}
```",88,NA,0,NA,NA,NA,NA,NA,NA,NA,NA,NA,NA,NA,NA,NA,NA,66,-15,15,71,-20,20,76,-25,25,71,-20,20,66,-15,15,0,51,51,0,51,51,20,31,31,20,31,31,20,31,31,0,51,51,0,51,51,0,51,51,0,51,51,0,51,51,13,0,13,0,13,0,14,0,13,0,0,0,0,0,0,0,0,0,0,0,0,0,0,0,0,0,0,0,0,0
"Lentil soufflé with cheese and potato topping, carrots, champions and parsley","Nina","45584","Lentilsouffle",1,"finished","22.8",385,391,6,"Lentil soufflé with cheese and potato topping, carrots, champions and parsley","https://www.hellofresh.de/recipes/linsenauflauf-mit-kase-kartoffel-haube-65bcbbf4fb38871420c61dc1","Nina_Day3_Lentil1_0.jpg",3,"legumes","potatoes or fries","mushrooms","root vegetables","onion","garlic","herbs","dairy (cream)","tomatoes","vinaigrette","sauce","cheese","water or broth","fats or oils","fats or oils","585g Brown Lentils; 2  Potato; 125g Mushrooms; 2  Carrot; 1  Onion; 1  Garlic cloves; 10g Parsley; 100g Crème Fraîche; 105g Tomato Paste; 15ml Mustard; 50ml Soy Sauce; 150g Gouda cheese; 500ml Water; 1.5 tablespoon butter; 10g oil"," Brown Lentils;  Potato;  Mushrooms;  Carrot;  Onion;  Garlic ; Parsley;  Crème Fraîche;  Tomato Paste; Mustard; Soy Sauce;  Gouda cheese; Water;  butter; oil",6,6,"```json
{
  ""Remnants"": 5
}
```",87,NA,5,NA,NA,NA,NA,NA,NA,NA,NA,NA,NA,NA,NA,NA,NA,NA,NA,NA,NA,NA,NA,NA,NA,NA,NA,NA,NA,NA,NA,"```json
{
  ""Remnants"": 0 grams
}
```",87,NA,0,NA,NA,NA,NA,NA,NA,NA,NA,NA,NA,NA,NA,NA,NA,NA,NA,NA,NA,NA,NA,NA,NA,NA,NA,NA,NA,NA,NA,"```json
{
  ""Remnants"": 5
}
```",87,NA,5,NA,NA,NA,NA,NA,NA,NA,NA,NA,NA,NA,NA,NA,NA,NA,NA,NA,NA,NA,NA,NA,NA,NA,NA,NA,NA,NA,NA,"```json
{
  ""Remnants"": 0 grams
}
```",87,NA,0,NA,NA,NA,NA,NA,NA,NA,NA,NA,NA,NA,NA,NA,NA,NA,NA,NA,NA,NA,NA,NA,NA,NA,NA,NA,NA,NA,NA,"```json
{
  ""Remnants"": 5
}
```",87,NA,5,NA,NA,NA,NA,NA,NA,NA,NA,NA,NA,NA,NA,NA,NA,NA,NA,NA,NA,NA,NA,NA,NA,NA,NA,NA,NA,NA,NA,"```json
{
  ""Remnants"": 0
}
```",87,NA,0,NA,NA,NA,NA,NA,NA,NA,NA,NA,NA,NA,NA,NA,NA,NA,NA,NA,NA,NA,NA,NA,NA,NA,NA,NA,NA,NA,NA,"```json
{
  ""Remnants"": 0 grams
}
```",87,NA,0,NA,NA,NA,NA,NA,NA,NA,NA,NA,NA,NA,NA,NA,NA,NA,NA,NA,NA,NA,NA,NA,NA,NA,NA,NA,NA,NA,NA,"```json
{
  ""Remnants"": 0 grams
}
```",87,NA,0,NA,NA,NA,NA,NA,NA,NA,NA,NA,NA,NA,NA,NA,NA,NA,NA,NA,NA,NA,NA,NA,NA,NA,NA,NA,NA,NA,NA,"```json
{
  ""Remnants"": 0 grams
}
```",87,NA,0,NA,NA,NA,NA,NA,NA,NA,NA,NA,NA,NA,NA,NA,NA,NA,NA,NA,NA,NA,NA,NA,NA,NA,NA,NA,NA,NA,NA,"```json
{
  ""Remnants"": 0 grams
}
```",87,NA,0,NA,NA,NA,NA,NA,NA,NA,NA,NA,NA,NA,NA,NA,NA,NA,NA,NA,NA,NA,NA,"```json
{
  ""Remnants"": 0 grams
}
```",87,NA,0,NA,NA,NA,NA,NA,NA,NA,NA,NA,NA,NA,NA,NA,NA,"```json
{
  ""Remnants"": 0
}
```",87,NA,0,NA,NA,NA,NA,NA,NA,NA,NA,NA,NA,NA,NA,NA,NA,"```json
{
  ""Remnants"": 0
}
```",87,NA,0,NA,NA,NA,NA,NA,NA,NA,NA,NA,NA,NA,NA,NA,NA,"```json
{
  ""Remnants"": 0 grams
}
```",87,NA,0,NA,NA,NA,NA,NA,NA,NA,NA,NA,NA,NA,NA,NA,NA,"```json
{
  ""Remnants"": 5
}
```",87,NA,5,NA,NA,NA,NA,NA,NA,NA,NA,NA,NA,NA,NA,NA,NA,5,1,1,0,6,6,5,1,1,0,6,6,5,1,1,0,6,6,0,6,6,0,6,6,0,6,6,0,6,6,0,6,6,0,6,6,0,6,6,0,6,6,5,1,1,0,0,0,0,0,0,0,0,0,0,0,0,0,0,0,0,0,0,0,0,0,0,0,0,0,0,0,0,0,0
"Lentil soufflé with cheese and potato topping, carrots, champions and parsley","Nina","45584","Lentilsouffle",2,"50-30%","22.8",396,517,121,"Lentil soufflé with cheese and potato topping, carrots, champions and parsley","https://www.hellofresh.de/recipes/linsenauflauf-mit-kase-kartoffel-haube-65bcbbf4fb38871420c61dc1","Nina_Day3_Lentil2_50.jpg",3,"legumes","potatoes or fries","mushrooms","root vegetables","onion","garlic","herbs","dairy (cream)","tomatoes","vinaigrette","sauce","cheese","water or broth","fats or oils","fats or oils","585g Brown Lentils; 2  Potato; 125g Mushrooms; 2  Carrot; 1  Onion; 1  Garlic cloves; 10g Parsley; 100g Crème Fraîche; 105g Tomato Paste; 15ml Mustard; 50ml Soy Sauce; 150g Gouda cheese; 500ml Water; 1.5 tablespoon butter; 10g oil"," Brown Lentils;  Potato;  Mushrooms;  Carrot;  Onion;  Garlic ; Parsley;  Crème Fraîche;  Tomato Paste; Mustard; Soy Sauce;  Gouda cheese; Water;  butter; oil",121,121,"```json
{
    ""Brown Lentils"": 30,
    ""Potato"": 20,
    ""Mushrooms"": 10,
    ""Carrot"": 15,
    ""Onion"": 5,
    ""Garlic"": 2,
    ""Parsley"": 1,
    ""Crème Fraîche"": 5,
    ""Tomato Paste"": 5,
    ""Mustard"": 2,
    ""Soy Sauce"": 2,
    ""Gouda Cheese"": 5,
    ""Butter"": 3,
    ""Oil"": 2
}
```",90,"legumes",30,"potatoes or fries",20,"mushrooms",10,"root vegetables",15,"onion",5,"garlic",2,"herbs",1,"dairy (cream)",5,"tomatoes",5,"vinaigrette",2,"sauce",2,"cheese",5,"fats or oils",3,"fats or oils",2,NA,NA,"```json
{
    ""Brown Lentils"": 30,
    ""Potato"": 20,
    ""Mushrooms"": 10,
    ""Carrot"": 15,
    ""Onion"": 5,
    ""Garlic"": 2,
    ""Parsley"": 1,
    ""Crème Fraîche"": 5,
    ""Tomato Paste"": 5,
    ""Mustard"": 2,
    ""Soy Sauce"": 2,
    ""Gouda Cheese"": 5,
    ""Butter"": 3,
    ""Oil"": 2
}
```",90,"legumes",30,"potatoes or fries",20,"mushrooms",10,"root vegetables",15,"onion",5,"garlic",2,"herbs",1,"dairy (cream)",5,"tomatoes",5,"vinaigrette",2,"sauce",2,"cheese",5,"fats or oils",3,"fats or oils",2,NA,NA,"```json
{
    ""Brown Lentils"": 30,
    ""Potato"": 20,
    ""Mushrooms"": 10,
    ""Carrot"": 15,
    ""Onion"": 5,
    ""Garlic"": 2,
    ""Parsley"": 1,
    ""Crème Fraîche"": 5,
    ""Tomato Paste"": 5,
    ""Mustard"": 2,
    ""Soy Sauce"": 2,
    ""Gouda Cheese"": 5,
    ""Butter"": 3,
    ""Oil"": 2
}
```",90,"legumes",30,"potatoes or fries",20,"mushrooms",10,"root vegetables",15,"onion",5,"garlic",2,"herbs",1,"dairy (cream)",5,"tomatoes",5,"vinaigrette",2,"sauce",2,"cheese",5,"fats or oils",3,"fats or oils",2,NA,NA,"```json
{
    ""Brown Lentils"": 30,
    ""Potato"": 20,
    ""Mushrooms"": 10,
    ""Carrot"": 15,
    ""Onion"": 5,
    ""Garlic"": 2,
    ""Parsley"": 1,
    ""Crème Fraîche"": 5,
    ""Tomato Paste"": 5,
    ""Mustard"": 2,
    ""Soy Sauce"": 2,
    ""Gouda Cheese"": 5,
    ""Butter"": 3,
    ""Oil"": 2
}
```",90,"legumes",30,"potatoes or fries",20,"mushrooms",10,"root vegetables",15,"onion",5,"garlic",2,"herbs",1,"dairy (cream)",5,"tomatoes",5,"vinaigrette",2,"sauce",2,"cheese",5,"fats or oils",3,"fats or oils",2,NA,NA,"```json
{
    ""Brown Lentils"": 30,
    ""Potato"": 20,
    ""Mushrooms"": 10,
    ""Carrot"": 15,
    ""Onion"": 5,
    ""Garlic"": 2,
    ""Parsley"": 1,
    ""Crème Fraîche"": 5,
    ""Tomato Paste"": 5,
    ""Mustard"": 2,
    ""Soy Sauce"": 2,
    ""Gouda Cheese"": 10,
    ""Butter"": 3,
    ""Oil"": 2
}
```",90,"legumes",30,"potatoes or fries",20,"mushrooms",10,"root vegetables",15,"onion",5,"garlic",2,"herbs",1,"dairy (cream)",5,"tomatoes",5,"vinaigrette",2,"sauce",2,"cheese",10,"fats or oils",3,"fats or oils",2,NA,NA,"```json
{
    ""Brown Lentils"": 50,
    ""Potato"": 30,
    ""Mushrooms"": 20,
    ""Carrot"": 25,
    ""Onion"": 10,
    ""Garlic"": 5,
    ""Parsley"": 5,
    ""Crème Fraîche"": 0,
    ""Tomato Paste"": 10,
    ""Mustard"": 0,
    ""Soy Sauce"": 0,
    ""Gouda Cheese"": 15,
    ""Water"": 0,
    ""Butter"": 0,
    ""Oil"": 0
}
```",90,"legumes",50,"potatoes or fries",30,"mushrooms",20,"root vegetables",25,"onion",10,"garlic",5,"herbs",5,"dairy (cream)",0,"tomatoes",10,"vinaigrette",0,"sauce",0,"cheese",15,"water or broth",0,"fats or oils",0,"fats or oils",0,"```json
{
    ""Brown Lentils"": 50,
    ""Potato"": 30,
    ""Mushrooms"": 20,
    ""Carrot"": 20,
    ""Onion"": 10,
    ""Garlic"": 5,
    ""Parsley"": 5,
    ""Crème Fraîche"": 0,
    ""Tomato Paste"": 10,
    ""Mustard"": 0,
    ""Soy Sauce"": 0,
    ""Gouda Cheese"": 15,
    ""Water"": 0,
    ""Butter"": 0,
    ""Oil"": 0
}
```",90,"legumes",50,"potatoes or fries",30,"mushrooms",20,"root vegetables",20,"onion",10,"garlic",5,"herbs",5,"dairy (cream)",0,"tomatoes",10,"vinaigrette",0,"sauce",0,"cheese",15,"water or broth",0,"fats or oils",0,"fats or oils",0,"```json
{
    ""Brown Lentils"": 50,
    ""Potato"": 30,
    ""Mushrooms"": 20,
    ""Carrot"": 20,
    ""Onion"": 10,
    ""Garlic"": 5,
    ""Parsley"": 5,
    ""Crème Fraîche"": 0,
    ""Tomato Paste"": 10,
    ""Mustard"": 0,
    ""Soy Sauce"": 0,
    ""Gouda Cheese"": 15,
    ""Water"": 0,
    ""Butter"": 0,
    ""Oil"": 0
}
```",90,"legumes",50,"potatoes or fries",30,"mushrooms",20,"root vegetables",20,"onion",10,"garlic",5,"herbs",5,"dairy (cream)",0,"tomatoes",10,"vinaigrette",0,"sauce",0,"cheese",15,"water or broth",0,"fats or oils",0,"fats or oils",0,"```json
{
  ""Brown Lentils"": 50,
  ""Potato"": 30,
  ""Mushrooms"": 20,
  ""Carrot"": 20,
  ""Onion"": 10,
  ""Garlic"": 5,
  ""Parsley"": 5,
  ""Crème Fraîche"": 0,
  ""Tomato Paste"": 10,
  ""Mustard"": 0,
  ""Soy Sauce"": 0,
  ""Gouda Cheese"": 15,
  ""Water"": 0,
  ""Butter"": 0,
  ""Oil"": 0
}
```",90,"legumes",50,"potatoes or fries",30,"mushrooms",20,"root vegetables",20,"onion",10,"garlic",5,"herbs",5,"dairy (cream)",0,"tomatoes",10,"vinaigrette",0,"sauce",0,"cheese",15,"water or broth",0,"fats or oils",0,"fats or oils",0,"```json
{
    ""Brown Lentils"": 50,
    ""Potato"": 30,
    ""Mushrooms"": 20,
    ""Carrot"": 20,
    ""Onion"": 10,
    ""Parsley"": 5,
    ""Remnants"": 0
}
```",90,"legumes",50,"potatoes or fries",30,"mushrooms",20,"root vegetables",20,"onion",10,"herbs",5,NA,0,NA,NA,NA,NA,NA,NA,NA,NA,"```json
{
  ""lentils"": 50,
  ""cheese"": 20,
  ""potato"": 30,
  ""carrots"": 20,
  ""champignons"": 15,
  ""parsley"": 5
}
```",90,"legumes",50,"cheese",20,"potatoes or fries",30,"root vegetables",20,"mushrooms",15,"herbs",5,NA,NA,NA,NA,"```json
{
    ""Lentils"": 50,
    ""Cheese"": 20,
    ""Potato"": 30,
    ""Carrots"": 15,
    ""Champignons"": 10,
    ""Parsley"": 5
}
```",90,"legumes",50,"cheese",20,"potatoes or fries",30,"root vegetables",15,"mushrooms",10,"herbs",5,NA,NA,NA,NA,"```json
{
    ""Lentils"": 50,
    ""Cheese"": 20,
    ""Potato"": 30,
    ""Carrots"": 15,
    ""Champignons"": 10,
    ""Parsley"": 5
}
```",90,"legumes",50,"cheese",20,"potatoes or fries",30,"root vegetables",15,"mushrooms",10,"herbs",5,NA,NA,NA,NA,"```json
{
  ""Lentils"": 50,
  ""Cheese"": 20,
  ""Potato"": 30,
  ""Carrots"": 15,
  ""Champignons"": 10,
  ""Parsley"": 5
}
```",90,"legumes",50,"cheese",20,"potatoes or fries",30,"root vegetables",15,"mushrooms",10,"herbs",5,NA,NA,NA,NA,"```json
{
    ""Lentils"": 50,
    ""Cheese"": 20,
    ""Potato"": 30,
    ""Carrots"": 15,
    ""Champignons"": 10,
    ""Parsley"": 5
}
```",90,"legumes",50,"cheese",20,"potatoes or fries",30,"root vegetables",15,"mushrooms",10,"herbs",5,NA,NA,NA,NA,107,14,14,107,14,14,107,14,14,107,14,14,112,9,9,170,-49,49,165,-44,44,165,-44,44,165,-44,44,135,-14,14,140,-19,19,130,-9,9,130,-9,9,130,-9,9,130,-9,9,13,0,13,0,13,0,13,0,13,0,14,0,14,0,14,0,14,0,6,0,6,0,6,0,6,0,6,0,6,0
"Lentil soufflé with cheese and potato topping, carrots, champions and parsley","Nina","45584","Lentilsouffle",3,"50-30%","22.8",389,538,149,"Lentil soufflé with cheese and potato topping, carrots, champions and parsley","https://www.hellofresh.de/recipes/linsenauflauf-mit-kase-kartoffel-haube-65bcbbf4fb38871420c61dc1","Nina_Day3_Lentil3_50.jpg",3,"legumes","potatoes or fries","mushrooms","root vegetables","onion","garlic","herbs","dairy (cream)","tomatoes","vinaigrette","sauce","cheese","water or broth","fats or oils","fats or oils","585g Brown Lentils; 2  Potato; 125g Mushrooms; 2  Carrot; 1  Onion; 1  Garlic cloves; 10g Parsley; 100g Crème Fraîche; 105g Tomato Paste; 15ml Mustard; 50ml Soy Sauce; 150g Gouda cheese; 500ml Water; 1.5 tablespoon butter; 10g oil"," Brown Lentils;  Potato;  Mushrooms;  Carrot;  Onion;  Garlic ; Parsley;  Crème Fraîche;  Tomato Paste; Mustard; Soy Sauce;  Gouda cheese; Water;  butter; oil",149,149,"```json
{
    ""Brown Lentils"": 50,
    ""Potato"": 30,
    ""Mushrooms"": 20,
    ""Carrot"": 15,
    ""Onion"": 10,
    ""Garlic"": 5,
    ""Parsley"": 2,
    ""Crème Fraîche"": 10,
    ""Tomato Paste"": 10,
    ""Mustard"": 5,
    ""Soy Sauce"": 5,
    ""Gouda Cheese"": 15,
    ""Butter"": 5,
    ""Oil"": 5
}
```",93,"legumes",50,"potatoes or fries",30,"mushrooms",20,"root vegetables",15,"onion",10,"garlic",5,"herbs",2,"dairy (cream)",10,"tomatoes",10,"vinaigrette",5,"sauce",5,"cheese",15,"fats or oils",5,"fats or oils",5,NA,NA,"```json
{
    ""Brown Lentils"": 30,
    ""Potato"": 20,
    ""Mushrooms"": 15,
    ""Carrot"": 10,
    ""Onion"": 10,
    ""Garlic"": 5,
    ""Parsley"": 2,
    ""Crème Fraîche"": 5,
    ""Tomato Paste"": 5,
    ""Mustard"": 2,
    ""Soy Sauce"": 2,
    ""Gouda cheese"": 10,
    ""Water"": 0,
    ""Butter"": 2,
    ""Oil"": 2
}
```",93,"legumes",30,"potatoes or fries",20,"mushrooms",15,"root vegetables",10,"onion",10,"garlic",5,"herbs",2,"dairy (cream)",5,"tomatoes",5,"vinaigrette",2,"sauce",2,"cheese",10,"water or broth",0,"fats or oils",2,"fats or oils",2,"```json
{
    ""Brown Lentils"": 30,
    ""Potato"": 20,
    ""Mushrooms"": 15,
    ""Carrot"": 10,
    ""Onion"": 10,
    ""Garlic"": 5,
    ""Parsley"": 2,
    ""Crème Fraîche"": 5,
    ""Tomato Paste"": 5,
    ""Mustard"": 2,
    ""Soy Sauce"": 2,
    ""Gouda cheese"": 10,
    ""Water"": 0,
    ""Butter"": 2,
    ""Oil"": 2
}
```",93,"legumes",30,"potatoes or fries",20,"mushrooms",15,"root vegetables",10,"onion",10,"garlic",5,"herbs",2,"dairy (cream)",5,"tomatoes",5,"vinaigrette",2,"sauce",2,"cheese",10,"water or broth",0,"fats or oils",2,"fats or oils",2,"```json
{
    ""Brown Lentils"": 50,
    ""Potato"": 30,
    ""Mushrooms"": 20,
    ""Carrot"": 15,
    ""Onion"": 10,
    ""Garlic"": 5,
    ""Parsley"": 2,
    ""Crème Fraîche"": 10,
    ""Tomato Paste"": 10,
    ""Mustard"": 5,
    ""Soy Sauce"": 5,
    ""Gouda Cheese"": 15,
    ""Water"": 0,
    ""Butter"": 5,
    ""Oil"": 5
}
```",93,"legumes",50,"potatoes or fries",30,"mushrooms",20,"root vegetables",15,"onion",10,"garlic",5,"herbs",2,"dairy (cream)",10,"tomatoes",10,"vinaigrette",5,"sauce",5,"cheese",15,"water or broth",0,"fats or oils",5,"fats or oils",5,"```json
{
    ""Brown Lentils"": 30,
    ""Potato"": 20,
    ""Mushrooms"": 15,
    ""Carrot"": 10,
    ""Onion"": 10,
    ""Garlic"": 5,
    ""Parsley"": 2,
    ""Crème Fraîche"": 10,
    ""Tomato Paste"": 10,
    ""Mustard"": 5,
    ""Soy Sauce"": 5,
    ""Gouda cheese"": 15,
    ""Water"": 0,
    ""Butter"": 5,
    ""Oil"": 5
}
```",93,"legumes",30,"potatoes or fries",20,"mushrooms",15,"root vegetables",10,"onion",10,"garlic",5,"herbs",2,"dairy (cream)",10,"tomatoes",10,"vinaigrette",5,"sauce",5,"cheese",15,"water or broth",0,"fats or oils",5,"fats or oils",5,"```json
{
  ""Remnants"": 0
}
```",93,NA,0,NA,NA,NA,NA,NA,NA,NA,NA,NA,NA,NA,NA,NA,NA,NA,NA,NA,NA,NA,NA,NA,NA,NA,NA,NA,NA,NA,NA,"```json
{
  ""Remnants"": 0 grams
}
```",93,NA,0,NA,NA,NA,NA,NA,NA,NA,NA,NA,NA,NA,NA,NA,NA,NA,NA,NA,NA,NA,NA,NA,NA,NA,NA,NA,NA,NA,NA,"```json
{
    ""Remnants"": 0
}
```",93,NA,0,NA,NA,NA,NA,NA,NA,NA,NA,NA,NA,NA,NA,NA,NA,NA,NA,NA,NA,NA,NA,NA,NA,NA,NA,NA,NA,NA,NA,"```json
{
  ""Remnants"": 0 grams
}
```",93,NA,0,NA,NA,NA,NA,NA,NA,NA,NA,NA,NA,NA,NA,NA,NA,NA,NA,NA,NA,NA,NA,NA,NA,NA,NA,NA,NA,NA,NA,"```json
{
  ""Remnants"": 0
}
```",93,NA,0,NA,NA,NA,NA,NA,NA,NA,NA,NA,NA,NA,NA,NA,NA,NA,NA,NA,NA,NA,NA,"```json
{
    ""Lentil Soufflé"": 100,
    ""Cheese"": 20,
    ""Potato"": 30,
    ""Carrots"": 15,
    ""Champignons"": 10,
    ""Parsley"": 5
}
```",93,"legumes",100,"cheese",20,"potatoes or fries",30,"root vegetables",15,"mushrooms",10,"herbs",5,NA,NA,NA,NA,"```json
{
  ""Lentil Soufflé"": 100,
  ""Cheese"": 20,
  ""Potato"": 30,
  ""Carrots"": 15,
  ""Champignons"": 10,
  ""Parsley"": 5
}
```",93,"legumes",100,"cheese",20,"potatoes or fries",30,"root vegetables",15,"mushrooms",10,"herbs",5,NA,NA,NA,NA,"```json
{
  ""Lentil Soufflé"": 100,
  ""Cheese"": 20,
  ""Potato"": 30,
  ""Carrots"": 15,
  ""Champignons"": 10,
  ""Parsley"": 5
}
```",93,"legumes",100,"cheese",20,"potatoes or fries",30,"root vegetables",15,"mushrooms",10,"herbs",5,NA,NA,NA,NA,"```json
{
    ""Lentil Soufflé"": 100,
    ""Cheese"": 20,
    ""Potato Topping"": 30,
    ""Carrots"": 15,
    ""Champignons"": 10,
    ""Parsley"": 5
}
```",93,"legumes",100,"cheese",20,"potatoes or fries",30,"root vegetables",15,"mushrooms",10,"herbs",5,NA,NA,NA,NA,"```json
{
    ""Lentil Soufflé"": 100,
    ""Cheese"": 20,
    ""Potato"": 30,
    ""Carrots"": 15,
    ""Champignons"": 10,
    ""Parsley"": 5
}
```",93,"legumes",100,"cheese",20,"potatoes or fries",30,"root vegetables",15,"mushrooms",10,"herbs",5,NA,NA,NA,NA,187,-38,38,120,29,29,120,29,29,187,-38,38,147,2,2,0,149,149,0,149,149,0,149,149,0,149,149,0,149,149,180,-31,31,180,-31,31,180,-31,31,180,-31,31,180,-31,31,13,0,14,0,14,0,14,0,14,0,0,0,0,0,0,0,0,0,0,0,6,0,6,0,6,0,6,0,6,0
"Lentil soufflé with cheese and potato topping, carrots, champions and parsley","Nina","45584","Lentilsouffle",3,"30-10%","22.8",389,428,39,"Lentil soufflé with cheese and potato topping, carrots, champions and parsley","https://www.hellofresh.de/recipes/linsenauflauf-mit-kase-kartoffel-haube-65bcbbf4fb38871420c61dc1","Nina_Day3_Lentil3_30.jpg",3,"legumes","potatoes or fries","mushrooms","root vegetables","onion","garlic","herbs","dairy (cream)","tomatoes","vinaigrette","sauce","cheese","water or broth","fats or oils","fats or oils","585g Brown Lentils; 2  Potato; 125g Mushrooms; 2  Carrot; 1  Onion; 1  Garlic cloves; 10g Parsley; 100g Crème Fraîche; 105g Tomato Paste; 15ml Mustard; 50ml Soy Sauce; 150g Gouda cheese; 500ml Water; 1.5 tablespoon butter; 10g oil"," Brown Lentils;  Potato;  Mushrooms;  Carrot;  Onion;  Garlic ; Parsley;  Crème Fraîche;  Tomato Paste; Mustard; Soy Sauce;  Gouda cheese; Water;  butter; oil",39,39,"```json
{
  ""Brown Lentils"": 10,
  ""Potato"": 15,
  ""Mushrooms"": 5,
  ""Carrot"": 5,
  ""Onion"": 5,
  ""Garlic"": 1,
  ""Parsley"": 1,
  ""Crème Fraîche"": 5,
  ""Tomato Paste"": 5,
  ""Mustard"": 1,
  ""Soy Sauce"": 1,
  ""Gouda cheese"": 5,
  ""Butter"": 1,
  ""Oil"": 1
}
```",92,"legumes",10,"potatoes or fries",15,"mushrooms",5,"root vegetables",5,"onion",5,"garlic",1,"herbs",1,"dairy (cream)",5,"tomatoes",5,"vinaigrette",1,"sauce",1,"cheese",5,"fats or oils",1,"fats or oils",1,NA,NA,"```json
{
  ""Brown Lentils"": 10,
  ""Potato"": 15,
  ""Mushrooms"": 5,
  ""Carrot"": 5,
  ""Onion"": 5,
  ""Garlic"": 1,
  ""Parsley"": 1,
  ""Crème Fraîche"": 5,
  ""Tomato Paste"": 5,
  ""Mustard"": 1,
  ""Soy Sauce"": 1,
  ""Gouda cheese"": 5,
  ""Butter"": 1,
  ""Oil"": 1,
  ""Water"": 0
}
```",92,"legumes",10,"potatoes or fries",15,"mushrooms",5,"root vegetables",5,"onion",5,"garlic",1,"herbs",1,"dairy (cream)",5,"tomatoes",5,"vinaigrette",1,"sauce",1,"cheese",5,"fats or oils",1,"fats or oils",1,"water or broth",0,"```json
{
    ""Brown Lentils"": 10,
    ""Potato"": 15,
    ""Mushrooms"": 5,
    ""Carrot"": 5,
    ""Onion"": 5,
    ""Garlic"": 1,
    ""Parsley"": 1,
    ""Crème Fraîche"": 5,
    ""Tomato Paste"": 5,
    ""Mustard"": 1,
    ""Soy Sauce"": 1,
    ""Gouda cheese"": 5,
    ""Butter"": 1,
    ""Oil"": 1
}
```",92,"legumes",10,"potatoes or fries",15,"mushrooms",5,"root vegetables",5,"onion",5,"garlic",1,"herbs",1,"dairy (cream)",5,"tomatoes",5,"vinaigrette",1,"sauce",1,"cheese",5,"fats or oils",1,"fats or oils",1,NA,NA,"```json
{
    ""Brown Lentils"": 10,
    ""Potato"": 15,
    ""Mushrooms"": 5,
    ""Carrot"": 5,
    ""Onion"": 5,
    ""Garlic"": 1,
    ""Parsley"": 1,
    ""Crème Fraîche"": 5,
    ""Tomato Paste"": 5,
    ""Mustard"": 1,
    ""Soy Sauce"": 1,
    ""Gouda cheese"": 5,
    ""Butter"": 1,
    ""Oil"": 1
}
```",92,"legumes",10,"potatoes or fries",15,"mushrooms",5,"root vegetables",5,"onion",5,"garlic",1,"herbs",1,"dairy (cream)",5,"tomatoes",5,"vinaigrette",1,"sauce",1,"cheese",5,"fats or oils",1,"fats or oils",1,NA,NA,"```json
{
    ""Brown Lentils"": 10,
    ""Potato"": 5,
    ""Mushrooms"": 5,
    ""Carrot"": 5,
    ""Onion"": 5,
    ""Garlic"": 1,
    ""Parsley"": 1,
    ""Crème Fraîche"": 5,
    ""Tomato Paste"": 2,
    ""Mustard"": 1,
    ""Soy Sauce"": 1,
    ""Gouda cheese"": 5,
    ""Butter"": 1,
    ""Oil"": 1,
    ""Water"": 0
}
```",92,"legumes",10,"potatoes or fries",5,"mushrooms",5,"root vegetables",5,"onion",5,"garlic",1,"herbs",1,"dairy (cream)",5,"tomatoes",2,"vinaigrette",1,"sauce",1,"cheese",5,"fats or oils",1,"fats or oils",1,"water or broth",0,"```json
{
  ""Remnants"": 20
}
```",92,NA,20,NA,NA,NA,NA,NA,NA,NA,NA,NA,NA,NA,NA,NA,NA,NA,NA,NA,NA,NA,NA,NA,NA,NA,NA,NA,NA,NA,NA,"```json
{
  ""Remnants"": 20
}
```",92,NA,20,NA,NA,NA,NA,NA,NA,NA,NA,NA,NA,NA,NA,NA,NA,NA,NA,NA,NA,NA,NA,NA,NA,NA,NA,NA,NA,NA,NA,"```json
{
  ""Remnants"": 10
}
```",92,NA,10,NA,NA,NA,NA,NA,NA,NA,NA,NA,NA,NA,NA,NA,NA,NA,NA,NA,NA,NA,NA,NA,NA,NA,NA,NA,NA,NA,NA,"```json
{
  ""Remnants"": 0 grams
}
```",92,NA,0,NA,NA,NA,NA,NA,NA,NA,NA,NA,NA,NA,NA,NA,NA,NA,NA,NA,NA,NA,NA,NA,NA,NA,NA,NA,NA,NA,NA,"```json
{
  ""Remnants"": 0 grams
}
```",92,NA,0,NA,NA,NA,NA,NA,NA,NA,NA,NA,NA,NA,NA,NA,NA,NA,NA,NA,NA,NA,NA,"```json
{
  ""Lentil Soufflé"": 20,
  ""Cheese and Potato Topping"": 15,
  ""Carrots"": 10,
  ""Champignons"": 5,
  ""Parsley"": 1
}
```",92,"legumes",20,"potatoes or fries",15,"root vegetables",10,"mushrooms",5,"herbs",1,NA,NA,NA,NA,NA,NA,"```json
{
    ""Lentil Soufflé"": 20,
    ""Cheese"": 5,
    ""Potato Topping"": 10,
    ""Carrots"": 5,
    ""Champignons"": 5,
    ""Parsley"": 1
}
```",92,"legumes",20,"cheese",5,"potatoes or fries",10,"root vegetables",5,"mushrooms",5,"herbs",1,NA,NA,NA,NA,"```json
{
    ""Lentil Soufflé"": 20,
    ""Cheese"": 5,
    ""Potato"": 10,
    ""Carrots"": 5,
    ""Champignons"": 5,
    ""Parsley"": 1
}
```",92,"legumes",20,"cheese",5,"potatoes or fries",10,"root vegetables",5,"mushrooms",5,"herbs",1,NA,NA,NA,NA,"```json
{
    ""Lentil Soufflé"": 20,
    ""Cheese"": 5,
    ""Potato Topping"": 10,
    ""Carrots"": 5,
    ""Champignons"": 5,
    ""Parsley"": 1
}
```",92,"legumes",20,"cheese",5,"potatoes or fries",10,"root vegetables",5,"mushrooms",5,"herbs",1,NA,NA,NA,NA,"```json
{
    ""Lentil Soufflé"": 20,
    ""Cheese"": 5,
    ""Potato Topping"": 10,
    ""Carrots"": 5,
    ""Champignons"": 5,
    ""Parsley"": 1
}
```",92,"legumes",20,"cheese",5,"potatoes or fries",10,"root vegetables",5,"mushrooms",5,"herbs",1,NA,NA,NA,NA,61,-22,22,61,-22,22,61,-22,22,61,-22,22,48,-9,9,20,19,19,20,19,19,10,29,29,0,39,39,0,39,39,51,-12,12,46,-7,7,46,-7,7,46,-7,7,46,-7,7,13,0,14,0,13,0,13,0,14,0,0,0,0,0,0,0,0,0,0,0,5,0,6,0,6,0,6,0,6,0
"Lentil soufflé with cheese and potato topping, carrots, champions and parsley","Nina","45584","Lentilsouffle",3,"finished","22.8",389,390,1,"Lentil soufflé with cheese and potato topping, carrots, champions and parsley","https://www.hellofresh.de/recipes/linsenauflauf-mit-kase-kartoffel-haube-65bcbbf4fb38871420c61dc1","Nina_Day3_Lentil3_0.jpg",3,"legumes","potatoes or fries","mushrooms","root vegetables","onion","garlic","herbs","dairy (cream)","tomatoes","vinaigrette","sauce","cheese","water or broth","fats or oils","fats or oils","585g Brown Lentils; 2  Potato; 125g Mushrooms; 2  Carrot; 1  Onion; 1  Garlic cloves; 10g Parsley; 100g Crème Fraîche; 105g Tomato Paste; 15ml Mustard; 50ml Soy Sauce; 150g Gouda cheese; 500ml Water; 1.5 tablespoon butter; 10g oil"," Brown Lentils;  Potato;  Mushrooms;  Carrot;  Onion;  Garlic ; Parsley;  Crème Fraîche;  Tomato Paste; Mustard; Soy Sauce;  Gouda cheese; Water;  butter; oil",1,1,"```json
{
  ""Remnants"": 0 grams
}
```",91,NA,0,NA,NA,NA,NA,NA,NA,NA,NA,NA,NA,NA,NA,NA,NA,NA,NA,NA,NA,NA,NA,NA,NA,NA,NA,NA,NA,NA,NA,"```json
{
  ""Remnants"": 0 grams
}
```",91,NA,0,NA,NA,NA,NA,NA,NA,NA,NA,NA,NA,NA,NA,NA,NA,NA,NA,NA,NA,NA,NA,NA,NA,NA,NA,NA,NA,NA,NA,"```json
{
  ""Remnants"": 0 grams
}
```",91,NA,0,NA,NA,NA,NA,NA,NA,NA,NA,NA,NA,NA,NA,NA,NA,NA,NA,NA,NA,NA,NA,NA,NA,NA,NA,NA,NA,NA,NA,"```json
{
  ""Remnants"": 0 grams
}
```",91,NA,0,NA,NA,NA,NA,NA,NA,NA,NA,NA,NA,NA,NA,NA,NA,NA,NA,NA,NA,NA,NA,NA,NA,NA,NA,NA,NA,NA,NA,"```json
{
  ""Remnants"": 0 grams
}
```",91,NA,0,NA,NA,NA,NA,NA,NA,NA,NA,NA,NA,NA,NA,NA,NA,NA,NA,NA,NA,NA,NA,NA,NA,NA,NA,NA,NA,NA,NA,"```json
{
  ""Remnants"": 0 grams
}
```",91,NA,0,NA,NA,NA,NA,NA,NA,NA,NA,NA,NA,NA,NA,NA,NA,NA,NA,NA,NA,NA,NA,NA,NA,NA,NA,NA,NA,NA,NA,"```json
{
  ""Remnants"": 0 grams
}
```",91,NA,0,NA,NA,NA,NA,NA,NA,NA,NA,NA,NA,NA,NA,NA,NA,NA,NA,NA,NA,NA,NA,NA,NA,NA,NA,NA,NA,NA,NA,"```json
{
  ""Remnants"": 0 grams
}
```",91,NA,0,NA,NA,NA,NA,NA,NA,NA,NA,NA,NA,NA,NA,NA,NA,NA,NA,NA,NA,NA,NA,NA,NA,NA,NA,NA,NA,NA,NA,"```json
{
  ""Remnants"": 0 grams
}
```",91,NA,0,NA,NA,NA,NA,NA,NA,NA,NA,NA,NA,NA,NA,NA,NA,NA,NA,NA,NA,NA,NA,NA,NA,NA,NA,NA,NA,NA,NA,"```json
{
  ""Remnants"": 0 grams
}
```",91,NA,0,NA,NA,NA,NA,NA,NA,NA,NA,NA,NA,NA,NA,NA,NA,NA,NA,NA,NA,NA,NA,"```json
{
  ""Remnants"": 0 grams
}
```",91,NA,0,NA,NA,NA,NA,NA,NA,NA,NA,NA,NA,NA,NA,NA,NA,"```json
{
  ""Remnants"": 0 grams
}
```",91,NA,0,NA,NA,NA,NA,NA,NA,NA,NA,NA,NA,NA,NA,NA,NA,"```json
{
  ""Remnants"": 0
}
```",91,NA,0,NA,NA,NA,NA,NA,NA,NA,NA,NA,NA,NA,NA,NA,NA,"```json
{
  ""Remnants"": 0 grams
}
```",91,NA,0,NA,NA,NA,NA,NA,NA,NA,NA,NA,NA,NA,NA,NA,NA,"```json
{
  ""Remnants"": 0 grams
}
```",91,NA,0,NA,NA,NA,NA,NA,NA,NA,NA,NA,NA,NA,NA,NA,NA,0,1,1,0,1,1,0,1,1,0,1,1,0,1,1,0,1,1,0,1,1,0,1,1,0,1,1,0,1,1,0,1,1,0,1,1,0,1,1,0,1,1,0,1,1,0,0,0,0,0,0,0,0,0,0,0,0,0,0,0,0,0,0,0,0,0,0,0,0,0,0,0,0,0,0
"Noodles with minced chicken and Asian sauce","Meike","Tuesday","NoodlesChicken",1,"50","25",584,847,263,"Noedles met kipgehakt en aziatische saus","https://www.hellofresh.nl/recipes/noedels-met-kipgehakt-en-aziatische-saus-5fd0c5b7943827314d7b7d75","Meike_Tue_NoodlesChicken_Pers1_Moment1.jpg",3,"garlic","seasoning","zucchini","bell pepper","peppers","poultry","sauce","sauce","noodles","nuts or raisins","fats or oils",NA,NA,NA,NA,"3 Garlic cloves; 30g Ginger; 1.5  Zucchini; 1.5  bellpepper; 0.75  Red Pepper; 300g Minced Chicken; 3 bags Sweet Asian Sauce; 30ml Soy Sauce; 150g Noodles; 30g Cashew; 1.5 tablespoon sunflower oil","Garlic ; Ginger;  Zucchini;  bellpepper;   Red Pepper;  Minced Chicken; bags Sweet Asian Sauce; Soy Sauce;  Noodles; Cashew;  sunflower oil",263,263,"```json
{
    ""Zucchini"": 30,
    ""Bell Pepper"": 40,
    ""Red Pepper"": 20,
    ""Minced Chicken"": 50,
    ""Noodles"": 60,
    ""Cashew"": 10
}
```",43,"zucchini",30,"bell pepper",40,"peppers",20,"poultry",50,"noodles",60,"nuts or raisins",10,NA,NA,NA,NA,NA,NA,NA,NA,NA,NA,NA,NA,NA,NA,NA,NA,NA,NA,"```json
{
    ""Noodles"": 100,
    ""Zucchini"": 30,
    ""Bell Pepper"": 40,
    ""Minced Chicken"": 50,
    ""Cashew"": 10,
    ""Red Pepper"": 20
}
```",43,"noodles",100,"zucchini",30,"bell pepper",40,"poultry",50,"nuts or raisins",10,"peppers",20,NA,NA,NA,NA,NA,NA,NA,NA,NA,NA,NA,NA,NA,NA,NA,NA,NA,NA,"```json
{
    ""Noodles"": 100,
    ""Zucchini"": 30,
    ""Bell Pepper"": 40,
    ""Minced Chicken"": 50,
    ""Cashew"": 10,
    ""Red Pepper"": 20
}
```",43,"noodles",100,"zucchini",30,"bell pepper",40,"poultry",50,"nuts or raisins",10,"peppers",20,NA,NA,NA,NA,NA,NA,NA,NA,NA,NA,NA,NA,NA,NA,NA,NA,NA,NA,"```json
{
    ""Zucchini"": 30,
    ""Bell Pepper"": 40,
    ""Red Pepper"": 20,
    ""Minced Chicken"": 50,
    ""Noodles"": 60,
    ""Cashew"": 10
}
```",43,"zucchini",30,"bell pepper",40,"peppers",20,"poultry",50,"noodles",60,"nuts or raisins",10,NA,NA,NA,NA,NA,NA,NA,NA,NA,NA,NA,NA,NA,NA,NA,NA,NA,NA,"```json
{
    ""Zucchini"": 30,
    ""Bell Pepper"": 40,
    ""Noodles"": 100,
    ""Minced Chicken"": 50,
    ""Cashew"": 10,
    ""Red Pepper"": 20
}
```",43,"zucchini",30,"bell pepper",40,"noodles",100,"poultry",50,"nuts or raisins",10,"peppers",20,NA,NA,NA,NA,NA,NA,NA,NA,NA,NA,NA,NA,NA,NA,NA,NA,NA,NA,"```json
{
    ""Noodles"": 150,
    ""Minced Chicken"": 300,
    ""Zucchini"": 50,
    ""Bell Pepper"": 50,
    ""Red Pepper"": 30,
    ""Cashew"": 30,
    ""Sauce Remnants"": 20
}
```",43,"noodles",150,"poultry",300,"zucchini",50,"bell pepper",50,"peppers",30,"nuts or raisins",30,"sauce",20,NA,NA,NA,NA,NA,NA,NA,NA,NA,NA,NA,NA,NA,NA,NA,NA,"```json
{
    ""Noodles"": 150,
    ""Minced Chicken"": 300,
    ""Zucchini"": 50,
    ""Bell Pepper"": 50,
    ""Red Pepper"": 30,
    ""Cashew"": 30,
    ""Sauce"": 30
}
```",43,"noodles",150,"poultry",300,"zucchini",50,"bell pepper",50,"peppers",30,"nuts or raisins",30,"sauce",30,NA,NA,NA,NA,NA,NA,NA,NA,NA,NA,NA,NA,NA,NA,NA,NA,"```json
{
    ""Garlic"": ""3 cloves"",
    ""Ginger"": ""30 grams"",
    ""Zucchini"": ""1.5"",
    ""Bell Pepper"": ""1.5"",
    ""Red Pepper"": ""0.75"",
    ""Minced Chicken"": ""300 grams"",
    ""Sweet Asian Sauce"": ""3 bags"",
    ""Soy Sauce"": ""30 ml"",
    ""Noodles"": ""150 grams"",
    ""Cashew"": ""30 grams"",
    ""Sunflower Oil"": ""1.5 tablespoons""
}
```",43,"garlic",3,"seasoning",30,"zucchini",1.5,"bell pepper",1.5,"peppers",0.75,"poultry",300,"sauce",3,"sauce",30,"noodles",150,"nuts or raisins",30,"fats or oils",1.5,NA,NA,NA,NA,NA,NA,NA,NA,"```json
{
    ""Garlic cloves"": 10,
    ""Ginger"": 20,
    ""Zucchini"": 50,
    ""Bell pepper"": 40,
    ""Red pepper"": 20,
    ""Minced chicken"": 60,
    ""Sweet Asian sauce"": 15,
    ""Soy sauce"": 5,
    ""Noodles"": 80,
    ""Cashew"": 10,
    ""Sunflower oil"": 5
}
```",43,"garlic",10,"seasoning",20,"zucchini",50,"bell pepper",40,"peppers",20,"poultry",60,"sauce",15,"sauce",5,"noodles",80,"nuts or raisins",10,"fats or oils",5,NA,NA,NA,NA,NA,NA,NA,NA,"```json
{
    ""Garlic"": ""3 cloves"",
    ""Ginger"": ""30 grams"",
    ""Zucchini"": ""1.5 units"",
    ""Bell Pepper"": ""1.5 units"",
    ""Red Pepper"": ""0.75 units"",
    ""Minced Chicken"": ""300 grams"",
    ""Sweet Asian Sauce"": ""3 bags"",
    ""Soy Sauce"": ""30 ml"",
    ""Noodles"": ""150 grams"",
    ""Cashew"": ""30 grams"",
    ""Sunflower Oil"": ""1.5 tablespoons""
}
```",43,"garlic",3,"seasoning",30,"zucchini",1.5,"bell pepper",1.5,"peppers",0.75,"poultry",300,"sauce",3,"sauce",30,"noodles",150,"nuts or raisins",30,"fats or oils",1.5,"```json
{
    ""noodles"": 100,
    ""minced chicken"": 50,
    ""red bell pepper"": 30,
    ""zucchini"": 20,
    ""sauce"": 10
}
```",43,"noodles",100,"poultry",50,"bell pepper",30,"zucchini",20,"sauce",10,NA,NA,NA,NA,NA,NA,"```json
{
    ""noodles"": 100,
    ""minced chicken"": 50,
    ""red bell pepper"": 30,
    ""zucchini"": 20,
    ""sauce"": 10
}
```",43,"noodles",100,"poultry",50,"bell pepper",30,"zucchini",20,"sauce",10,NA,NA,NA,NA,NA,NA,"```json
{
    ""Noodles"": 100,
    ""Minced Chicken"": 50,
    ""Red Bell Pepper"": 30,
    ""Zucchini"": 20,
    ""Asian Sauce"": 10
}
```",43,"noodles",100,"poultry",50,"bell pepper",30,"zucchini",20,"sauce",10,NA,NA,NA,NA,NA,NA,"```json
{
    ""noodles"": 100,
    ""minced chicken"": 50,
    ""red bell pepper"": 30,
    ""zucchini"": 20,
    ""sauce"": 10
}
```",43,"noodles",100,"poultry",50,"bell pepper",30,"zucchini",20,"sauce",10,NA,NA,NA,NA,NA,NA,"```json
{
    ""Noodles"": 100,
    ""Minced Chicken"": 50,
    ""Red Bell Pepper"": 30,
    ""Zucchini"": 20,
    ""Asian Sauce"": 10
}
```",43,"noodles",100,"poultry",50,"bell pepper",30,"zucchini",20,"sauce",10,NA,NA,NA,NA,NA,NA,210,53,53,250,13,13,250,13,13,210,53,53,250,13,13,630,-367,367,640,-377,377,551.25,-288.25,288.25,315,-52,52,551.25,-288.25,288.25,210,53,53,210,53,53,210,53,53,210,53,53,210,53,53,6,0,6,0,6,0,6,0,6,0,7,0,7,0,10,0,10,0,10,0,5,0,5,0,5,0,5,0,5,0
"Noodles with minced chicken and Asian sauce","Meike","Tuesday","NoodlesChicken",2,"50","25",567,960,393,"Noedles met kipgehakt en aziatische saus","https://www.hellofresh.nl/recipes/noedels-met-kipgehakt-en-aziatische-saus-5fd0c5b7943827314d7b7d76","Meike_Tue_NoodlesChicken_Pers2_Moment1.jpg",3,"garlic","seasoning","zucchini","bell pepper","peppers","poultry","sauce","sauce","noodles","nuts or raisins","fats or oils",NA,NA,NA,NA,"3 Garlic cloves; 30g Ginger; 1.5  Zucchini; 1.5  bellpepper; 0.75  Red Pepper; 300g Minced Chicken; 3 bags Sweet Asian Sauce; 30ml Soy Sauce; 150g Noodles; 30g Cashew; 1.5 tablespoon sunflower oil","Garlic ; Ginger;  Zucchini;  bellpepper;   Red Pepper;  Minced Chicken; bags Sweet Asian Sauce; Soy Sauce;  Noodles; Cashew;  sunflower oil",393,393,"```json
{
    ""Zucchini"": 50,
    ""Bell Pepper"": 40,
    ""Red Pepper"": 30,
    ""Minced Chicken"": 60,
    ""Noodles"": 70,
    ""Cashew"": 10,
    ""Sauce"": 20
}
```",46,"zucchini",50,"bell pepper",40,"peppers",30,"poultry",60,"noodles",70,"nuts or raisins",10,"sauce",20,NA,NA,NA,NA,NA,NA,NA,NA,NA,NA,NA,NA,NA,NA,NA,NA,"```json
{
    ""Zucchini"": 50,
    ""Bell Pepper"": 40,
    ""Red Pepper"": 30,
    ""Minced Chicken"": 60,
    ""Noodles"": 70,
    ""Cashew"": 10
}
```",46,"zucchini",50,"bell pepper",40,"peppers",30,"poultry",60,"noodles",70,"nuts or raisins",10,NA,NA,NA,NA,NA,NA,NA,NA,NA,NA,NA,NA,NA,NA,NA,NA,NA,NA,"```json
{
    ""Zucchini"": 50,
    ""Bell Pepper"": 40,
    ""Red Pepper"": 30,
    ""Minced Chicken"": 60,
    ""Noodles"": 70,
    ""Cashew"": 10
}
```",46,"zucchini",50,"bell pepper",40,"peppers",30,"poultry",60,"noodles",70,"nuts or raisins",10,NA,NA,NA,NA,NA,NA,NA,NA,NA,NA,NA,NA,NA,NA,NA,NA,NA,NA,"```json
{
    ""Zucchini"": 50,
    ""Bell Pepper"": 40,
    ""Red Pepper"": 30,
    ""Minced Chicken"": 60,
    ""Noodles"": 70,
    ""Cashew"": 10
}
```",46,"zucchini",50,"bell pepper",40,"peppers",30,"poultry",60,"noodles",70,"nuts or raisins",10,NA,NA,NA,NA,NA,NA,NA,NA,NA,NA,NA,NA,NA,NA,NA,NA,NA,NA,"```json
{
    ""Zucchini"": 50,
    ""Bell Pepper"": 40,
    ""Red Pepper"": 30,
    ""Minced Chicken"": 60,
    ""Noodles"": 70,
    ""Cashew"": 10,
    ""Sauce"": 20
}
```",46,"zucchini",50,"bell pepper",40,"peppers",30,"poultry",60,"noodles",70,"nuts or raisins",10,"sauce",20,NA,NA,NA,NA,NA,NA,NA,NA,NA,NA,NA,NA,NA,NA,NA,NA,"```json
{
    ""Garlic"": 10,
    ""Ginger"": 30,
    ""Zucchini"": 100,
    ""Bell Pepper"": 80,
    ""Red Pepper"": 40,
    ""Minced Chicken"": 100,
    ""Sweet Asian Sauce"": 50,
    ""Soy Sauce"": 10,
    ""Noodles"": 100,
    ""Cashew"": 20,
    ""Sunflower Oil"": 5
}
```",46,"garlic",10,"seasoning",30,"zucchini",100,"bell pepper",80,"peppers",40,"poultry",100,"sauce",50,"sauce",10,"noodles",100,"nuts or raisins",20,"fats or oils",5,NA,NA,NA,NA,NA,NA,NA,NA,"```json
{
    ""Garlic"": 10,
    ""Ginger"": 30,
    ""Zucchini"": 100,
    ""Bell Pepper"": 80,
    ""Red Pepper"": 40,
    ""Minced Chicken"": 100,
    ""Sweet Asian Sauce"": 50,
    ""Soy Sauce"": 10,
    ""Noodles"": 100,
    ""Cashew"": 20,
    ""Sunflower Oil"": 5
}
```",46,"garlic",10,"seasoning",30,"zucchini",100,"bell pepper",80,"peppers",40,"poultry",100,"sauce",50,"sauce",10,"noodles",100,"nuts or raisins",20,"fats or oils",5,NA,NA,NA,NA,NA,NA,NA,NA,"```json
{
    ""Garlic"": 10,
    ""Ginger"": 30,
    ""Zucchini"": 100,
    ""Bell Pepper"": 80,
    ""Red Pepper"": 40,
    ""Minced Chicken"": 100,
    ""Sweet Asian Sauce"": 50,
    ""Soy Sauce"": 10,
    ""Noodles"": 100,
    ""Cashew"": 20,
    ""Sunflower Oil"": 5
}
```",46,"garlic",10,"seasoning",30,"zucchini",100,"bell pepper",80,"peppers",40,"poultry",100,"sauce",50,"sauce",10,"noodles",100,"nuts or raisins",20,"fats or oils",5,NA,NA,NA,NA,NA,NA,NA,NA,"```json
{
    ""Garlic"": 5,
    ""Ginger"": 10,
    ""Zucchini"": 50,
    ""Bell Pepper"": 40,
    ""Red Pepper"": 20,
    ""Minced Chicken"": 60,
    ""Sweet Asian Sauce"": 20,
    ""Soy Sauce"": 5,
    ""Noodles"": 80,
    ""Cashew"": 10,
    ""Sunflower Oil"": 5
}
```",46,"garlic",5,"seasoning",10,"zucchini",50,"bell pepper",40,"peppers",20,"poultry",60,"sauce",20,"sauce",5,"noodles",80,"nuts or raisins",10,"fats or oils",5,NA,NA,NA,NA,NA,NA,NA,NA,"```json
{
    ""Garlic"": 5 grams,
    ""Ginger"": 10 grams,
    ""Zucchini"": 80 grams,
    ""Bell Pepper"": 60 grams,
    ""Red Pepper"": 30 grams,
    ""Minced Chicken"": 100 grams,
    ""Sweet Asian Sauce"": 20 grams,
    ""Soy Sauce"": 10 grams,
    ""Noodles"": 50 grams,
    ""Cashew"": 10 grams,
    ""Sunflower Oil"": 5 grams
}
```",46,"garlic",5,"seasoning",10,"zucchini",80,"bell pepper",60,"peppers",30,"poultry",100,"sauce",20,"sauce",10,"noodles",50,"nuts or raisins",10,"fats or oils",5,"```json
{
    ""Noodles"": 100,
    ""Minced Chicken"": 80,
    ""Zucchini"": 50,
    ""Red Bell Pepper"": 40,
    ""Asian Sauce"": 30
}
```",46,"noodles",100,"poultry",80,"zucchini",50,"bell pepper",40,"sauce",30,NA,NA,NA,NA,NA,NA,"```json
{
    ""Noodles"": 100,
    ""Minced Chicken"": 80,
    ""Red Bell Pepper"": 50,
    ""Zucchini"": 40,
    ""Asian Sauce"": 30
}
```",46,"noodles",100,"poultry",80,"bell pepper",50,"zucchini",40,"sauce",30,NA,NA,NA,NA,NA,NA,"```json
{
    ""Noodles"": 100,
    ""Minced Chicken"": 80,
    ""Zucchini"": 50,
    ""Red Bell Pepper"": 40,
    ""Asian Sauce"": 30
}
```",46,"noodles",100,"poultry",80,"zucchini",50,"bell pepper",40,"sauce",30,NA,NA,NA,NA,NA,NA,"```json
{
    ""Noodles"": 100,
    ""Minced Chicken"": 80,
    ""Red Bell Peppers"": 50,
    ""Zucchini"": 40,
    ""Asian Sauce"": 30
}
```",46,"noodles",100,"poultry",80,"bell pepper",50,"zucchini",40,"sauce",30,NA,NA,NA,NA,NA,NA,"```json
{
    ""Noodles"": 100,
    ""Minced Chicken"": 80,
    ""Red Bell Peppers"": 50,
    ""Zucchini"": 40,
    ""Asian Sauce"": 30
}
```",46,"noodles",100,"poultry",80,"bell pepper",50,"zucchini",40,"sauce",30,NA,NA,NA,NA,NA,NA,280,113,113,260,133,133,260,133,133,260,133,133,280,113,113,545,-152,152,545,-152,152,545,-152,152,305,88,88,380,13,13,300,93,93,300,93,93,300,93,93,300,93,93,300,93,93,7,0,6,0,6,0,6,0,7,0,10,0,10,0,10,0,10,0,10,0,5,0,5,0,5,0,5,0,5,0
"Noodles with minced chicken and Asian sauce","Meike","Tuesday","NoodlesChicken",3,"40","25",634,926,292,"Noedles met kipgehakt en aziatische saus","https://www.hellofresh.nl/recipes/noedels-met-kipgehakt-en-aziatische-saus-5fd0c5b7943827314d7b7d77","Meike_Tue_NoodlesChicken_Pers3_Moment1.jpg",3,"garlic","seasoning","zucchini","bell pepper","peppers","poultry","sauce","sauce","noodles","nuts or raisins","fats or oils",NA,NA,NA,NA,"3 Garlic cloves; 30g Ginger; 1.5  Zucchini; 1.5  bellpepper; 0.75  Red Pepper; 300g Minced Chicken; 3 bags Sweet Asian Sauce; 30ml Soy Sauce; 150g Noodles; 30g Cashew; 1.5 tablespoon sunflower oil","Garlic ; Ginger;  Zucchini;  bellpepper;   Red Pepper;  Minced Chicken; bags Sweet Asian Sauce; Soy Sauce;  Noodles; Cashew;  sunflower oil",292,292,"```json
{
    ""Noodles"": 150,
    ""Zucchini"": 30,
    ""Red Bell Pepper"": 40,
    ""Minced Chicken"": 50,
    ""Cashew"": 10
}
```",49,"noodles",150,"zucchini",30,"bell pepper",40,"poultry",50,"nuts or raisins",10,NA,NA,NA,NA,NA,NA,NA,NA,NA,NA,NA,NA,NA,NA,NA,NA,NA,NA,NA,NA,"```json
{
    ""Noodles"": 150,
    ""Zucchini"": 30,
    ""Bell Pepper"": 25,
    ""Minced Chicken"": 40,
    ""Cashew"": 10
}
```",49,"noodles",150,"zucchini",30,"bell pepper",25,"poultry",40,"nuts or raisins",10,NA,NA,NA,NA,NA,NA,NA,NA,NA,NA,NA,NA,NA,NA,NA,NA,NA,NA,NA,NA,"```json
{
    ""Noodles"": 150,
    ""Zucchini"": 40,
    ""Bell Pepper"": 30,
    ""Minced Chicken"": 50,
    ""Cashew"": 10,
    ""Red Pepper"": 20
}
```",49,"noodles",150,"zucchini",40,"bell pepper",30,"poultry",50,"nuts or raisins",10,"peppers",20,NA,NA,NA,NA,NA,NA,NA,NA,NA,NA,NA,NA,NA,NA,NA,NA,NA,NA,"```json
{
    ""Noodles"": 150,
    ""Zucchini"": 40,
    ""Bell Pepper"": 30,
    ""Minced Chicken"": 50,
    ""Cashew"": 10,
    ""Red Pepper"": 20
}
```",49,"noodles",150,"zucchini",40,"bell pepper",30,"poultry",50,"nuts or raisins",10,"peppers",20,NA,NA,NA,NA,NA,NA,NA,NA,NA,NA,NA,NA,NA,NA,NA,NA,NA,NA,"```json
{
    ""Noodles"": 150,
    ""Zucchini"": 40,
    ""Bell Pepper"": 30,
    ""Minced Chicken"": 50,
    ""Cashew"": 10,
    ""Red Pepper"": 20
}
```",49,"noodles",150,"zucchini",40,"bell pepper",30,"poultry",50,"nuts or raisins",10,"peppers",20,NA,NA,NA,NA,NA,NA,NA,NA,NA,NA,NA,NA,NA,NA,NA,NA,NA,NA,"```json
{
    ""Noodles"": 150,
    ""Zucchini"": 50,
    ""Bell Pepper"": 40,
    ""Red Pepper"": 20,
    ""Minced Chicken"": 60,
    ""Cashew"": 10
}
```",49,"noodles",150,"zucchini",50,"bell pepper",40,"peppers",20,"poultry",60,"nuts or raisins",10,NA,NA,NA,NA,NA,NA,NA,NA,NA,NA,NA,NA,NA,NA,NA,NA,NA,NA,"```json
{
    ""Noodles"": 150,
    ""Zucchini"": 50,
    ""Bell Pepper"": 40,
    ""Red Pepper"": 20,
    ""Minced Chicken"": 60,
    ""Cashew"": 10
}
```",49,"noodles",150,"zucchini",50,"bell pepper",40,"peppers",20,"poultry",60,"nuts or raisins",10,NA,NA,NA,NA,NA,NA,NA,NA,NA,NA,NA,NA,NA,NA,NA,NA,NA,NA,"```json
{
    ""Garlic"": ""3 cloves"",
    ""Ginger"": ""30 grams"",
    ""Zucchini"": ""1.5"",
    ""Bell Pepper"": ""1.5"",
    ""Red Pepper"": ""0.75"",
    ""Minced Chicken"": ""300 grams"",
    ""Sweet Asian Sauce"": ""3 bags"",
    ""Soy Sauce"": ""30 ml"",
    ""Noodles"": ""150 grams"",
    ""Cashew"": ""30 grams"",
    ""Sunflower Oil"": ""1.5 tablespoons""
}
```",49,"garlic",3,"seasoning",30,"zucchini",1.5,"bell pepper",1.5,"peppers",0.75,"poultry",300,"sauce",3,"sauce",30,"noodles",150,"nuts or raisins",30,"fats or oils",1.5,NA,NA,NA,NA,NA,NA,NA,NA,"```json
{
    ""Garlic"": ""3 cloves"",
    ""Ginger"": ""30 grams"",
    ""Zucchini"": ""1.5 units"",
    ""Bell Pepper"": ""1.5 units"",
    ""Red Pepper"": ""0.75 units"",
    ""Minced Chicken"": ""300 grams"",
    ""Sweet Asian Sauce"": ""3 bags"",
    ""Soy Sauce"": ""30 ml"",
    ""Noodles"": ""150 grams"",
    ""Cashew"": ""30 grams"",
    ""Sunflower Oil"": ""1.5 tablespoons""
}
```",49,"garlic",3,"seasoning",30,"zucchini",1.5,"bell pepper",1.5,"peppers",0.75,"poultry",300,"sauce",3,"sauce",30,"noodles",150,"nuts or raisins",30,"fats or oils",1.5,NA,NA,NA,NA,NA,NA,NA,NA,"```json
{
    ""Noodles"": 150,
    ""Zucchini"": 50,
    ""Bell Pepper"": 50,
    ""Red Pepper"": 30,
    ""Minced Chicken"": 60,
    ""Cashew"": 10
}
```",49,"noodles",150,"zucchini",50,"bell pepper",50,"peppers",30,"poultry",60,"nuts or raisins",10,NA,NA,NA,NA,NA,NA,NA,NA,NA,NA,"```json
{
    ""noodles"": 150,
    ""minced chicken"": 50,
    ""red bell pepper"": 30,
    ""zucchini"": 30,
    ""sauce"": 20
}
```",49,"noodles",150,"poultry",50,"bell pepper",30,"zucchini",30,"sauce",20,NA,NA,NA,NA,NA,NA,"```json
{
    ""noodles"": 150,
    ""minced chicken"": 50,
    ""red bell pepper"": 30,
    ""zucchini"": 30,
    ""Asian sauce"": 20
}
```",49,"noodles",150,"poultry",50,"bell pepper",30,"zucchini",30,"sauce",20,NA,NA,NA,NA,NA,NA,"```json
{
    ""noodles"": 150,
    ""minced chicken"": 50,
    ""red bell pepper"": 30,
    ""zucchini"": 30,
    ""Asian sauce"": 20
}
```",49,"noodles",150,"poultry",50,"bell pepper",30,"zucchini",30,"sauce",20,NA,NA,NA,NA,NA,NA,"```json
{
    ""noodles"": 150,
    ""minced chicken"": 50,
    ""red bell pepper"": 30,
    ""zucchini"": 30,
    ""sauce"": 20
}
```",49,"noodles",150,"poultry",50,"bell pepper",30,"zucchini",30,"sauce",20,NA,NA,NA,NA,NA,NA,"```json
{
    ""noodles"": 150,
    ""minced chicken"": 50,
    ""red bell pepper"": 30,
    ""zucchini"": 30,
    ""sauce"": 20
}
```",49,"noodles",150,"poultry",50,"bell pepper",30,"zucchini",30,"sauce",20,NA,NA,NA,NA,NA,NA,280,12,12,255,37,37,300,-8,8,300,-8,8,300,-8,8,330,-38,38,330,-38,38,551.25,-259.25,259.25,551.25,-259.25,259.25,350,-58,58,280,12,12,280,12,12,280,12,12,280,12,12,280,12,12,5,0,5,0,6,0,6,0,6,0,6,0,6,0,10,0,10,0,6,0,5,0,5,0,5,0,5,0,5,0
"Noodles with minced chicken and Asian sauce","Meike","Tuesday","NoodlesChicken",1,"20","25",584,771,187,"Noedles met kipgehakt en aziatische saus","https://www.hellofresh.nl/recipes/noedels-met-kipgehakt-en-aziatische-saus-5fd0c5b7943827314d7b7d78","Meike_Tue_NoodlesChicken_Pers1_Moment2.jpg",3,"garlic","seasoning","zucchini","bell pepper","peppers","poultry","sauce","sauce","noodles","nuts or raisins","fats or oils",NA,NA,NA,NA,"3 Garlic cloves; 30g Ginger; 1.5  Zucchini; 1.5  bellpepper; 0.75  Red Pepper; 300g Minced Chicken; 3 bags Sweet Asian Sauce; 30ml Soy Sauce; 150g Noodles; 30g Cashew; 1.5 tablespoon sunflower oil","Garlic ; Ginger;  Zucchini;  bellpepper;   Red Pepper;  Minced Chicken; bags Sweet Asian Sauce; Soy Sauce;  Noodles; Cashew;  sunflower oil",187,187,"```json
{
    ""Noodles"": 80,
    ""Red Bell Pepper"": 30,
    ""Zucchini"": 20,
    ""Minced Chicken"": 25,
    ""Cashew"": 5,
    ""Sauce Remnants"": 10
}
```",44,"noodles",80,"bell pepper",30,"zucchini",20,"poultry",25,"nuts or raisins",5,"sauce",10,NA,NA,NA,NA,NA,NA,NA,NA,NA,NA,NA,NA,NA,NA,NA,NA,NA,NA,"```json
{
    ""Noodles"": 50,
    ""Red Bell Pepper"": 30,
    ""Zucchini"": 20,
    ""Minced Chicken"": 20,
    ""Cashew"": 5,
    ""Remnants"": 5
}
```",44,"noodles",50,"bell pepper",30,"zucchini",20,"poultry",20,"nuts or raisins",5,NA,5,NA,NA,NA,NA,NA,NA,NA,NA,NA,NA,NA,NA,NA,NA,NA,NA,NA,NA,"```json
{
    ""Noodles"": 80,
    ""Red Bell Pepper"": 30,
    ""Zucchini"": 20,
    ""Minced Chicken"": 25,
    ""Cashew"": 5,
    ""Sauce Remnants"": 10
}
```",44,"noodles",80,"bell pepper",30,"zucchini",20,"poultry",25,"nuts or raisins",5,"sauce",10,NA,NA,NA,NA,NA,NA,NA,NA,NA,NA,NA,NA,NA,NA,NA,NA,NA,NA,"```json
{
    ""Noodles"": 80,
    ""Red Bell Pepper"": 30,
    ""Zucchini"": 20,
    ""Minced Chicken"": 25,
    ""Cashew"": 5,
    ""Sauce Remnants"": 5
}
```",44,"noodles",80,"bell pepper",30,"zucchini",20,"poultry",25,"nuts or raisins",5,"sauce",5,NA,NA,NA,NA,NA,NA,NA,NA,NA,NA,NA,NA,NA,NA,NA,NA,NA,NA,"```json
{
    ""Noodles"": 50,
    ""Red Bell Pepper"": 30,
    ""Zucchini"": 20,
    ""Minced Chicken"": 20,
    ""Cashew"": 5,
    ""Remnants"": 0
}
```",44,"noodles",50,"bell pepper",30,"zucchini",20,"poultry",20,"nuts or raisins",5,NA,0,NA,NA,NA,NA,NA,NA,NA,NA,NA,NA,NA,NA,NA,NA,NA,NA,NA,NA,"```json
{
    ""Garlic"": 3 grams,
    ""Ginger"": 30 grams,
    ""Zucchini"": 50 grams,
    ""Bell Pepper"": 50 grams,
    ""Red Pepper"": 20 grams,
    ""Minced Chicken"": 50 grams,
    ""Sweet Asian Sauce"": 20 grams,
    ""Soy Sauce"": 10 grams,
    ""Noodles"": 80 grams,
    ""Cashew"": 10 grams,
    ""Sunflower Oil"": 5 grams
}
```",44,"garlic",3,"seasoning",30,"zucchini",50,"bell pepper",50,"peppers",20,"poultry",50,"sauce",20,"sauce",10,"noodles",80,"nuts or raisins",10,"fats or oils",5,NA,NA,NA,NA,NA,NA,NA,NA,"```json
{
    ""Garlic"": 5,
    ""Ginger"": 5,
    ""Zucchini"": 20,
    ""Bell Pepper"": 25,
    ""Red Pepper"": 10,
    ""Minced Chicken"": 30,
    ""Noodles"": 40,
    ""Cashew"": 5,
    ""Sauce"": 10
}
```",44,"garlic",5,"seasoning",5,"zucchini",20,"bell pepper",25,"peppers",10,"poultry",30,"noodles",40,"nuts or raisins",5,"sauce",10,NA,NA,NA,NA,NA,NA,NA,NA,NA,NA,NA,NA,"```json
{
    ""Garlic"": 3 grams,
    ""Ginger"": 5 grams,
    ""Zucchini"": 20 grams,
    ""Bell Pepper"": 25 grams,
    ""Red Pepper"": 15 grams,
    ""Minced Chicken"": 50 grams,
    ""Noodles"": 60 grams,
    ""Cashew"": 5 grams,
    ""Sauce"": 10 grams
}
```",44,"garlic",3,"seasoning",5,"zucchini",20,"bell pepper",25,"peppers",15,"poultry",50,"noodles",60,"nuts or raisins",5,"sauce",10,NA,NA,NA,NA,NA,NA,NA,NA,NA,NA,NA,NA,"```json
{
    ""Garlic"": 5,
    ""Ginger"": 5,
    ""Zucchini"": 20,
    ""Bell Pepper"": 25,
    ""Red Pepper"": 10,
    ""Minced Chicken"": 30,
    ""Noodles"": 40,
    ""Cashew"": 5,
    ""Sauce"": 10
}
```",44,"garlic",5,"seasoning",5,"zucchini",20,"bell pepper",25,"peppers",10,"poultry",30,"noodles",40,"nuts or raisins",5,"sauce",10,NA,NA,NA,NA,NA,NA,NA,NA,NA,NA,NA,NA,"```json
{
    ""Garlic"": 3 grams,
    ""Ginger"": 5 grams,
    ""Zucchini"": 30 grams,
    ""Bell Pepper"": 40 grams,
    ""Red Pepper"": 20 grams,
    ""Minced Chicken"": 50 grams,
    ""Noodles"": 60 grams,
    ""Cashew"": 5 grams,
    ""Sauce Remnants"": 10 grams
}
```",44,"garlic",3,"seasoning",5,"zucchini",30,"bell pepper",40,"peppers",20,"poultry",50,"noodles",60,"nuts or raisins",5,"sauce",10,NA,NA,NA,NA,"```json
{
    ""Noodles"": 50,
    ""Minced Chicken"": 30,
    ""Red Bell Peppers"": 20,
    ""Zucchini"": 15,
    ""Asian Sauce"": 10
}
```",44,"noodles",50,"poultry",30,"bell pepper",20,"zucchini",15,"sauce",10,NA,NA,NA,NA,NA,NA,"```json
{
    ""noodles"": 50,
    ""minced chicken"": 30,
    ""red bell pepper"": 20,
    ""zucchini"": 15,
    ""sauce"": 10
}
```",44,"noodles",50,"poultry",30,"bell pepper",20,"zucchini",15,"sauce",10,NA,NA,NA,NA,NA,NA,"```json
{
    ""noodles"": 50,
    ""minced chicken"": 30,
    ""red bell pepper"": 20,
    ""zucchini"": 15,
    ""sauce"": 10
}
```",44,"noodles",50,"poultry",30,"bell pepper",20,"zucchini",15,"sauce",10,NA,NA,NA,NA,NA,NA,"```json
{
    ""Noodles"": 50,
    ""Minced Chicken"": 30,
    ""Red Bell Peppers"": 20,
    ""Zucchini"": 15,
    ""Asian Sauce"": 10
}
```",44,"noodles",50,"poultry",30,"bell pepper",20,"zucchini",15,"sauce",10,NA,NA,NA,NA,NA,NA,"```json
{
    ""Noodles"": 50,
    ""Minced Chicken"": 30,
    ""Red Bell Peppers"": 20,
    ""Zucchini"": 15,
    ""Asian Sauce"": 10
}
```",44,"noodles",50,"poultry",30,"bell pepper",20,"zucchini",15,"sauce",10,NA,NA,NA,NA,NA,NA,170,17,17,130,57,57,170,17,17,165,22,22,125,62,62,328,-141,141,150,37,37,193,-6,6,150,37,37,223,-36,36,125,62,62,125,62,62,125,62,62,125,62,62,125,62,62,6,0,5,0,6,0,6,0,5,0,10,0,9,0,9,0,9,0,9,0,5,0,5,0,5,0,5,0,5,0
"Noodles with minced chicken and Asian sauce","Meike","Tuesday","NoodlesChicken",2,"30","25",567,884,317,"Noedles met kipgehakt en aziatische saus","https://www.hellofresh.nl/recipes/noedels-met-kipgehakt-en-aziatische-saus-5fd0c5b7943827314d7b7d79","Meike_Tue_NoodlesChicken_Pers2_Moment2.jpg",3,"garlic","seasoning","zucchini","bell pepper","peppers","poultry","sauce","sauce","noodles","nuts or raisins","fats or oils",NA,NA,NA,NA,"3 Garlic cloves; 30g Ginger; 1.5  Zucchini; 1.5  bellpepper; 0.75  Red Pepper; 300g Minced Chicken; 3 bags Sweet Asian Sauce; 30ml Soy Sauce; 150g Noodles; 30g Cashew; 1.5 tablespoon sunflower oil","Garlic ; Ginger;  Zucchini;  bellpepper;   Red Pepper;  Minced Chicken; bags Sweet Asian Sauce; Soy Sauce;  Noodles; Cashew;  sunflower oil",317,317,"```json
{
    ""Zucchini"": 30,
    ""Bell Pepper"": 25,
    ""Noodles"": 50,
    ""Minced Chicken"": 40,
    ""Cashew"": 5,
    ""Red Pepper"": 10
}
```",47,"zucchini",30,"bell pepper",25,"noodles",50,"poultry",40,"nuts or raisins",5,"peppers",10,NA,NA,NA,NA,NA,NA,NA,NA,NA,NA,NA,NA,NA,NA,NA,NA,NA,NA,"```json
{
    ""Zucchini"": 30,
    ""Bell Pepper"": 40,
    ""Noodles"": 50,
    ""Minced Chicken"": 40,
    ""Cashew"": 10,
    ""Red Pepper"": 20
}
```",47,"zucchini",30,"bell pepper",40,"noodles",50,"poultry",40,"nuts or raisins",10,"peppers",20,NA,NA,NA,NA,NA,NA,NA,NA,NA,NA,NA,NA,NA,NA,NA,NA,NA,NA,"```json
{
    ""Zucchini"": 30,
    ""Bell Pepper"": 40,
    ""Noodles"": 50,
    ""Minced Chicken"": 40,
    ""Cashew"": 10,
    ""Remnants"": 5
}
```",47,"zucchini",30,"bell pepper",40,"noodles",50,"poultry",40,"nuts or raisins",10,NA,5,NA,NA,NA,NA,NA,NA,NA,NA,NA,NA,NA,NA,NA,NA,NA,NA,NA,NA,"```json
{
    ""Zucchini"": 30,
    ""Bell Pepper"": 40,
    ""Noodles"": 50,
    ""Minced Chicken"": 40,
    ""Cashew"": 10,
    ""Remnants"": 5
}
```",47,"zucchini",30,"bell pepper",40,"noodles",50,"poultry",40,"nuts or raisins",10,NA,5,NA,NA,NA,NA,NA,NA,NA,NA,NA,NA,NA,NA,NA,NA,NA,NA,NA,NA,"```json
{
    ""Zucchini"": 30,
    ""Bell Pepper"": 40,
    ""Noodles"": 50,
    ""Minced Chicken"": 40,
    ""Cashew"": 5,
    ""Red Pepper"": 10
}
```",47,"zucchini",30,"bell pepper",40,"noodles",50,"poultry",40,"nuts or raisins",5,"peppers",10,NA,NA,NA,NA,NA,NA,NA,NA,NA,NA,NA,NA,NA,NA,NA,NA,NA,NA,"```json
{
    ""Garlic"": 5 grams,
    ""Ginger"": 10 grams,
    ""Zucchini"": 50 grams,
    ""Bell Pepper"": 40 grams,
    ""Red Pepper"": 20 grams,
    ""Minced Chicken"": 60 grams,
    ""Noodles"": 40 grams,
    ""Cashew"": 5 grams
}
```",47,"garlic",5,"seasoning",10,"zucchini",50,"bell pepper",40,"peppers",20,"poultry",60,"noodles",40,"nuts or raisins",5,NA,NA,NA,NA,NA,NA,NA,NA,NA,NA,NA,NA,NA,NA,"```json
{
    ""Garlic"": ""3 cloves"",
    ""Ginger"": ""30 grams"",
    ""Zucchini"": ""100 grams"",
    ""Bell Pepper"": ""80 grams"",
    ""Red Pepper"": ""40 grams"",
    ""Minced Chicken"": ""100 grams"",
    ""Sweet Asian Sauce"": ""3 bags"",
    ""Soy Sauce"": ""30 ml"",
    ""Noodles"": ""80 grams"",
    ""Cashew"": ""30 grams"",
    ""Sunflower Oil"": ""1.5 tablespoons""
}
```",47,"garlic",3,"seasoning",30,"zucchini",100,"bell pepper",80,"peppers",40,"poultry",100,"sauce",3,"sauce",30,"noodles",80,"nuts or raisins",30,"fats or oils",1.5,NA,NA,NA,NA,NA,NA,NA,NA,"```json
{
    ""Garlic"": ""3 cloves"",
    ""Ginger"": ""30 grams"",
    ""Zucchini"": ""100 grams"",
    ""Bell Pepper"": ""80 grams"",
    ""Red Pepper"": ""40 grams"",
    ""Minced Chicken"": ""100 grams"",
    ""Noodles"": ""80 grams"",
    ""Cashew"": ""20 grams"",
    ""Remnants"": ""Sweet Asian Sauce, Soy Sauce, Sunflower Oil""
}
```",47,"garlic",3,"seasoning",30,"zucchini",100,"bell pepper",80,"peppers",40,"poultry",100,"noodles",80,"nuts or raisins",20,NA,NA,NA,NA,NA,NA,NA,NA,NA,NA,NA,NA,NA,NA,"```json
{
    ""Garlic"": 5 grams,
    ""Ginger"": 10 grams,
    ""Zucchini"": 50 grams,
    ""Bell Pepper"": 40 grams,
    ""Red Pepper"": 20 grams,
    ""Minced Chicken"": 60 grams,
    ""Noodles"": 40 grams,
    ""Cashew"": 5 grams,
    ""Remnants"": 0 grams
}
```",47,"garlic",5,"seasoning",10,"zucchini",50,"bell pepper",40,"peppers",20,"poultry",60,"noodles",40,"nuts or raisins",5,NA,0,NA,NA,NA,NA,NA,NA,NA,NA,NA,NA,NA,NA,"```json
{
    ""Garlic"": 5 grams,
    ""Ginger"": 10 grams,
    ""Zucchini"": 40 grams,
    ""Bell Pepper"": 40 grams,
    ""Red Pepper"": 20 grams,
    ""Minced Chicken"": 60 grams,
    ""Noodles"": 50 grams,
    ""Cashew"": 5 grams,
    ""Remnants"": 0 grams
}
```",47,"garlic",5,"seasoning",10,"zucchini",40,"bell pepper",40,"peppers",20,"poultry",60,"noodles",50,"nuts or raisins",5,NA,0,NA,NA,NA,NA,"```json
{
    ""Noodles"": 80,
    ""Minced Chicken"": 50,
    ""Red Bell Pepper"": 30,
    ""Zucchini"": 30,
    ""Sauce"": 20
}
```",47,"noodles",80,"poultry",50,"bell pepper",30,"zucchini",30,"sauce",20,NA,NA,NA,NA,NA,NA,"```json
{
    ""Noodles"": 80,
    ""Minced Chicken"": 50,
    ""Red Bell Pepper"": 30,
    ""Zucchini"": 30,
    ""Sauce"": 20
}
```",47,"noodles",80,"poultry",50,"bell pepper",30,"zucchini",30,"sauce",20,NA,NA,NA,NA,NA,NA,"```json
{
    ""Noodles"": 100,
    ""Minced Chicken"": 80,
    ""Red Bell Pepper"": 50,
    ""Zucchini"": 40,
    ""Asian Sauce"": 30
}
```",47,"noodles",100,"poultry",80,"bell pepper",50,"zucchini",40,"sauce",30,NA,NA,NA,NA,NA,NA,"```json
{
    ""Noodles"": 100,
    ""Minced Chicken"": 80,
    ""Red Bell Pepper"": 50,
    ""Zucchini"": 40,
    ""Onion"": 20,
    ""Asian Sauce"": 30
}
```",47,"noodles",100,"poultry",80,"bell pepper",50,"zucchini",40,"onion",20,"sauce",30,NA,NA,NA,NA,"```json
{
    ""Noodles"": 100,
    ""Minced Chicken"": 80,
    ""Red Bell Pepper"": 50,
    ""Zucchini"": 40,
    ""Onion"": 20,
    ""Asian Sauce"": 10
}
```",47,"noodles",100,"poultry",80,"bell pepper",50,"zucchini",40,"onion",20,"sauce",10,NA,NA,NA,NA,160,157,157,190,127,127,175,142,142,175,142,142,175,142,142,230,87,87,497.5,-180.5,180.5,453,-136,136,230,87,87,230,87,87,210,107,107,210,107,107,300,17,17,320,-3,3,300,17,17,6,0,6,0,5,0,5,0,6,0,8,0,10,0,8,0,8,0,8,0,5,0,5,0,5,0,5,1,5,1
"Noodles with minced chicken and Asian sauce","Meike","Tuesday","NoodlesChicken",3,"20","25",634,866,232,"Noedles met kipgehakt en aziatische saus","https://www.hellofresh.nl/recipes/noedels-met-kipgehakt-en-aziatische-saus-5fd0c5b7943827314d7b7d80","Meike_Tue_NoodlesChicken_Pers3_Moment2.jpg",3,"garlic","seasoning","zucchini","bell pepper","peppers","poultry","sauce","sauce","noodles","nuts or raisins","fats or oils",NA,NA,NA,NA,"3 Garlic cloves; 30g Ginger; 1.5  Zucchini; 1.5  bellpepper; 0.75  Red Pepper; 300g Minced Chicken; 3 bags Sweet Asian Sauce; 30ml Soy Sauce; 150g Noodles; 30g Cashew; 1.5 tablespoon sunflower oil","Garlic ; Ginger;  Zucchini;  bellpepper;   Red Pepper;  Minced Chicken; bags Sweet Asian Sauce; Soy Sauce;  Noodles; Cashew;  sunflower oil",232,232,"```json
{
    ""Zucchini"": 30,
    ""Bell Pepper"": 25,
    ""Red Pepper"": 20,
    ""Minced Chicken"": 40,
    ""Noodles"": 50,
    ""Cashew"": 10,
    ""Sauce"": 15
}
```",50,"zucchini",30,"bell pepper",25,"peppers",20,"poultry",40,"noodles",50,"nuts or raisins",10,"sauce",15,NA,NA,NA,NA,NA,NA,NA,NA,NA,NA,NA,NA,NA,NA,NA,NA,"```json
{
    ""Zucchini"": 30,
    ""Bell Pepper"": 25,
    ""Red Pepper"": 20,
    ""Minced Chicken"": 40,
    ""Noodles"": 50,
    ""Cashew"": 10,
    ""Sauce (Sweet Asian/Soy)"": 15
}
```",50,"zucchini",30,"bell pepper",25,"peppers",20,"poultry",40,"noodles",50,"nuts or raisins",10,"sauce",15,NA,NA,NA,NA,NA,NA,NA,NA,NA,NA,NA,NA,NA,NA,NA,NA,"```json
{
    ""Zucchini"": 30,
    ""Bell Pepper"": 25,
    ""Red Pepper"": 20,
    ""Minced Chicken"": 40,
    ""Noodles"": 50,
    ""Cashew"": 10,
    ""Sauce"": 15
}
```",50,"zucchini",30,"bell pepper",25,"peppers",20,"poultry",40,"noodles",50,"nuts or raisins",10,"sauce",15,NA,NA,NA,NA,NA,NA,NA,NA,NA,NA,NA,NA,NA,NA,NA,NA,"```json
{
    ""Zucchini"": 30,
    ""Bell Pepper"": 25,
    ""Red Pepper"": 20,
    ""Minced Chicken"": 40,
    ""Noodles"": 50,
    ""Cashew"": 10,
    ""Sauce"": 15
}
```",50,"zucchini",30,"bell pepper",25,"peppers",20,"poultry",40,"noodles",50,"nuts or raisins",10,"sauce",15,NA,NA,NA,NA,NA,NA,NA,NA,NA,NA,NA,NA,NA,NA,NA,NA,"```json
{
    ""Zucchini"": 30,
    ""Bell Pepper"": 25,
    ""Noodles"": 50,
    ""Minced Chicken"": 40,
    ""Cashew"": 10,
    ""Red Pepper"": 20
}
```",50,"zucchini",30,"bell pepper",25,"noodles",50,"poultry",40,"nuts or raisins",10,"peppers",20,NA,NA,NA,NA,NA,NA,NA,NA,NA,NA,NA,NA,NA,NA,NA,NA,NA,NA,"```json
{
    ""Garlic"": ""3 cloves"",
    ""Ginger"": ""30 grams"",
    ""Zucchini"": ""150 grams"",
    ""Bell Pepper"": ""150 grams"",
    ""Red Pepper"": ""75 grams"",
    ""Minced Chicken"": ""300 grams"",
    ""Sweet Asian Sauce"": ""3 bags"",
    ""Soy Sauce"": ""30 ml"",
    ""Noodles"": ""150 grams"",
    ""Cashew"": ""30 grams"",
    ""Sunflower Oil"": ""1.5 tablespoons""
}
```",50,"garlic",3,"seasoning",30,"zucchini",150,"bell pepper",150,"peppers",75,"poultry",300,"sauce",3,"sauce",30,"noodles",150,"nuts or raisins",30,"fats or oils",1.5,NA,NA,NA,NA,NA,NA,NA,NA,"```json
{
    ""Garlic"": ""3 cloves"",
    ""Ginger"": ""30 grams"",
    ""Zucchini"": ""150 grams"",
    ""Bell Pepper"": ""150 grams"",
    ""Red Pepper"": ""75 grams"",
    ""Minced Chicken"": ""300 grams"",
    ""Sweet Asian Sauce"": ""3 bags"",
    ""Soy Sauce"": ""30 ml"",
    ""Noodles"": ""150 grams"",
    ""Cashew"": ""30 grams"",
    ""Sunflower Oil"": ""1.5 tablespoons""
}
```",50,"garlic",3,"seasoning",30,"zucchini",150,"bell pepper",150,"peppers",75,"poultry",300,"sauce",3,"sauce",30,"noodles",150,"nuts or raisins",30,"fats or oils",1.5,NA,NA,NA,NA,NA,NA,NA,NA,"```json
{
    ""Garlic"": ""3 cloves"",
    ""Ginger"": ""30 grams"",
    ""Zucchini"": ""150 grams"",
    ""Bell Pepper"": ""150 grams"",
    ""Red Pepper"": ""75 grams"",
    ""Minced Chicken"": ""300 grams"",
    ""Sweet Asian Sauce"": ""3 bags"",
    ""Soy Sauce"": ""30 ml"",
    ""Noodles"": ""150 grams"",
    ""Cashew"": ""30 grams"",
    ""Sunflower Oil"": ""1.5 tablespoons""
}
```",50,"garlic",3,"seasoning",30,"zucchini",150,"bell pepper",150,"peppers",75,"poultry",300,"sauce",3,"sauce",30,"noodles",150,"nuts or raisins",30,"fats or oils",1.5,NA,NA,NA,NA,NA,NA,NA,NA,"```json
{
    ""Garlic"": ""3 cloves"",
    ""Ginger"": ""30 grams"",
    ""Zucchini"": ""150 grams"",
    ""Bell Pepper"": ""150 grams"",
    ""Red Pepper"": ""75 grams"",
    ""Minced Chicken"": ""300 grams"",
    ""Sweet Asian Sauce"": ""3 bags"",
    ""Soy Sauce"": ""30 ml"",
    ""Noodles"": ""150 grams"",
    ""Cashew"": ""30 grams"",
    ""Sunflower Oil"": ""1.5 tablespoons""
}
```",50,"garlic",3,"seasoning",30,"zucchini",150,"bell pepper",150,"peppers",75,"poultry",300,"sauce",3,"sauce",30,"noodles",150,"nuts or raisins",30,"fats or oils",1.5,NA,NA,NA,NA,NA,NA,NA,NA,"```json
{
    ""Garlic"": ""3 cloves"",
    ""Ginger"": ""30 grams"",
    ""Zucchini"": ""150 grams"",
    ""Bell Pepper"": ""150 grams"",
    ""Red Pepper"": ""75 grams"",
    ""Minced Chicken"": ""300 grams"",
    ""Sweet Asian Sauce"": ""3 bags"",
    ""Soy Sauce"": ""30 ml"",
    ""Noodles"": ""150 grams"",
    ""Cashew"": ""30 grams"",
    ""Sunflower Oil"": ""1.5 tablespoons""
}
```",50,"garlic",3,"seasoning",30,"zucchini",150,"bell pepper",150,"peppers",75,"poultry",300,"sauce",3,"sauce",30,"noodles",150,"nuts or raisins",30,"fats or oils",1.5,"```json
{
    ""Noodles"": 100,
    ""Minced Chicken"": 80,
    ""Red Bell Pepper"": 40,
    ""Zucchini"": 30,
    ""Asian Sauce"": 20
}
```",50,"noodles",100,"poultry",80,"bell pepper",40,"zucchini",30,"sauce",20,NA,NA,NA,NA,NA,NA,"```json
{
    ""Noodles"": 100,
    ""Minced Chicken"": 80,
    ""Red Bell Pepper"": 30,
    ""Zucchini"": 30,
    ""Asian Sauce"": 20
}
```",50,"noodles",100,"poultry",80,"bell pepper",30,"zucchini",30,"sauce",20,NA,NA,NA,NA,NA,NA,"```json
{
    ""Noodles"": 100,
    ""Minced Chicken"": 80,
    ""Red Bell Pepper"": 40,
    ""Zucchini"": 30,
    ""Asian Sauce"": 20
}
```",50,"noodles",100,"poultry",80,"bell pepper",40,"zucchini",30,"sauce",20,NA,NA,NA,NA,NA,NA,"```json
{
    ""Noodles"": 100,
    ""Minced Chicken"": 80,
    ""Red Bell Pepper"": 40,
    ""Zucchini"": 30,
    ""Asian Sauce"": 20
}
```",50,"noodles",100,"poultry",80,"bell pepper",40,"zucchini",30,"sauce",20,NA,NA,NA,NA,NA,NA,"```json
{
    ""Noodles"": 100,
    ""Minced Chicken"": 80,
    ""Red Bell Pepper"": 40,
    ""Zucchini"": 30,
    ""Asian Sauce"": 20
}
```",50,"noodles",100,"poultry",80,"bell pepper",40,"zucchini",30,"sauce",20,NA,NA,NA,NA,NA,NA,190,42,42,190,42,42,190,42,42,190,42,42,175,57,57,922.5,-690.5,690.5,922.5,-690.5,690.5,922.5,-690.5,690.5,922.5,-690.5,690.5,922.5,-690.5,690.5,270,-38,38,260,-28,28,270,-38,38,270,-38,38,270,-38,38,7,0,7,0,7,0,7,0,6,0,10,0,10,0,10,0,10,0,10,0,5,0,5,0,5,0,5,0,5,0
"Noodles with minced chicken and Asian sauce","Meike","Tuesday","NoodlesChicken",1,"finished","25",584,587,3,"Noedles met kipgehakt en aziatische saus","https://www.hellofresh.nl/recipes/noedels-met-kipgehakt-en-aziatische-saus-5fd0c5b7943827314d7b7d81","Meike_Tue_NoodlesChicken_Pers1_Moment3.jpg",3,"garlic","seasoning","zucchini","bell pepper","peppers","poultry","sauce","sauce","noodles","nuts or raisins","fats or oils",NA,NA,NA,NA,"3 Garlic cloves; 30g Ginger; 1.5  Zucchini; 1.5  bellpepper; 0.75  Red Pepper; 300g Minced Chicken; 3 bags Sweet Asian Sauce; 30ml Soy Sauce; 150g Noodles; 30g Cashew; 1.5 tablespoon sunflower oil","Garlic ; Ginger;  Zucchini;  bellpepper;   Red Pepper;  Minced Chicken; bags Sweet Asian Sauce; Soy Sauce;  Noodles; Cashew;  sunflower oil",3,3,"```json
{
    ""Remnants"": 0
}
```",45,NA,0,NA,NA,NA,NA,NA,NA,NA,NA,NA,NA,NA,NA,NA,NA,NA,NA,NA,NA,NA,NA,NA,NA,NA,NA,NA,NA,NA,NA,"```json
{
    ""Noodles"": 2,
    ""Minced Chicken"": 1,
    ""Cashew"": 1,
    ""Bell Pepper"": 1,
    ""Red Pepper"": 1,
    ""Remnants"": 0
}
```",45,"noodles",2,"poultry",1,"nuts or raisins",1,"bell pepper",1,"peppers",1,NA,0,NA,NA,NA,NA,NA,NA,NA,NA,NA,NA,NA,NA,NA,NA,NA,NA,NA,NA,"```json
{
    ""Remnants"": 5
}
```",45,NA,5,NA,NA,NA,NA,NA,NA,NA,NA,NA,NA,NA,NA,NA,NA,NA,NA,NA,NA,NA,NA,NA,NA,NA,NA,NA,NA,NA,NA,"```json
{
  ""Remnants"": 0
}
```",45,NA,0,NA,NA,NA,NA,NA,NA,NA,NA,NA,NA,NA,NA,NA,NA,NA,NA,NA,NA,NA,NA,NA,NA,NA,NA,NA,NA,NA,NA,"```json
{
    ""Remnants"": 0
}
```",45,NA,0,NA,NA,NA,NA,NA,NA,NA,NA,NA,NA,NA,NA,NA,NA,NA,NA,NA,NA,NA,NA,NA,NA,NA,NA,NA,NA,NA,NA,"```json
{
  ""Remnants"": 5
}
```",45,NA,5,NA,NA,NA,NA,NA,NA,NA,NA,NA,NA,NA,NA,NA,NA,NA,NA,NA,NA,NA,NA,NA,NA,NA,NA,NA,NA,NA,NA,"```json
{
  ""Remnants"": 5
}
```",45,NA,5,NA,NA,NA,NA,NA,NA,NA,NA,NA,NA,NA,NA,NA,NA,NA,NA,NA,NA,NA,NA,NA,NA,NA,NA,NA,NA,NA,NA,"```json
{
  ""Remnants"": 0
}
```",45,NA,0,NA,NA,NA,NA,NA,NA,NA,NA,NA,NA,NA,NA,NA,NA,NA,NA,NA,NA,NA,NA,NA,NA,NA,NA,NA,NA,NA,NA,"```json
{
  ""Remnants"": 0
}
```",45,NA,0,NA,NA,NA,NA,NA,NA,NA,NA,NA,NA,NA,NA,NA,NA,NA,NA,NA,NA,NA,NA,NA,NA,NA,NA,NA,NA,NA,NA,"```json
{
  ""Remnants"": 0
}
```",45,NA,0,NA,NA,NA,NA,NA,NA,NA,NA,NA,NA,NA,NA,NA,NA,NA,NA,NA,NA,NA,NA,"```json
{
  ""Noodles"": 2,
  ""Minced chicken"": 1,
  ""Asian sauce remnants"": 1
}
```",45,"noodles",2,"poultry",1,"sauce",1,NA,NA,NA,NA,NA,NA,NA,NA,NA,NA,"```json
{
  ""Noodles"": 2,
  ""Minced chicken"": 1,
  ""Asian sauce remnants"": 1
}
```",45,"noodles",2,"poultry",1,"sauce",1,NA,NA,NA,NA,NA,NA,NA,NA,NA,NA,"```json
{
  ""Noodles"": 2,
  ""Minced chicken"": 1,
  ""Asian sauce remnants"": 1
}
```",45,"noodles",2,"poultry",1,"sauce",1,NA,NA,NA,NA,NA,NA,NA,NA,NA,NA,"```json
{
  ""Noodles"": 2,
  ""Minced chicken"": 1,
  ""Asian sauce remnants"": 1
}
```",45,"noodles",2,"poultry",1,"sauce",1,NA,NA,NA,NA,NA,NA,NA,NA,NA,NA,"```json
{
  ""Noodles"": 2,
  ""Minced chicken"": 1,
  ""Asian sauce remnants"": 1
}
```",45,"noodles",2,"poultry",1,"sauce",1,NA,NA,NA,NA,NA,NA,NA,NA,NA,NA,0,3,3,6,-3,3,5,-2,2,0,3,3,0,3,3,5,-2,2,5,-2,2,0,3,3,0,3,3,0,3,3,4,-1,1,4,-1,1,4,-1,1,4,-1,1,4,-1,1,0,0,5,0,0,0,0,0,0,0,0,0,0,0,0,0,0,0,0,0,3,0,3,0,3,0,3,0,3,0
"Noodles with minced chicken and Asian sauce","Meike","Tuesday","NoodlesChicken",2,"finished","25",567,792,225,"Noedles met kipgehakt en aziatische saus","https://www.hellofresh.nl/recipes/noedels-met-kipgehakt-en-aziatische-saus-5fd0c5b7943827314d7b7d82","Meike_Tue_NoodlesChicken_Pers2_Moment3.jpg",3,"garlic","seasoning","zucchini","bell pepper","peppers","poultry","sauce","sauce","noodles","nuts or raisins","fats or oils",NA,NA,NA,NA,"3 Garlic cloves; 30g Ginger; 1.5  Zucchini; 1.5  bellpepper; 0.75  Red Pepper; 300g Minced Chicken; 3 bags Sweet Asian Sauce; 30ml Soy Sauce; 150g Noodles; 30g Cashew; 1.5 tablespoon sunflower oil","Garlic ; Ginger;  Zucchini;  bellpepper;   Red Pepper;  Minced Chicken; bags Sweet Asian Sauce; Soy Sauce;  Noodles; Cashew;  sunflower oil",225,225,"```json
{
    ""Zucchini"": 30,
    ""Bell Pepper"": 40,
    ""Red Pepper"": 10,
    ""Minced Chicken"": 50,
    ""Noodles"": 60,
    ""Cashew"": 10,
    ""Remnants"": 0
}
```",48,"zucchini",30,"bell pepper",40,"peppers",10,"poultry",50,"noodles",60,"nuts or raisins",10,NA,0,NA,NA,NA,NA,NA,NA,NA,NA,NA,NA,NA,NA,NA,NA,NA,NA,"```json
{
    ""Zucchini"": 30,
    ""Bell Pepper"": 40,
    ""Noodles"": 50,
    ""Minced Chicken"": 60,
    ""Cashew"": 10,
    ""Red Pepper"": 20,
    ""Garlic"": 5,
    ""Ginger"": 5
}
```",48,"zucchini",30,"bell pepper",40,"noodles",50,"poultry",60,"nuts or raisins",10,"peppers",20,"garlic",5,"seasoning",5,NA,NA,NA,NA,NA,NA,NA,NA,NA,NA,NA,NA,NA,NA,"```json
{
  ""Noodles"": 100,
  ""Zucchini"": 50,
  ""Bell Pepper"": 40,
  ""Minced Chicken"": 60,
  ""Red Pepper"": 20,
  ""Cashew"": 10,
  ""Garlic"": 5,
  ""Ginger"": 5,
  ""Sunflower Oil"": 5,
  ""Sweet Asian Sauce"": 10,
  ""Soy Sauce"": 5
}
```",48,"noodles",100,"zucchini",50,"bell pepper",40,"poultry",60,"peppers",20,"nuts or raisins",10,"garlic",5,"seasoning",5,"fats or oils",5,"sauce",10,"sauce",5,NA,NA,NA,NA,NA,NA,NA,NA,"```json
{
    ""Zucchini"": 30,
    ""Bell Pepper"": 40,
    ""Red Pepper"": 10,
    ""Minced Chicken"": 50,
    ""Noodles"": 60,
    ""Cashew"": 10,
    ""Remnants"": 0
}
```",48,"zucchini",30,"bell pepper",40,"peppers",10,"poultry",50,"noodles",60,"nuts or raisins",10,NA,0,NA,NA,NA,NA,NA,NA,NA,NA,NA,NA,NA,NA,NA,NA,NA,NA,"```json
{
    ""Zucchini"": 30,
    ""Bell Pepper"": 40,
    ""Noodles"": 50,
    ""Minced Chicken"": 60,
    ""Cashew"": 10,
    ""Red Pepper"": 20
}
```",48,"zucchini",30,"bell pepper",40,"noodles",50,"poultry",60,"nuts or raisins",10,"peppers",20,NA,NA,NA,NA,NA,NA,NA,NA,NA,NA,NA,NA,NA,NA,NA,NA,NA,NA,"```json
{
    ""Garlic"": ""3 cloves"",
    ""Ginger"": ""30 grams"",
    ""Zucchini"": ""150 grams"",
    ""Bell Pepper"": ""150 grams"",
    ""Red Pepper"": ""75 grams"",
    ""Minced Chicken"": ""300 grams"",
    ""Sweet Asian Sauce"": ""3 bags"",
    ""Soy Sauce"": ""30 ml"",
    ""Noodles"": ""150 grams"",
    ""Cashew"": ""30 grams"",
    ""Sunflower Oil"": ""1.5 tablespoons""
}
```",48,"garlic",3,"seasoning",30,"zucchini",150,"bell pepper",150,"peppers",75,"poultry",300,"sauce",3,"sauce",30,"noodles",150,"nuts or raisins",30,"fats or oils",1.5,NA,NA,NA,NA,NA,NA,NA,NA,"```json
{
    ""Garlic"": ""3 cloves"",
    ""Ginger"": ""30 grams"",
    ""Zucchini"": ""1.5"",
    ""Bell Pepper"": ""1.5"",
    ""Red Pepper"": ""0.75"",
    ""Minced Chicken"": ""300 grams"",
    ""Sweet Asian Sauce"": ""3 bags"",
    ""Soy Sauce"": ""30 ml"",
    ""Noodles"": ""150 grams"",
    ""Cashew"": ""30 grams"",
    ""Sunflower Oil"": ""1.5 tablespoons""
}
```",48,"garlic",3,"seasoning",30,"zucchini",1.5,"bell pepper",1.5,"peppers",0.75,"poultry",300,"sauce",3,"sauce",30,"noodles",150,"nuts or raisins",30,"fats or oils",1.5,NA,NA,NA,NA,NA,NA,NA,NA,"```json
{
    ""Garlic"": 5,
    ""Ginger"": 10,
    ""Zucchini"": 30,
    ""Bell Pepper"": 40,
    ""Red Pepper"": 20,
    ""Minced Chicken"": 60,
    ""Noodles"": 50,
    ""Cashew"": 5,
    ""Remnants"": 0
}
```",48,"garlic",5,"seasoning",10,"zucchini",30,"bell pepper",40,"peppers",20,"poultry",60,"noodles",50,"nuts or raisins",5,NA,0,NA,NA,NA,NA,NA,NA,NA,NA,NA,NA,NA,NA,"```json
{
    ""Garlic"": 10,
    ""Ginger"": 10,
    ""Zucchini"": 50,
    ""Bell Pepper"": 40,
    ""Red Pepper"": 20,
    ""Minced Chicken"": 80,
    ""Sweet Asian Sauce"": 20,
    ""Soy Sauce"": 10,
    ""Noodles"": 60,
    ""Cashew"": 10,
    ""Sunflower Oil"": 5
}
```",48,"garlic",10,"seasoning",10,"zucchini",50,"bell pepper",40,"peppers",20,"poultry",80,"sauce",20,"sauce",10,"noodles",60,"nuts or raisins",10,"fats or oils",5,NA,NA,NA,NA,NA,NA,NA,NA,"```json
{
    ""Garlic"": 5,
    ""Ginger"": 5,
    ""Zucchini"": 30,
    ""Bell Pepper"": 40,
    ""Red Pepper"": 20,
    ""Minced Chicken"": 50,
    ""Noodles"": 40,
    ""Cashew"": 5,
    ""Remnants"": 0
}
```",48,"garlic",5,"seasoning",5,"zucchini",30,"bell pepper",40,"peppers",20,"poultry",50,"noodles",40,"nuts or raisins",5,NA,0,NA,NA,NA,NA,"```json
{
    ""Noodles"": 100,
    ""Minced Chicken"": 80,
    ""Red Bell Pepper"": 50,
    ""Zucchini"": 40,
    ""Onion"": 30,
    ""Asian Sauce"": 20
}
```",48,"noodles",100,"poultry",80,"bell pepper",50,"zucchini",40,"onion",30,"sauce",20,NA,NA,NA,NA,"```json
{
    ""Noodles"": 100,
    ""Minced Chicken"": 80,
    ""Red Bell Pepper"": 40,
    ""Zucchini"": 30,
    ""Onion"": 20,
    ""Asian Sauce"": 10
}
```",48,"noodles",100,"poultry",80,"bell pepper",40,"zucchini",30,"onion",20,"sauce",10,NA,NA,NA,NA,"```json
{
    ""Noodles"": 100,
    ""Minced Chicken"": 80,
    ""Red Bell Pepper"": 50,
    ""Zucchini"": 40,
    ""Onion"": 30,
    ""Asian Sauce"": 20
}
```",48,"noodles",100,"poultry",80,"bell pepper",50,"zucchini",40,"onion",30,"sauce",20,NA,NA,NA,NA,"```json
{
    ""Noodles"": 100,
    ""Minced Chicken"": 80,
    ""Red Bell Pepper"": 50,
    ""Zucchini"": 40,
    ""Onion"": 30,
    ""Asian Sauce"": 20
}
```",48,"noodles",100,"poultry",80,"bell pepper",50,"zucchini",40,"onion",30,"sauce",20,NA,NA,NA,NA,"```json
{
    ""Noodles"": 100,
    ""Minced Chicken"": 80,
    ""Red Bell Pepper"": 40,
    ""Zucchini"": 30,
    ""Onion"": 20,
    ""Asian Sauce"": 10
}
```",48,"noodles",100,"poultry",80,"bell pepper",40,"zucchini",30,"onion",20,"sauce",10,NA,NA,NA,NA,200,25,25,220,5,5,310,-85,85,200,25,25,210,15,15,922.5,-697.5,697.5,551.25,-326.25,326.25,220,5,5,315,-90,90,195,30,30,320,-95,95,280,-55,55,320,-95,95,320,-95,95,280,-55,55,6,0,8,0,10,0,6,0,6,0,10,0,10,0,8,0,10,0,8,0,5,1,5,1,5,1,5,1,5,1
"Noodles with minced chicken and Asian sauce","Meike","Tuesday","NoodlesChicken",3,"finished","25",634,718,84,"Noedles met kipgehakt en aziatische saus","https://www.hellofresh.nl/recipes/noedels-met-kipgehakt-en-aziatische-saus-5fd0c5b7943827314d7b7d83","Meike_Tue_NoodlesChicken_Pers3_Moment3.jpg",3,"garlic","seasoning","zucchini","bell pepper","peppers","poultry","sauce","sauce","noodles","nuts or raisins","fats or oils",NA,NA,NA,NA,"3 Garlic cloves; 30g Ginger; 1.5  Zucchini; 1.5  bellpepper; 0.75  Red Pepper; 300g Minced Chicken; 3 bags Sweet Asian Sauce; 30ml Soy Sauce; 150g Noodles; 30g Cashew; 1.5 tablespoon sunflower oil","Garlic ; Ginger;  Zucchini;  bellpepper;   Red Pepper;  Minced Chicken; bags Sweet Asian Sauce; Soy Sauce;  Noodles; Cashew;  sunflower oil",84,84,"```json
{
    ""Noodles"": 30,
    ""Red Bell Pepper"": 20,
    ""Minced Chicken"": 15,
    ""Cashew"": 5,
    ""Zucchini"": 5,
    ""Remnants"": 0
}
```",51,"noodles",30,"bell pepper",20,"poultry",15,"nuts or raisins",5,"zucchini",5,NA,0,NA,NA,NA,NA,NA,NA,NA,NA,NA,NA,NA,NA,NA,NA,NA,NA,NA,NA,"```json
{
    ""Noodles"": 30,
    ""Red Bell Pepper"": 20,
    ""Minced Chicken"": 15,
    ""Cashew"": 5,
    ""Zucchini"": 5,
    ""Sauce Remnants"": 10
}
```",51,"noodles",30,"bell pepper",20,"poultry",15,"nuts or raisins",5,"zucchini",5,"sauce",10,NA,NA,NA,NA,NA,NA,NA,NA,NA,NA,NA,NA,NA,NA,NA,NA,NA,NA,"```json
{
    ""Noodles"": 30,
    ""Red Bell Pepper"": 20,
    ""Minced Chicken"": 15,
    ""Cashew"": 5,
    ""Zucchini"": 5,
    ""Sauce Remnants"": 10
}
```",51,"noodles",30,"bell pepper",20,"poultry",15,"nuts or raisins",5,"zucchini",5,"sauce",10,NA,NA,NA,NA,NA,NA,NA,NA,NA,NA,NA,NA,NA,NA,NA,NA,NA,NA,"```json
{
    ""Noodles"": 30,
    ""Red Bell Pepper"": 20,
    ""Minced Chicken"": 15,
    ""Cashew"": 5,
    ""Zucchini"": 5,
    ""Sauce Remnants"": 10
}
```",51,"noodles",30,"bell pepper",20,"poultry",15,"nuts or raisins",5,"zucchini",5,"sauce",10,NA,NA,NA,NA,NA,NA,NA,NA,NA,NA,NA,NA,NA,NA,NA,NA,NA,NA,"```json
{
    ""Noodles"": 30,
    ""Red Bell Pepper"": 20,
    ""Minced Chicken"": 15,
    ""Cashew"": 5,
    ""Zucchini"": 5,
    ""Remnants"": 0
}
```",51,"noodles",30,"bell pepper",20,"poultry",15,"nuts or raisins",5,"zucchini",5,NA,0,NA,NA,NA,NA,NA,NA,NA,NA,NA,NA,NA,NA,NA,NA,NA,NA,NA,NA,"```json
{
    ""Noodles"": 40,
    ""Red Bell Pepper"": 20,
    ""Minced Chicken"": 30,
    ""Zucchini"": 5,
    ""Cashew"": 5,
    ""Remnants"": 0
}
```",51,"noodles",40,"bell pepper",20,"poultry",30,"zucchini",5,"nuts or raisins",5,NA,0,NA,NA,NA,NA,NA,NA,NA,NA,NA,NA,NA,NA,NA,NA,NA,NA,NA,NA,"```json
{
    ""Noodles"": 40,
    ""Red Bell Pepper"": 20,
    ""Minced Chicken"": 30,
    ""Zucchini"": 5,
    ""Cashew"": 5,
    ""Remnants"": 0
}
```",51,"noodles",40,"bell pepper",20,"poultry",30,"zucchini",5,"nuts or raisins",5,NA,0,NA,NA,NA,NA,NA,NA,NA,NA,NA,NA,NA,NA,NA,NA,NA,NA,NA,NA,"```json
{
    ""Noodles"": 40,
    ""Red Bell Pepper"": 20,
    ""Minced Chicken"": 30,
    ""Zucchini"": 5,
    ""Cashew"": 5,
    ""Sauce"": 10
}
```",51,"noodles",40,"bell pepper",20,"poultry",30,"zucchini",5,"nuts or raisins",5,"sauce",10,NA,NA,NA,NA,NA,NA,NA,NA,NA,NA,NA,NA,NA,NA,NA,NA,NA,NA,"```json
{
    ""Noodles"": 40,
    ""Red Bell Pepper"": 20,
    ""Minced Chicken"": 30,
    ""Zucchini"": 5,
    ""Cashew"": 5,
    ""Sauce"": 20
}
```",51,"noodles",40,"bell pepper",20,"poultry",30,"zucchini",5,"nuts or raisins",5,"sauce",20,NA,NA,NA,NA,NA,NA,NA,NA,NA,NA,NA,NA,NA,NA,NA,NA,NA,NA,"```json
{
    ""Noodles"": 40,
    ""Red Bell Pepper"": 20,
    ""Minced Chicken"": 30,
    ""Zucchini"": 5,
    ""Cashew"": 5,
    ""Remnants"": 0
}
```",51,"noodles",40,"bell pepper",20,"poultry",30,"zucchini",5,"nuts or raisins",5,NA,0,NA,NA,NA,NA,NA,NA,NA,NA,NA,NA,"```json
{
    ""Noodles"": 30,
    ""Minced Chicken"": 20,
    ""Red Bell Pepper"": 15,
    ""Zucchini"": 5,
    ""Sauce"": 10
}
```",51,"noodles",30,"poultry",20,"bell pepper",15,"zucchini",5,"sauce",10,NA,NA,NA,NA,NA,NA,"```json
{
    ""Noodles"": 30,
    ""Minced Chicken"": 20,
    ""Red Bell Pepper"": 15,
    ""Zucchini"": 5,
    ""Sauce"": 10
}
```",51,"noodles",30,"poultry",20,"bell pepper",15,"zucchini",5,"sauce",10,NA,NA,NA,NA,NA,NA,"```json
{
    ""Noodles"": 30,
    ""Minced Chicken"": 20,
    ""Red Bell Pepper"": 15,
    ""Zucchini"": 5,
    ""Sauce"": 10
}
```",51,"noodles",30,"poultry",20,"bell pepper",15,"zucchini",5,"sauce",10,NA,NA,NA,NA,NA,NA,"```json
{
    ""Noodles"": 40,
    ""Minced Chicken"": 30,
    ""Red Bell Pepper"": 20,
    ""Zucchini"": 5,
    ""Sauce"": 10
}
```",51,"noodles",40,"poultry",30,"bell pepper",20,"zucchini",5,"sauce",10,NA,NA,NA,NA,NA,NA,"```json
{
    ""Noodles"": 40,
    ""Minced Chicken"": 30,
    ""Red Bell Pepper"": 20,
    ""Zucchini"": 5,
    ""Sauce"": 10
}
```",51,"noodles",40,"poultry",30,"bell pepper",20,"zucchini",5,"sauce",10,NA,NA,NA,NA,NA,NA,75,9,9,85,-1,1,85,-1,1,85,-1,1,75,9,9,100,-16,16,100,-16,16,110,-26,26,120,-36,36,100,-16,16,80,4,4,80,4,4,80,4,4,105,-21,21,105,-21,21,5,0,6,0,6,0,6,0,5,0,5,0,5,0,6,0,6,0,5,0,5,0,5,0,5,0,5,0,5,0
"One-tray chicken breast in apricot marinade
with Brussels sprouts, sweet potato and gochujang mayo dip","Mariam","45585","HähnchenbrustAprikosen",1,"50%-30%","26,3",677,851,174,"One-Tray Hähnchenbrust in Aprikosen-Marinade
mit Rosenkohl, Süßkartoffel und Gochujang-Mayo-Dip","https://www.hellofresh.de/recipes/asiatisches-stir-fry-vom-blech-mit-hahnchenbrust-64e860854e40d5c6cb1a51ee","Mitja_Sun_Meal3_1.jpg",2,"poultry","potatoes or fries","seeds or other toppings","root vegetables","garlic","sauce","spices","sauce","dairy (cream)","fats or oils",NA,NA,NA,NA,NA,"250g Chicken Breast; 1  Sweet Potato; 150g Brussels Sprouts; 2  Carrot; 1  Garlic cloves; 50g Apricot Chutney; 25g Gochujang; 12.5ml Soy Sauce; 50g Mayonnaise; 1.5 tablespoon oil"," Chicken Breast;  Sweet Potato;  Brussels Sprouts;  Carrot;  Garlic ; Apricot Chutney; Gochujang; .Soy Sauce; Mayonnaise;  oil",174,174,"```json
{
    ""Chicken Breast"": 80,
    ""Sweet Potato"": 50,
    ""Brussels Sprouts"": 30,
    ""Carrot"": 20,
    ""Garlic"": 5,
    ""Apricot Chutney"": 15,
    ""Gochujang"": 10,
    ""Soy Sauce"": 5,
    ""Mayonnaise"": 20,
    ""Oil"": 5
}
```",64,"poultry",80,"potatoes or fries",50,"seeds or other toppings",30,"root vegetables",20,"garlic",5,"sauce",15,"spices",10,"sauce",5,"dairy (cream)",20,"fats or oils",5,NA,NA,NA,NA,NA,NA,NA,NA,NA,NA,"```json
{
    ""Chicken Breast"": 50,
    ""Sweet Potato"": 40,
    ""Brussels Sprouts"": 20,
    ""Carrot"": 15,
    ""Garlic"": 5,
    ""Apricot Chutney"": 10,
    ""Gochujang"": 10,
    ""Soy Sauce"": 5,
    ""Mayonnaise"": 20,
    ""Oil"": 5
}
```",64,"poultry",50,"potatoes or fries",40,"seeds or other toppings",20,"root vegetables",15,"garlic",5,"sauce",10,"spices",10,"sauce",5,"dairy (cream)",20,"fats or oils",5,NA,NA,NA,NA,NA,NA,NA,NA,NA,NA,"```json
{
    ""Chicken Breast"": 80,
    ""Sweet Potato"": 50,
    ""Brussels Sprouts"": 30,
    ""Carrot"": 20,
    ""Garlic"": 5,
    ""Apricot Chutney"": 15,
    ""Gochujang"": 10,
    ""Soy Sauce"": 5,
    ""Mayonnaise"": 20,
    ""Oil"": 5
}
```",64,"poultry",80,"potatoes or fries",50,"seeds or other toppings",30,"root vegetables",20,"garlic",5,"sauce",15,"spices",10,"sauce",5,"dairy (cream)",20,"fats or oils",5,NA,NA,NA,NA,NA,NA,NA,NA,NA,NA,"```json
{
    ""Chicken Breast"": 80,
    ""Sweet Potato"": 50,
    ""Brussels Sprouts"": 30,
    ""Carrot"": 20,
    ""Garlic"": 5,
    ""Apricot Chutney"": 15,
    ""Gochujang"": 10,
    ""Soy Sauce"": 5,
    ""Mayonnaise"": 20,
    ""Oil"": 5
}
```",64,"poultry",80,"potatoes or fries",50,"seeds or other toppings",30,"root vegetables",20,"garlic",5,"sauce",15,"spices",10,"sauce",5,"dairy (cream)",20,"fats or oils",5,NA,NA,NA,NA,NA,NA,NA,NA,NA,NA,"```json
{
    ""Chicken Breast"": 80,
    ""Sweet Potato"": 50,
    ""Brussels Sprouts"": 30,
    ""Carrot"": 20,
    ""Garlic"": 5,
    ""Apricot Chutney"": 15,
    ""Gochujang"": 10,
    ""Soy Sauce"": 5,
    ""Mayonnaise"": 20,
    ""Oil"": 5
}
```",64,"poultry",80,"potatoes or fries",50,"seeds or other toppings",30,"root vegetables",20,"garlic",5,"sauce",15,"spices",10,"sauce",5,"dairy (cream)",20,"fats or oils",5,NA,NA,NA,NA,NA,NA,NA,NA,NA,NA,"```json
{
    ""Chicken Breast"": 80,
    ""Sweet Potato"": 40,
    ""Brussels Sprouts"": 30,
    ""Carrot"": 20,
    ""Sauce (Mayonnaise/Chutney/Gochujang)"": 30
}
```",64,"poultry",80,"potatoes or fries",40,"seeds or other toppings",30,"root vegetables",20,"sauce",30,NA,NA,NA,NA,NA,NA,NA,NA,NA,NA,NA,NA,NA,NA,NA,NA,NA,NA,NA,NA,"```json
{
    ""Chicken Breast"": 80,
    ""Sweet Potato"": 40,
    ""Brussels Sprouts"": 30,
    ""Carrot"": 20,
    ""Sauce (Mayonnaise and others)"": 30
}
```",64,"poultry",80,"potatoes or fries",40,"seeds or other toppings",30,"root vegetables",20,"sauce",30,NA,NA,NA,NA,NA,NA,NA,NA,NA,NA,NA,NA,NA,NA,NA,NA,NA,NA,NA,NA,"```json
{
    ""Chicken Breast"": 50,
    ""Sweet Potato"": 40,
    ""Brussels Sprouts"": 30,
    ""Carrot"": 20,
    ""Sauce"": 30
}
```",64,"poultry",50,"potatoes or fries",40,"seeds or other toppings",30,"root vegetables",20,"sauce",30,NA,NA,NA,NA,NA,NA,NA,NA,NA,NA,NA,NA,NA,NA,NA,NA,NA,NA,NA,NA,"```json
{
    ""Chicken Breast"": 50,
    ""Sweet Potato"": 40,
    ""Brussels Sprouts"": 30,
    ""Carrot"": 20,
    ""Apricot Chutney"": 0,
    ""Gochujang"": 0,
    ""Soy Sauce"": 0,
    ""Mayonnaise"": 30,
    ""Oil"": 0
}
```",64,"poultry",50,"potatoes or fries",40,"seeds or other toppings",30,"root vegetables",20,"sauce",0,"spices",0,"sauce",0,"dairy (cream)",30,"fats or oils",0,NA,NA,NA,NA,NA,NA,NA,NA,NA,NA,NA,NA,"```json
{
    ""Chicken Breast"": 50,
    ""Sweet Potato"": 40,
    ""Brussels Sprouts"": 30,
    ""Carrot"": 20,
    ""Apricot Chutney"": 0,
    ""Gochujang"": 0,
    ""Soy Sauce"": 0,
    ""Mayonnaise"": 30,
    ""Oil"": 0
}
```",64,"poultry",50,"potatoes or fries",40,"seeds or other toppings",30,"root vegetables",20,"sauce",0,"spices",0,"sauce",0,"dairy (cream)",30,"fats or oils",0,NA,NA,NA,NA,"```json
{
    ""Chicken breast"": 80,
    ""Brussels sprouts"": 20,
    ""Sweet potato"": 30,
    ""Gochujang mayo dip"": 15,
    ""Apricot marinade remnants"": 10
}
```",64,"poultry",80,"seeds or other toppings",20,"potatoes or fries",30,"spices",15,"sauce",10,NA,NA,NA,NA,NA,NA,"```json
{
    ""Chicken breast"": 80,
    ""Brussels sprouts"": 20,
    ""Sweet potato"": 30,
    ""Gochujang mayo dip"": 15,
    ""Apricot marinade remnants"": 10
}
```",64,"poultry",80,"seeds or other toppings",20,"potatoes or fries",30,"spices",15,"sauce",10,NA,NA,NA,NA,NA,NA,"```json
{
    ""Chicken Breast"": 80,
    ""Brussels Sprouts"": 30,
    ""Sweet Potato"": 40,
    ""Gochujang Mayo Dip"": 20,
    ""Apricot Marinade"": 10
}
```",64,"poultry",80,"seeds or other toppings",30,"potatoes or fries",40,"spices",20,"sauce",10,NA,NA,NA,NA,NA,NA,"```json
{
    ""Chicken breast"": 80,
    ""Brussels sprouts"": 20,
    ""Sweet potato"": 30,
    ""Gochujang mayo dip"": 15,
    ""Apricot marinade remnants"": 10
}
```",64,"poultry",80,"seeds or other toppings",20,"potatoes or fries",30,"spices",15,"sauce",10,NA,NA,NA,NA,NA,NA,"```json
{
    ""Chicken breast"": 80,
    ""Brussels sprouts"": 20,
    ""Sweet potato"": 30,
    ""Gochujang mayo dip"": 15,
    ""Apricot marinade remnants"": 10
}
```",64,"poultry",80,"seeds or other toppings",20,"potatoes or fries",30,"spices",15,"sauce",10,NA,NA,NA,NA,NA,NA,240,-66,66,180,-6,6,240,-66,66,240,-66,66,240,-66,66,200,-26,26,200,-26,26,170,4,4,170,4,4,170,4,4,155,19,19,155,19,19,180,-6,6,155,19,19,155,19,19,9,0,9,0,9,0,9,0,9,0,5,0,5,0,5,0,8,0,8,0,5,0,5,0,5,0,5,0,5,0
"One-tray chicken breast in apricot marinade
with Brussels sprouts, sweet potato and gochujang mayo dip","Mariam","45585","HähnchenbrustAprikosen",1,"10%-30%","26,3",677,770,93,"One-Tray Hähnchenbrust in Aprikosen-Marinade
mit Rosenkohl, Süßkartoffel und Gochujang-Mayo-Dip","https://www.hellofresh.de/recipes/asiatisches-stir-fry-vom-blech-mit-hahnchenbrust-64e860854e40d5c6cb1a51ee","Mitja_Sun_Meal3_2.jpg",2,"poultry","potatoes or fries","seeds or other toppings","root vegetables","garlic","sauce","spices","sauce","dairy (cream)","fats or oils",NA,NA,NA,NA,NA,"250g Chicken Breast; 1  Sweet Potato; 150g Brussels Sprouts; 2  Carrot; 1  Garlic cloves; 50g Apricot Chutney; 25g Gochujang; 12.5ml Soy Sauce; 50g Mayonnaise; 1.5 tablespoon oil"," Chicken Breast;  Sweet Potato;  Brussels Sprouts;  Carrot;  Garlic ; Apricot Chutney; Gochujang; .Soy Sauce; Mayonnaise;  oil",93,93,"```json
{
    ""Chicken Breast"": 30,
    ""Sweet Potato"": 20,
    ""Brussels Sprouts"": 10,
    ""Carrot"": 5,
    ""Garlic"": 2,
    ""Apricot Chutney"": 5,
    ""Gochujang"": 5,
    ""Soy Sauce"": 5,
    ""Mayonnaise"": 5,
    ""Oil"": 5
}
```",65,"poultry",30,"potatoes or fries",20,"seeds or other toppings",10,"root vegetables",5,"garlic",2,"sauce",5,"spices",5,"sauce",5,"dairy (cream)",5,"fats or oils",5,NA,NA,NA,NA,NA,NA,NA,NA,NA,NA,"```json
{
    ""Chicken Breast"": 30,
    ""Sweet Potato"": 20,
    ""Brussels Sprouts"": 10,
    ""Carrot"": 5,
    ""Garlic"": 2,
    ""Apricot Chutney"": 5,
    ""Gochujang"": 5,
    ""Soy Sauce"": 5,
    ""Mayonnaise"": 5,
    ""Oil"": 3
}
```",65,"poultry",30,"potatoes or fries",20,"seeds or other toppings",10,"root vegetables",5,"garlic",2,"sauce",5,"spices",5,"sauce",5,"dairy (cream)",5,"fats or oils",3,NA,NA,NA,NA,NA,NA,NA,NA,NA,NA,"```json
{
    ""Chicken Breast"": 30,
    ""Sweet Potato"": 20,
    ""Brussels Sprouts"": 10,
    ""Carrot"": 5,
    ""Garlic"": 2,
    ""Apricot Chutney"": 5,
    ""Gochujang"": 5,
    ""Soy Sauce"": 5,
    ""Mayonnaise"": 5,
    ""Oil"": 3
}
```",65,"poultry",30,"potatoes or fries",20,"seeds or other toppings",10,"root vegetables",5,"garlic",2,"sauce",5,"spices",5,"sauce",5,"dairy (cream)",5,"fats or oils",3,NA,NA,NA,NA,NA,NA,NA,NA,NA,NA,"```json
{
    ""Chicken Breast"": 30,
    ""Sweet Potato"": 20,
    ""Brussels Sprouts"": 10,
    ""Carrot"": 5,
    ""Garlic"": 2,
    ""Apricot Chutney"": 5,
    ""Gochujang"": 5,
    ""Soy Sauce"": 5,
    ""Mayonnaise"": 5,
    ""Oil"": 5
}
```",65,"poultry",30,"potatoes or fries",20,"seeds or other toppings",10,"root vegetables",5,"garlic",2,"sauce",5,"spices",5,"sauce",5,"dairy (cream)",5,"fats or oils",5,NA,NA,NA,NA,NA,NA,NA,NA,NA,NA,"```json
{
    ""Chicken Breast"": 30,
    ""Sweet Potato"": 20,
    ""Brussels Sprouts"": 10,
    ""Carrot"": 5,
    ""Garlic"": 2,
    ""Apricot Chutney"": 5,
    ""Gochujang"": 5,
    ""Soy Sauce"": 5,
    ""Mayonnaise"": 5,
    ""Oil"": 3
}
```",65,"poultry",30,"potatoes or fries",20,"seeds or other toppings",10,"root vegetables",5,"garlic",2,"sauce",5,"spices",5,"sauce",5,"dairy (cream)",5,"fats or oils",3,NA,NA,NA,NA,NA,NA,NA,NA,NA,NA,"```json
{
    ""Chicken Breast"": 30,
    ""Sweet Potato"": 20,
    ""Brussels Sprouts"": 10,
    ""Sauce/Remnants"": 15
}
```",65,"poultry",30,"potatoes or fries",20,"seeds or other toppings",10,"sauce",15,NA,NA,NA,NA,NA,NA,NA,NA,NA,NA,NA,NA,NA,NA,NA,NA,NA,NA,NA,NA,NA,NA,"```json
{
    ""Chicken Breast"": 50,
    ""Sweet Potato"": 30,
    ""Brussels Sprouts"": 20,
    ""Sauce/Remnants"": 10
}
```",65,"poultry",50,"potatoes or fries",30,"seeds or other toppings",20,"sauce",10,NA,NA,NA,NA,NA,NA,NA,NA,NA,NA,NA,NA,NA,NA,NA,NA,NA,NA,NA,NA,NA,NA,"```json
{
    ""Chicken Breast"": 50,
    ""Sweet Potato"": 30,
    ""Brussels Sprouts"": 20,
    ""Sauce/Remnants"": 10
}
```",65,"poultry",50,"potatoes or fries",30,"seeds or other toppings",20,"sauce",10,NA,NA,NA,NA,NA,NA,NA,NA,NA,NA,NA,NA,NA,NA,NA,NA,NA,NA,NA,NA,NA,NA,"```json
{
    ""Chicken Breast"": 50,
    ""Sweet Potato"": 30,
    ""Brussels Sprouts"": 20,
    ""Sauce Remnants"": 10
}
```",65,"poultry",50,"potatoes or fries",30,"seeds or other toppings",20,"sauce",10,NA,NA,NA,NA,NA,NA,NA,NA,NA,NA,NA,NA,NA,NA,NA,NA,NA,NA,NA,NA,NA,NA,"```json
{
    ""Chicken Breast"": 50,
    ""Sweet Potato"": 30,
    ""Brussels Sprouts"": 20,
    ""Sauce Remnants"": 10
}
```",65,"poultry",50,"potatoes or fries",30,"seeds or other toppings",20,"sauce",10,NA,NA,NA,NA,NA,NA,NA,NA,NA,NA,NA,NA,NA,NA,"```json
{
    ""Chicken breast"": 30,
    ""Brussels sprouts"": 10,
    ""Sweet potato"": 15,
    ""Gochujang mayo dip"": 10,
    ""Sauce remnants"": 5
}
```",65,"poultry",30,"seeds or other toppings",10,"potatoes or fries",15,"spices",10,"sauce",5,NA,NA,NA,NA,NA,NA,"```json
{
    ""Chicken breast"": 30,
    ""Brussels sprouts"": 10,
    ""Sweet potato"": 15,
    ""Gochujang mayo dip"": 10,
    ""Sauce remnants"": 5
}
```",65,"poultry",30,"seeds or other toppings",10,"potatoes or fries",15,"spices",10,"sauce",5,NA,NA,NA,NA,NA,NA,"```json
{
    ""Chicken breast"": 30,
    ""Brussels sprouts"": 10,
    ""Sweet potato"": 15,
    ""Gochujang mayo dip"": 10,
    ""Sauce remnants"": 5
}
```",65,"poultry",30,"seeds or other toppings",10,"potatoes or fries",15,"spices",10,"sauce",5,NA,NA,NA,NA,NA,NA,"```json
{
    ""Chicken breast"": 30,
    ""Brussels sprouts"": 10,
    ""Sweet potato"": 15,
    ""Gochujang mayo dip"": 10,
    ""Sauce remnants"": 5
}
```",65,"poultry",30,"seeds or other toppings",10,"potatoes or fries",15,"spices",10,"sauce",5,NA,NA,NA,NA,NA,NA,"```json
{
    ""Chicken breast"": 30,
    ""Brussels sprouts"": 10,
    ""Sweet potato"": 15,
    ""Gochujang mayo dip"": 10,
    ""Sauce remnants"": 5
}
```",65,"poultry",30,"seeds or other toppings",10,"potatoes or fries",15,"spices",10,"sauce",5,NA,NA,NA,NA,NA,NA,92,1,1,90,3,3,90,3,3,92,1,1,90,3,3,75,18,18,110,-17,17,110,-17,17,110,-17,17,110,-17,17,70,23,23,70,23,23,70,23,23,70,23,23,70,23,23,9,0,9,0,9,0,9,0,9,0,4,0,4,0,4,0,4,0,4,0,5,0,5,0,5,0,5,0,5,0
"One-tray chicken breast in apricot marinade
with Brussels sprouts, sweet potato and gochujang mayo dip","Mariam","45585","HähnchenbrustAprikosen",1,"finished","26,3",677,695,18,"One-Tray Hähnchenbrust in Aprikosen-Marinade
mit Rosenkohl, Süßkartoffel und Gochujang-Mayo-Dip","https://www.hellofresh.de/recipes/asiatisches-stir-fry-vom-blech-mit-hahnchenbrust-64e860854e40d5c6cb1a51ee","Mitja_Sun_Meal3_3.jpg",2,"poultry","potatoes or fries","seeds or other toppings","root vegetables","garlic","sauce","spices","sauce","dairy (cream)","fats or oils",NA,NA,NA,NA,NA,"250g Chicken Breast; 1  Sweet Potato; 150g Brussels Sprouts; 2  Carrot; 1  Garlic cloves; 50g Apricot Chutney; 25g Gochujang; 12.5ml Soy Sauce; 50g Mayonnaise; 1.5 tablespoon oil"," Chicken Breast;  Sweet Potato;  Brussels Sprouts;  Carrot;  Garlic ; Apricot Chutney; Gochujang; .Soy Sauce; Mayonnaise;  oil",18,18,"```json
{
  ""Remnants"": 0 grams
}
```",66,NA,0,NA,NA,NA,NA,NA,NA,NA,NA,NA,NA,NA,NA,NA,NA,NA,NA,NA,NA,NA,NA,NA,NA,NA,NA,NA,NA,NA,NA,"```json
{
  ""Remnants"": 0 grams
}
```",66,NA,0,NA,NA,NA,NA,NA,NA,NA,NA,NA,NA,NA,NA,NA,NA,NA,NA,NA,NA,NA,NA,NA,NA,NA,NA,NA,NA,NA,NA,"```json
{
  ""Remnants"": 0 grams
}
```",66,NA,0,NA,NA,NA,NA,NA,NA,NA,NA,NA,NA,NA,NA,NA,NA,NA,NA,NA,NA,NA,NA,NA,NA,NA,NA,NA,NA,NA,NA,"```json
{
  ""Remnants"": 0
}
```",66,NA,0,NA,NA,NA,NA,NA,NA,NA,NA,NA,NA,NA,NA,NA,NA,NA,NA,NA,NA,NA,NA,NA,NA,NA,NA,NA,NA,NA,NA,"```json
{
  ""Remnants"": 0 grams
}
```",66,NA,0,NA,NA,NA,NA,NA,NA,NA,NA,NA,NA,NA,NA,NA,NA,NA,NA,NA,NA,NA,NA,NA,NA,NA,NA,NA,NA,NA,NA,"```json
{
  ""Remnants"": 0 grams
}
```",66,NA,0,NA,NA,NA,NA,NA,NA,NA,NA,NA,NA,NA,NA,NA,NA,NA,NA,NA,NA,NA,NA,NA,NA,NA,NA,NA,NA,NA,NA,"```json
{
  ""Remnants"": 0 grams
}
```",66,NA,0,NA,NA,NA,NA,NA,NA,NA,NA,NA,NA,NA,NA,NA,NA,NA,NA,NA,NA,NA,NA,NA,NA,NA,NA,NA,NA,NA,NA,"```json
{
  ""Remnants"": 0 grams
}
```",66,NA,0,NA,NA,NA,NA,NA,NA,NA,NA,NA,NA,NA,NA,NA,NA,NA,NA,NA,NA,NA,NA,NA,NA,NA,NA,NA,NA,NA,NA,"```json
{
  ""Remnants"": 0 grams
}
```",66,NA,0,NA,NA,NA,NA,NA,NA,NA,NA,NA,NA,NA,NA,NA,NA,NA,NA,NA,NA,NA,NA,NA,NA,NA,NA,NA,NA,NA,NA,"```json
{
  ""Remnants"": 0 grams
}
```",66,NA,0,NA,NA,NA,NA,NA,NA,NA,NA,NA,NA,NA,NA,NA,NA,NA,NA,NA,NA,NA,NA,"```json
{
  ""Remnants"": 0
}
```",66,NA,0,NA,NA,NA,NA,NA,NA,NA,NA,NA,NA,NA,NA,NA,NA,"```json
{
  ""Remnants"": 0
}
```",66,NA,0,NA,NA,NA,NA,NA,NA,NA,NA,NA,NA,NA,NA,NA,NA,"```json
{
  ""Remnants"": 0 grams
}
```",66,NA,0,NA,NA,NA,NA,NA,NA,NA,NA,NA,NA,NA,NA,NA,NA,"```json
{
  ""Remnants"": 0
}
```",66,NA,0,NA,NA,NA,NA,NA,NA,NA,NA,NA,NA,NA,NA,NA,NA,"```json
{
  ""Remnants"": 0 grams
}
```",66,NA,0,NA,NA,NA,NA,NA,NA,NA,NA,NA,NA,NA,NA,NA,NA,0,18,18,0,18,18,0,18,18,0,18,18,0,18,18,0,18,18,0,18,18,0,18,18,0,18,18,0,18,18,0,18,18,0,18,18,0,18,18,0,18,18,0,18,18,0,0,0,0,0,0,0,0,0,0,0,0,0,0,0,0,0,0,0,0,0,0,0,0,0,0,0,0,0,0
"One-tray chicken breast in apricot marinade
with Brussels sprouts, sweet potato and gochujang mayo dip","Mariam","45585","HähnchenbrustAprikosen",2,"50%-30%","26,3",675,814,139,"One-Tray Hähnchenbrust in Aprikosen-Marinade
mit Rosenkohl, Süßkartoffel und Gochujang-Mayo-Dip","https://www.hellofresh.de/recipes/asiatisches-stir-fry-vom-blech-mit-hahnchenbrust-64e860854e40d5c6cb1a51ee","Mariam_Sun_Meal3_1.jpg",2,"poultry","potatoes or fries","seeds or other toppings","root vegetables","garlic","sauce","spices","sauce","dairy (cream)","fats or oils",NA,NA,NA,NA,NA,"250g Chicken Breast; 1  Sweet Potato; 150g Brussels Sprouts; 2  Carrot; 1  Garlic cloves; 50g Apricot Chutney; 25g Gochujang; 12.5ml Soy Sauce; 50g Mayonnaise; 1.5 tablespoon oil"," Chicken Breast;  Sweet Potato;  Brussels Sprouts;  Carrot;  Garlic ; Apricot Chutney; Gochujang; .Soy Sauce; Mayonnaise;  oil",139,139,"```json
{
    ""Chicken Breast"": 40,
    ""Sweet Potato"": 30,
    ""Brussels Sprouts"": 5,
    ""Carrot"": 10,
    ""Garlic"": 2,
    ""Apricot Chutney"": 5,
    ""Gochujang"": 10,
    ""Soy Sauce"": 5,
    ""Mayonnaise"": 15,
    ""Oil"": 5
}
```",28,"poultry",40,"potatoes or fries",30,"seeds or other toppings",5,"root vegetables",10,"garlic",2,"sauce",5,"spices",10,"sauce",5,"dairy (cream)",15,"fats or oils",5,NA,NA,NA,NA,NA,NA,NA,NA,NA,NA,"```json
{
    ""Chicken Breast"": 40,
    ""Sweet Potato"": 30,
    ""Brussels Sprouts"": 5,
    ""Carrot"": 10,
    ""Garlic"": 2,
    ""Apricot Chutney"": 5,
    ""Gochujang"": 5,
    ""Soy Sauce"": 5,
    ""Mayonnaise"": 10,
    ""Oil"": 5
}
```",28,"poultry",40,"potatoes or fries",30,"seeds or other toppings",5,"root vegetables",10,"garlic",2,"sauce",5,"spices",5,"sauce",5,"dairy (cream)",10,"fats or oils",5,NA,NA,NA,NA,NA,NA,NA,NA,NA,NA,"```json
{
    ""Chicken Breast"": 30,
    ""Sweet Potato"": 40,
    ""Brussels Sprouts"": 5,
    ""Carrot"": 10,
    ""Garlic"": 2,
    ""Apricot Chutney"": 5,
    ""Gochujang"": 10,
    ""Soy Sauce"": 5,
    ""Mayonnaise"": 15,
    ""Oil"": 5
}
```",28,"poultry",30,"potatoes or fries",40,"seeds or other toppings",5,"root vegetables",10,"garlic",2,"sauce",5,"spices",10,"sauce",5,"dairy (cream)",15,"fats or oils",5,NA,NA,NA,NA,NA,NA,NA,NA,NA,NA,"```json
{
    ""Chicken Breast"": 40,
    ""Sweet Potato"": 30,
    ""Brussels Sprouts"": 5,
    ""Carrot"": 10,
    ""Garlic"": 2,
    ""Apricot Chutney"": 5,
    ""Gochujang"": 5,
    ""Soy Sauce"": 5,
    ""Mayonnaise"": 10,
    ""Oil"": 3
}
```",28,"poultry",40,"potatoes or fries",30,"seeds or other toppings",5,"root vegetables",10,"garlic",2,"sauce",5,"spices",5,"sauce",5,"dairy (cream)",10,"fats or oils",3,NA,NA,NA,NA,NA,NA,NA,NA,NA,NA,"```json
{
    ""Chicken Breast"": 30,
    ""Sweet Potato"": 40,
    ""Brussels Sprouts"": 5,
    ""Carrot"": 10,
    ""Garlic"": 2,
    ""Apricot Chutney"": 5,
    ""Gochujang"": 10,
    ""Soy Sauce"": 5,
    ""Mayonnaise"": 15,
    ""Oil"": 5
}
```",28,"poultry",30,"potatoes or fries",40,"seeds or other toppings",5,"root vegetables",10,"garlic",2,"sauce",5,"spices",10,"sauce",5,"dairy (cream)",15,"fats or oils",5,NA,NA,NA,NA,NA,NA,NA,NA,NA,NA,"```json
{
    ""Chicken Breast"": 50,
    ""Sweet Potato"": 40,
    ""Brussels Sprouts"": 5,
    ""Carrot"": 20,
    ""Apricot Chutney"": 10,
    ""Gochujang"": 15,
    ""Mayonnaise"": 30,
    ""Remnants"": 0
}
```",28,"poultry",50,"potatoes or fries",40,"seeds or other toppings",5,"root vegetables",20,"sauce",10,"spices",15,"dairy (cream)",30,NA,0,NA,NA,NA,NA,NA,NA,NA,NA,NA,NA,NA,NA,NA,NA,"```json
{
    ""Chicken Breast"": 50,
    ""Sweet Potato"": 40,
    ""Brussels Sprouts"": 5,
    ""Carrot"": 20,
    ""Apricot Chutney"": 5,
    ""Gochujang"": 10,
    ""Mayonnaise"": 20,
    ""Remnants"": 0
}
```",28,"poultry",50,"potatoes or fries",40,"seeds or other toppings",5,"root vegetables",20,"sauce",5,"spices",10,"dairy (cream)",20,NA,0,NA,NA,NA,NA,NA,NA,NA,NA,NA,NA,NA,NA,NA,NA,"```json
{
    ""Chicken Breast"": 50,
    ""Sweet Potato"": 40,
    ""Brussels Sprouts"": 10,
    ""Carrot"": 20,
    ""Apricot Chutney"": 5,
    ""Gochujang"": 10,
    ""Mayonnaise"": 20,
    ""Remnants"": 0
}
```",28,"poultry",50,"potatoes or fries",40,"seeds or other toppings",10,"root vegetables",20,"sauce",5,"spices",10,"dairy (cream)",20,NA,0,NA,NA,NA,NA,NA,NA,NA,NA,NA,NA,NA,NA,NA,NA,"```json
{
    ""Chicken Breast"": 30,
    ""Sweet Potato"": 40,
    ""Brussels Sprouts"": 5,
    ""Carrot"": 10,
    ""Apricot Chutney"": 5,
    ""Gochujang"": 10,
    ""Mayonnaise"": 20,
    ""Remnants"": 0
}
```",28,"poultry",30,"potatoes or fries",40,"seeds or other toppings",5,"root vegetables",10,"sauce",5,"spices",10,"dairy (cream)",20,NA,0,NA,NA,NA,NA,NA,NA,NA,NA,NA,NA,NA,NA,NA,NA,"```json
{
    ""Chicken Breast"": 30,
    ""Sweet Potato"": 40,
    ""Brussels Sprouts"": 5,
    ""Carrot"": 10,
    ""Apricot Chutney"": 5,
    ""Mayonnaise"": 20,
    ""Remnants"": 0
}
```",28,"poultry",30,"potatoes or fries",40,"seeds or other toppings",5,"root vegetables",10,"sauce",5,"dairy (cream)",20,NA,0,NA,NA,NA,NA,NA,NA,NA,NA,"```json
{
    ""Chicken breast"": 30,
    ""Sweet potato"": 40,
    ""Brussels sprouts"": 5,
    ""Gochujang mayo dip"": 15,
    ""Apricot marinade remnants"": 10
}
```",28,"poultry",30,"potatoes or fries",40,"seeds or other toppings",5,"spices",15,"sauce",10,NA,NA,NA,NA,NA,NA,"```json
{
    ""Chicken breast"": 40,
    ""Sweet potato"": 30,
    ""Brussels sprouts"": 5,
    ""Gochujang mayo dip"": 15,
    ""Apricot marinade remnants"": 10
}
```",28,"poultry",40,"potatoes or fries",30,"seeds or other toppings",5,"spices",15,"sauce",10,NA,NA,NA,NA,NA,NA,"```json
{
    ""Chicken breast"": 40,
    ""Sweet potato"": 30,
    ""Brussels sprouts"": 5,
    ""Gochujang mayo dip"": 15,
    ""Apricot marinade remnants"": 10
}
```",28,"poultry",40,"potatoes or fries",30,"seeds or other toppings",5,"spices",15,"sauce",10,NA,NA,NA,NA,NA,NA,"```json
{
    ""Chicken breast"": 40,
    ""Sweet potato"": 30,
    ""Brussels sprouts"": 5,
    ""Gochujang mayo dip"": 15,
    ""Apricot marinade remnants"": 10
}
```",28,"poultry",40,"potatoes or fries",30,"seeds or other toppings",5,"spices",15,"sauce",10,NA,NA,NA,NA,NA,NA,"```json
{
    ""Chicken breast"": 40,
    ""Sweet potato"": 30,
    ""Brussels sprouts"": 5,
    ""Gochujang mayo dip"": 10,
    ""Apricot marinade remnants"": 5
}
```",28,"poultry",40,"potatoes or fries",30,"seeds or other toppings",5,"spices",10,"sauce",5,NA,NA,NA,NA,NA,NA,127,12,12,117,22,22,127,12,12,115,24,24,127,12,12,170,-31,31,150,-11,11,155,-16,16,120,19,19,110,29,29,100,39,39,100,39,39,100,39,39,100,39,39,90,49,49,9,0,9,0,9,0,9,0,9,0,7,0,7,0,7,0,7,0,6,0,5,0,5,0,5,0,5,0,5,0
"One-tray chicken breast in apricot marinade
with Brussels sprouts, sweet potato and gochujang mayo dip","Mariam","45585","HähnchenbrustAprikosen",2,"10%-30%","26,3",675,754,79,"One-Tray Hähnchenbrust in Aprikosen-Marinade
mit Rosenkohl, Süßkartoffel und Gochujang-Mayo-Dip","https://www.hellofresh.de/recipes/asiatisches-stir-fry-vom-blech-mit-hahnchenbrust-64e860854e40d5c6cb1a51ee","Mariam_Sun_Meal3_2.jpg",2,"poultry","potatoes or fries","seeds or other toppings","root vegetables","garlic","sauce","spices","sauce","dairy (cream)","fats or oils",NA,NA,NA,NA,NA,"250g Chicken Breast; 1  Sweet Potato; 150g Brussels Sprouts; 2  Carrot; 1  Garlic cloves; 50g Apricot Chutney; 25g Gochujang; 12.5ml Soy Sauce; 50g Mayonnaise; 1.5 tablespoon oil"," Chicken Breast;  Sweet Potato;  Brussels Sprouts;  Carrot;  Garlic ; Apricot Chutney; Gochujang; .Soy Sauce; Mayonnaise;  oil",79,79,"```json
{
    ""Chicken Breast"": 30,
    ""Sweet Potato"": 20,
    ""Brussels Sprouts"": 5,
    ""Carrot"": 5,
    ""Garlic"": 2,
    ""Apricot Chutney"": 5,
    ""Gochujang"": 5,
    ""Soy Sauce"": 3,
    ""Mayonnaise"": 10,
    ""Oil"": 2
}
```",29,"poultry",30,"potatoes or fries",20,"seeds or other toppings",5,"root vegetables",5,"garlic",2,"sauce",5,"spices",5,"sauce",3,"dairy (cream)",10,"fats or oils",2,NA,NA,NA,NA,NA,NA,NA,NA,NA,NA,"```json
{
    ""Chicken Breast"": 30,
    ""Sweet Potato"": 20,
    ""Brussels Sprouts"": 5,
    ""Carrot"": 5,
    ""Garlic"": 2,
    ""Apricot Chutney"": 5,
    ""Gochujang"": 5,
    ""Soy Sauce"": 3,
    ""Mayonnaise"": 10,
    ""Oil"": 2
}
```",29,"poultry",30,"potatoes or fries",20,"seeds or other toppings",5,"root vegetables",5,"garlic",2,"sauce",5,"spices",5,"sauce",3,"dairy (cream)",10,"fats or oils",2,NA,NA,NA,NA,NA,NA,NA,NA,NA,NA,"```json
{
    ""Chicken Breast"": 30,
    ""Sweet Potato"": 20,
    ""Brussels Sprouts"": 5,
    ""Carrot"": 5,
    ""Garlic"": 2,
    ""Apricot Chutney"": 5,
    ""Gochujang"": 5,
    ""Soy Sauce"": 3,
    ""Mayonnaise"": 10,
    ""Oil"": 2
}
```",29,"poultry",30,"potatoes or fries",20,"seeds or other toppings",5,"root vegetables",5,"garlic",2,"sauce",5,"spices",5,"sauce",3,"dairy (cream)",10,"fats or oils",2,NA,NA,NA,NA,NA,NA,NA,NA,NA,NA,"```json
{
    ""Chicken Breast"": 30,
    ""Sweet Potato"": 20,
    ""Brussels Sprouts"": 5,
    ""Carrot"": 10,
    ""Garlic"": 2,
    ""Apricot Chutney"": 5,
    ""Gochujang"": 5,
    ""Soy Sauce"": 3,
    ""Mayonnaise"": 10,
    ""Oil"": 2
}
```",29,"poultry",30,"potatoes or fries",20,"seeds or other toppings",5,"root vegetables",10,"garlic",2,"sauce",5,"spices",5,"sauce",3,"dairy (cream)",10,"fats or oils",2,NA,NA,NA,NA,NA,NA,NA,NA,NA,NA,"```json
{
    ""Chicken Breast"": 30,
    ""Sweet Potato"": 20,
    ""Brussels Sprouts"": 5,
    ""Carrot"": 5,
    ""Garlic"": 2,
    ""Apricot Chutney"": 5,
    ""Gochujang"": 5,
    ""Soy Sauce"": 3,
    ""Mayonnaise"": 10,
    ""Oil"": 2
}
```",29,"poultry",30,"potatoes or fries",20,"seeds or other toppings",5,"root vegetables",5,"garlic",2,"sauce",5,"spices",5,"sauce",3,"dairy (cream)",10,"fats or oils",2,NA,NA,NA,NA,NA,NA,NA,NA,NA,NA,"```json
{
    ""Chicken Breast"": 30,
    ""Sweet Potato"": 20,
    ""Brussels Sprouts"": 5,
    ""Carrot"": 5,
    ""Apricot Chutney"": 5,
    ""Gochujang"": 5,
    ""Remnants"": 0
}
```",29,"poultry",30,"potatoes or fries",20,"seeds or other toppings",5,"root vegetables",5,"sauce",5,"spices",5,NA,0,NA,NA,NA,NA,NA,NA,NA,NA,NA,NA,NA,NA,NA,NA,NA,NA,"```json
{
    ""Chicken Breast"": 30,
    ""Sweet Potato"": 20,
    ""Brussels Sprouts"": 5,
    ""Carrot"": 5,
    ""Apricot Chutney"": 5,
    ""Gochujang"": 5,
    ""Remnants"": 0
}
```",29,"poultry",30,"potatoes or fries",20,"seeds or other toppings",5,"root vegetables",5,"sauce",5,"spices",5,NA,0,NA,NA,NA,NA,NA,NA,NA,NA,NA,NA,NA,NA,NA,NA,NA,NA,"```json
{
    ""Chicken Breast"": 30,
    ""Sweet Potato"": 20,
    ""Brussels Sprouts"": 5,
    ""Carrot"": 5,
    ""Apricot Chutney"": 5,
    ""Gochujang"": 5,
    ""Mayonnaise"": 10,
    ""Remnants"": 0
}
```",29,"poultry",30,"potatoes or fries",20,"seeds or other toppings",5,"root vegetables",5,"sauce",5,"spices",5,"dairy (cream)",10,NA,0,NA,NA,NA,NA,NA,NA,NA,NA,NA,NA,NA,NA,NA,NA,"```json
{
    ""Chicken Breast"": 30,
    ""Sweet Potato"": 20,
    ""Brussels Sprouts"": 5,
    ""Carrot"": 5,
    ""Apricot Chutney"": 5,
    ""Gochujang"": 5,
    ""Remnants"": 0
}
```",29,"poultry",30,"potatoes or fries",20,"seeds or other toppings",5,"root vegetables",5,"sauce",5,"spices",5,NA,0,NA,NA,NA,NA,NA,NA,NA,NA,NA,NA,NA,NA,NA,NA,NA,NA,"```json
{
    ""Chicken Breast"": 30,
    ""Sweet Potato"": 20,
    ""Brussels Sprouts"": 5,
    ""Carrot"": 5,
    ""Apricot Chutney"": 5,
    ""Gochujang"": 5,
    ""Remnants"": 0
}
```",29,"poultry",30,"potatoes or fries",20,"seeds or other toppings",5,"root vegetables",5,"sauce",5,"spices",5,NA,0,NA,NA,NA,NA,NA,NA,NA,NA,"```json
{
    ""Chicken Breast"": 30,
    ""Brussels Sprouts"": 5,
    ""Sweet Potato"": 15,
    ""Apricot Marinade"": 10,
    ""Gochujang Mayo Dip"": 10
}
```",29,"poultry",30,"seeds or other toppings",5,"potatoes or fries",15,"sauce",10,"spices",10,NA,NA,NA,NA,NA,NA,"```json
{
    ""Chicken breast"": 30,
    ""Brussels sprouts"": 5,
    ""Sweet potato"": 15,
    ""Gochujang mayo dip"": 10,
    ""Apricot marinade remnants"": 5
}
```",29,"poultry",30,"seeds or other toppings",5,"potatoes or fries",15,"spices",10,"sauce",5,NA,NA,NA,NA,NA,NA,"```json
{
    ""Chicken Breast"": 30,
    ""Apricot Marinade"": 5,
    ""Brussels Sprouts"": 5,
    ""Sweet Potato"": 15,
    ""Gochujang Mayo Dip"": 10
}
```",29,"poultry",30,"sauce",5,"seeds or other toppings",5,"potatoes or fries",15,"spices",10,NA,NA,NA,NA,NA,NA,"```json
{
    ""Chicken breast"": 30,
    ""Brussels sprouts"": 5,
    ""Sweet potato"": 15,
    ""Gochujang mayo dip"": 10,
    ""Apricot marinade remnants"": 5
}
```",29,"poultry",30,"seeds or other toppings",5,"potatoes or fries",15,"spices",10,"sauce",5,NA,NA,NA,NA,NA,NA,"```json
{
    ""Chicken Breast"": 30,
    ""Brussels Sprouts"": 5,
    ""Sweet Potato"": 15,
    ""Apricot Marinade"": 10,
    ""Gochujang Mayo Dip"": 10
}
```",29,"poultry",30,"seeds or other toppings",5,"potatoes or fries",15,"sauce",10,"spices",10,NA,NA,NA,NA,NA,NA,87,-8,8,87,-8,8,87,-8,8,92,-13,13,87,-8,8,70,9,9,70,9,9,80,-1,1,70,9,9,70,9,9,70,9,9,65,14,14,65,14,14,65,14,14,70,9,9,9,0,9,0,9,0,9,0,9,0,6,0,6,0,7,0,6,0,6,0,5,0,5,0,5,0,5,0,5,0
"One-tray chicken breast in apricot marinade
with Brussels sprouts, sweet potato and gochujang mayo dip","Mariam","45585","HähnchenbrustAprikosen",2,"finished","26,3",675,681,6,"One-Tray Hähnchenbrust in Aprikosen-Marinade
mit Rosenkohl, Süßkartoffel und Gochujang-Mayo-Dip","https://www.hellofresh.de/recipes/asiatisches-stir-fry-vom-blech-mit-hahnchenbrust-64e860854e40d5c6cb1a51ee","Mariam_Sun_Meal3_3.jpg",2,"poultry","potatoes or fries","seeds or other toppings","root vegetables","garlic","sauce","spices","sauce","dairy (cream)","fats or oils",NA,NA,NA,NA,NA,"250g Chicken Breast; 1  Sweet Potato; 150g Brussels Sprouts; 2  Carrot; 1  Garlic cloves; 50g Apricot Chutney; 25g Gochujang; 12.5ml Soy Sauce; 50g Mayonnaise; 1.5 tablespoon oil"," Chicken Breast;  Sweet Potato;  Brussels Sprouts;  Carrot;  Garlic ; Apricot Chutney; Gochujang; .Soy Sauce; Mayonnaise;  oil",6,6,"```json
{
  ""Remnants"": 0 grams
}
```",30,NA,0,NA,NA,NA,NA,NA,NA,NA,NA,NA,NA,NA,NA,NA,NA,NA,NA,NA,NA,NA,NA,NA,NA,NA,NA,NA,NA,NA,NA,"```json
{
    ""Remnants"": 0
}
```",30,NA,0,NA,NA,NA,NA,NA,NA,NA,NA,NA,NA,NA,NA,NA,NA,NA,NA,NA,NA,NA,NA,NA,NA,NA,NA,NA,NA,NA,NA,"```json
{
    ""Remnants"": 0 grams
}
```",30,NA,0,NA,NA,NA,NA,NA,NA,NA,NA,NA,NA,NA,NA,NA,NA,NA,NA,NA,NA,NA,NA,NA,NA,NA,NA,NA,NA,NA,NA,"```json
{
    ""Remnants"": 0
}
```",30,NA,0,NA,NA,NA,NA,NA,NA,NA,NA,NA,NA,NA,NA,NA,NA,NA,NA,NA,NA,NA,NA,NA,NA,NA,NA,NA,NA,NA,NA,"```json
{
  ""Remnants"": 5
}
```",30,NA,5,NA,NA,NA,NA,NA,NA,NA,NA,NA,NA,NA,NA,NA,NA,NA,NA,NA,NA,NA,NA,NA,NA,NA,NA,NA,NA,NA,NA,"```json
{
  ""Remnants"": 0 grams
}
```",30,NA,0,NA,NA,NA,NA,NA,NA,NA,NA,NA,NA,NA,NA,NA,NA,NA,NA,NA,NA,NA,NA,NA,NA,NA,NA,NA,NA,NA,NA,"```json
{
  ""Remnants"": 0 grams
}
```",30,NA,0,NA,NA,NA,NA,NA,NA,NA,NA,NA,NA,NA,NA,NA,NA,NA,NA,NA,NA,NA,NA,NA,NA,NA,NA,NA,NA,NA,NA,"```json
{
  ""Remnants"": 0 grams
}
```",30,NA,0,NA,NA,NA,NA,NA,NA,NA,NA,NA,NA,NA,NA,NA,NA,NA,NA,NA,NA,NA,NA,NA,NA,NA,NA,NA,NA,NA,NA,"```json
{
  ""Remnants"": 0 grams
}
```",30,NA,0,NA,NA,NA,NA,NA,NA,NA,NA,NA,NA,NA,NA,NA,NA,NA,NA,NA,NA,NA,NA,NA,NA,NA,NA,NA,NA,NA,NA,"```json
{
  ""Remnants"": 0 grams
}
```",30,NA,0,NA,NA,NA,NA,NA,NA,NA,NA,NA,NA,NA,NA,NA,NA,NA,NA,NA,NA,NA,NA,"```json
{
  ""Remnants"": 0
}
```",30,NA,0,NA,NA,NA,NA,NA,NA,NA,NA,NA,NA,NA,NA,NA,NA,"```json
{
  ""Remnants"": 0
}
```",30,NA,0,NA,NA,NA,NA,NA,NA,NA,NA,NA,NA,NA,NA,NA,NA,"```json
{
  ""Remnants"": 0
}
```",30,NA,0,NA,NA,NA,NA,NA,NA,NA,NA,NA,NA,NA,NA,NA,NA,"```json
{
  ""Remnants"": 0
}
```",30,NA,0,NA,NA,NA,NA,NA,NA,NA,NA,NA,NA,NA,NA,NA,NA,"```json
{
  ""Remnants"": 0
}
```",30,NA,0,NA,NA,NA,NA,NA,NA,NA,NA,NA,NA,NA,NA,NA,NA,0,6,6,0,6,6,0,6,6,0,6,6,5,1,1,0,6,6,0,6,6,0,6,6,0,6,6,0,6,6,0,6,6,0,6,6,0,6,6,0,6,6,0,6,6,0,0,0,0,0,0,0,0,0,0,0,0,0,0,0,0,0,0,0,0,0,0,0,0,0,0,0,0,0,0
"Orzo with roasted vegetables and whole wheat garlic bread","Erica","Saturday","OrzoGroente",1,"1","26.7",714,911,197,"Orzo met geroosterde groenten en volkoren knoflookbrood","https://www.hellofresh.nl/recipes/orzo-met-geroosterde-groenten-en-volkoren-knoflookbrood-6669a42fbd13e7439ddc08f0","Erica_OrzoGroente_1_1.jpg",3,"herbs","peppers","zucchini","eggplant","pasta","onion","garlic","tomatoes","cheese","bread(crumbs)","fats or oils","spices","vinaigrette",NA,NA,"15g Basil; 2  Red Pointed Pepper; 2  Zucchini; 1 Eggplant; 115g Orzo; 1  Onion; 3 Garlic cloves; 300g Passata; 75g White Cheese; 1.5  Ciabatta; 6 tablespoon olive oil; 1.5 teaspoon sugar; 1.5 tablespoon balsamico","Basil;  Red Pointed Pepper;  Zucchini; Eggplant;  Orzo;  Onion; Garlic ;  Passata; White Cheese;  Ciabatta;  olive oil;  sugar;  balsamico",197,197,"```json
{
    ""Basil"": 5,
    ""Red Pointed Pepper"": 15,
    ""Zucchini"": 20,
    ""Eggplant"": 20,
    ""Orzo"": 30,
    ""Whole Wheat Garlic Bread"": 15,
    ""Passata"": 25,
    ""White Cheese"": 10
}
```",19,"herbs",5,"peppers",15,"zucchini",20,"eggplant",20,"pasta",30,"bread(crumbs)",15,"tomatoes",25,"cheese",10,NA,NA,NA,NA,NA,NA,NA,NA,NA,NA,NA,NA,NA,NA,"```json
{
    ""Basil"": 5,
    ""Red Pointed Pepper"": 15,
    ""Zucchini"": 20,
    ""Eggplant"": 20,
    ""Orzo"": 30,
    ""Whole Wheat Garlic Bread"": 15,
    ""Passata"": 25,
    ""White Cheese"": 10
}
```",19,"herbs",5,"peppers",15,"zucchini",20,"eggplant",20,"pasta",30,"bread(crumbs)",15,"tomatoes",25,"cheese",10,NA,NA,NA,NA,NA,NA,NA,NA,NA,NA,NA,NA,NA,NA,"```json
{
    ""Basil"": 5,
    ""Red Pointed Pepper"": 15,
    ""Zucchini"": 20,
    ""Eggplant"": 20,
    ""Orzo"": 30,
    ""Whole Wheat Garlic Bread"": 25,
    ""Passata"": 30,
    ""White Cheese"": 10
}
```",19,"herbs",5,"peppers",15,"zucchini",20,"eggplant",20,"pasta",30,"bread(crumbs)",25,"tomatoes",30,"cheese",10,NA,NA,NA,NA,NA,NA,NA,NA,NA,NA,NA,NA,NA,NA,"```json
{
    ""Basil"": 5,
    ""Red Pointed Pepper"": 15,
    ""Zucchini"": 20,
    ""Eggplant"": 20,
    ""Orzo"": 30,
    ""Whole Wheat Garlic Bread"": 15,
    ""Passata"": 25,
    ""White Cheese"": 10
}
```",19,"herbs",5,"peppers",15,"zucchini",20,"eggplant",20,"pasta",30,"bread(crumbs)",15,"tomatoes",25,"cheese",10,NA,NA,NA,NA,NA,NA,NA,NA,NA,NA,NA,NA,NA,NA,"```json
{
    ""Basil"": 5,
    ""Red Pointed Pepper"": 15,
    ""Zucchini"": 20,
    ""Eggplant"": 20,
    ""Orzo"": 30,
    ""Whole Wheat Garlic Bread"": 15,
    ""Passata"": 25,
    ""White Cheese"": 10
}
```",19,"herbs",5,"peppers",15,"zucchini",20,"eggplant",20,"pasta",30,"bread(crumbs)",15,"tomatoes",25,"cheese",10,NA,NA,NA,NA,NA,NA,NA,NA,NA,NA,NA,NA,NA,NA,"```json
{
    ""Basil"": 5,
    ""Red Pointed Pepper"": 20,
    ""Zucchini"": 30,
    ""Eggplant"": 25,
    ""Orzo"": 40,
    ""Passata"": 50,
    ""White Cheese"": 10,
    ""Whole Wheat Bread"": 15
}
```",19,"herbs",5,"peppers",20,"zucchini",30,"eggplant",25,"pasta",40,"tomatoes",50,"cheese",10,"bread(crumbs)",15,NA,NA,NA,NA,NA,NA,NA,NA,NA,NA,NA,NA,NA,NA,"```json
{
    ""Basil"": 5,
    ""Red Pointed Pepper"": 20,
    ""Zucchini"": 30,
    ""Eggplant"": 25,
    ""Orzo"": 40,
    ""Passata"": 50,
    ""White Cheese"": 10,
    ""Whole Wheat Bread"": 15
}
```",19,"herbs",5,"peppers",20,"zucchini",30,"eggplant",25,"pasta",40,"tomatoes",50,"cheese",10,"bread(crumbs)",15,NA,NA,NA,NA,NA,NA,NA,NA,NA,NA,NA,NA,NA,NA,"```json
{
    ""Basil"": 5,
    ""Red Pointed Pepper"": 20,
    ""Zucchini"": 30,
    ""Eggplant"": 25,
    ""Orzo"": 40,
    ""Passata"": 50,
    ""White Cheese"": 10,
    ""Whole Wheat Bread"": 15
}
```",19,"herbs",5,"peppers",20,"zucchini",30,"eggplant",25,"pasta",40,"tomatoes",50,"cheese",10,"bread(crumbs)",15,NA,NA,NA,NA,NA,NA,NA,NA,NA,NA,NA,NA,NA,NA,"```json
{
    ""Basil"": ""5 grams"",
    ""Red Pointed Pepper"": ""15 grams"",
    ""Zucchini"": ""20 grams"",
    ""Eggplant"": ""15 grams"",
    ""Orzo"": ""30 grams"",
    ""Passata"": ""20 grams"",
    ""White Cheese"": ""10 grams"",
    ""Whole Wheat Garlic Bread"": ""20 grams""
}
```",19,"herbs",5,"peppers",15,"zucchini",20,"eggplant",15,"pasta",30,"tomatoes",20,"cheese",10,"bread(crumbs)",20,NA,NA,NA,NA,NA,NA,NA,NA,NA,NA,NA,NA,NA,NA,"```json
{
    ""Basil"": 5,
    ""Red Pointed Pepper"": 15,
    ""Zucchini"": 20,
    ""Eggplant"": 20,
    ""Orzo"": 30,
    ""Passata"": 40,
    ""White Cheese"": 10,
    ""Whole Wheat Bread"": 15
}
```",19,"herbs",5,"peppers",15,"zucchini",20,"eggplant",20,"pasta",30,"tomatoes",40,"cheese",10,"bread(crumbs)",15,NA,NA,NA,NA,NA,NA,"```json
{
    ""Orzo"": 40,
    ""Roasted Vegetables"": 60,
    ""Feta Cheese"": 10,
    ""Tomato Sauce"": 30,
    ""Basil"": 5,
    ""Whole Wheat Garlic Bread"": 20
}
```",19,"pasta",40,"vegetable mix",60,"cheese",10,"tomatoes",30,"herbs",5,"bread(crumbs)",20,NA,NA,NA,NA,"```json
{
    ""orzo"": 40,
    ""roasted vegetables"": 60,
    ""feta cheese"": 10,
    ""basil"": 5,
    ""tomato sauce"": 30,
    ""whole wheat garlic bread"": 20
}
```",19,"pasta",40,"vegetable mix",60,"cheese",10,"herbs",5,"tomatoes",30,"bread(crumbs)",20,NA,NA,NA,NA,"```json
{
    ""orzo"": 40,
    ""roasted vegetables"": 60,
    ""feta cheese"": 10,
    ""basil"": 5,
    ""tomato sauce"": 30,
    ""whole wheat garlic bread"": 20
}
```",19,"pasta",40,"vegetable mix",60,"cheese",10,"herbs",5,"tomatoes",30,"bread(crumbs)",20,NA,NA,NA,NA,"```json
{
    ""Orzo"": 30,
    ""Roasted Vegetables"": 50,
    ""Feta Cheese"": 10,
    ""Tomato Sauce"": 20,
    ""Basil"": 5,
    ""Whole Wheat Garlic Bread"": 20
}
```",19,"pasta",30,"vegetable mix",50,"cheese",10,"tomatoes",20,"herbs",5,"bread(crumbs)",20,NA,NA,NA,NA,"```json
{
    ""orzo"": 30,
    ""roasted vegetables"": 50,
    ""feta cheese"": 10,
    ""basil"": 5,
    ""tomato sauce"": 20,
    ""whole wheat garlic bread"": 20
}
```",19,"pasta",30,"vegetable mix",50,"cheese",10,"herbs",5,"tomatoes",20,"bread(crumbs)",20,NA,NA,NA,NA,140,57,57,140,57,57,155,42,42,140,57,57,140,57,57,195,2,2,195,2,2,195,2,2,135,62,62,155,42,42,165,32,32,165,32,32,165,32,32,135,62,62,135,62,62,8,0,8,0,8,0,8,0,8,0,8,0,8,0,8,0,8,0,8,0,5,1,5,1,5,1,5,1,5,1
"Orzo with roasted vegetables and whole wheat garlic bread","Erica","Saturday","OrzoGroente",2,"1","26.7",732,1118,386,"Orzo met geroosterde groenten en volkoren knoflookbrood","https://www.hellofresh.nl/recipes/orzo-met-geroosterde-groenten-en-volkoren-knoflookbrood-6669a42fbd13e7439ddc08f0","Erica_OrzoGroente_2_1.jpg",3,"herbs","peppers","zucchini","eggplant","pasta","onion","garlic","tomatoes","cheese","bread(crumbs)","fats or oils","spices","vinaigrette",NA,NA,"15g Basil; 2  Red Pointed Pepper; 2  Zucchini; 1 Eggplant; 115g Orzo; 1  Onion; 3 Garlic cloves; 300g Passata; 75g White Cheese; 1.5  Ciabatta; 6 tablespoon olive oil; 1.5 teaspoon sugar; 1.5 tablespoon balsamico","Basil;  Red Pointed Pepper;  Zucchini; Eggplant;  Orzo;  Onion; Garlic ;  Passata; White Cheese;  Ciabatta;  olive oil;  sugar;  balsamico",386,386,"```json
{
    ""Basil"": 5,
    ""Red Pointed Pepper"": 15,
    ""Zucchini"": 20,
    ""Eggplant"": 20,
    ""Orzo"": 30,
    ""White Cheese"": 10,
    ""Passata"": 10
}
```",22,"herbs",5,"peppers",15,"zucchini",20,"eggplant",20,"pasta",30,"cheese",10,"tomatoes",10,NA,NA,NA,NA,NA,NA,NA,NA,NA,NA,NA,NA,NA,NA,NA,NA,"```json
{
    ""Basil"": 5,
    ""Red Pointed Pepper"": 15,
    ""Zucchini"": 20,
    ""Eggplant"": 20,
    ""Orzo"": 30,
    ""White Cheese"": 10,
    ""Passata"": 10,
    ""Remnants"": 0
}
```",22,"herbs",5,"peppers",15,"zucchini",20,"eggplant",20,"pasta",30,"cheese",10,"tomatoes",10,NA,0,NA,NA,NA,NA,NA,NA,NA,NA,NA,NA,NA,NA,NA,NA,"```json
{
    ""Basil"": 5,
    ""Red Pointed Pepper"": 15,
    ""Zucchini"": 20,
    ""Eggplant"": 20,
    ""Orzo"": 30,
    ""White Cheese"": 10,
    ""Passata"": 10
}
```",22,"herbs",5,"peppers",15,"zucchini",20,"eggplant",20,"pasta",30,"cheese",10,"tomatoes",10,NA,NA,NA,NA,NA,NA,NA,NA,NA,NA,NA,NA,NA,NA,NA,NA,"```json
{
    ""Basil"": 5,
    ""Red Pointed Pepper"": 15,
    ""Zucchini"": 20,
    ""Eggplant"": 20,
    ""Orzo"": 30,
    ""White Cheese"": 10,
    ""Passata"": 10,
    ""Remnants"": 0
}
```",22,"herbs",5,"peppers",15,"zucchini",20,"eggplant",20,"pasta",30,"cheese",10,"tomatoes",10,NA,0,NA,NA,NA,NA,NA,NA,NA,NA,NA,NA,NA,NA,NA,NA,"```json
{
    ""Basil"": 5,
    ""Red Pointed Pepper"": 15,
    ""Zucchini"": 20,
    ""Eggplant"": 20,
    ""Orzo"": 30,
    ""White Cheese"": 10,
    ""Passata"": 10
}
```",22,"herbs",5,"peppers",15,"zucchini",20,"eggplant",20,"pasta",30,"cheese",10,"tomatoes",10,NA,NA,NA,NA,NA,NA,NA,NA,NA,NA,NA,NA,NA,NA,NA,NA,"```json
{
    ""Basil"": 5,
    ""Red Pointed Pepper"": 10,
    ""Zucchini"": 15,
    ""Eggplant"": 10,
    ""Orzo"": 20,
    ""White Cheese"": 5,
    ""Passata"": 10
}
```",22,"herbs",5,"peppers",10,"zucchini",15,"eggplant",10,"pasta",20,"cheese",5,"tomatoes",10,NA,NA,NA,NA,NA,NA,NA,NA,NA,NA,NA,NA,NA,NA,NA,NA,"```json
{
    ""Basil"": 5,
    ""Red Pointed Pepper"": 10,
    ""Zucchini"": 15,
    ""Eggplant"": 10,
    ""Orzo"": 20,
    ""White Cheese"": 5,
    ""Passata"": 10,
    ""Remnants"": 0
}
```",22,"herbs",5,"peppers",10,"zucchini",15,"eggplant",10,"pasta",20,"cheese",5,"tomatoes",10,NA,0,NA,NA,NA,NA,NA,NA,NA,NA,NA,NA,NA,NA,NA,NA,"```json
{
    ""Basil"": 5,
    ""Red Pointed Pepper"": 10,
    ""Zucchini"": 15,
    ""Eggplant"": 10,
    ""Orzo"": 20,
    ""White Cheese"": 5,
    ""Passata"": 10
}
```",22,"herbs",5,"peppers",10,"zucchini",15,"eggplant",10,"pasta",20,"cheese",5,"tomatoes",10,NA,NA,NA,NA,NA,NA,NA,NA,NA,NA,NA,NA,NA,NA,NA,NA,"```json
{
    ""Basil"": 5,
    ""Red Pointed Pepper"": 10,
    ""Zucchini"": 15,
    ""Eggplant"": 10,
    ""Orzo"": 20,
    ""White Cheese"": 5,
    ""Passata"": 10,
    ""Remnants"": 0
}
```",22,"herbs",5,"peppers",10,"zucchini",15,"eggplant",10,"pasta",20,"cheese",5,"tomatoes",10,NA,0,NA,NA,NA,NA,NA,NA,NA,NA,NA,NA,NA,NA,NA,NA,"```json
{
    ""Basil"": 5,
    ""Red Pointed Pepper"": 10,
    ""Zucchini"": 15,
    ""Eggplant"": 10,
    ""Orzo"": 20,
    ""White Cheese"": 5,
    ""Passata"": 10
}
```",22,"herbs",5,"peppers",10,"zucchini",15,"eggplant",10,"pasta",20,"cheese",5,"tomatoes",10,NA,NA,NA,NA,NA,NA,NA,NA,"```json
{
    ""orzo"": 40,
    ""zucchini"": 30,
    ""eggplant"": 25,
    ""red bell pepper"": 15,
    ""basil"": 5,
    ""feta cheese"": 10,
    ""tomato sauce remnants"": 5
}
```",22,"pasta",40,"zucchini",30,"eggplant",25,"bell pepper",15,"herbs",5,"cheese",10,"tomatoes",5,NA,NA,"```json
{
    ""orzo"": 40,
    ""zucchini"": 30,
    ""eggplant"": 25,
    ""red bell pepper"": 15,
    ""basil"": 5,
    ""feta cheese"": 10,
    ""tomato sauce remnants"": 5
}
```",22,"pasta",40,"zucchini",30,"eggplant",25,"bell pepper",15,"herbs",5,"cheese",10,"tomatoes",5,NA,NA,"```json
{
    ""Orzo"": 40,
    ""Eggplant"": 30,
    ""Zucchini"": 30,
    ""Red Bell Pepper"": 20,
    ""Basil"": 5,
    ""Feta Cheese"": 10,
    ""Tomato Sauce"": 15
}
```",22,"pasta",40,"eggplant",30,"zucchini",30,"bell pepper",20,"herbs",5,"cheese",10,"tomatoes",15,NA,NA,"```json
{
    ""Orzo"": 40,
    ""Eggplant"": 30,
    ""Zucchini"": 30,
    ""Red Bell Pepper"": 20,
    ""Basil"": 5,
    ""Tomato Sauce"": 15,
    ""Feta Cheese"": 10
}
```",22,"pasta",40,"eggplant",30,"zucchini",30,"bell pepper",20,"herbs",5,"tomatoes",15,"cheese",10,NA,NA,"```json
{
    ""Orzo"": 40,
    ""Eggplant"": 30,
    ""Zucchini"": 30,
    ""Red Bell Pepper"": 20,
    ""Basil"": 5,
    ""Feta Cheese"": 10,
    ""Tomato Sauce"": 15
}
```",22,"pasta",40,"eggplant",30,"zucchini",30,"bell pepper",20,"herbs",5,"cheese",10,"tomatoes",15,NA,NA,110,276,276,110,276,276,110,276,276,110,276,276,110,276,276,75,311,311,75,311,311,75,311,311,75,311,311,75,311,311,130,256,256,130,256,256,150,236,236,150,236,236,150,236,236,7,0,7,0,7,0,7,0,7,0,7,0,7,0,7,0,7,0,7,0,6,1,6,1,6,1,6,1,6,1
"Orzo with roasted vegetables and whole wheat garlic bread","Erica","Saturday","OrzoGroente",1,"2","26.7",714,798,84,"Orzo met geroosterde groenten en volkoren knoflookbrood","https://www.hellofresh.nl/recipes/orzo-met-geroosterde-groenten-en-volkoren-knoflookbrood-6669a42fbd13e7439ddc08f0","Erica_OrzoGroente_1_2.jpg",3,"herbs","peppers","zucchini","eggplant","pasta","onion","garlic","tomatoes","cheese","bread(crumbs)","fats or oils","spices","vinaigrette",NA,NA,"15g Basil; 2  Red Pointed Pepper; 2  Zucchini; 1 Eggplant; 115g Orzo; 1  Onion; 3 Garlic cloves; 300g Passata; 75g White Cheese; 1.5  Ciabatta; 6 tablespoon olive oil; 1.5 teaspoon sugar; 1.5 tablespoon balsamico","Basil;  Red Pointed Pepper;  Zucchini; Eggplant;  Orzo;  Onion; Garlic ;  Passata; White Cheese;  Ciabatta;  olive oil;  sugar;  balsamico",84,84,"```json
{
    ""Basil"": 2,
    ""Red Pointed Pepper"": 5,
    ""Zucchini"": 10,
    ""Eggplant"": 10,
    ""Orzo"": 15,
    ""Onion"": 5,
    ""Passata"": 10,
    ""White Cheese"": 5
}
```",20,"herbs",2,"peppers",5,"zucchini",10,"eggplant",10,"pasta",15,"onion",5,"tomatoes",10,"cheese",5,NA,NA,NA,NA,NA,NA,NA,NA,NA,NA,NA,NA,NA,NA,"```json
{
    ""Basil"": 2,
    ""Red Pointed Pepper"": 5,
    ""Zucchini"": 10,
    ""Eggplant"": 10,
    ""Orzo"": 15,
    ""Onion"": 5,
    ""Passata"": 10,
    ""White Cheese"": 5
}
```",20,"herbs",2,"peppers",5,"zucchini",10,"eggplant",10,"pasta",15,"onion",5,"tomatoes",10,"cheese",5,NA,NA,NA,NA,NA,NA,NA,NA,NA,NA,NA,NA,NA,NA,"```json
{
    ""Basil"": 2,
    ""Red Pointed Pepper"": 5,
    ""Zucchini"": 10,
    ""Eggplant"": 10,
    ""Orzo"": 15,
    ""Onion"": 5,
    ""Passata"": 10,
    ""White Cheese"": 5
}
```",20,"herbs",2,"peppers",5,"zucchini",10,"eggplant",10,"pasta",15,"onion",5,"tomatoes",10,"cheese",5,NA,NA,NA,NA,NA,NA,NA,NA,NA,NA,NA,NA,NA,NA,"```json
{
    ""Basil"": 2,
    ""Red Pointed Pepper"": 5,
    ""Zucchini"": 10,
    ""Eggplant"": 8,
    ""Orzo"": 15,
    ""Onion"": 5,
    ""Passata"": 10,
    ""White Cheese"": 5,
    ""Remnants"": 0
}
```",20,"herbs",2,"peppers",5,"zucchini",10,"eggplant",8,"pasta",15,"onion",5,"tomatoes",10,"cheese",5,NA,0,NA,NA,NA,NA,NA,NA,NA,NA,NA,NA,NA,NA,"```json
{
    ""Basil"": 2,
    ""Red Pointed Pepper"": 5,
    ""Zucchini"": 10,
    ""Eggplant"": 10,
    ""Orzo"": 15,
    ""Onion"": 5,
    ""Passata"": 10,
    ""White Cheese"": 5
}
```",20,"herbs",2,"peppers",5,"zucchini",10,"eggplant",10,"pasta",15,"onion",5,"tomatoes",10,"cheese",5,NA,NA,NA,NA,NA,NA,NA,NA,NA,NA,NA,NA,NA,NA,"```json
{
    ""Basil"": 2 grams,
    ""Red Pointed Pepper"": 5 grams,
    ""Zucchini"": 10 grams,
    ""Eggplant"": 5 grams,
    ""Orzo"": 15 grams,
    ""White Cheese"": 5 grams,
    ""Passata"": 10 grams
}
```",20,"herbs",2,"peppers",5,"zucchini",10,"eggplant",5,"pasta",15,"cheese",5,"tomatoes",10,NA,NA,NA,NA,NA,NA,NA,NA,NA,NA,NA,NA,NA,NA,NA,NA,"```json
{
    ""Basil"": 2,
    ""Red Pointed Pepper"": 5,
    ""Zucchini"": 10,
    ""Eggplant"": 5,
    ""Orzo"": 15,
    ""White Cheese"": 5,
    ""Passata"": 10,
    ""Remnants"": 0
}
```",20,"herbs",2,"peppers",5,"zucchini",10,"eggplant",5,"pasta",15,"cheese",5,"tomatoes",10,NA,0,NA,NA,NA,NA,NA,NA,NA,NA,NA,NA,NA,NA,NA,NA,"```json
{
    ""Basil"": 2,
    ""Red Pointed Pepper"": 5,
    ""Zucchini"": 10,
    ""Eggplant"": 5,
    ""Orzo"": 15,
    ""White Cheese"": 5,
    ""Passata"": 10,
    ""Remnants"": 0
}
```",20,"herbs",2,"peppers",5,"zucchini",10,"eggplant",5,"pasta",15,"cheese",5,"tomatoes",10,NA,0,NA,NA,NA,NA,NA,NA,NA,NA,NA,NA,NA,NA,NA,NA,"```json
{
    ""Basil"": 2,
    ""Red Pointed Pepper"": 5,
    ""Zucchini"": 10,
    ""Eggplant"": 8,
    ""Orzo"": 15,
    ""White Cheese"": 5,
    ""Passata"": 10,
    ""Remnants"": 0
}
```",20,"herbs",2,"peppers",5,"zucchini",10,"eggplant",8,"pasta",15,"cheese",5,"tomatoes",10,NA,0,NA,NA,NA,NA,NA,NA,NA,NA,NA,NA,NA,NA,NA,NA,"```json
{
    ""Basil"": 2,
    ""Red Pointed Pepper"": 5,
    ""Zucchini"": 10,
    ""Eggplant"": 8,
    ""Orzo"": 15,
    ""White Cheese"": 5,
    ""Passata"": 10,
    ""Remnants"": 0
}
```",20,"herbs",2,"peppers",5,"zucchini",10,"eggplant",8,"pasta",15,"cheese",5,"tomatoes",10,NA,0,NA,NA,NA,NA,NA,NA,"```json
{
    ""orzo"": 20,
    ""zucchini"": 15,
    ""red bell pepper"": 10,
    ""eggplant"": 10,
    ""tomato sauce"": 5,
    ""basil"": 2,
    ""goat cheese"": 5
}
```",20,"pasta",20,"zucchini",15,"bell pepper",10,"eggplant",10,"tomatoes",5,"herbs",2,"cheese",5,NA,NA,"```json
{
    ""Orzo"": 20,
    ""Roasted Vegetables"": 30,
    ""Cheese"": 5,
    ""Sauce"": 10,
    ""Remnants"": 0
}
```",20,"pasta",20,"vegetable mix",30,"cheese",5,"sauce",10,NA,0,NA,NA,NA,NA,NA,NA,"```json
{
  ""orzo"": 20,
  ""zucchini"": 15,
  ""red bell pepper"": 10,
  ""eggplant"": 10,
  ""tomato sauce"": 5,
  ""basil"": 2,
  ""feta cheese"": 5
}
```",20,"pasta",20,"zucchini",15,"bell pepper",10,"eggplant",10,"tomatoes",5,"herbs",2,"cheese",5,NA,NA,"```json
{
    ""Orzo"": 20,
    ""Roasted Vegetables"": 30,
    ""Cheese"": 5,
    ""Sauce"": 10,
    ""Remnants"": 0
}
```",20,"pasta",20,"vegetable mix",30,"cheese",5,"sauce",10,NA,0,NA,NA,NA,NA,NA,NA,"```json
{
    ""Orzo"": 20,
    ""Roasted Vegetables"": 30,
    ""Cheese"": 5,
    ""Sauce"": 10,
    ""Remnants"": 0
}
```",20,"pasta",20,"vegetable mix",30,"cheese",5,"sauce",10,NA,0,NA,NA,NA,NA,NA,NA,62,22,22,62,22,22,62,22,22,60,24,24,62,22,22,52,32,32,52,32,32,52,32,32,55,29,29,55,29,29,67,17,17,65,19,19,67,17,17,65,19,19,65,19,19,8,0,8,0,8,0,8,0,8,0,7,0,7,0,7,0,7,0,7,0,6,1,2,2,6,1,2,2,2,2
"Orzo with roasted vegetables and whole wheat garlic bread","Erica","Saturday","OrzoGroente",2,"2","26.7",732,914,182,"Orzo met geroosterde groenten en volkoren knoflookbrood","https://www.hellofresh.nl/recipes/orzo-met-geroosterde-groenten-en-volkoren-knoflookbrood-6669a42fbd13e7439ddc08f0","Erica_OrzoGroente_2_2.jpg",3,"herbs","peppers","zucchini","eggplant","pasta","onion","garlic","tomatoes","cheese","bread(crumbs)","fats or oils","spices","vinaigrette",NA,NA,"15g Basil; 2  Red Pointed Pepper; 2  Zucchini; 1 Eggplant; 115g Orzo; 1  Onion; 3 Garlic cloves; 300g Passata; 75g White Cheese; 1.5  Ciabatta; 6 tablespoon olive oil; 1.5 teaspoon sugar; 1.5 tablespoon balsamico","Basil;  Red Pointed Pepper;  Zucchini; Eggplant;  Orzo;  Onion; Garlic ;  Passata; White Cheese;  Ciabatta;  olive oil;  sugar;  balsamico",182,182,"```json
{
    ""Basil"": 1,
    ""Red Pointed Pepper"": 5,
    ""Zucchini"": 15,
    ""Eggplant"": 10,
    ""Orzo"": 10,
    ""Passata"": 5,
    ""Remnants"": 0
}
```",23,"herbs",1,"peppers",5,"zucchini",15,"eggplant",10,"pasta",10,"tomatoes",5,NA,0,NA,NA,NA,NA,NA,NA,NA,NA,NA,NA,NA,NA,NA,NA,NA,NA,"```json
{
    ""Basil"": 1,
    ""Red Pointed Pepper"": 5,
    ""Zucchini"": 15,
    ""Eggplant"": 10,
    ""Orzo"": 10,
    ""Passata"": 5,
    ""Remnants"": 0
}
```",23,"herbs",1,"peppers",5,"zucchini",15,"eggplant",10,"pasta",10,"tomatoes",5,NA,0,NA,NA,NA,NA,NA,NA,NA,NA,NA,NA,NA,NA,NA,NA,NA,NA,"```json
{
    ""Basil"": 1,
    ""Red Pointed Pepper"": 5,
    ""Zucchini"": 15,
    ""Eggplant"": 10,
    ""Orzo"": 10,
    ""Passata"": 5,
    ""Remnants"": 0
}
```",23,"herbs",1,"peppers",5,"zucchini",15,"eggplant",10,"pasta",10,"tomatoes",5,NA,0,NA,NA,NA,NA,NA,NA,NA,NA,NA,NA,NA,NA,NA,NA,NA,NA,"```json
{
    ""Basil"": 1,
    ""Red Pointed Pepper"": 5,
    ""Zucchini"": 15,
    ""Eggplant"": 10,
    ""Orzo"": 20,
    ""Passata"": 10,
    ""White Cheese"": 5,
    ""Remnants"": 0
}
```",23,"herbs",1,"peppers",5,"zucchini",15,"eggplant",10,"pasta",20,"tomatoes",10,"cheese",5,NA,0,NA,NA,NA,NA,NA,NA,NA,NA,NA,NA,NA,NA,NA,NA,"```json
{
    ""Basil"": 1,
    ""Red Pointed Pepper"": 5,
    ""Zucchini"": 15,
    ""Eggplant"": 10,
    ""Orzo"": 20,
    ""Passata"": 5,
    ""Remnants"": 0
}
```",23,"herbs",1,"peppers",5,"zucchini",15,"eggplant",10,"pasta",20,"tomatoes",5,NA,0,NA,NA,NA,NA,NA,NA,NA,NA,NA,NA,NA,NA,NA,NA,NA,NA,"```json
{
    ""Zucchini"": 20,
    ""Red Pepper"": 10,
    ""Orzo"": 15,
    ""Eggplant"": 10,
    ""Basil"": 5,
    ""Passata Remnants"": 5
}
```",23,"zucchini",20,"peppers",10,"pasta",15,"eggplant",10,"herbs",5,"tomatoes",5,NA,NA,NA,NA,NA,NA,NA,NA,NA,NA,NA,NA,NA,NA,NA,NA,NA,NA,"```json
{
    ""Zucchini"": 20,
    ""Red Pepper"": 10,
    ""Orzo"": 15,
    ""Eggplant"": 10,
    ""Basil"": 5,
    ""Passata Remnants"": 5
}
```",23,"zucchini",20,"peppers",10,"pasta",15,"eggplant",10,"herbs",5,"tomatoes",5,NA,NA,NA,NA,NA,NA,NA,NA,NA,NA,NA,NA,NA,NA,NA,NA,NA,NA,"```json
{
    ""Zucchini"": 20,
    ""Red Pepper"": 10,
    ""Orzo"": 15,
    ""Eggplant"": 10,
    ""Basil"": 5,
    ""Passata Remnants"": 5
}
```",23,"zucchini",20,"peppers",10,"pasta",15,"eggplant",10,"herbs",5,"tomatoes",5,NA,NA,NA,NA,NA,NA,NA,NA,NA,NA,NA,NA,NA,NA,NA,NA,NA,NA,"```json
{
    ""Zucchini"": 20,
    ""Red Pepper"": 10,
    ""Orzo"": 15,
    ""Eggplant"": 10,
    ""Basil"": 5,
    ""Passata Remnants"": 5
}
```",23,"zucchini",20,"peppers",10,"pasta",15,"eggplant",10,"herbs",5,"tomatoes",5,NA,NA,NA,NA,NA,NA,NA,NA,NA,NA,NA,NA,NA,NA,NA,NA,NA,NA,"```json
{
    ""Zucchini"": 20,
    ""Red Pepper"": 10,
    ""Eggplant"": 15,
    ""Orzo"": 15,
    ""Basil"": 5,
    ""Passata Remnants"": 5
}
```",23,"zucchini",20,"peppers",10,"eggplant",15,"pasta",15,"herbs",5,"tomatoes",5,NA,NA,NA,NA,NA,NA,NA,NA,NA,NA,"```json
{
  ""orzo"": 15,
  ""zucchini"": 20,
  ""red bell pepper"": 10,
  ""eggplant"": 15,
  ""tomato sauce remnants"": 5
}
```",23,"pasta",15,"zucchini",20,"bell pepper",10,"eggplant",15,"tomatoes",5,NA,NA,NA,NA,NA,NA,"```json
{
    ""orzo"": 15,
    ""zucchini"": 20,
    ""eggplant"": 15,
    ""red bell pepper"": 10,
    ""tomato sauce remnants"": 5
}
```",23,"pasta",15,"zucchini",20,"eggplant",15,"bell pepper",10,"tomatoes",5,NA,NA,NA,NA,NA,NA,"```json
{
  ""orzo"": 15,
  ""zucchini"": 20,
  ""red bell pepper"": 10,
  ""eggplant"": 15,
  ""tomato sauce remnants"": 5
}
```",23,"pasta",15,"zucchini",20,"bell pepper",10,"eggplant",15,"tomatoes",5,NA,NA,NA,NA,NA,NA,"```json
{
  ""orzo"": 15,
  ""zucchini"": 20,
  ""red bell pepper"": 10,
  ""eggplant"": 15,
  ""tomato sauce remnants"": 5
}
```",23,"pasta",15,"zucchini",20,"bell pepper",10,"eggplant",15,"tomatoes",5,NA,NA,NA,NA,NA,NA,"```json
{
    ""orzo"": 15,
    ""zucchini"": 20,
    ""red bell pepper"": 10,
    ""eggplant"": 15,
    ""tomato sauce remnants"": 5
}
```",23,"pasta",15,"zucchini",20,"bell pepper",10,"eggplant",15,"tomatoes",5,NA,NA,NA,NA,NA,NA,46,136,136,46,136,136,46,136,136,66,116,116,56,126,126,65,117,117,65,117,117,65,117,117,65,117,117,70,112,112,65,117,117,65,117,117,65,117,117,65,117,117,65,117,117,6,0,6,0,6,0,7,0,6,0,6,0,6,0,6,0,6,0,6,0,4,1,4,1,4,1,4,1,4,1
"Orzo with roasted vegetables and whole wheat garlic bread","Erica","Saturday","OrzoGroente",1,"3","26.7",714,716,2,"Orzo met geroosterde groenten en volkoren knoflookbrood","https://www.hellofresh.nl/recipes/orzo-met-geroosterde-groenten-en-volkoren-knoflookbrood-6669a42fbd13e7439ddc08f0","Erica_OrzoGroente_1_3.jpg",3,"herbs","peppers","zucchini","eggplant","pasta","onion","garlic","tomatoes","cheese","bread(crumbs)","fats or oils","spices","vinaigrette",NA,NA,"15g Basil; 2  Red Pointed Pepper; 2  Zucchini; 1 Eggplant; 115g Orzo; 1  Onion; 3 Garlic cloves; 300g Passata; 75g White Cheese; 1.5  Ciabatta; 6 tablespoon olive oil; 1.5 teaspoon sugar; 1.5 tablespoon balsamico","Basil;  Red Pointed Pepper;  Zucchini; Eggplant;  Orzo;  Onion; Garlic ;  Passata; White Cheese;  Ciabatta;  olive oil;  sugar;  balsamico",2,2,"```json
{""Remnants"": 0}
```",21,NA,NA,NA,NA,NA,NA,NA,NA,NA,NA,NA,NA,NA,NA,NA,NA,NA,NA,NA,NA,NA,NA,NA,NA,NA,NA,NA,NA,NA,NA,"```json
{""Remnants"": 0}
```",21,NA,NA,NA,NA,NA,NA,NA,NA,NA,NA,NA,NA,NA,NA,NA,NA,NA,NA,NA,NA,NA,NA,NA,NA,NA,NA,NA,NA,NA,NA,"```json
{
  ""Remnants"": 0 grams
}
```",21,NA,0,NA,NA,NA,NA,NA,NA,NA,NA,NA,NA,NA,NA,NA,NA,NA,NA,NA,NA,NA,NA,NA,NA,NA,NA,NA,NA,NA,NA,"```json
{""Remnants"": 0}
```",21,NA,NA,NA,NA,NA,NA,NA,NA,NA,NA,NA,NA,NA,NA,NA,NA,NA,NA,NA,NA,NA,NA,NA,NA,NA,NA,NA,NA,NA,NA,"```json
{""Remnants"": 0}
```",21,NA,NA,NA,NA,NA,NA,NA,NA,NA,NA,NA,NA,NA,NA,NA,NA,NA,NA,NA,NA,NA,NA,NA,NA,NA,NA,NA,NA,NA,NA,"```json
{
  ""Remnants"": 0 grams
}
```",21,NA,0,NA,NA,NA,NA,NA,NA,NA,NA,NA,NA,NA,NA,NA,NA,NA,NA,NA,NA,NA,NA,NA,NA,NA,NA,NA,NA,NA,NA,"```json
{""Remnants"": 0 grams}
```",21,NA,NA,NA,NA,NA,NA,NA,NA,NA,NA,NA,NA,NA,NA,NA,NA,NA,NA,NA,NA,NA,NA,NA,NA,NA,NA,NA,NA,NA,NA,"```json
{
  ""Remnants"": 0 grams
}
```",21,NA,0,NA,NA,NA,NA,NA,NA,NA,NA,NA,NA,NA,NA,NA,NA,NA,NA,NA,NA,NA,NA,NA,NA,NA,NA,NA,NA,NA,NA,"```json
{
  ""Remnants"": 0 grams
}
```",21,NA,0,NA,NA,NA,NA,NA,NA,NA,NA,NA,NA,NA,NA,NA,NA,NA,NA,NA,NA,NA,NA,NA,NA,NA,NA,NA,NA,NA,NA,"```json
{
  ""Remnants"": 0 grams
}
```",21,NA,0,NA,NA,NA,NA,NA,NA,NA,NA,NA,NA,NA,NA,NA,NA,NA,NA,NA,NA,NA,NA,"```json
{""Remnants"": 0}
```",21,NA,NA,NA,NA,NA,NA,NA,NA,NA,NA,NA,NA,NA,NA,NA,NA,"```json
{""Remnants"": 0 grams}
```",21,NA,NA,NA,NA,NA,NA,NA,NA,NA,NA,NA,NA,NA,NA,NA,NA,"```json
{""Remnants"": 0 grams}
```",21,NA,NA,NA,NA,NA,NA,NA,NA,NA,NA,NA,NA,NA,NA,NA,NA,"```json
{""Remnants"": 0}
```",21,NA,NA,NA,NA,NA,NA,NA,NA,NA,NA,NA,NA,NA,NA,NA,NA,"```json
{""Remnants"": 0}
```",21,NA,NA,NA,NA,NA,NA,NA,NA,NA,NA,NA,NA,NA,NA,NA,NA,0,2,2,0,2,2,0,2,2,0,2,2,0,2,2,0,2,2,0,2,2,0,2,2,0,2,2,0,2,2,0,2,2,0,2,2,0,2,2,0,2,2,0,2,2,0,0,0,0,0,0,0,0,0,0,0,0,0,0,0,0,0,0,0,0,0,0,0,0,0,0,0,0,0,0
"Orzo with roasted vegetables and whole wheat garlic bread","Erica","Saturday","OrzoGroente",2,"3","26.7",732,735,3,"Orzo met geroosterde groenten en volkoren knoflookbrood","https://www.hellofresh.nl/recipes/orzo-met-geroosterde-groenten-en-volkoren-knoflookbrood-6669a42fbd13e7439ddc08f0","Erica_OrzoGroente_2_3.jpg",3,"herbs","peppers","zucchini","eggplant","pasta","onion","garlic","tomatoes","cheese","bread(crumbs)","fats or oils","spices","vinaigrette",NA,NA,"15g Basil; 2  Red Pointed Pepper; 2  Zucchini; 1 Eggplant; 115g Orzo; 1  Onion; 3 Garlic cloves; 300g Passata; 75g White Cheese; 1.5  Ciabatta; 6 tablespoon olive oil; 1.5 teaspoon sugar; 1.5 tablespoon balsamico","Basil;  Red Pointed Pepper;  Zucchini; Eggplant;  Orzo;  Onion; Garlic ;  Passata; White Cheese;  Ciabatta;  olive oil;  sugar;  balsamico",3,3,"```json
{""Remnants"": 0 grams}
```",24,NA,NA,NA,NA,NA,NA,NA,NA,NA,NA,NA,NA,NA,NA,NA,NA,NA,NA,NA,NA,NA,NA,NA,NA,NA,NA,NA,NA,NA,NA,"```json
{
  ""Remnants"": 0 grams
}
```",24,NA,0,NA,NA,NA,NA,NA,NA,NA,NA,NA,NA,NA,NA,NA,NA,NA,NA,NA,NA,NA,NA,NA,NA,NA,NA,NA,NA,NA,NA,"```json
{
  ""Remnants"": 0 grams
}
```",24,NA,0,NA,NA,NA,NA,NA,NA,NA,NA,NA,NA,NA,NA,NA,NA,NA,NA,NA,NA,NA,NA,NA,NA,NA,NA,NA,NA,NA,NA,"```json
{
  ""Remnants"": 0 grams
}
```",24,NA,0,NA,NA,NA,NA,NA,NA,NA,NA,NA,NA,NA,NA,NA,NA,NA,NA,NA,NA,NA,NA,NA,NA,NA,NA,NA,NA,NA,NA,"```json
{
  ""Remnants"": 0 grams
}
```",24,NA,0,NA,NA,NA,NA,NA,NA,NA,NA,NA,NA,NA,NA,NA,NA,NA,NA,NA,NA,NA,NA,NA,NA,NA,NA,NA,NA,NA,NA,"```json
{""Remnants"": 0 grams}
```",24,NA,NA,NA,NA,NA,NA,NA,NA,NA,NA,NA,NA,NA,NA,NA,NA,NA,NA,NA,NA,NA,NA,NA,NA,NA,NA,NA,NA,NA,NA,"```json
{""Remnants"": 0 grams}
```",24,NA,NA,NA,NA,NA,NA,NA,NA,NA,NA,NA,NA,NA,NA,NA,NA,NA,NA,NA,NA,NA,NA,NA,NA,NA,NA,NA,NA,NA,NA,"```json
{""Remnants"": 0 grams}
```",24,NA,NA,NA,NA,NA,NA,NA,NA,NA,NA,NA,NA,NA,NA,NA,NA,NA,NA,NA,NA,NA,NA,NA,NA,NA,NA,NA,NA,NA,NA,"```json
{""Remnants"": 0 grams}
```",24,NA,NA,NA,NA,NA,NA,NA,NA,NA,NA,NA,NA,NA,NA,NA,NA,NA,NA,NA,NA,NA,NA,NA,NA,NA,NA,NA,NA,NA,NA,"```json
{""Remnants"": 0 grams}
```",24,NA,NA,NA,NA,NA,NA,NA,NA,NA,NA,NA,NA,NA,NA,NA,NA,NA,NA,NA,NA,NA,NA,"```json
{""Remnants"": 0 grams}
```",24,NA,NA,NA,NA,NA,NA,NA,NA,NA,NA,NA,NA,NA,NA,NA,NA,"```json
{""Remnants"": 0 grams}
```",24,NA,NA,NA,NA,NA,NA,NA,NA,NA,NA,NA,NA,NA,NA,NA,NA,"```json
{""Remnants"": 0 grams}
```",24,NA,NA,NA,NA,NA,NA,NA,NA,NA,NA,NA,NA,NA,NA,NA,NA,"```json
{""Remnants"": 0}
```",24,NA,NA,NA,NA,NA,NA,NA,NA,NA,NA,NA,NA,NA,NA,NA,NA,"```json
{""Remnants"": 0 grams}
```",24,NA,NA,NA,NA,NA,NA,NA,NA,NA,NA,NA,NA,NA,NA,NA,NA,0,3,3,0,3,3,0,3,3,0,3,3,0,3,3,0,3,3,0,3,3,0,3,3,0,3,3,0,3,3,0,3,3,0,3,3,0,3,3,0,3,3,0,3,3,0,0,0,0,0,0,0,0,0,0,0,0,0,0,0,0,0,0,0,0,0,0,0,0,0,0,0,0,0,0
"Potato stir-fry with fried egg and mushrooms","Erica","Monday","Aardappelroerbak",1,"1","22.5",507,723,216,"Aardappelroerbak met spiegelei en champignons","https://www.hellofresh.nl/recipes/aardappelroerbak-met-spiegelei-en-kaas-658d7dd0f9d1ffb514ddb85b","Erica_Aardappelroerbak_1_1.jpg",3,"potatoes or fries","legumes","garlic","onion","mushrooms","cheese","eggs","herbs","root vegetables","fats or oils",NA,NA,NA,NA,NA,"600g Potatoes; 100g Green Beans; 1.5  Garlic cloves; 1.5  Onion; 250g Mushrooms; 150g Gouda Cheese; 3 Egg; 7.5g Parsley; 2 Carrot; 3.75 tablespoon butter"," Potatoes;  Green Beans;  Garlic ;  Onion;  Mushrooms;  Gouda Cheese; Egg;  Parsley; Carrot;   butter",216,216,"```json
{
    ""Potatoes"": 50,
    ""Green Beans"": 20,
    ""Garlic"": 5,
    ""Onion"": 30,
    ""Mushrooms"": 30,
    ""Gouda Cheese"": 10,
    ""Egg"": 50,
    ""Parsley"": 5,
    ""Carrot"": 40,
    ""Butter"": 5
}
```",1,"potatoes or fries",50,"legumes",20,"garlic",5,"onion",30,"mushrooms",30,"cheese",10,"eggs",50,"herbs",5,"root vegetables",40,"fats or oils",5,NA,NA,NA,NA,NA,NA,NA,NA,NA,NA,"```json
{
    ""Potatoes"": 50,
    ""Green Beans"": 20,
    ""Garlic"": 5,
    ""Onion"": 30,
    ""Mushrooms"": 30,
    ""Gouda Cheese"": 10,
    ""Egg"": 50,
    ""Parsley"": 5,
    ""Carrot"": 40,
    ""Butter"": 5
}
```",1,"potatoes or fries",50,"legumes",20,"garlic",5,"onion",30,"mushrooms",30,"cheese",10,"eggs",50,"herbs",5,"root vegetables",40,"fats or oils",5,NA,NA,NA,NA,NA,NA,NA,NA,NA,NA,"```json
{
    ""Potatoes"": 50,
    ""Green Beans"": 20,
    ""Garlic"": 5,
    ""Onion"": 30,
    ""Mushrooms"": 30,
    ""Gouda Cheese"": 10,
    ""Egg"": 50,
    ""Parsley"": 5,
    ""Carrot"": 40,
    ""Butter"": 5
}
```",1,"potatoes or fries",50,"legumes",20,"garlic",5,"onion",30,"mushrooms",30,"cheese",10,"eggs",50,"herbs",5,"root vegetables",40,"fats or oils",5,NA,NA,NA,NA,NA,NA,NA,NA,NA,NA,"```json
{
    ""Potatoes"": 50,
    ""Green Beans"": 20,
    ""Garlic"": 5,
    ""Onion"": 30,
    ""Mushrooms"": 30,
    ""Gouda Cheese"": 10,
    ""Egg"": 50,
    ""Parsley"": 5,
    ""Carrot"": 40,
    ""Butter"": 5
}
```",1,"potatoes or fries",50,"legumes",20,"garlic",5,"onion",30,"mushrooms",30,"cheese",10,"eggs",50,"herbs",5,"root vegetables",40,"fats or oils",5,NA,NA,NA,NA,NA,NA,NA,NA,NA,NA,"```json
{
    ""Potatoes"": 50,
    ""Green Beans"": 20,
    ""Garlic"": 5,
    ""Onion"": 30,
    ""Mushrooms"": 30,
    ""Gouda Cheese"": 10,
    ""Egg"": 50,
    ""Parsley"": 5,
    ""Carrot"": 40,
    ""Butter"": 5
}
```",1,"potatoes or fries",50,"legumes",20,"garlic",5,"onion",30,"mushrooms",30,"cheese",10,"eggs",50,"herbs",5,"root vegetables",40,"fats or oils",5,NA,NA,NA,NA,NA,NA,NA,NA,NA,NA,"```json
{
    ""Potatoes"": 150,
    ""Green Beans"": 20,
    ""Garlic"": 5,
    ""Onion"": 30,
    ""Mushrooms"": 50,
    ""Gouda Cheese"": 20,
    ""Egg"": 50,
    ""Parsley"": 5,
    ""Carrot"": 50,
    ""Butter"": 10
}
```",1,"potatoes or fries",150,"legumes",20,"garlic",5,"onion",30,"mushrooms",50,"cheese",20,"eggs",50,"herbs",5,"root vegetables",50,"fats or oils",10,NA,NA,NA,NA,NA,NA,NA,NA,NA,NA,"```json
{
    ""Potatoes"": 150,
    ""Green Beans"": 20,
    ""Garlic"": 5,
    ""Onion"": 30,
    ""Mushrooms"": 60,
    ""Gouda Cheese"": 20,
    ""Egg"": 50,
    ""Parsley"": 5,
    ""Carrot"": 40,
    ""Butter"": 10
}
```",1,"potatoes or fries",150,"legumes",20,"garlic",5,"onion",30,"mushrooms",60,"cheese",20,"eggs",50,"herbs",5,"root vegetables",40,"fats or oils",10,NA,NA,NA,NA,NA,NA,NA,NA,NA,NA,"```json
{
    ""Potatoes"": 150,
    ""Green Beans"": 20,
    ""Garlic"": 5,
    ""Onion"": 30,
    ""Mushrooms"": 50,
    ""Gouda Cheese"": 20,
    ""Egg"": 50,
    ""Parsley"": 5,
    ""Carrot"": 40,
    ""Butter"": 10
}
```",1,"potatoes or fries",150,"legumes",20,"garlic",5,"onion",30,"mushrooms",50,"cheese",20,"eggs",50,"herbs",5,"root vegetables",40,"fats or oils",10,NA,NA,NA,NA,NA,NA,NA,NA,NA,NA,"```json
{
    ""Potatoes"": 150,
    ""Green Beans"": 20,
    ""Garlic"": 5,
    ""Onion"": 30,
    ""Mushrooms"": 50,
    ""Gouda Cheese"": 20,
    ""Egg"": 50,
    ""Parsley"": 5,
    ""Carrot"": 40,
    ""Butter"": 10
}
```",1,"potatoes or fries",150,"legumes",20,"garlic",5,"onion",30,"mushrooms",50,"cheese",20,"eggs",50,"herbs",5,"root vegetables",40,"fats or oils",10,NA,NA,NA,NA,NA,NA,NA,NA,NA,NA,"```json
{
    ""Potatoes"": 150,
    ""Green Beans"": 20,
    ""Garlic"": 5,
    ""Onion"": 30,
    ""Mushrooms"": 50,
    ""Gouda Cheese"": 20,
    ""Egg"": 50,
    ""Parsley"": 5,
    ""Carrot"": 50,
    ""Butter"": 10
}
```",1,"potatoes or fries",150,"legumes",20,"garlic",5,"onion",30,"mushrooms",50,"cheese",20,"eggs",50,"herbs",5,"root vegetables",50,"fats or oils",10,NA,NA,"```json
{
    ""Potatoes"": 80,
    ""Carrots"": 50,
    ""Mushrooms"": 40,
    ""Onions"": 30,
    ""Fried Egg"": 50,
    ""Parsley"": 5
}
```",1,"potatoes or fries",80,"root vegetables",50,"mushrooms",40,"onion",30,"eggs",50,"herbs",5,NA,NA,NA,NA,"```json
{
    ""Potatoes"": 80,
    ""Carrots"": 50,
    ""Mushrooms"": 40,
    ""Onions"": 30,
    ""Fried Egg"": 60,
    ""Parsley"": 5
}
```",1,"potatoes or fries",80,"root vegetables",50,"mushrooms",40,"onion",30,"eggs",60,"herbs",5,NA,NA,NA,NA,"```json
{
    ""Potatoes"": 80,
    ""Carrots"": 50,
    ""Mushrooms"": 40,
    ""Onions"": 30,
    ""Fried Egg"": 60,
    ""Parsley"": 5
}
```",1,"potatoes or fries",80,"root vegetables",50,"mushrooms",40,"onion",30,"eggs",60,"herbs",5,NA,NA,NA,NA,"```json
{
    ""Potatoes"": 80,
    ""Carrots"": 50,
    ""Mushrooms"": 40,
    ""Onions"": 30,
    ""Fried Egg"": 60,
    ""Parsley"": 5
}
```",1,"potatoes or fries",80,"root vegetables",50,"mushrooms",40,"onion",30,"eggs",60,"herbs",5,NA,NA,NA,NA,"```json
{
    ""Potatoes"": 100,
    ""Carrots"": 50,
    ""Mushrooms"": 40,
    ""Onions"": 30,
    ""Fried Egg"": 60,
    ""Parsley"": 5
}
```",1,"potatoes or fries",100,"root vegetables",50,"mushrooms",40,"onion",30,"eggs",60,"herbs",5,NA,NA,NA,NA,245,-29,29,245,-29,29,245,-29,29,245,-29,29,245,-29,29,390,-174,174,390,-174,174,380,-164,164,380,-164,164,390,-174,174,255,-39,39,265,-49,49,265,-49,49,265,-49,49,285,-69,69,10,0,10,0,10,0,10,0,10,0,10,0,10,0,10,0,10,0,10,0,6,0,6,0,6,0,6,0,6,0
"Potato stir-fry with fried egg and mushrooms","Erica","Monday","Aardappelroerbak",2,"1","22.5",511,684,173,"Aardappelroerbak met spiegelei en champignons","https://www.hellofresh.nl/recipes/aardappelroerbak-met-spiegelei-en-kaas-658d7dd0f9d1ffb514ddb85b","Erica_Aardappelroerbak_2_1.jpg",3,"potatoes or fries","legumes","garlic","onion","mushrooms","cheese","eggs","herbs","root vegetables","fats or oils",NA,NA,NA,NA,NA,"600g Potatoes; 100g Green Beans; 1.5  Garlic cloves; 1.5  Onion; 250g Mushrooms; 150g Gouda Cheese; 3 Egg; 7.5g Parsley; 2 Carrot; 3.75 tablespoon butter"," Potatoes;  Green Beans;  Garlic ;  Onion;  Mushrooms;  Gouda Cheese; Egg;  Parsley; Carrot;   butter",173,173,"```json
{
    ""Potatoes"": 40,
    ""Green Beans"": 10,
    ""Garlic"": 5,
    ""Onion"": 15,
    ""Mushrooms"": 10,
    ""Gouda Cheese"": 0,
    ""Egg"": 0,
    ""Parsley"": 2,
    ""Carrot"": 20,
    ""Butter"": 0
}
```",4,"potatoes or fries",40,"legumes",10,"garlic",5,"onion",15,"mushrooms",10,"cheese",0,"eggs",0,"herbs",2,"root vegetables",20,"fats or oils",0,NA,NA,NA,NA,NA,NA,NA,NA,NA,NA,"```json
{
    ""Potatoes"": 40,
    ""Green Beans"": 10,
    ""Garlic"": 5,
    ""Onion"": 15,
    ""Mushrooms"": 10,
    ""Gouda Cheese"": 0,
    ""Egg"": 0,
    ""Parsley"": 2,
    ""Carrot"": 20,
    ""Butter"": 0
}
```",4,"potatoes or fries",40,"legumes",10,"garlic",5,"onion",15,"mushrooms",10,"cheese",0,"eggs",0,"herbs",2,"root vegetables",20,"fats or oils",0,NA,NA,NA,NA,NA,NA,NA,NA,NA,NA,"```json
{
    ""Potatoes"": 40,
    ""Green Beans"": 15,
    ""Garlic"": 5,
    ""Onion"": 10,
    ""Mushrooms"": 10,
    ""Gouda Cheese"": 0,
    ""Egg"": 0,
    ""Parsley"": 2,
    ""Carrot"": 20,
    ""Butter"": 0
}
```",4,"potatoes or fries",40,"legumes",15,"garlic",5,"onion",10,"mushrooms",10,"cheese",0,"eggs",0,"herbs",2,"root vegetables",20,"fats or oils",0,NA,NA,NA,NA,NA,NA,NA,NA,NA,NA,"```json
{
    ""Potatoes"": 40,
    ""Green Beans"": 10,
    ""Garlic"": 5,
    ""Onion"": 15,
    ""Mushrooms"": 10,
    ""Gouda Cheese"": 0,
    ""Egg"": 0,
    ""Parsley"": 2,
    ""Carrot"": 20,
    ""Butter"": 0
}
```",4,"potatoes or fries",40,"legumes",10,"garlic",5,"onion",15,"mushrooms",10,"cheese",0,"eggs",0,"herbs",2,"root vegetables",20,"fats or oils",0,NA,NA,NA,NA,NA,NA,NA,NA,NA,NA,"```json
{
    ""Potatoes"": 40,
    ""Green Beans"": 10,
    ""Garlic"": 5,
    ""Onion"": 15,
    ""Mushrooms"": 10,
    ""Gouda Cheese"": 0,
    ""Egg"": 0,
    ""Parsley"": 2,
    ""Carrot"": 20,
    ""Butter"": 0
}
```",4,"potatoes or fries",40,"legumes",10,"garlic",5,"onion",15,"mushrooms",10,"cheese",0,"eggs",0,"herbs",2,"root vegetables",20,"fats or oils",0,NA,NA,NA,NA,NA,NA,NA,NA,NA,NA,"```json
{
    ""Potatoes"": 50,
    ""Green Beans"": 20,
    ""Carrots"": 30,
    ""Onion"": 15,
    ""Parsley"": 5,
    ""Remnants"": 0
}
```",4,"potatoes or fries",50,"legumes",20,"root vegetables",30,"onion",15,"herbs",5,NA,0,NA,NA,NA,NA,NA,NA,NA,NA,NA,NA,NA,NA,NA,NA,NA,NA,NA,NA,"```json
{
    ""Potatoes"": 50,
    ""Green Beans"": 10,
    ""Carrots"": 20,
    ""Onion"": 15,
    ""Parsley"": 5,
    ""Remnants"": 0
}
```",4,"potatoes or fries",50,"legumes",10,"root vegetables",20,"onion",15,"herbs",5,NA,0,NA,NA,NA,NA,NA,NA,NA,NA,NA,NA,NA,NA,NA,NA,NA,NA,NA,NA,"```json
{
    ""Potatoes"": 50,
    ""Green Beans"": 20,
    ""Carrots"": 30,
    ""Onion"": 15,
    ""Parsley"": 5,
    ""Remnants"": 0
}
```",4,"potatoes or fries",50,"legumes",20,"root vegetables",30,"onion",15,"herbs",5,NA,0,NA,NA,NA,NA,NA,NA,NA,NA,NA,NA,NA,NA,NA,NA,NA,NA,NA,NA,"```json
{
    ""Potatoes"": 50,
    ""Green Beans"": 20,
    ""Carrots"": 30,
    ""Onion"": 15,
    ""Parsley"": 5,
    ""Remnants"": 0
}
```",4,"potatoes or fries",50,"legumes",20,"root vegetables",30,"onion",15,"herbs",5,NA,0,NA,NA,NA,NA,NA,NA,NA,NA,NA,NA,NA,NA,NA,NA,NA,NA,NA,NA,"```json
{
  ""Potatoes"": 50,
  ""Green Beans"": 10,
  ""Carrots"": 20,
  ""Onion"": 15,
  ""Parsley"": 5,
  ""Remnants"": 0
}
```",4,"potatoes or fries",50,"legumes",10,"root vegetables",20,"onion",15,"herbs",5,NA,0,NA,NA,NA,NA,NA,NA,NA,NA,NA,NA,"```json
{
  ""potatoes"": 50,
  ""carrots"": 30,
  ""green beans"": 20,
  ""onions"": 15,
  ""mushrooms"": 10,
  ""parsley"": 5,
  ""remnants"": 5
}
```",4,"potatoes or fries",50,"root vegetables",30,"legumes",20,"onion",15,"mushrooms",10,"herbs",5,NA,5,NA,NA,"```json
{
    ""Potatoes"": 50,
    ""Carrots"": 30,
    ""Green Beans"": 20,
    ""Onions"": 15,
    ""Parsley"": 5,
    ""Remnants"": 0
}
```",4,"potatoes or fries",50,"root vegetables",30,"legumes",20,"onion",15,"herbs",5,NA,0,NA,NA,NA,NA,"```json
{
  ""potatoes"": 50,
  ""carrots"": 30,
  ""green beans"": 20,
  ""onions"": 15,
  ""parsley"": 5,
  ""remnants"": 0
}
```",4,"potatoes or fries",50,"root vegetables",30,"legumes",20,"onion",15,"herbs",5,NA,0,NA,NA,NA,NA,"```json
{
    ""Potatoes"": 50,
    ""Carrots"": 30,
    ""Green Beans"": 20,
    ""Mushrooms"": 15,
    ""Onions"": 10,
    ""Parsley"": 5
}
```",4,"potatoes or fries",50,"root vegetables",30,"legumes",20,"mushrooms",15,"onion",10,"herbs",5,NA,NA,NA,NA,"```json
{
  ""Potatoes"": 50,
  ""Carrots"": 30,
  ""Green Beans"": 20,
  ""Mushrooms"": 20,
  ""Onions"": 15,
  ""Parsley"": 5,
  ""Remnants"": 0
}
```",4,"potatoes or fries",50,"root vegetables",30,"legumes",20,"mushrooms",20,"onion",15,"herbs",5,NA,0,NA,NA,102,71,71,102,71,71,102,71,71,102,71,71,102,71,71,120,53,53,100,73,73,120,53,53,120,53,53,100,73,73,135,38,38,120,53,53,120,53,53,130,43,43,140,33,33,10,0,10,0,10,0,10,0,10,0,5,0,5,0,5,0,5,0,5,0,6,0,5,0,5,0,6,0,6,0
"Potato stir-fry with fried egg and mushrooms","Erica","Monday","Aardappelroerbak",3,"1","22.5",506,794,288,"Aardappelroerbak met spiegelei en champignons","https://www.hellofresh.nl/recipes/aardappelroerbak-met-spiegelei-en-kaas-658d7dd0f9d1ffb514ddb85b","Erica_Aardappelroerbak_3_1.jpg",3,"potatoes or fries","legumes","garlic","onion","mushrooms","cheese","eggs","herbs","root vegetables","fats or oils",NA,NA,NA,NA,NA,"600g Potatoes; 100g Green Beans; 1.5  Garlic cloves; 1.5  Onion; 250g Mushrooms; 150g Gouda Cheese; 3 Egg; 7.5g Parsley; 2 Carrot; 3.75 tablespoon butter"," Potatoes;  Green Beans;  Garlic ;  Onion;  Mushrooms;  Gouda Cheese; Egg;  Parsley; Carrot;   butter",288,288,"```json
{
    ""Potatoes"": 80,
    ""Green Beans"": 10,
    ""Garlic"": 5,
    ""Onion"": 30,
    ""Mushrooms"": 20,
    ""Gouda Cheese"": 10,
    ""Egg"": 0,
    ""Parsley"": 0,
    ""Carrot"": 20,
    ""Butter"": 5
}
```",7,"potatoes or fries",80,"legumes",10,"garlic",5,"onion",30,"mushrooms",20,"cheese",10,"eggs",0,"herbs",0,"root vegetables",20,"fats or oils",5,NA,NA,NA,NA,NA,NA,NA,NA,NA,NA,"```json
{
    ""Potatoes"": 80,
    ""Green Beans"": 10,
    ""Garlic"": 5,
    ""Onion"": 30,
    ""Mushrooms"": 20,
    ""Gouda Cheese"": 10,
    ""Egg"": 0,
    ""Parsley"": 0,
    ""Carrot"": 20,
    ""Butter"": 5
}
```",7,"potatoes or fries",80,"legumes",10,"garlic",5,"onion",30,"mushrooms",20,"cheese",10,"eggs",0,"herbs",0,"root vegetables",20,"fats or oils",5,NA,NA,NA,NA,NA,NA,NA,NA,NA,NA,"```json
{
    ""Potatoes"": 80,
    ""Green Beans"": 10,
    ""Garlic"": 5,
    ""Onion"": 30,
    ""Mushrooms"": 20,
    ""Gouda Cheese"": 10,
    ""Egg"": 0,
    ""Parsley"": 0,
    ""Carrot"": 20,
    ""Butter"": 5
}
```",7,"potatoes or fries",80,"legumes",10,"garlic",5,"onion",30,"mushrooms",20,"cheese",10,"eggs",0,"herbs",0,"root vegetables",20,"fats or oils",5,NA,NA,NA,NA,NA,NA,NA,NA,NA,NA,"```json
{
    ""Potatoes"": 80,
    ""Green Beans"": 10,
    ""Garlic"": 5,
    ""Onion"": 30,
    ""Mushrooms"": 20,
    ""Gouda Cheese"": 10,
    ""Egg"": 0,
    ""Parsley"": 0,
    ""Carrot"": 20,
    ""Butter"": 5
}
```",7,"potatoes or fries",80,"legumes",10,"garlic",5,"onion",30,"mushrooms",20,"cheese",10,"eggs",0,"herbs",0,"root vegetables",20,"fats or oils",5,NA,NA,NA,NA,NA,NA,NA,NA,NA,NA,"```json
{
    ""Potatoes"": 80,
    ""Green Beans"": 10,
    ""Garlic"": 5,
    ""Onion"": 30,
    ""Mushrooms"": 20,
    ""Gouda Cheese"": 10,
    ""Egg"": 0,
    ""Parsley"": 0,
    ""Carrot"": 20,
    ""Butter"": 5
}
```",7,"potatoes or fries",80,"legumes",10,"garlic",5,"onion",30,"mushrooms",20,"cheese",10,"eggs",0,"herbs",0,"root vegetables",20,"fats or oils",5,NA,NA,NA,NA,NA,NA,NA,NA,NA,NA,"```json
{
    ""Potatoes"": 150,
    ""Green Beans"": 20,
    ""Onion"": 50,
    ""Mushrooms"": 60,
    ""Carrot"": 40,
    ""Gouda Cheese"": 10,
    ""Remnants"": 0
}
```",7,"potatoes or fries",150,"legumes",20,"onion",50,"mushrooms",60,"root vegetables",40,"cheese",10,NA,0,NA,NA,NA,NA,NA,NA,NA,NA,NA,NA,NA,NA,NA,NA,NA,NA,"```json
{
    ""Potatoes"": 150,
    ""Green Beans"": 20,
    ""Onion"": 50,
    ""Mushrooms"": 60,
    ""Carrot"": 40,
    ""Gouda Cheese"": 20,
    ""Remnants"": 0
}
```",7,"potatoes or fries",150,"legumes",20,"onion",50,"mushrooms",60,"root vegetables",40,"cheese",20,NA,0,NA,NA,NA,NA,NA,NA,NA,NA,NA,NA,NA,NA,NA,NA,NA,NA,"```json
{
    ""Potatoes"": 150,
    ""Green Beans"": 20,
    ""Onion"": 50,
    ""Mushrooms"": 60,
    ""Carrot"": 40,
    ""Gouda Cheese"": 10,
    ""Remnants"": 0
}
```",7,"potatoes or fries",150,"legumes",20,"onion",50,"mushrooms",60,"root vegetables",40,"cheese",10,NA,0,NA,NA,NA,NA,NA,NA,NA,NA,NA,NA,NA,NA,NA,NA,NA,NA,"```json
{
    ""Potatoes"": 150,
    ""Green Beans"": 20,
    ""Onion"": 50,
    ""Mushrooms"": 60,
    ""Carrot"": 40,
    ""Remnants"": 0
}
```",7,"potatoes or fries",150,"legumes",20,"onion",50,"mushrooms",60,"root vegetables",40,NA,0,NA,NA,NA,NA,NA,NA,NA,NA,NA,NA,NA,NA,NA,NA,NA,NA,NA,NA,"```json
{
    ""Potatoes"": 150,
    ""Green Beans"": 20,
    ""Onion"": 50,
    ""Mushrooms"": 60,
    ""Carrot"": 40,
    ""Gouda Cheese"": 20
}
```",7,"potatoes or fries",150,"legumes",20,"onion",50,"mushrooms",60,"root vegetables",40,"cheese",20,NA,NA,NA,NA,NA,NA,NA,NA,NA,NA,"```json
{
    ""Potatoes"": 100,
    ""Mushrooms"": 30,
    ""Carrots"": 20,
    ""Green Beans"": 10,
    ""Onions"": 20,
    ""Remnants"": 0
}
```",7,"potatoes or fries",100,"mushrooms",30,"root vegetables",20,"legumes",10,"onion",20,NA,0,NA,NA,NA,NA,"```json
{
    ""Potatoes"": 80,
    ""Mushrooms"": 30,
    ""Carrots"": 20,
    ""Green Beans"": 10,
    ""Onions"": 20,
    ""Fried Egg"": 0
}
```",7,"potatoes or fries",80,"mushrooms",30,"root vegetables",20,"legumes",10,"onion",20,"eggs",0,NA,NA,NA,NA,"```json
{
    ""Potatoes"": 100,
    ""Mushrooms"": 40,
    ""Carrots"": 30,
    ""Green Beans"": 20,
    ""Onions"": 30,
    ""Fried Egg"": 0
}
```",7,"potatoes or fries",100,"mushrooms",40,"root vegetables",30,"legumes",20,"onion",30,"eggs",0,NA,NA,NA,NA,"```json
{
    ""Potatoes"": 100,
    ""Mushrooms"": 40,
    ""Carrots"": 30,
    ""Green Beans"": 20,
    ""Onions"": 30,
    ""Fried Egg"": 0
}
```",7,"potatoes or fries",100,"mushrooms",40,"root vegetables",30,"legumes",20,"onion",30,"eggs",0,NA,NA,NA,NA,"```json
{
    ""Potatoes"": 80,
    ""Mushrooms"": 30,
    ""Carrots"": 20,
    ""Green Beans"": 10,
    ""Onions"": 20,
    ""Remnants of Fried Egg"": 10
}
```",7,"potatoes or fries",80,"mushrooms",30,"root vegetables",20,"legumes",10,"onion",20,"eggs",10,NA,NA,NA,NA,180,108,108,180,108,108,180,108,108,180,108,108,180,108,108,330,-42,42,340,-52,52,330,-42,42,320,-32,32,340,-52,52,180,108,108,160,128,128,220,68,68,220,68,68,170,118,118,10,0,10,0,10,0,10,0,10,0,6,0,6,0,6,0,5,0,6,0,5,0,6,0,6,0,6,0,6,0
"Potato stir-fry with fried egg and mushrooms","Erica","Monday","Aardappelroerbak",1,"2","22.5",507,587,80,"Aardappelroerbak met spiegelei en champignons","https://www.hellofresh.nl/recipes/aardappelroerbak-met-spiegelei-en-kaas-658d7dd0f9d1ffb514ddb85b","Erica_Aardappelroerbak_1_2.jpg",3,"potatoes or fries","legumes","garlic","onion","mushrooms","cheese","eggs","herbs","root vegetables","fats or oils",NA,NA,NA,NA,NA,"600g Potatoes; 100g Green Beans; 1.5  Garlic cloves; 1.5  Onion; 250g Mushrooms; 150g Gouda Cheese; 3 Egg; 7.5g Parsley; 2 Carrot; 3.75 tablespoon butter"," Potatoes;  Green Beans;  Garlic ;  Onion;  Mushrooms;  Gouda Cheese; Egg;  Parsley; Carrot;   butter",80,80,"```json
{
    ""Potatoes"": 15,
    ""Green Beans"": 0,
    ""Garlic"": 0,
    ""Onion"": 10,
    ""Mushrooms"": 5,
    ""Gouda Cheese"": 0,
    ""Egg"": 20,
    ""Parsley"": 1,
    ""Carrot"": 10,
    ""Butter"": 0
}
```",2,"potatoes or fries",15,"legumes",0,"garlic",0,"onion",10,"mushrooms",5,"cheese",0,"eggs",20,"herbs",1,"root vegetables",10,"fats or oils",0,NA,NA,NA,NA,NA,NA,NA,NA,NA,NA,"```json
{
    ""Potatoes"": 15,
    ""Green Beans"": 0,
    ""Garlic"": 0,
    ""Onion"": 10,
    ""Mushrooms"": 5,
    ""Gouda Cheese"": 0,
    ""Egg"": 20,
    ""Parsley"": 1,
    ""Carrot"": 10,
    ""Butter"": 0
}
```",2,"potatoes or fries",15,"legumes",0,"garlic",0,"onion",10,"mushrooms",5,"cheese",0,"eggs",20,"herbs",1,"root vegetables",10,"fats or oils",0,NA,NA,NA,NA,NA,NA,NA,NA,NA,NA,"```json
{
    ""Potatoes"": 15,
    ""Green Beans"": 0,
    ""Garlic"": 0,
    ""Onion"": 5,
    ""Mushrooms"": 5,
    ""Gouda Cheese"": 0,
    ""Egg"": 10,
    ""Parsley"": 1,
    ""Carrot"": 10,
    ""Butter"": 0
}
```",2,"potatoes or fries",15,"legumes",0,"garlic",0,"onion",5,"mushrooms",5,"cheese",0,"eggs",10,"herbs",1,"root vegetables",10,"fats or oils",0,NA,NA,NA,NA,NA,NA,NA,NA,NA,NA,"```json
{
    ""Potatoes"": 15,
    ""Green Beans"": 0,
    ""Garlic"": 0,
    ""Onion"": 5,
    ""Mushrooms"": 5,
    ""Gouda Cheese"": 0,
    ""Egg"": 10,
    ""Parsley"": 1,
    ""Carrot"": 10,
    ""Butter"": 0
}
```",2,"potatoes or fries",15,"legumes",0,"garlic",0,"onion",5,"mushrooms",5,"cheese",0,"eggs",10,"herbs",1,"root vegetables",10,"fats or oils",0,NA,NA,NA,NA,NA,NA,NA,NA,NA,NA,"```json
{
    ""Potatoes"": 15,
    ""Green Beans"": 0,
    ""Garlic"": 0,
    ""Onion"": 10,
    ""Mushrooms"": 5,
    ""Gouda Cheese"": 0,
    ""Egg"": 20,
    ""Parsley"": 1,
    ""Carrot"": 10,
    ""Butter"": 0
}
```",2,"potatoes or fries",15,"legumes",0,"garlic",0,"onion",10,"mushrooms",5,"cheese",0,"eggs",20,"herbs",1,"root vegetables",10,"fats or oils",0,NA,NA,NA,NA,NA,NA,NA,NA,NA,NA,"```json
{
    ""Potatoes"": 30,
    ""Green Beans"": 0,
    ""Garlic"": 0,
    ""Onion"": 10,
    ""Mushrooms"": 5,
    ""Gouda Cheese"": 0,
    ""Egg"": 20,
    ""Parsley"": 1,
    ""Carrot"": 15,
    ""Butter"": 0
}
```",2,"potatoes or fries",30,"legumes",0,"garlic",0,"onion",10,"mushrooms",5,"cheese",0,"eggs",20,"herbs",1,"root vegetables",15,"fats or oils",0,NA,NA,NA,NA,NA,NA,NA,NA,NA,NA,"```json
{
    ""Potatoes"": 30,
    ""Carrots"": 20,
    ""Onions"": 10,
    ""Mushrooms"": 5,
    ""Egg"": 20,
    ""Parsley"": 1,
    ""Remnants"": 0
}
```",2,"potatoes or fries",30,"root vegetables",20,"onion",10,"mushrooms",5,"eggs",20,"herbs",1,NA,0,NA,NA,NA,NA,NA,NA,NA,NA,NA,NA,NA,NA,NA,NA,NA,NA,"```json
{
    ""Potatoes"": 30,
    ""Green Beans"": 0,
    ""Garlic"": 0,
    ""Onion"": 10,
    ""Mushrooms"": 5,
    ""Gouda Cheese"": 0,
    ""Egg"": 20,
    ""Parsley"": 1,
    ""Carrot"": 15,
    ""Butter"": 0
}
```",2,"potatoes or fries",30,"legumes",0,"garlic",0,"onion",10,"mushrooms",5,"cheese",0,"eggs",20,"herbs",1,"root vegetables",15,"fats or oils",0,NA,NA,NA,NA,NA,NA,NA,NA,NA,NA,"```json
{
    ""Potatoes"": 30,
    ""Green Beans"": 0,
    ""Garlic"": 0,
    ""Onion"": 10,
    ""Mushrooms"": 5,
    ""Gouda Cheese"": 0,
    ""Egg"": 20,
    ""Parsley"": 1,
    ""Carrot"": 15,
    ""Butter"": 0
}
```",2,"potatoes or fries",30,"legumes",0,"garlic",0,"onion",10,"mushrooms",5,"cheese",0,"eggs",20,"herbs",1,"root vegetables",15,"fats or oils",0,NA,NA,NA,NA,NA,NA,NA,NA,NA,NA,"```json
{
    ""Potatoes"": 30,
    ""Green Beans"": 0,
    ""Garlic"": 0,
    ""Onion"": 10,
    ""Mushrooms"": 5,
    ""Gouda Cheese"": 0,
    ""Egg"": 20,
    ""Parsley"": 1,
    ""Carrot"": 15,
    ""Butter"": 0
}
```",2,"potatoes or fries",30,"legumes",0,"garlic",0,"onion",10,"mushrooms",5,"cheese",0,"eggs",20,"herbs",1,"root vegetables",15,"fats or oils",0,NA,NA,"```json
{
    ""Potato"": 20,
    ""Carrot"": 15,
    ""Mushroom"": 10,
    ""Onion"": 5,
    ""Fried Egg"": 20,
    ""Herbs"": 1
}
```",2,"potatoes or fries",20,"root vegetables",15,"mushrooms",10,"onion",5,"eggs",20,"herbs",1,NA,NA,NA,NA,"```json
{
    ""Potato"": 20,
    ""Carrot"": 15,
    ""Mushroom"": 10,
    ""Onion"": 5,
    ""Fried Egg"": 15,
    ""Herbs"": 1
}
```",2,"potatoes or fries",20,"root vegetables",15,"mushrooms",10,"onion",5,"eggs",15,"herbs",1,NA,NA,NA,NA,"```json
{
    ""Potato"": 20,
    ""Carrot"": 15,
    ""Mushroom"": 10,
    ""Onion"": 5,
    ""Fried Egg"": 15,
    ""Herbs"": 1
}
```",2,"potatoes or fries",20,"root vegetables",15,"mushrooms",10,"onion",5,"eggs",15,"herbs",1,NA,NA,NA,NA,"```json
{
    ""Potato"": 20,
    ""Carrot"": 15,
    ""Mushroom"": 10,
    ""Onion"": 5,
    ""Fried Egg"": 15,
    ""Herbs"": 1
}
```",2,"potatoes or fries",20,"root vegetables",15,"mushrooms",10,"onion",5,"eggs",15,"herbs",1,NA,NA,NA,NA,"```json
{
    ""potato"": 20,
    ""carrot"": 15,
    ""onion"": 10,
    ""mushroom"": 10,
    ""fried_egg"": 20,
    ""herbs"": 2
}
```",2,"potatoes or fries",20,"root vegetables",15,"onion",10,"mushrooms",10,"eggs",20,"herbs",2,NA,NA,NA,NA,61,19,19,61,19,19,46,34,34,46,34,34,61,19,19,81,-1,1,86,-6,6,81,-1,1,81,-1,1,81,-1,1,71,9,9,66,14,14,66,14,14,66,14,14,77,3,3,10,0,10,0,10,0,10,0,10,0,10,0,6,0,10,0,10,0,10,0,6,0,6,0,6,0,6,0,6,0
"Potato stir-fry with fried egg and mushrooms","Erica","Monday","Aardappelroerbak",2,"2","22.5",511,562,51,"Aardappelroerbak met spiegelei en champignons","https://www.hellofresh.nl/recipes/aardappelroerbak-met-spiegelei-en-kaas-658d7dd0f9d1ffb514ddb85b","Erica_Aardappelroerbak_2_2.jpg",3,"potatoes or fries","legumes","garlic","onion","mushrooms","cheese","eggs","herbs","root vegetables","fats or oils",NA,NA,NA,NA,NA,"600g Potatoes; 100g Green Beans; 1.5  Garlic cloves; 1.5  Onion; 250g Mushrooms; 150g Gouda Cheese; 3 Egg; 7.5g Parsley; 2 Carrot; 3.75 tablespoon butter"," Potatoes;  Green Beans;  Garlic ;  Onion;  Mushrooms;  Gouda Cheese; Egg;  Parsley; Carrot;   butter",51,51,"```json
{
    ""Potatoes"": 10,
    ""Green Beans"": 5,
    ""Garlic"": 1,
    ""Onion"": 3,
    ""Mushrooms"": 5,
    ""Gouda Cheese"": 2,
    ""Egg"": 2,
    ""Parsley"": 1,
    ""Carrot"": 5,
    ""Butter"": 1
}
```",5,"potatoes or fries",10,"legumes",5,"garlic",1,"onion",3,"mushrooms",5,"cheese",2,"eggs",2,"herbs",1,"root vegetables",5,"fats or oils",1,NA,NA,NA,NA,NA,NA,NA,NA,NA,NA,"```json
{
    ""Potatoes"": 10,
    ""Green Beans"": 5,
    ""Garlic"": 2,
    ""Onion"": 3,
    ""Mushrooms"": 5,
    ""Gouda Cheese"": 3,
    ""Egg"": 5,
    ""Parsley"": 1,
    ""Carrot"": 5,
    ""Butter"": 2
}
```",5,"potatoes or fries",10,"legumes",5,"garlic",2,"onion",3,"mushrooms",5,"cheese",3,"eggs",5,"herbs",1,"root vegetables",5,"fats or oils",2,NA,NA,NA,NA,NA,NA,NA,NA,NA,NA,"```json
{
    ""Potatoes"": 10,
    ""Green Beans"": 5,
    ""Garlic"": 1,
    ""Onion"": 3,
    ""Mushrooms"": 5,
    ""Gouda Cheese"": 2,
    ""Egg"": 3,
    ""Parsley"": 1,
    ""Carrot"": 5,
    ""Butter"": 1
}
```",5,"potatoes or fries",10,"legumes",5,"garlic",1,"onion",3,"mushrooms",5,"cheese",2,"eggs",3,"herbs",1,"root vegetables",5,"fats or oils",1,NA,NA,NA,NA,NA,NA,NA,NA,NA,NA,"```json
{
    ""Potatoes"": 10,
    ""Green Beans"": 5,
    ""Garlic"": 1,
    ""Onion"": 3,
    ""Mushrooms"": 5,
    ""Gouda Cheese"": 2,
    ""Egg"": 2,
    ""Parsley"": 1,
    ""Carrot"": 5,
    ""Butter"": 1
}
```",5,"potatoes or fries",10,"legumes",5,"garlic",1,"onion",3,"mushrooms",5,"cheese",2,"eggs",2,"herbs",1,"root vegetables",5,"fats or oils",1,NA,NA,NA,NA,NA,NA,NA,NA,NA,NA,"```json
{
    ""Potatoes"": 10,
    ""Green Beans"": 5,
    ""Garlic"": 2,
    ""Onion"": 3,
    ""Mushrooms"": 5,
    ""Gouda Cheese"": 3,
    ""Egg"": 5,
    ""Parsley"": 1,
    ""Carrot"": 5,
    ""Butter"": 2
}
```",5,"potatoes or fries",10,"legumes",5,"garlic",2,"onion",3,"mushrooms",5,"cheese",3,"eggs",5,"herbs",1,"root vegetables",5,"fats or oils",2,NA,NA,NA,NA,NA,NA,NA,NA,NA,NA,"```json
{
  ""Potatoes"": 20,
  ""Green Beans"": 10,
  ""Garlic"": 1,
  ""Onion"": 5,
  ""Mushrooms"": 10,
  ""Gouda Cheese"": 5,
  ""Egg"": 5,
  ""Parsley"": 1,
  ""Carrot"": 10,
  ""Butter"": 2
}
```",5,"potatoes or fries",20,"legumes",10,"garlic",1,"onion",5,"mushrooms",10,"cheese",5,"eggs",5,"herbs",1,"root vegetables",10,"fats or oils",2,NA,NA,NA,NA,NA,NA,NA,NA,NA,NA,"```json
{
  ""Potatoes"": 20,
  ""Green Beans"": 10,
  ""Garlic"": 1,
  ""Onion"": 5,
  ""Mushrooms"": 10,
  ""Gouda Cheese"": 5,
  ""Egg"": 5,
  ""Parsley"": 1,
  ""Carrot"": 10,
  ""Butter"": 2
}
```",5,"potatoes or fries",20,"legumes",10,"garlic",1,"onion",5,"mushrooms",10,"cheese",5,"eggs",5,"herbs",1,"root vegetables",10,"fats or oils",2,NA,NA,NA,NA,NA,NA,NA,NA,NA,NA,"```json
{
  ""Potatoes"": 20,
  ""Green Beans"": 10,
  ""Garlic"": 1,
  ""Onion"": 5,
  ""Mushrooms"": 10,
  ""Gouda Cheese"": 5,
  ""Egg"": 5,
  ""Parsley"": 1,
  ""Carrot"": 10,
  ""Butter"": 2
}
```",5,"potatoes or fries",20,"legumes",10,"garlic",1,"onion",5,"mushrooms",10,"cheese",5,"eggs",5,"herbs",1,"root vegetables",10,"fats or oils",2,NA,NA,NA,NA,NA,NA,NA,NA,NA,NA,"```json
{
  ""Potatoes"": 20,
  ""Green Beans"": 10,
  ""Garlic"": 1,
  ""Onion"": 5,
  ""Mushrooms"": 10,
  ""Gouda Cheese"": 5,
  ""Egg"": 5,
  ""Parsley"": 1,
  ""Carrot"": 10,
  ""Butter"": 2
}
```",5,"potatoes or fries",20,"legumes",10,"garlic",1,"onion",5,"mushrooms",10,"cheese",5,"eggs",5,"herbs",1,"root vegetables",10,"fats or oils",2,NA,NA,NA,NA,NA,NA,NA,NA,NA,NA,"```json
{
  ""Potatoes"": 20,
  ""Green Beans"": 10,
  ""Garlic"": 1,
  ""Onion"": 5,
  ""Mushrooms"": 10,
  ""Gouda Cheese"": 5,
  ""Egg"": 5,
  ""Parsley"": 1,
  ""Carrot"": 10,
  ""Butter"": 2
}
```",5,"potatoes or fries",20,"legumes",10,"garlic",1,"onion",5,"mushrooms",10,"cheese",5,"eggs",5,"herbs",1,"root vegetables",10,"fats or oils",2,NA,NA,"```json
{
    ""Potato"": 10,
    ""Green Beans"": 5,
    ""Carrot"": 5,
    ""Mushrooms"": 5,
    ""Fried Egg"": 5,
    ""Remnants"": 0
}
```",5,"potatoes or fries",10,"legumes",5,"root vegetables",5,"mushrooms",5,"eggs",5,NA,0,NA,NA,NA,NA,"```json
{
    ""Potato"": 10,
    ""Green Beans"": 5,
    ""Carrot"": 5,
    ""Mushrooms"": 5,
    ""Fried Egg"": 5,
    ""Herbs"": 1,
    ""Remnants"": 0
}
```",5,"potatoes or fries",10,"legumes",5,"root vegetables",5,"mushrooms",5,"eggs",5,"herbs",1,NA,0,NA,NA,"```json
{
    ""Potato"": 10,
    ""Green Beans"": 5,
    ""Carrot"": 5,
    ""Mushrooms"": 5,
    ""Fried Egg"": 5,
    ""Onion"": 5,
    ""Herbs"": 1,
    ""Remnants"": 0
}
```",5,"potatoes or fries",10,"legumes",5,"root vegetables",5,"mushrooms",5,"eggs",5,"onion",5,"herbs",1,NA,0,"```json
{
    ""Potato"": 10,
    ""Green Beans"": 5,
    ""Carrot"": 5,
    ""Mushrooms"": 5,
    ""Fried Egg"": 5,
    ""Remnants"": 0
}
```",5,"potatoes or fries",10,"legumes",5,"root vegetables",5,"mushrooms",5,"eggs",5,NA,0,NA,NA,NA,NA,"```json
{
    ""Potato"": 10,
    ""Green Beans"": 5,
    ""Carrot"": 5,
    ""Mushrooms"": 5,
    ""Fried Egg"": 5,
    ""Remnants"": 0
}
```",5,"potatoes or fries",10,"legumes",5,"root vegetables",5,"mushrooms",5,"eggs",5,NA,0,NA,NA,NA,NA,35,16,16,41,10,10,36,15,15,35,16,16,41,10,10,69,-18,18,69,-18,18,69,-18,18,69,-18,18,69,-18,18,30,21,21,31,20,20,36,15,15,30,21,21,30,21,21,10,0,10,0,10,0,10,0,10,0,10,0,10,0,10,0,10,0,10,0,5,0,6,0,7,0,5,0,5,0
"Potato stir-fry with fried egg and mushrooms","Erica","Monday","Aardappelroerbak",1,"3","22.5",507,508,1,"Aardappelroerbak met spiegelei en champignons","https://www.hellofresh.nl/recipes/aardappelroerbak-met-spiegelei-en-kaas-658d7dd0f9d1ffb514ddb85b","Erica_Aardappelroerbak_1_3.jpg",3,"potatoes or fries","legumes","garlic","onion","mushrooms","cheese","eggs","herbs","root vegetables","fats or oils",NA,NA,NA,NA,NA,"600g Potatoes; 100g Green Beans; 1.5  Garlic cloves; 1.5  Onion; 250g Mushrooms; 150g Gouda Cheese; 3 Egg; 7.5g Parsley; 2 Carrot; 3.75 tablespoon butter"," Potatoes;  Green Beans;  Garlic ;  Onion;  Mushrooms;  Gouda Cheese; Egg;  Parsley; Carrot;   butter",1,1,"```json
{
    ""Remnants"": 0
}
```",3,NA,0,NA,NA,NA,NA,NA,NA,NA,NA,NA,NA,NA,NA,NA,NA,NA,NA,NA,NA,NA,NA,NA,NA,NA,NA,NA,NA,NA,NA,"```json
{
  ""Remnants"": 0
}
```",3,NA,0,NA,NA,NA,NA,NA,NA,NA,NA,NA,NA,NA,NA,NA,NA,NA,NA,NA,NA,NA,NA,NA,NA,NA,NA,NA,NA,NA,NA,"```json
{
  ""Remnants"": 0 grams
}
```",3,NA,0,NA,NA,NA,NA,NA,NA,NA,NA,NA,NA,NA,NA,NA,NA,NA,NA,NA,NA,NA,NA,NA,NA,NA,NA,NA,NA,NA,NA,"```json
{
    ""Remnants"": 0
}
```",3,NA,0,NA,NA,NA,NA,NA,NA,NA,NA,NA,NA,NA,NA,NA,NA,NA,NA,NA,NA,NA,NA,NA,NA,NA,NA,NA,NA,NA,NA,"```json
{
    ""Remnants"": 0 grams
}
```",3,NA,0,NA,NA,NA,NA,NA,NA,NA,NA,NA,NA,NA,NA,NA,NA,NA,NA,NA,NA,NA,NA,NA,NA,NA,NA,NA,NA,NA,NA,"```json
{
  ""Remnants"": 0 grams
}
```",3,NA,0,NA,NA,NA,NA,NA,NA,NA,NA,NA,NA,NA,NA,NA,NA,NA,NA,NA,NA,NA,NA,NA,NA,NA,NA,NA,NA,NA,NA,"```json
{
  ""Remnants"": 0 grams
}
```",3,NA,0,NA,NA,NA,NA,NA,NA,NA,NA,NA,NA,NA,NA,NA,NA,NA,NA,NA,NA,NA,NA,NA,NA,NA,NA,NA,NA,NA,NA,"```json
{
  ""Remnants"": 0 grams
}
```",3,NA,0,NA,NA,NA,NA,NA,NA,NA,NA,NA,NA,NA,NA,NA,NA,NA,NA,NA,NA,NA,NA,NA,NA,NA,NA,NA,NA,NA,NA,"```json
{
  ""Remnants"": 0 grams
}
```",3,NA,0,NA,NA,NA,NA,NA,NA,NA,NA,NA,NA,NA,NA,NA,NA,NA,NA,NA,NA,NA,NA,NA,NA,NA,NA,NA,NA,NA,NA,"```json
{
  ""Remnants"": 0 grams
}
```",3,NA,0,NA,NA,NA,NA,NA,NA,NA,NA,NA,NA,NA,NA,NA,NA,NA,NA,NA,NA,NA,NA,"```json
{
  ""Remnants"": 0
}
```",3,NA,0,NA,NA,NA,NA,NA,NA,NA,NA,NA,NA,NA,NA,NA,NA,"```json
{
  ""Remnants"": 0
}
```",3,NA,0,NA,NA,NA,NA,NA,NA,NA,NA,NA,NA,NA,NA,NA,NA,"```json
{
  ""Remnants"": 0
}
```",3,NA,0,NA,NA,NA,NA,NA,NA,NA,NA,NA,NA,NA,NA,NA,NA,"```json
{
  ""Remnants"": 0
}
```",3,NA,0,NA,NA,NA,NA,NA,NA,NA,NA,NA,NA,NA,NA,NA,NA,"```json
{
  ""Remnants"": 0
}
```",3,NA,0,NA,NA,NA,NA,NA,NA,NA,NA,NA,NA,NA,NA,NA,NA,0,1,1,0,1,1,0,1,1,0,1,1,0,1,1,0,1,1,0,1,1,0,1,1,0,1,1,0,1,1,0,1,1,0,1,1,0,1,1,0,1,1,0,1,1,0,0,0,0,0,0,0,0,0,0,0,0,0,0,0,0,0,0,0,0,0,0,0,0,0,0,0,0,0,0
"Potato stir-fry with fried egg and mushrooms","Erica","Monday","Aardappelroerbak",2,"3","22.5",511,513,2,"Aardappelroerbak met spiegelei en champignons","https://www.hellofresh.nl/recipes/aardappelroerbak-met-spiegelei-en-kaas-658d7dd0f9d1ffb514ddb85b","Erica_Aardappelroerbak_2_3.jpg",3,"potatoes or fries","legumes","garlic","onion","mushrooms","cheese","eggs","herbs","root vegetables","fats or oils",NA,NA,NA,NA,NA,"600g Potatoes; 100g Green Beans; 1.5  Garlic cloves; 1.5  Onion; 250g Mushrooms; 150g Gouda Cheese; 3 Egg; 7.5g Parsley; 2 Carrot; 3.75 tablespoon butter"," Potatoes;  Green Beans;  Garlic ;  Onion;  Mushrooms;  Gouda Cheese; Egg;  Parsley; Carrot;   butter",2,2,"```json
{
  ""Remnants"": 0
}
```",6,NA,0,NA,NA,NA,NA,NA,NA,NA,NA,NA,NA,NA,NA,NA,NA,NA,NA,NA,NA,NA,NA,NA,NA,NA,NA,NA,NA,NA,NA,"```json
{
  ""Remnants"": 0
}
```",6,NA,0,NA,NA,NA,NA,NA,NA,NA,NA,NA,NA,NA,NA,NA,NA,NA,NA,NA,NA,NA,NA,NA,NA,NA,NA,NA,NA,NA,NA,"```json
{
  ""Remnants"": 0 grams
}
```",6,NA,0,NA,NA,NA,NA,NA,NA,NA,NA,NA,NA,NA,NA,NA,NA,NA,NA,NA,NA,NA,NA,NA,NA,NA,NA,NA,NA,NA,NA,"```json
{
  ""Remnants"": 0
}
```",6,NA,0,NA,NA,NA,NA,NA,NA,NA,NA,NA,NA,NA,NA,NA,NA,NA,NA,NA,NA,NA,NA,NA,NA,NA,NA,NA,NA,NA,NA,"```json
{
  ""Remnants"": 0
}
```",6,NA,0,NA,NA,NA,NA,NA,NA,NA,NA,NA,NA,NA,NA,NA,NA,NA,NA,NA,NA,NA,NA,NA,NA,NA,NA,NA,NA,NA,NA,"```json
{
  ""Remnants"": 0 grams
}
```",6,NA,0,NA,NA,NA,NA,NA,NA,NA,NA,NA,NA,NA,NA,NA,NA,NA,NA,NA,NA,NA,NA,NA,NA,NA,NA,NA,NA,NA,NA,"```json
{""Remnants"": 0 grams}
```",6,NA,NA,NA,NA,NA,NA,NA,NA,NA,NA,NA,NA,NA,NA,NA,NA,NA,NA,NA,NA,NA,NA,NA,NA,NA,NA,NA,NA,NA,NA,"```json
{
  ""Remnants"": 0 grams
}
```",6,NA,0,NA,NA,NA,NA,NA,NA,NA,NA,NA,NA,NA,NA,NA,NA,NA,NA,NA,NA,NA,NA,NA,NA,NA,NA,NA,NA,NA,NA,"```json
{""Remnants"": 0 grams}
```",6,NA,NA,NA,NA,NA,NA,NA,NA,NA,NA,NA,NA,NA,NA,NA,NA,NA,NA,NA,NA,NA,NA,NA,NA,NA,NA,NA,NA,NA,NA,"```json
{""Remnants"": 0 grams}
```",6,NA,NA,NA,NA,NA,NA,NA,NA,NA,NA,NA,NA,NA,NA,NA,NA,NA,NA,NA,NA,NA,NA,"```json
{
  ""Remnants"": 0 grams
}
```",6,NA,0,NA,NA,NA,NA,NA,NA,NA,NA,NA,NA,NA,NA,NA,NA,"```json
{""Remnants"": 0 grams}
```",6,NA,NA,NA,NA,NA,NA,NA,NA,NA,NA,NA,NA,NA,NA,NA,NA,"```json
{""Remnants"": 0 grams}
```",6,NA,NA,NA,NA,NA,NA,NA,NA,NA,NA,NA,NA,NA,NA,NA,NA,"```json
{""Remnants"": 0 grams}
```",6,NA,NA,NA,NA,NA,NA,NA,NA,NA,NA,NA,NA,NA,NA,NA,NA,"```json
{""Remnants"": 0 grams}
```",6,NA,NA,NA,NA,NA,NA,NA,NA,NA,NA,NA,NA,NA,NA,NA,NA,0,2,2,0,2,2,0,2,2,0,2,2,0,2,2,0,2,2,0,2,2,0,2,2,0,2,2,0,2,2,0,2,2,0,2,2,0,2,2,0,2,2,0,2,2,0,0,0,0,0,0,0,0,0,0,0,0,0,0,0,0,0,0,0,0,0,0,0,0,0,0,0,0,0,0
"Potato stir-fry with fried egg and mushrooms","Erica","Monday","Aardappelroerbak",3,"2","22.5",506,671,165,"Aardappelroerbak met spiegelei en champignons","https://www.hellofresh.nl/recipes/aardappelroerbak-met-spiegelei-en-kaas-658d7dd0f9d1ffb514ddb85b","Erica_Aardappelroerbak_3_2.jpg",3,"potatoes or fries","legumes","garlic","onion","mushrooms","cheese","eggs","herbs","root vegetables","fats or oils",NA,NA,NA,NA,NA,"600g Potatoes; 100g Green Beans; 1.5  Garlic cloves; 1.5  Onion; 250g Mushrooms; 150g Gouda Cheese; 3 Egg; 7.5g Parsley; 2 Carrot; 3.75 tablespoon butter"," Potatoes;  Green Beans;  Garlic ;  Onion;  Mushrooms;  Gouda Cheese; Egg;  Parsley; Carrot;   butter",165,165,"```json
{
    ""Potatoes"": 30,
    ""Green Beans"": 15,
    ""Garlic"": 5,
    ""Onion"": 20,
    ""Mushrooms"": 10,
    ""Gouda Cheese"": 10,
    ""Egg"": 15,
    ""Carrot"": 20,
    ""Butter"": 5
}
```",8,"potatoes or fries",30,"legumes",15,"garlic",5,"onion",20,"mushrooms",10,"cheese",10,"eggs",15,"root vegetables",20,"fats or oils",5,NA,NA,NA,NA,NA,NA,NA,NA,NA,NA,NA,NA,"```json
{
    ""Potatoes"": 20,
    ""Green Beans"": 10,
    ""Garlic"": 5,
    ""Onion"": 15,
    ""Mushrooms"": 10,
    ""Gouda Cheese"": 5,
    ""Egg"": 10,
    ""Carrot"": 15,
    ""Butter"": 5
}
```",8,"potatoes or fries",20,"legumes",10,"garlic",5,"onion",15,"mushrooms",10,"cheese",5,"eggs",10,"root vegetables",15,"fats or oils",5,NA,NA,NA,NA,NA,NA,NA,NA,NA,NA,NA,NA,"```json
{
    ""Potatoes"": 20,
    ""Green Beans"": 10,
    ""Garlic"": 5,
    ""Onion"": 15,
    ""Mushrooms"": 10,
    ""Gouda Cheese"": 5,
    ""Egg"": 10,
    ""Carrot"": 15,
    ""Butter"": 5
}
```",8,"potatoes or fries",20,"legumes",10,"garlic",5,"onion",15,"mushrooms",10,"cheese",5,"eggs",10,"root vegetables",15,"fats or oils",5,NA,NA,NA,NA,NA,NA,NA,NA,NA,NA,NA,NA,"```json
{
    ""Potatoes"": 30,
    ""Green Beans"": 15,
    ""Garlic"": 5,
    ""Onion"": 20,
    ""Mushrooms"": 10,
    ""Gouda Cheese"": 10,
    ""Egg"": 15,
    ""Carrot"": 20,
    ""Butter"": 5
}
```",8,"potatoes or fries",30,"legumes",15,"garlic",5,"onion",20,"mushrooms",10,"cheese",10,"eggs",15,"root vegetables",20,"fats or oils",5,NA,NA,NA,NA,NA,NA,NA,NA,NA,NA,NA,NA,"```json
{
    ""Potatoes"": 20,
    ""Green Beans"": 10,
    ""Garlic"": 5,
    ""Onion"": 15,
    ""Mushrooms"": 10,
    ""Gouda Cheese"": 5,
    ""Egg"": 10,
    ""Carrot"": 15,
    ""Butter"": 5
}
```",8,"potatoes or fries",20,"legumes",10,"garlic",5,"onion",15,"mushrooms",10,"cheese",5,"eggs",10,"root vegetables",15,"fats or oils",5,NA,NA,NA,NA,NA,NA,NA,NA,NA,NA,NA,NA,"```json
{
    ""Potatoes"": 50,
    ""Green Beans"": 20,
    ""Onion"": 30,
    ""Mushrooms"": 20,
    ""Carrot"": 40,
    ""Gouda Cheese"": 10,
    ""Remnants"": 0
}
```",8,"potatoes or fries",50,"legumes",20,"onion",30,"mushrooms",20,"root vegetables",40,"cheese",10,NA,0,NA,NA,NA,NA,NA,NA,NA,NA,NA,NA,NA,NA,NA,NA,NA,NA,"```json
{
    ""Potatoes"": 50,
    ""Green Beans"": 20,
    ""Garlic"": 0,
    ""Onion"": 30,
    ""Mushrooms"": 20,
    ""Gouda Cheese"": 10,
    ""Egg"": 10,
    ""Parsley"": 0,
    ""Carrot"": 30,
    ""Butter"": 5
}
```",8,"potatoes or fries",50,"legumes",20,"garlic",0,"onion",30,"mushrooms",20,"cheese",10,"eggs",10,"herbs",0,"root vegetables",30,"fats or oils",5,NA,NA,NA,NA,NA,NA,NA,NA,NA,NA,"```json
{
  ""Potatoes"": 50,
  ""Green Beans"": 20,
  ""Onion"": 30,
  ""Mushrooms"": 20,
  ""Carrot"": 40,
  ""Gouda Cheese"": 10,
  ""Remnants"": 0
}
```",8,"potatoes or fries",50,"legumes",20,"onion",30,"mushrooms",20,"root vegetables",40,"cheese",10,NA,0,NA,NA,NA,NA,NA,NA,NA,NA,NA,NA,NA,NA,NA,NA,NA,NA,"```json
{
    ""Potatoes"": 50,
    ""Green Beans"": 20,
    ""Onion"": 30,
    ""Mushrooms"": 20,
    ""Carrot"": 30,
    ""Gouda Cheese"": 10,
    ""Remnants"": 0
}
```",8,"potatoes or fries",50,"legumes",20,"onion",30,"mushrooms",20,"root vegetables",30,"cheese",10,NA,0,NA,NA,NA,NA,NA,NA,NA,NA,NA,NA,NA,NA,NA,NA,NA,NA,"```json
{
    ""Potatoes"": 50,
    ""Green Beans"": 20,
    ""Onion"": 30,
    ""Mushrooms"": 20,
    ""Carrot"": 40,
    ""Gouda Cheese"": 10,
    ""Remnants"": 0
}
```",8,"potatoes or fries",50,"legumes",20,"onion",30,"mushrooms",20,"root vegetables",40,"cheese",10,NA,0,NA,NA,NA,NA,NA,NA,NA,NA,"```json
{
    ""Potatoes"": 30,
    ""Carrots"": 20,
    ""Green Beans"": 10,
    ""Onions"": 15,
    ""Mushrooms"": 10,
    ""Fried Egg"": 20
}
```",8,"potatoes or fries",30,"root vegetables",20,"legumes",10,"onion",15,"mushrooms",10,"eggs",20,NA,NA,NA,NA,"```json
{
    ""Potatoes"": 30,
    ""Carrots"": 20,
    ""Green Beans"": 10,
    ""Onions"": 15,
    ""Mushrooms"": 10,
    ""Fried Egg"": 20
}
```",8,"potatoes or fries",30,"root vegetables",20,"legumes",10,"onion",15,"mushrooms",10,"eggs",20,NA,NA,NA,NA,"```json
{
    ""Potato"": 30,
    ""Carrot"": 20,
    ""Green Beans"": 15,
    ""Onion"": 10,
    ""Mushroom"": 10,
    ""Fried Egg"": 20
}
```",8,"potatoes or fries",30,"root vegetables",20,"legumes",15,"onion",10,"mushrooms",10,"eggs",20,NA,NA,NA,NA,"```json
{
    ""Potatoes"": 30,
    ""Carrots"": 20,
    ""Green Beans"": 10,
    ""Onions"": 15,
    ""Mushrooms"": 10,
    ""Fried Egg"": 20
}
```",8,"potatoes or fries",30,"root vegetables",20,"legumes",10,"onion",15,"mushrooms",10,"eggs",20,NA,NA,NA,NA,"```json
{
    ""Potatoes"": 30,
    ""Carrots"": 20,
    ""Green Beans"": 10,
    ""Onions"": 15,
    ""Mushrooms"": 10,
    ""Fried Egg"": 20
}
```",8,"potatoes or fries",30,"root vegetables",20,"legumes",10,"onion",15,"mushrooms",10,"eggs",20,NA,NA,NA,NA,130,35,35,95,70,70,95,70,70,130,35,35,95,70,70,170,-5,5,175,-10,10,170,-5,5,160,5,5,170,-5,5,105,60,60,105,60,60,105,60,60,105,60,60,105,60,60,9,0,9,0,9,0,9,0,9,0,6,0,10,0,6,0,6,0,6,0,6,0,6,0,6,0,6,0,6,0
"Potato stir-fry with fried egg and mushrooms","Erica","Monday","Aardappelroerbak",3,"3","22.5",506,508,2,"Aardappelroerbak met spiegelei en champignons","https://www.hellofresh.nl/recipes/aardappelroerbak-met-spiegelei-en-kaas-658d7dd0f9d1ffb514ddb85b","Erica_Aardappelroerbak_3_3.jpg",3,"potatoes or fries","legumes","garlic","onion","mushrooms","cheese","eggs","herbs","root vegetables","fats or oils",NA,NA,NA,NA,NA,"600g Potatoes; 100g Green Beans; 1.5  Garlic cloves; 1.5  Onion; 250g Mushrooms; 150g Gouda Cheese; 3 Egg; 7.5g Parsley; 2 Carrot; 3.75 tablespoon butter"," Potatoes;  Green Beans;  Garlic ;  Onion;  Mushrooms;  Gouda Cheese; Egg;  Parsley; Carrot;   butter",2,2,"```json
{
  ""Remnants"": 0 grams
}
```",9,NA,0,NA,NA,NA,NA,NA,NA,NA,NA,NA,NA,NA,NA,NA,NA,NA,NA,NA,NA,NA,NA,NA,NA,NA,NA,NA,NA,NA,NA,"```json
{
  ""Remnants"": 0
}
```",9,NA,0,NA,NA,NA,NA,NA,NA,NA,NA,NA,NA,NA,NA,NA,NA,NA,NA,NA,NA,NA,NA,NA,NA,NA,NA,NA,NA,NA,NA,"```json
{
  ""Remnants"": 0 grams
}
```",9,NA,0,NA,NA,NA,NA,NA,NA,NA,NA,NA,NA,NA,NA,NA,NA,NA,NA,NA,NA,NA,NA,NA,NA,NA,NA,NA,NA,NA,NA,"```json
{
  ""Remnants"": 0
}
```",9,NA,0,NA,NA,NA,NA,NA,NA,NA,NA,NA,NA,NA,NA,NA,NA,NA,NA,NA,NA,NA,NA,NA,NA,NA,NA,NA,NA,NA,NA,"```json
{
  ""Remnants"": 0 grams
}
```",9,NA,0,NA,NA,NA,NA,NA,NA,NA,NA,NA,NA,NA,NA,NA,NA,NA,NA,NA,NA,NA,NA,NA,NA,NA,NA,NA,NA,NA,NA,"```json
{
  ""Remnants"": 0 grams
}
```",9,NA,0,NA,NA,NA,NA,NA,NA,NA,NA,NA,NA,NA,NA,NA,NA,NA,NA,NA,NA,NA,NA,NA,NA,NA,NA,NA,NA,NA,NA,"```json
{
  ""Remnants"": 0 grams
}
```",9,NA,0,NA,NA,NA,NA,NA,NA,NA,NA,NA,NA,NA,NA,NA,NA,NA,NA,NA,NA,NA,NA,NA,NA,NA,NA,NA,NA,NA,NA,"```json
{
  ""Remnants"": 0 grams
}
```",9,NA,0,NA,NA,NA,NA,NA,NA,NA,NA,NA,NA,NA,NA,NA,NA,NA,NA,NA,NA,NA,NA,NA,NA,NA,NA,NA,NA,NA,NA,"```json
{
  ""Remnants"": 0 grams
}
```",9,NA,0,NA,NA,NA,NA,NA,NA,NA,NA,NA,NA,NA,NA,NA,NA,NA,NA,NA,NA,NA,NA,NA,NA,NA,NA,NA,NA,NA,NA,"```json
{
  ""Remnants"": 0 grams
}
```",9,NA,0,NA,NA,NA,NA,NA,NA,NA,NA,NA,NA,NA,NA,NA,NA,NA,NA,NA,NA,NA,NA,"```json
{
  ""Remnants"": 0
}
```",9,NA,0,NA,NA,NA,NA,NA,NA,NA,NA,NA,NA,NA,NA,NA,NA,"```json
{""Remnants"": 0 grams}
```",9,NA,NA,NA,NA,NA,NA,NA,NA,NA,NA,NA,NA,NA,NA,NA,NA,"```json
{
  ""Remnants"": 0
}
```",9,NA,0,NA,NA,NA,NA,NA,NA,NA,NA,NA,NA,NA,NA,NA,NA,"```json
{
  ""Remnants"": 0 grams
}
```",9,NA,0,NA,NA,NA,NA,NA,NA,NA,NA,NA,NA,NA,NA,NA,NA,"```json
{
  ""Remnants"": 0
}
```",9,NA,0,NA,NA,NA,NA,NA,NA,NA,NA,NA,NA,NA,NA,NA,NA,0,2,2,0,2,2,0,2,2,0,2,2,0,2,2,0,2,2,0,2,2,0,2,2,0,2,2,0,2,2,0,2,2,0,2,2,0,2,2,0,2,2,0,2,2,0,0,0,0,0,0,0,0,0,0,0,0,0,0,0,0,0,0,0,0,0,0,0,0,0,0,0,0,0,0
"Prawns in Mediterranean marinade on orzo","Mariam","45581","ShrimpOrzo",1,"50-30","26,3",669,882,213,"Garnelen in mediterraner Marinade auf Orzo","https://www.hellofresh.de/recipes/garnelen-in-mediterraner-marinade-auf-orzo-salat-65b24289d1da3988cdd86720","Mitja_Wed_Meal1_1.jpg",2,"(shell)fish","pasta","cucumbers","tomatoes","garlic","tomatoes","dairy (cream)","spices","spices","fats or oils","fats or oils","water or broth",NA,NA,NA,"150g Shrimps; 180g orzo; 1  Cucumber; 2 Tomatoes; 2  Garlic cloves; 50g Tomato Pesto; 75g Yoghurt; 1 gram oregano; 2 gram spice mix; 1 tablespoon oil; 1 tablespoon olive oil; 350ml water"," Shrimps;  orzo;  Cucumber; Tomatoes;  Garlic ; Tomato Pesto; Yoghurt;  oregano;  spice mix;  oil;  olive oil; water",213,213,"```json
{
    ""Shrimps"": 30,
    ""Orzo"": 50,
    ""Cucumber"": 20,
    ""Tomatoes"": 15,
    ""Yoghurt"": 20,
    ""Remnants"": 0
}
```",67,"(shell)fish",30,"pasta",50,"cucumbers",20,"tomatoes",15,"dairy (cream)",20,NA,0,NA,NA,NA,NA,NA,NA,NA,NA,NA,NA,NA,NA,NA,NA,NA,NA,NA,NA,"```json
{
    ""Shrimps"": 20,
    ""Orzo"": 50,
    ""Cucumber"": 15,
    ""Tomatoes"": 10,
    ""Yoghurt"": 20,
    ""Tomato Pesto"": 5
}
```",67,"(shell)fish",20,"pasta",50,"cucumbers",15,"tomatoes",10,"dairy (cream)",20,"tomatoes",5,NA,NA,NA,NA,NA,NA,NA,NA,NA,NA,NA,NA,NA,NA,NA,NA,NA,NA,"```json
{
    ""Shrimps"": 30,
    ""Orzo"": 50,
    ""Cucumber"": 20,
    ""Tomatoes"": 15,
    ""Yoghurt"": 30,
    ""Tomato Pesto"": 10,
    ""Garlic"": 5,
    ""Oregano"": 1,
    ""Spice Mix"": 1,
    ""Oil"": 2,
    ""Olive Oil"": 2,
    ""Water"": 0
}
```",67,"(shell)fish",30,"pasta",50,"cucumbers",20,"tomatoes",15,"dairy (cream)",30,"tomatoes",10,"garlic",5,"spices",1,"spices",1,"fats or oils",2,"fats or oils",2,"water or broth",0,NA,NA,NA,NA,NA,NA,"```json
{
    ""Shrimps"": 20,
    ""Orzo"": 50,
    ""Cucumber"": 15,
    ""Tomatoes"": 10,
    ""Yoghurt"": 20,
    ""Tomato Pesto"": 5,
    ""Olive Oil"": 2
}
```",67,"(shell)fish",20,"pasta",50,"cucumbers",15,"tomatoes",10,"dairy (cream)",20,"tomatoes",5,"fats or oils",2,NA,NA,NA,NA,NA,NA,NA,NA,NA,NA,NA,NA,NA,NA,NA,NA,"```json
{
    ""Shrimps"": 20,
    ""Orzo"": 50,
    ""Cucumber"": 15,
    ""Tomatoes"": 10,
    ""Garlic"": 5,
    ""Tomato Pesto"": 5,
    ""Yoghurt"": 20,
    ""Oregano"": 1,
    ""Spice Mix"": 1,
    ""Oil"": 2,
    ""Olive Oil"": 2,
    ""Water"": 0
}
```",67,"(shell)fish",20,"pasta",50,"cucumbers",15,"tomatoes",10,"garlic",5,"tomatoes",5,"dairy (cream)",20,"spices",1,"spices",1,"fats or oils",2,"fats or oils",2,"water or broth",0,NA,NA,NA,NA,NA,NA,"```json
{
    ""Shrimps"": 30,
    ""Orzo"": 50,
    ""Cucumber"": 20,
    ""Tomatoes"": 15,
    ""Yoghurt"": 30
}
```",67,"(shell)fish",30,"pasta",50,"cucumbers",20,"tomatoes",15,"dairy (cream)",30,NA,NA,NA,NA,NA,NA,NA,NA,NA,NA,NA,NA,NA,NA,NA,NA,NA,NA,NA,NA,"```json
{
    ""Shrimps"": 30,
    ""Orzo"": 50,
    ""Cucumber"": 20,
    ""Tomatoes"": 15,
    ""Yoghurt"": 30
}
```",67,"(shell)fish",30,"pasta",50,"cucumbers",20,"tomatoes",15,"dairy (cream)",30,NA,NA,NA,NA,NA,NA,NA,NA,NA,NA,NA,NA,NA,NA,NA,NA,NA,NA,NA,NA,"```json
{
    ""Shrimps"": 30,
    ""Orzo"": 50,
    ""Cucumber"": 20,
    ""Tomatoes"": 15,
    ""Yoghurt"": 30
}
```",67,"(shell)fish",30,"pasta",50,"cucumbers",20,"tomatoes",15,"dairy (cream)",30,NA,NA,NA,NA,NA,NA,NA,NA,NA,NA,NA,NA,NA,NA,NA,NA,NA,NA,NA,NA,"```json
{
    ""Shrimps"": 30,
    ""Orzo"": 50,
    ""Cucumber"": 20,
    ""Tomato"": 15,
    ""Yoghurt"": 30
}
```",67,"(shell)fish",30,"pasta",50,"cucumbers",20,"tomatoes",15,"dairy (cream)",30,NA,NA,NA,NA,NA,NA,NA,NA,NA,NA,NA,NA,NA,NA,NA,NA,NA,NA,NA,NA,"```json
{
    ""Shrimps"": 30,
    ""Orzo"": 50,
    ""Cucumber"": 20,
    ""Tomatoes"": 15,
    ""Yoghurt"": 30
}
```",67,"(shell)fish",30,"pasta",50,"cucumbers",20,"tomatoes",15,"dairy (cream)",30,NA,NA,NA,NA,NA,NA,NA,NA,NA,NA,NA,NA,"```json
{
    ""Prawns"": 20,
    ""Orzo"": 80,
    ""Zucchini"": 15,
    ""Tomato"": 10,
    ""Yogurt Sauce"": 30
}
```",67,"(shell)fish",20,"pasta",80,"zucchini",15,"tomatoes",10,"dairy (cream)",30,NA,NA,NA,NA,NA,NA,"```json
{
    ""Prawns"": 30,
    ""Orzo"": 70,
    ""Zucchini"": 20,
    ""Tomato"": 15,
    ""Yogurt Sauce"": 25
}
```",67,"(shell)fish",30,"pasta",70,"zucchini",20,"tomatoes",15,"dairy (cream)",25,NA,NA,NA,NA,NA,NA,"```json
{
    ""Prawns"": 30,
    ""Orzo"": 70,
    ""Zucchini"": 20,
    ""Tomato"": 15,
    ""Yogurt Sauce"": 25
}
```",67,"(shell)fish",30,"pasta",70,"zucchini",20,"tomatoes",15,"dairy (cream)",25,NA,NA,NA,NA,NA,NA,"```json
{
    ""Prawns"": 20,
    ""Orzo"": 50,
    ""Zucchini"": 15,
    ""Tomato"": 10,
    ""Yogurt Sauce"": 20
}
```",67,"(shell)fish",20,"pasta",50,"zucchini",15,"tomatoes",10,"dairy (cream)",20,NA,NA,NA,NA,NA,NA,"```json
{
    ""Prawns"": 30,
    ""Orzo"": 50,
    ""Zucchini"": 20,
    ""Tomato"": 15,
    ""Yogurt Sauce"": 20
}
```",67,"(shell)fish",30,"pasta",50,"zucchini",20,"tomatoes",15,"dairy (cream)",20,NA,NA,NA,NA,NA,NA,135,78,78,120,93,93,166,47,47,122,91,91,131,82,82,145,68,68,145,68,68,145,68,68,145,68,68,145,68,68,155,58,58,160,53,53,160,53,53,115,98,98,135,78,78,5,0,5,0,9,0,6,0,9,0,5,0,5,0,5,0,5,0,5,0,4,1,4,1,4,1,4,1,4,1
"Prawns in Mediterranean marinade on orzo","Mariam","45581","ShrimpOrzo",1,"10%-30%","26,3",669,754,85,"Garnelen in mediterraner Marinade auf Orzo","https://www.hellofresh.de/recipes/garnelen-in-mediterraner-marinade-auf-orzo-salat-65b24289d1da3988cdd86721","Mitja_Wed_Meal1_2.jpg",2,"(shell)fish","pasta","cucumbers","tomatoes","garlic","tomatoes","dairy (cream)","spices","spices","fats or oils","fats or oils","water or broth",NA,NA,NA,"150g Shrimps; 180g orzo; 1  Cucumber; 2 Tomatoes; 2  Garlic cloves; 50g Tomato Pesto; 75g Yoghurt; 1 gram oregano; 2 gram spice mix; 1 tablespoon oil; 1 tablespoon olive oil; 350ml water"," Shrimps;  orzo;  Cucumber; Tomatoes;  Garlic ; Tomato Pesto; Yoghurt;  oregano;  spice mix;  oil;  olive oil; water",85,85,"```json
{
    ""Shrimps"": 5,
    ""Orzo"": 15,
    ""Cucumber"": 10,
    ""Tomatoes"": 5,
    ""Yoghurt"": 20,
    ""Remnants"": 0
}
```",68,"(shell)fish",5,"pasta",15,"cucumbers",10,"tomatoes",5,"dairy (cream)",20,NA,0,NA,NA,NA,NA,NA,NA,NA,NA,NA,NA,NA,NA,NA,NA,NA,NA,NA,NA,"```json
{
    ""Shrimps"": 5,
    ""Orzo"": 15,
    ""Cucumber"": 10,
    ""Tomatoes"": 5,
    ""Yoghurt"": 20,
    ""Remnants"": 0
}
```",68,"(shell)fish",5,"pasta",15,"cucumbers",10,"tomatoes",5,"dairy (cream)",20,NA,0,NA,NA,NA,NA,NA,NA,NA,NA,NA,NA,NA,NA,NA,NA,NA,NA,NA,NA,"```json
{
    ""Shrimps"": 5,
    ""Orzo"": 10,
    ""Cucumber"": 5,
    ""Tomatoes"": 5,
    ""Yoghurt"": 15,
    ""Remnants"": 0
}
```",68,"(shell)fish",5,"pasta",10,"cucumbers",5,"tomatoes",5,"dairy (cream)",15,NA,0,NA,NA,NA,NA,NA,NA,NA,NA,NA,NA,NA,NA,NA,NA,NA,NA,NA,NA,"```json
{
    ""Shrimps"": 5,
    ""Orzo"": 10,
    ""Cucumber"": 5,
    ""Tomatoes"": 5,
    ""Yoghurt"": 15,
    ""Remnants"": 0
}
```",68,"(shell)fish",5,"pasta",10,"cucumbers",5,"tomatoes",5,"dairy (cream)",15,NA,0,NA,NA,NA,NA,NA,NA,NA,NA,NA,NA,NA,NA,NA,NA,NA,NA,NA,NA,"```json
{
    ""Shrimps"": 5,
    ""Orzo"": 15,
    ""Cucumber"": 10,
    ""Tomatoes"": 5,
    ""Yoghurt"": 20,
    ""Remnants"": 0
}
```",68,"(shell)fish",5,"pasta",15,"cucumbers",10,"tomatoes",5,"dairy (cream)",20,NA,0,NA,NA,NA,NA,NA,NA,NA,NA,NA,NA,NA,NA,NA,NA,NA,NA,NA,NA,"```json
{
    ""Shrimps"": 10,
    ""Orzo"": 15,
    ""Cucumber"": 5,
    ""Tomato"": 5,
    ""Yoghurt"": 20,
    ""Remnants"": 0
}
```",68,"(shell)fish",10,"pasta",15,"cucumbers",5,"tomatoes",5,"dairy (cream)",20,NA,0,NA,NA,NA,NA,NA,NA,NA,NA,NA,NA,NA,NA,NA,NA,NA,NA,NA,NA,"```json
{
    ""Shrimps"": 10,
    ""Orzo"": 15,
    ""Cucumber"": 5,
    ""Tomato"": 5,
    ""Yoghurt"": 20,
    ""Remnants"": 0
}
```",68,"(shell)fish",10,"pasta",15,"cucumbers",5,"tomatoes",5,"dairy (cream)",20,NA,0,NA,NA,NA,NA,NA,NA,NA,NA,NA,NA,NA,NA,NA,NA,NA,NA,NA,NA,"```json
{
    ""Shrimps"": 10,
    ""Orzo"": 15,
    ""Cucumber"": 5,
    ""Tomato"": 5,
    ""Yoghurt"": 20,
    ""Remnants"": 0
}
```",68,"(shell)fish",10,"pasta",15,"cucumbers",5,"tomatoes",5,"dairy (cream)",20,NA,0,NA,NA,NA,NA,NA,NA,NA,NA,NA,NA,NA,NA,NA,NA,NA,NA,NA,NA,"```json
{
    ""Shrimps"": 10,
    ""Orzo"": 15,
    ""Cucumber"": 5,
    ""Tomato"": 5,
    ""Yoghurt"": 20
}
```",68,"(shell)fish",10,"pasta",15,"cucumbers",5,"tomatoes",5,"dairy (cream)",20,NA,NA,NA,NA,NA,NA,NA,NA,NA,NA,NA,NA,NA,NA,NA,NA,NA,NA,NA,NA,"```json
{
    ""Shrimps"": 10,
    ""Orzo"": 15,
    ""Cucumber"": 5,
    ""Tomato"": 5,
    ""Yoghurt"": 20
}
```",68,"(shell)fish",10,"pasta",15,"cucumbers",5,"tomatoes",5,"dairy (cream)",20,NA,NA,NA,NA,NA,NA,NA,NA,NA,NA,NA,NA,"```json
{
    ""Orzo"": 10,
    ""Cucumber"": 5,
    ""Tomato"": 5,
    ""Prawn"": 5,
    ""Sauce"": 10
}
```",68,"pasta",10,"cucumbers",5,"tomatoes",5,"(shell)fish",5,"sauce",10,NA,NA,NA,NA,NA,NA,"```json
{
    ""Orzo"": 10,
    ""Prawns"": 5,
    ""Cucumber"": 5,
    ""Tomato"": 5,
    ""Sauce"": 10
}
```",68,"pasta",10,"(shell)fish",5,"cucumbers",5,"tomatoes",5,"sauce",10,NA,NA,NA,NA,NA,NA,"```json
{
    ""Orzo"": 10,
    ""Cucumber"": 5,
    ""Tomato"": 5,
    ""Prawn"": 5,
    ""Sauce"": 10
}
```",68,"pasta",10,"cucumbers",5,"tomatoes",5,"(shell)fish",5,"sauce",10,NA,NA,NA,NA,NA,NA,"```json
{
    ""Orzo"": 10,
    ""Cucumber"": 5,
    ""Tomato"": 5,
    ""Prawn"": 5,
    ""Sauce"": 10
}
```",68,"pasta",10,"cucumbers",5,"tomatoes",5,"(shell)fish",5,"sauce",10,NA,NA,NA,NA,NA,NA,"```json
{
    ""orzo"": 15,
    ""cucumber"": 5,
    ""tomato"": 5,
    ""prawn"": 10,
    ""sauce"": 10
}
```",68,"pasta",15,"cucumbers",5,"tomatoes",5,"(shell)fish",10,"sauce",10,NA,NA,NA,NA,NA,NA,55,30,30,55,30,30,40,45,45,40,45,45,55,30,30,55,30,30,55,30,30,55,30,30,55,30,30,55,30,30,35,50,50,35,50,50,35,50,50,35,50,50,45,40,40,5,0,5,0,5,0,5,0,5,0,5,0,5,0,5,0,5,0,5,0,4,1,4,1,4,1,4,1,4,1
"Prawns in Mediterranean marinade on orzo","Mariam","45581","ShrimpOrzo",1,"finished","26,3",669,674,5,"Garnelen in mediterraner Marinade auf Orzo","https://www.hellofresh.de/recipes/garnelen-in-mediterraner-marinade-auf-orzo-salat-65b24289d1da3988cdd86722","Mitja_Wed_Meal1_3.jpg",2,"(shell)fish","pasta","cucumbers","tomatoes","garlic","tomatoes","dairy (cream)","spices","spices","fats or oils","fats or oils","water or broth",NA,NA,NA,"150g Shrimps; 180g orzo; 1  Cucumber; 2 Tomatoes; 2  Garlic cloves; 50g Tomato Pesto; 75g Yoghurt; 1 gram oregano; 2 gram spice mix; 1 tablespoon oil; 1 tablespoon olive oil; 350ml water"," Shrimps;  orzo;  Cucumber; Tomatoes;  Garlic ; Tomato Pesto; Yoghurt;  oregano;  spice mix;  oil;  olive oil; water",5,5,"```json
{
  ""Remnants"": 0 grams
}
```",69,NA,0,NA,NA,NA,NA,NA,NA,NA,NA,NA,NA,NA,NA,NA,NA,NA,NA,NA,NA,NA,NA,NA,NA,NA,NA,NA,NA,NA,NA,"```json
{
  ""Remnants"": 0 grams
}
```",69,NA,0,NA,NA,NA,NA,NA,NA,NA,NA,NA,NA,NA,NA,NA,NA,NA,NA,NA,NA,NA,NA,NA,NA,NA,NA,NA,NA,NA,NA,"```json
{
  ""Remnants"": 0 grams
}
```",69,NA,0,NA,NA,NA,NA,NA,NA,NA,NA,NA,NA,NA,NA,NA,NA,NA,NA,NA,NA,NA,NA,NA,NA,NA,NA,NA,NA,NA,NA,"```json
{
  ""Remnants"": 0 grams
}
```",69,NA,0,NA,NA,NA,NA,NA,NA,NA,NA,NA,NA,NA,NA,NA,NA,NA,NA,NA,NA,NA,NA,NA,NA,NA,NA,NA,NA,NA,NA,"```json
{
  ""Remnants"": 0 grams
}
```",69,NA,0,NA,NA,NA,NA,NA,NA,NA,NA,NA,NA,NA,NA,NA,NA,NA,NA,NA,NA,NA,NA,NA,NA,NA,NA,NA,NA,NA,NA,"```json
{
  ""Remnants"": 0 grams
}
```",69,NA,0,NA,NA,NA,NA,NA,NA,NA,NA,NA,NA,NA,NA,NA,NA,NA,NA,NA,NA,NA,NA,NA,NA,NA,NA,NA,NA,NA,NA,"```json
{
  ""Remnants"": 0 grams
}
```",69,NA,0,NA,NA,NA,NA,NA,NA,NA,NA,NA,NA,NA,NA,NA,NA,NA,NA,NA,NA,NA,NA,NA,NA,NA,NA,NA,NA,NA,NA,"```json
{
  ""Remnants"": 0 grams
}
```",69,NA,0,NA,NA,NA,NA,NA,NA,NA,NA,NA,NA,NA,NA,NA,NA,NA,NA,NA,NA,NA,NA,NA,NA,NA,NA,NA,NA,NA,NA,"```json
{
  ""Remnants"": 0 grams
}
```",69,NA,0,NA,NA,NA,NA,NA,NA,NA,NA,NA,NA,NA,NA,NA,NA,NA,NA,NA,NA,NA,NA,NA,NA,NA,NA,NA,NA,NA,NA,"```json
{
  ""Remnants"": 0 grams
}
```",69,NA,0,NA,NA,NA,NA,NA,NA,NA,NA,NA,NA,NA,NA,NA,NA,NA,NA,NA,NA,NA,NA,"```json
{""Remnants"": 0}
```",69,NA,NA,NA,NA,NA,NA,NA,NA,NA,NA,NA,NA,NA,NA,NA,NA,"```json
{""Remnants"": 0}
```",69,NA,NA,NA,NA,NA,NA,NA,NA,NA,NA,NA,NA,NA,NA,NA,NA,"```json
{""Remnants"": 0}
```",69,NA,NA,NA,NA,NA,NA,NA,NA,NA,NA,NA,NA,NA,NA,NA,NA,"```json
{""Remnants"": 0 grams}
```",69,NA,NA,NA,NA,NA,NA,NA,NA,NA,NA,NA,NA,NA,NA,NA,NA,"```json
{""Remnants"": 0 grams}
```",69,NA,NA,NA,NA,NA,NA,NA,NA,NA,NA,NA,NA,NA,NA,NA,NA,0,5,5,0,5,5,0,5,5,0,5,5,0,5,5,0,5,5,0,5,5,0,5,5,0,5,5,0,5,5,0,5,5,0,5,5,0,5,5,0,5,5,0,5,5,0,0,0,0,0,0,0,0,0,0,0,0,0,0,0,0,0,0,0,0,0,0,0,0,0,0,0,0,0,0
"Prawns in Mediterranean marinade on orzo","Mariam","45581","ShrimpOrzo",2,"50%-30%","26,3",668,916,248,"Garnelen in mediterraner Marinade auf Orzo","https://www.hellofresh.de/recipes/garnelen-in-mediterraner-marinade-auf-orzo-salat-65b24289d1da3988cdd86723","Mariam_Wed_Meal1_1.jpg",2,"(shell)fish","pasta","cucumbers","tomatoes","garlic","tomatoes","dairy (cream)","spices","spices","fats or oils","fats or oils","water or broth",NA,NA,NA,"150g Shrimps; 180g orzo; 1  Cucumber; 2 Tomatoes; 2  Garlic cloves; 50g Tomato Pesto; 75g Yoghurt; 1 gram oregano; 2 gram spice mix; 1 tablespoon oil; 1 tablespoon olive oil; 350ml water"," Shrimps;  orzo;  Cucumber; Tomatoes;  Garlic ; Tomato Pesto; Yoghurt;  oregano;  spice mix;  oil;  olive oil; water",248,248,"```json
{
    ""Shrimps"": 30,
    ""Orzo"": 50,
    ""Cucumber"": 20,
    ""Tomatoes"": 25,
    ""Garlic"": 5,
    ""Tomato Pesto"": 10,
    ""Yoghurt"": 40,
    ""Oregano"": 1,
    ""Spice Mix"": 2,
    ""Oil"": 5,
    ""Olive Oil"": 5,
    ""Water"": 0
}
```",31,"(shell)fish",30,"pasta",50,"cucumbers",20,"tomatoes",25,"garlic",5,"tomatoes",10,"dairy (cream)",40,"spices",1,"spices",2,"fats or oils",5,"fats or oils",5,"water or broth",0,NA,NA,NA,NA,NA,NA,"```json
{
    ""Shrimps"": 30,
    ""Orzo"": 50,
    ""Cucumber"": 20,
    ""Tomatoes"": 25,
    ""Garlic"": 5,
    ""Tomato Pesto"": 10,
    ""Yoghurt"": 40,
    ""Oregano"": 1,
    ""Spice Mix"": 2,
    ""Oil"": 3,
    ""Olive Oil"": 3,
    ""Water"": 0
}
```",31,"(shell)fish",30,"pasta",50,"cucumbers",20,"tomatoes",25,"garlic",5,"tomatoes",10,"dairy (cream)",40,"spices",1,"spices",2,"fats or oils",3,"fats or oils",3,"water or broth",0,NA,NA,NA,NA,NA,NA,"```json
{
    ""Shrimps"": 30,
    ""Orzo"": 50,
    ""Cucumber"": 20,
    ""Tomatoes"": 25,
    ""Garlic"": 5,
    ""Tomato Pesto"": 10,
    ""Yoghurt"": 40,
    ""Oregano"": 1,
    ""Spice Mix"": 2,
    ""Oil"": 5,
    ""Olive Oil"": 5,
    ""Water"": 0
}
```",31,"(shell)fish",30,"pasta",50,"cucumbers",20,"tomatoes",25,"garlic",5,"tomatoes",10,"dairy (cream)",40,"spices",1,"spices",2,"fats or oils",5,"fats or oils",5,"water or broth",0,NA,NA,NA,NA,NA,NA,"```json
{
    ""Shrimps"": 30,
    ""Orzo"": 50,
    ""Cucumber"": 20,
    ""Tomatoes"": 25,
    ""Garlic"": 5,
    ""Tomato Pesto"": 10,
    ""Yoghurt"": 40,
    ""Oregano"": 1,
    ""Spice Mix"": 2,
    ""Oil"": 5,
    ""Olive Oil"": 5,
    ""Water"": 0
}
```",31,"(shell)fish",30,"pasta",50,"cucumbers",20,"tomatoes",25,"garlic",5,"tomatoes",10,"dairy (cream)",40,"spices",1,"spices",2,"fats or oils",5,"fats or oils",5,"water or broth",0,NA,NA,NA,NA,NA,NA,"```json
{
    ""Shrimps"": 30,
    ""Orzo"": 50,
    ""Cucumber"": 20,
    ""Tomatoes"": 25,
    ""Garlic"": 5,
    ""Tomato Pesto"": 10,
    ""Yoghurt"": 40,
    ""Oregano"": 1,
    ""Spice Mix"": 2,
    ""Oil"": 3,
    ""Olive Oil"": 3,
    ""Water"": 0
}
```",31,"(shell)fish",30,"pasta",50,"cucumbers",20,"tomatoes",25,"garlic",5,"tomatoes",10,"dairy (cream)",40,"spices",1,"spices",2,"fats or oils",3,"fats or oils",3,"water or broth",0,NA,NA,NA,NA,NA,NA,"```json
{
    ""Shrimps"": 30,
    ""Orzo"": 50,
    ""Cucumber"": 20,
    ""Tomatoes"": 25,
    ""Yoghurt"": 40
}
```",31,"(shell)fish",30,"pasta",50,"cucumbers",20,"tomatoes",25,"dairy (cream)",40,NA,NA,NA,NA,NA,NA,NA,NA,NA,NA,NA,NA,NA,NA,NA,NA,NA,NA,NA,NA,"```json
{
    ""Shrimps"": 30,
    ""Orzo"": 50,
    ""Cucumber"": 20,
    ""Tomatoes"": 25,
    ""Yoghurt"": 40
}
```",31,"(shell)fish",30,"pasta",50,"cucumbers",20,"tomatoes",25,"dairy (cream)",40,NA,NA,NA,NA,NA,NA,NA,NA,NA,NA,NA,NA,NA,NA,NA,NA,NA,NA,NA,NA,"```json
{
    ""Shrimps"": 30,
    ""Orzo"": 50,
    ""Cucumber"": 20,
    ""Tomatoes"": 25,
    ""Yoghurt"": 40
}
```",31,"(shell)fish",30,"pasta",50,"cucumbers",20,"tomatoes",25,"dairy (cream)",40,NA,NA,NA,NA,NA,NA,NA,NA,NA,NA,NA,NA,NA,NA,NA,NA,NA,NA,NA,NA,"```json
{
    ""Shrimps"": 30,
    ""Orzo"": 50,
    ""Cucumber"": 20,
    ""Tomatoes"": 25,
    ""Yoghurt"": 40
}
```",31,"(shell)fish",30,"pasta",50,"cucumbers",20,"tomatoes",25,"dairy (cream)",40,NA,NA,NA,NA,NA,NA,NA,NA,NA,NA,NA,NA,NA,NA,NA,NA,NA,NA,NA,NA,"```json
{
    ""Shrimps"": 30,
    ""Orzo"": 50,
    ""Cucumber"": 20,
    ""Tomatoes"": 25,
    ""Yoghurt"": 40
}
```",31,"(shell)fish",30,"pasta",50,"cucumbers",20,"tomatoes",25,"dairy (cream)",40,NA,NA,NA,NA,NA,NA,NA,NA,NA,NA,NA,NA,"```json
{
    ""prawns"": 30,
    ""orzo"": 50,
    ""tomato"": 20,
    ""cucumber"": 15,
    ""yogurt sauce"": 40
}
```",31,"(shell)fish",30,"pasta",50,"tomatoes",20,"cucumbers",15,"dairy (cream)",40,NA,NA,NA,NA,NA,NA,"```json
{
    ""prawns"": 30,
    ""orzo"": 50,
    ""tomato"": 20,
    ""cucumber"": 15,
    ""yogurt sauce"": 40
}
```",31,"(shell)fish",30,"pasta",50,"tomatoes",20,"cucumbers",15,"dairy (cream)",40,NA,NA,NA,NA,NA,NA,"```json
{
    ""prawns"": 30,
    ""orzo"": 50,
    ""tomato"": 20,
    ""cucumber"": 15,
    ""yogurt sauce"": 40
}
```",31,"(shell)fish",30,"pasta",50,"tomatoes",20,"cucumbers",15,"dairy (cream)",40,NA,NA,NA,NA,NA,NA,"```json
{
    ""prawns"": 30,
    ""orzo"": 50,
    ""tomato"": 20,
    ""cucumber"": 15,
    ""yogurt sauce"": 40
}
```",31,"(shell)fish",30,"pasta",50,"tomatoes",20,"cucumbers",15,"dairy (cream)",40,NA,NA,NA,NA,NA,NA,"```json
{
    ""prawns"": 30,
    ""orzo"": 50,
    ""tomato"": 20,
    ""cucumber"": 15,
    ""yogurt sauce"": 40
}
```",31,"(shell)fish",30,"pasta",50,"tomatoes",20,"cucumbers",15,"dairy (cream)",40,NA,NA,NA,NA,NA,NA,193,55,55,189,59,59,193,55,55,193,55,55,189,59,59,165,83,83,165,83,83,165,83,83,165,83,83,165,83,83,155,93,93,155,93,93,155,93,93,155,93,93,155,93,93,9,0,9,0,9,0,9,0,9,0,5,0,5,0,5,0,5,0,5,0,5,0,5,0,5,0,5,0,5,0
"Prawns in Mediterranean marinade on orzo","Mariam","45581","ShrimpOrzo",2,"10%-30%","26,3",668,793,125,"Garnelen in mediterraner Marinade auf Orzo","https://www.hellofresh.de/recipes/garnelen-in-mediterraner-marinade-auf-orzo-salat-65b24289d1da3988cdd86724","Mariam_Wed_Meal1_2.jpg",2,"(shell)fish","pasta","cucumbers","tomatoes","garlic","tomatoes","dairy (cream)","spices","spices","fats or oils","fats or oils","water or broth",NA,NA,NA,"150g Shrimps; 180g orzo; 1  Cucumber; 2 Tomatoes; 2  Garlic cloves; 50g Tomato Pesto; 75g Yoghurt; 1 gram oregano; 2 gram spice mix; 1 tablespoon oil; 1 tablespoon olive oil; 350ml water"," Shrimps;  orzo;  Cucumber; Tomatoes;  Garlic ; Tomato Pesto; Yoghurt;  oregano;  spice mix;  oil;  olive oil; water",125,125,"```json
{
    ""Shrimps"": 10,
    ""Orzo"": 15,
    ""Cucumber"": 5,
    ""Tomatoes"": 5,
    ""Yoghurt"": 10,
    ""Remnants"": 0
}
```",32,"(shell)fish",10,"pasta",15,"cucumbers",5,"tomatoes",5,"dairy (cream)",10,NA,0,NA,NA,NA,NA,NA,NA,NA,NA,NA,NA,NA,NA,NA,NA,NA,NA,NA,NA,"```json
{
    ""Shrimps"": 10,
    ""Orzo"": 15,
    ""Cucumber"": 5,
    ""Tomatoes"": 5,
    ""Yoghurt"": 10,
    ""Remnants"": 0
}
```",32,"(shell)fish",10,"pasta",15,"cucumbers",5,"tomatoes",5,"dairy (cream)",10,NA,0,NA,NA,NA,NA,NA,NA,NA,NA,NA,NA,NA,NA,NA,NA,NA,NA,NA,NA,"```json
{
    ""Shrimps"": 10,
    ""Orzo"": 15,
    ""Cucumber"": 5,
    ""Tomatoes"": 5,
    ""Yoghurt"": 10,
    ""Remnants"": 0
}
```",32,"(shell)fish",10,"pasta",15,"cucumbers",5,"tomatoes",5,"dairy (cream)",10,NA,0,NA,NA,NA,NA,NA,NA,NA,NA,NA,NA,NA,NA,NA,NA,NA,NA,NA,NA,"```json
{
    ""Shrimps"": 10,
    ""Orzo"": 15,
    ""Cucumber"": 5,
    ""Tomatoes"": 5,
    ""Yoghurt"": 10,
    ""Remnants"": 0
}
```",32,"(shell)fish",10,"pasta",15,"cucumbers",5,"tomatoes",5,"dairy (cream)",10,NA,0,NA,NA,NA,NA,NA,NA,NA,NA,NA,NA,NA,NA,NA,NA,NA,NA,NA,NA,"```json
{
    ""Shrimps"": 10,
    ""Orzo"": 15,
    ""Cucumber"": 5,
    ""Tomatoes"": 5,
    ""Yoghurt"": 10,
    ""Remnants"": 0
}
```",32,"(shell)fish",10,"pasta",15,"cucumbers",5,"tomatoes",5,"dairy (cream)",10,NA,0,NA,NA,NA,NA,NA,NA,NA,NA,NA,NA,NA,NA,NA,NA,NA,NA,NA,NA,"```json
{
    ""Shrimps"": 20,
    ""Orzo"": 15,
    ""Cucumber"": 10,
    ""Tomatoes"": 15,
    ""Yoghurt"": 20
}
```",32,"(shell)fish",20,"pasta",15,"cucumbers",10,"tomatoes",15,"dairy (cream)",20,NA,NA,NA,NA,NA,NA,NA,NA,NA,NA,NA,NA,NA,NA,NA,NA,NA,NA,NA,NA,"```json
{
    ""Shrimps"": 20,
    ""Orzo"": 15,
    ""Cucumber"": 10,
    ""Tomatoes"": 15,
    ""Yoghurt"": 20
}
```",32,"(shell)fish",20,"pasta",15,"cucumbers",10,"tomatoes",15,"dairy (cream)",20,NA,NA,NA,NA,NA,NA,NA,NA,NA,NA,NA,NA,NA,NA,NA,NA,NA,NA,NA,NA,"```json
{
    ""Shrimps"": 20,
    ""Orzo"": 15,
    ""Cucumber"": 10,
    ""Tomatoes"": 10,
    ""Yoghurt"": 20,
    ""Remnants"": 5
}
```",32,"(shell)fish",20,"pasta",15,"cucumbers",10,"tomatoes",10,"dairy (cream)",20,NA,5,NA,NA,NA,NA,NA,NA,NA,NA,NA,NA,NA,NA,NA,NA,NA,NA,NA,NA,"```json
{
    ""Shrimps"": 20,
    ""Orzo"": 15,
    ""Cucumber"": 10,
    ""Tomato"": 15,
    ""Yoghurt"": 20
}
```",32,"(shell)fish",20,"pasta",15,"cucumbers",10,"tomatoes",15,"dairy (cream)",20,NA,NA,NA,NA,NA,NA,NA,NA,NA,NA,NA,NA,NA,NA,NA,NA,NA,NA,NA,NA,"```json
{
    ""Shrimps"": 20,
    ""Orzo"": 15,
    ""Cucumber"": 10,
    ""Tomatoes"": 10,
    ""Yoghurt"": 20
}
```",32,"(shell)fish",20,"pasta",15,"cucumbers",10,"tomatoes",10,"dairy (cream)",20,NA,NA,NA,NA,NA,NA,NA,NA,NA,NA,NA,NA,"```json
{
    ""Prawns"": 10,
    ""Orzo"": 15,
    ""Cucumber"": 5,
    ""Tomato"": 5,
    ""Sauce"": 10
}
```",32,"(shell)fish",10,"pasta",15,"cucumbers",5,"tomatoes",5,"sauce",10,NA,NA,NA,NA,NA,NA,"```json
{
    ""Prawns"": 10,
    ""Orzo"": 15,
    ""Cucumber"": 5,
    ""Tomato"": 5,
    ""Sauce"": 10
}
```",32,"(shell)fish",10,"pasta",15,"cucumbers",5,"tomatoes",5,"sauce",10,NA,NA,NA,NA,NA,NA,"```json
{
    ""Prawns"": 10,
    ""Orzo"": 15,
    ""Cucumber"": 5,
    ""Tomato"": 5,
    ""Sauce"": 10
}
```",32,"(shell)fish",10,"pasta",15,"cucumbers",5,"tomatoes",5,"sauce",10,NA,NA,NA,NA,NA,NA,"```json
{
    ""Prawns"": 10,
    ""Orzo"": 15,
    ""Cucumber"": 5,
    ""Tomato"": 5,
    ""Sauce"": 10
}
```",32,"(shell)fish",10,"pasta",15,"cucumbers",5,"tomatoes",5,"sauce",10,NA,NA,NA,NA,NA,NA,"```json
{
    ""Prawns"": 10,
    ""Orzo"": 15,
    ""Cucumber"": 5,
    ""Tomato"": 5,
    ""Sauce"": 10
}
```",32,"(shell)fish",10,"pasta",15,"cucumbers",5,"tomatoes",5,"sauce",10,NA,NA,NA,NA,NA,NA,45,80,80,45,80,80,45,80,80,45,80,80,45,80,80,80,45,45,80,45,45,80,45,45,80,45,45,75,50,50,45,80,80,45,80,80,45,80,80,45,80,80,45,80,80,5,0,5,0,5,0,5,0,5,0,5,0,5,0,5,0,5,0,5,0,4,1,4,1,4,1,4,1,4,1
"Prawns in Mediterranean marinade on orzo","Mariam","45581","ShrimpOrzo",2,"finished","26,3",668,673,5,"Garnelen in mediterraner Marinade auf Orzo","https://www.hellofresh.de/recipes/garnelen-in-mediterraner-marinade-auf-orzo-salat-65b24289d1da3988cdd86725","Mariam_Wed_Meal1_3.jpg",2,"(shell)fish","pasta","cucumbers","tomatoes","garlic","tomatoes","dairy (cream)","spices","spices","fats or oils","fats or oils","water or broth",NA,NA,NA,"150g Shrimps; 180g orzo; 1  Cucumber; 2 Tomatoes; 2  Garlic cloves; 50g Tomato Pesto; 75g Yoghurt; 1 gram oregano; 2 gram spice mix; 1 tablespoon oil; 1 tablespoon olive oil; 350ml water"," Shrimps;  orzo;  Cucumber; Tomatoes;  Garlic ; Tomato Pesto; Yoghurt;  oregano;  spice mix;  oil;  olive oil; water",5,5,"```json
{
  ""Remnants"": 0 grams
}
```",33,NA,0,NA,NA,NA,NA,NA,NA,NA,NA,NA,NA,NA,NA,NA,NA,NA,NA,NA,NA,NA,NA,NA,NA,NA,NA,NA,NA,NA,NA,"```json
{
  ""Remnants"": 0 grams
}
```",33,NA,0,NA,NA,NA,NA,NA,NA,NA,NA,NA,NA,NA,NA,NA,NA,NA,NA,NA,NA,NA,NA,NA,NA,NA,NA,NA,NA,NA,NA,"```json
{
  ""Remnants"": 0 grams
}
```",33,NA,0,NA,NA,NA,NA,NA,NA,NA,NA,NA,NA,NA,NA,NA,NA,NA,NA,NA,NA,NA,NA,NA,NA,NA,NA,NA,NA,NA,NA,"```json
{
  ""Remnants"": 0 grams
}
```",33,NA,0,NA,NA,NA,NA,NA,NA,NA,NA,NA,NA,NA,NA,NA,NA,NA,NA,NA,NA,NA,NA,NA,NA,NA,NA,NA,NA,NA,NA,"```json
{
  ""Remnants"": 0 grams
}
```",33,NA,0,NA,NA,NA,NA,NA,NA,NA,NA,NA,NA,NA,NA,NA,NA,NA,NA,NA,NA,NA,NA,NA,NA,NA,NA,NA,NA,NA,NA,"```json
{
  ""Remnants"": 0 grams
}
```",33,NA,0,NA,NA,NA,NA,NA,NA,NA,NA,NA,NA,NA,NA,NA,NA,NA,NA,NA,NA,NA,NA,NA,NA,NA,NA,NA,NA,NA,NA,"```json
{""Remnants"": 0 grams}
```",33,NA,NA,NA,NA,NA,NA,NA,NA,NA,NA,NA,NA,NA,NA,NA,NA,NA,NA,NA,NA,NA,NA,NA,NA,NA,NA,NA,NA,NA,NA,"```json
{
  ""Remnants"": 0 grams
}
```",33,NA,0,NA,NA,NA,NA,NA,NA,NA,NA,NA,NA,NA,NA,NA,NA,NA,NA,NA,NA,NA,NA,NA,NA,NA,NA,NA,NA,NA,NA,"```json
{
  ""Remnants"": 0 grams
}
```",33,NA,0,NA,NA,NA,NA,NA,NA,NA,NA,NA,NA,NA,NA,NA,NA,NA,NA,NA,NA,NA,NA,NA,NA,NA,NA,NA,NA,NA,NA,"```json
{
  ""Remnants"": 0 grams
}
```",33,NA,0,NA,NA,NA,NA,NA,NA,NA,NA,NA,NA,NA,NA,NA,NA,NA,NA,NA,NA,NA,NA,"```json
{""Remnants"": 0}
```",33,NA,NA,NA,NA,NA,NA,NA,NA,NA,NA,NA,NA,NA,NA,NA,NA,"```json
{
  ""Remnants"": 0
}
```",33,NA,0,NA,NA,NA,NA,NA,NA,NA,NA,NA,NA,NA,NA,NA,NA,"```json
{
  ""Remnants"": 0
}
```",33,NA,0,NA,NA,NA,NA,NA,NA,NA,NA,NA,NA,NA,NA,NA,NA,"```json
{
  ""Remnants"": 0
}
```",33,NA,0,NA,NA,NA,NA,NA,NA,NA,NA,NA,NA,NA,NA,NA,NA,"```json
{""Remnants"": 0}
```",33,NA,NA,NA,NA,NA,NA,NA,NA,NA,NA,NA,NA,NA,NA,NA,NA,0,5,5,0,5,5,0,5,5,0,5,5,0,5,5,0,5,5,0,5,5,0,5,5,0,5,5,0,5,5,0,5,5,0,5,5,0,5,5,0,5,5,0,5,5,0,0,0,0,0,0,0,0,0,0,0,0,0,0,0,0,0,0,0,0,0,0,0,0,0,0,0,0,0,0
"skandi hake in cream and mustard sauce with lemon rice and cucumber salad","Nina","45583","Fish",1,"50-30%","26.8",658,833,175,"skandi hake in cream and mustard sauce with lemon rice and cucumber salad","https://www.hellofresh.de/recipes/skandi-seehecht-in-sahne-senf-sosse-64916bcb7c7d6edb8b03aee2","Nina_Day2_fish1_50.jpg",3,"(shell)fish","rice","cucumbers","onion","lemon or lime","herbs","dairy (cream)","vinaigrette","water or broth","fats or oils","spices",NA,NA,NA,NA,"375g Hake; 225g Rice; 1  Cucumber; 2  Shallot; 2 Lemon; 10g Dill; 200g Cream; 20ml Mustard; 600ml Water; 1.5 tablespoon oil; 1.5 teaspoon sugar"," Hake;  Rice;  Cucumber;  Shallot; Lemon; Dill;  Cream; Mustard; Water;  oil;  sugar",175,175,"```json
{
    ""Hake"": 30,
    ""Rice"": 50,
    ""Cucumber"": 10,
    ""Shallot"": 5,
    ""Lemon"": 2,
    ""Dill"": 1,
    ""Cream"": 20,
    ""Mustard"": 1,
    ""Water"": 0,
    ""Oil"": 1,
    ""Sugar"": 0
}
```",82,"(shell)fish",30,"rice",50,"cucumbers",10,"onion",5,"lemon or lime",2,"herbs",1,"dairy (cream)",20,"vinaigrette",1,"water or broth",0,"fats or oils",1,"spices",0,NA,NA,NA,NA,NA,NA,NA,NA,"```json
{
    ""Hake"": 30,
    ""Rice"": 50,
    ""Cucumber"": 10,
    ""Shallot"": 5,
    ""Lemon"": 2,
    ""Dill"": 1,
    ""Cream"": 20,
    ""Mustard"": 1,
    ""Water"": 5,
    ""Oil"": 1,
    ""Sugar"": 1
}
```",82,"(shell)fish",30,"rice",50,"cucumbers",10,"onion",5,"lemon or lime",2,"herbs",1,"dairy (cream)",20,"vinaigrette",1,"water or broth",5,"fats or oils",1,"spices",1,NA,NA,NA,NA,NA,NA,NA,NA,"```json
{
    ""Rice"": 50,
    ""Hake"": 40,
    ""Cucumber"": 10,
    ""Cream Sauce"": 30
}
```",82,"rice",50,"(shell)fish",40,"cucumbers",10,"dairy (cream)",30,NA,NA,NA,NA,NA,NA,NA,NA,NA,NA,NA,NA,NA,NA,NA,NA,NA,NA,NA,NA,NA,NA,"```json
{
    ""Hake"": 30,
    ""Rice"": 50,
    ""Cucumber"": 10,
    ""Shallot"": 5,
    ""Lemon"": 2,
    ""Dill"": 1,
    ""Cream"": 20,
    ""Mustard"": 1,
    ""Water"": 0,
    ""Oil"": 1,
    ""Sugar"": 0
}
```",82,"(shell)fish",30,"rice",50,"cucumbers",10,"onion",5,"lemon or lime",2,"herbs",1,"dairy (cream)",20,"vinaigrette",1,"water or broth",0,"fats or oils",1,"spices",0,NA,NA,NA,NA,NA,NA,NA,NA,"```json
{
    ""Hake"": 30,
    ""Rice"": 50,
    ""Cucumber"": 10,
    ""Shallot"": 5,
    ""Lemon"": 2,
    ""Dill"": 1,
    ""Cream"": 20,
    ""Mustard"": 1,
    ""Water"": 0,
    ""Oil"": 1,
    ""Sugar"": 0
}
```",82,"(shell)fish",30,"rice",50,"cucumbers",10,"onion",5,"lemon or lime",2,"herbs",1,"dairy (cream)",20,"vinaigrette",1,"water or broth",0,"fats or oils",1,"spices",0,NA,NA,NA,NA,NA,NA,NA,NA,"```json
{
  ""Rice"": 60,
  ""Hake in Cream Sauce"": 80,
  ""Cucumber"": 10
}
```",82,"rice",60,"(shell)fish",80,"cucumbers",10,NA,NA,NA,NA,NA,NA,NA,NA,NA,NA,NA,NA,NA,NA,NA,NA,NA,NA,NA,NA,NA,NA,NA,NA,"```json
{
  ""Rice"": 60,
  ""Hake in Cream Sauce"": 80,
  ""Cucumber"": 10
}
```",82,"rice",60,"(shell)fish",80,"cucumbers",10,NA,NA,NA,NA,NA,NA,NA,NA,NA,NA,NA,NA,NA,NA,NA,NA,NA,NA,NA,NA,NA,NA,NA,NA,"```json
{
    ""Rice"": 60,
    ""Hake"": 50,
    ""Cream Sauce"": 40,
    ""Cucumber"": 10,
    ""Dill"": 2
}
```",82,"rice",60,"(shell)fish",50,"dairy (cream)",40,"cucumbers",10,"herbs",2,NA,NA,NA,NA,NA,NA,NA,NA,NA,NA,NA,NA,NA,NA,NA,NA,NA,NA,NA,NA,"```json
{
    ""Rice"": 60,
    ""Hake"": 50,
    ""Cucumber"": 10,
    ""Cream Sauce"": 30
}
```",82,"rice",60,"(shell)fish",50,"cucumbers",10,"dairy (cream)",30,NA,NA,NA,NA,NA,NA,NA,NA,NA,NA,NA,NA,NA,NA,NA,NA,NA,NA,NA,NA,NA,NA,"```json
{
    ""Rice"": 60,
    ""Hake"": 50,
    ""Cucumber"": 10,
    ""Cream Sauce"": 40
}
```",82,"rice",60,"(shell)fish",50,"cucumbers",10,"dairy (cream)",40,NA,NA,NA,NA,NA,NA,NA,NA,NA,NA,NA,NA,NA,NA,"```json
{
    ""Rice"": 50,
    ""Cream and Mustard Sauce"": 30,
    ""Hake"": 40,
    ""Cucumber"": 10
}
```",82,"rice",50,"dairy (cream)",30,"(shell)fish",40,"cucumbers",10,NA,NA,NA,NA,NA,NA,NA,NA,"```json
{
    ""Rice"": 50,
    ""Cream and Mustard Sauce"": 30,
    ""Hake"": 40,
    ""Cucumber"": 10,
    ""Herbs"": 5
}
```",82,"rice",50,"dairy (cream)",30,"(shell)fish",40,"cucumbers",10,"herbs",5,NA,NA,NA,NA,NA,NA,"```json
{
    ""Rice"": 50,
    ""Cream and Mustard Sauce"": 30,
    ""Hake"": 40,
    ""Cucumber"": 10,
    ""Herbs"": 5
}
```",82,"rice",50,"dairy (cream)",30,"(shell)fish",40,"cucumbers",10,"herbs",5,NA,NA,NA,NA,NA,NA,"```json
{
    ""Rice"": 50,
    ""Cream and Mustard Sauce"": 30,
    ""Hake"": 40,
    ""Cucumber"": 10,
    ""Herbs"": 5
}
```",82,"rice",50,"dairy (cream)",30,"(shell)fish",40,"cucumbers",10,"herbs",5,NA,NA,NA,NA,NA,NA,"```json
{
    ""Rice"": 50,
    ""Cream and Mustard Sauce"": 30,
    ""Hake"": 40,
    ""Cucumber"": 10,
    ""Herbs"": 5
}
```",82,"rice",50,"dairy (cream)",30,"(shell)fish",40,"cucumbers",10,"herbs",5,NA,NA,NA,NA,NA,NA,120,55,55,126,49,49,130,45,45,120,55,55,120,55,55,150,25,25,150,25,25,162,13,13,150,25,25,160,15,15,130,45,45,135,40,40,135,40,40,135,40,40,135,40,40,11,0,11,0,4,0,11,0,11,0,3,0,3,0,5,0,4,0,4,0,4,0,5,0,5,0,5,0,5,0
"skandi hake in cream and mustard sauce with lemon rice and cucumber salad","Nina","45583","Fish",1,"30-10%","26.8",658,710,52,"skandi hake in cream and mustard sauce with lemon rice and cucumber salad","https://www.hellofresh.de/recipes/skandi-seehecht-in-sahne-senf-sosse-64916bcb7c7d6edb8b03aee3","Nina_Day2_fish1_30.jpg",3,"(shell)fish","rice","cucumbers","onion","lemon or lime","herbs","dairy (cream)","vinaigrette","water or broth","fats or oils","spices",NA,NA,NA,NA,"375g Hake; 225g Rice; 1  Cucumber; 2  Shallot; 2 Lemon; 10g Dill; 200g Cream; 20ml Mustard; 600ml Water; 1.5 tablespoon oil; 1.5 teaspoon sugar"," Hake;  Rice;  Cucumber;  Shallot; Lemon; Dill;  Cream; Mustard; Water;  oil;  sugar",52,52,"```json
{
    ""Rice"": 20,
    ""Hake"": 5,
    ""Cucumber"": 2,
    ""Shallot"": 1,
    ""Lemon"": 1,
    ""Dill"": 1,
    ""Cream"": 3,
    ""Mustard"": 1,
    ""Oil"": 1,
    ""Sugar"": 0
}
```",81,"rice",20,"(shell)fish",5,"cucumbers",2,"onion",1,"lemon or lime",1,"herbs",1,"dairy (cream)",3,"vinaigrette",1,"fats or oils",1,"spices",0,NA,NA,NA,NA,NA,NA,NA,NA,NA,NA,"```json
{
    ""Rice"": 20,
    ""Hake"": 5,
    ""Cucumber"": 2,
    ""Shallot"": 1,
    ""Lemon"": 1,
    ""Dill"": 1,
    ""Cream"": 2,
    ""Mustard"": 1,
    ""Oil"": 1,
    ""Sugar"": 0,
    ""Water"": 0
}
```",81,"rice",20,"(shell)fish",5,"cucumbers",2,"onion",1,"lemon or lime",1,"herbs",1,"dairy (cream)",2,"vinaigrette",1,"fats or oils",1,"spices",0,"water or broth",0,NA,NA,NA,NA,NA,NA,NA,NA,"```json
{
    ""Rice"": 20,
    ""Hake"": 5,
    ""Cucumber"": 2,
    ""Shallot"": 1,
    ""Lemon"": 1,
    ""Dill"": 1,
    ""Cream"": 3,
    ""Mustard"": 1,
    ""Oil"": 1,
    ""Sugar"": 0,
    ""Water"": 0
}
```",81,"rice",20,"(shell)fish",5,"cucumbers",2,"onion",1,"lemon or lime",1,"herbs",1,"dairy (cream)",3,"vinaigrette",1,"fats or oils",1,"spices",0,"water or broth",0,NA,NA,NA,NA,NA,NA,NA,NA,"```json
{
    ""Rice"": 20,
    ""Hake"": 5,
    ""Cucumber"": 2,
    ""Shallot"": 1,
    ""Lemon"": 1,
    ""Dill"": 1,
    ""Cream"": 3,
    ""Mustard"": 1,
    ""Oil"": 1,
    ""Sugar"": 0,
    ""Water"": 0
}
```",81,"rice",20,"(shell)fish",5,"cucumbers",2,"onion",1,"lemon or lime",1,"herbs",1,"dairy (cream)",3,"vinaigrette",1,"fats or oils",1,"spices",0,"water or broth",0,NA,NA,NA,NA,NA,NA,NA,NA,"```json
{
    ""Rice"": 20,
    ""Hake"": 5,
    ""Cucumber"": 2,
    ""Shallot"": 1,
    ""Lemon"": 1,
    ""Dill"": 1,
    ""Cream"": 3,
    ""Mustard"": 1,
    ""Oil"": 1,
    ""Sugar"": 0
}
```",81,"rice",20,"(shell)fish",5,"cucumbers",2,"onion",1,"lemon or lime",1,"herbs",1,"dairy (cream)",3,"vinaigrette",1,"fats or oils",1,"spices",0,NA,NA,NA,NA,NA,NA,NA,NA,NA,NA,"```json
{
    ""Rice"": 30,
    ""Sauce remnants"": 5
}
```",81,"rice",30,"sauce",5,NA,NA,NA,NA,NA,NA,NA,NA,NA,NA,NA,NA,NA,NA,NA,NA,NA,NA,NA,NA,NA,NA,NA,NA,NA,NA,"```json
{
  ""Rice"": 30,
  ""Sauce remnants"": 5
}
```",81,"rice",30,"sauce",5,NA,NA,NA,NA,NA,NA,NA,NA,NA,NA,NA,NA,NA,NA,NA,NA,NA,NA,NA,NA,NA,NA,NA,NA,NA,NA,"```json
{
  ""Rice"": 30,
  ""Sauce remnants"": 5
}
```",81,"rice",30,"sauce",5,NA,NA,NA,NA,NA,NA,NA,NA,NA,NA,NA,NA,NA,NA,NA,NA,NA,NA,NA,NA,NA,NA,NA,NA,NA,NA,"```json
{
  ""Rice"": 30,
  ""Sauce remnants"": 5
}
```",81,"rice",30,"sauce",5,NA,NA,NA,NA,NA,NA,NA,NA,NA,NA,NA,NA,NA,NA,NA,NA,NA,NA,NA,NA,NA,NA,NA,NA,NA,NA,"```json
{
  ""Rice"": 30,
  ""Sauce remnants"": 5
}
```",81,"rice",30,"sauce",5,NA,NA,NA,NA,NA,NA,NA,NA,NA,NA,NA,NA,NA,NA,NA,NA,NA,NA,"```json
{
    ""Rice"": 30,
    ""Sauce remnants"": 5,
    ""Herbs"": 2,
    ""Cucumber remnants"": 3
}
```",81,"rice",30,"sauce",5,"herbs",2,"cucumbers",3,NA,NA,NA,NA,NA,NA,NA,NA,"```json
{
    ""Rice"": 30,
    ""Sauce"": 10,
    ""Herbs"": 2,
    ""Remnants"": 0
}
```",81,"rice",30,"sauce",10,"herbs",2,NA,0,NA,NA,NA,NA,NA,NA,NA,NA,"```json
{
    ""Rice"": 30,
    ""Cream and Mustard Sauce"": 5,
    ""Herbs"": 2,
    ""Remnants"": 0
}
```",81,"rice",30,"dairy (cream)",5,"herbs",2,NA,0,NA,NA,NA,NA,NA,NA,NA,NA,"```json
{
    ""Rice"": 30,
    ""Sauce remnants"": 5,
    ""Herbs"": 2,
    ""Cucumber remnants"": 3
}
```",81,"rice",30,"sauce",5,"herbs",2,"cucumbers",3,NA,NA,NA,NA,NA,NA,NA,NA,"```json
{
    ""Rice"": 30,
    ""Cream and Mustard Sauce"": 10,
    ""Herbs"": 2,
    ""Remnants"": 0
}
```",81,"rice",30,"dairy (cream)",10,"herbs",2,NA,0,NA,NA,NA,NA,NA,NA,NA,NA,35,17,17,34,18,18,35,17,17,35,17,17,35,17,17,35,17,17,35,17,17,35,17,17,35,17,17,35,17,17,40,12,12,42,10,10,37,15,15,40,12,12,42,10,10,10,0,11,0,11,0,11,0,10,0,1,1,1,1,1,1,1,1,1,1,3,1,2,1,3,0,3,1,3,0
"skandi hake in cream and mustard sauce with lemon rice and cucumber salad","Nina","45583","Fish",1,"finished","26.8",658,664,6,"skandi hake in cream and mustard sauce with lemon rice and cucumber salad","https://www.hellofresh.de/recipes/skandi-seehecht-in-sahne-senf-sosse-64916bcb7c7d6edb8b03aee4","Nina_Day2_fish1_0.jpg",3,"(shell)fish","rice","cucumbers","onion","lemon or lime","herbs","dairy (cream)","vinaigrette","water or broth","fats or oils","spices",NA,NA,NA,NA,"375g Hake; 225g Rice; 1  Cucumber; 2  Shallot; 2 Lemon; 10g Dill; 200g Cream; 20ml Mustard; 600ml Water; 1.5 tablespoon oil; 1.5 teaspoon sugar"," Hake;  Rice;  Cucumber;  Shallot; Lemon; Dill;  Cream; Mustard; Water;  oil;  sugar",6,6,"```json
{
  ""Remnants"": 0 grams
}
```",80,NA,0,NA,NA,NA,NA,NA,NA,NA,NA,NA,NA,NA,NA,NA,NA,NA,NA,NA,NA,NA,NA,NA,NA,NA,NA,NA,NA,NA,NA,"```json
{
  ""Remnants"": 0 grams
}
```",80,NA,0,NA,NA,NA,NA,NA,NA,NA,NA,NA,NA,NA,NA,NA,NA,NA,NA,NA,NA,NA,NA,NA,NA,NA,NA,NA,NA,NA,NA,"```json
{
    ""Remnants"": 0 grams
}
```",80,NA,0,NA,NA,NA,NA,NA,NA,NA,NA,NA,NA,NA,NA,NA,NA,NA,NA,NA,NA,NA,NA,NA,NA,NA,NA,NA,NA,NA,NA,"```json
{
  ""Remnants"": 0
}
```",80,NA,0,NA,NA,NA,NA,NA,NA,NA,NA,NA,NA,NA,NA,NA,NA,NA,NA,NA,NA,NA,NA,NA,NA,NA,NA,NA,NA,NA,NA,"```json
{
  ""Remnants"": 0 grams
}
```",80,NA,0,NA,NA,NA,NA,NA,NA,NA,NA,NA,NA,NA,NA,NA,NA,NA,NA,NA,NA,NA,NA,NA,NA,NA,NA,NA,NA,NA,NA,"```json
{
  ""Remnants"": 0 grams
}
```",80,NA,0,NA,NA,NA,NA,NA,NA,NA,NA,NA,NA,NA,NA,NA,NA,NA,NA,NA,NA,NA,NA,NA,NA,NA,NA,NA,NA,NA,NA,"```json
{
  ""Remnants"": 0 grams
}
```",80,NA,0,NA,NA,NA,NA,NA,NA,NA,NA,NA,NA,NA,NA,NA,NA,NA,NA,NA,NA,NA,NA,NA,NA,NA,NA,NA,NA,NA,NA,"```json
{
  ""Remnants"": 0 grams
}
```",80,NA,0,NA,NA,NA,NA,NA,NA,NA,NA,NA,NA,NA,NA,NA,NA,NA,NA,NA,NA,NA,NA,NA,NA,NA,NA,NA,NA,NA,NA,"```json
{
  ""Remnants"": 0 grams
}
```",80,NA,0,NA,NA,NA,NA,NA,NA,NA,NA,NA,NA,NA,NA,NA,NA,NA,NA,NA,NA,NA,NA,NA,NA,NA,NA,NA,NA,NA,NA,"```json
{
  ""Remnants"": 0 grams
}
```",80,NA,0,NA,NA,NA,NA,NA,NA,NA,NA,NA,NA,NA,NA,NA,NA,NA,NA,NA,NA,NA,NA,"```json
{
  ""Remnants"": 0 grams
}
```",80,NA,0,NA,NA,NA,NA,NA,NA,NA,NA,NA,NA,NA,NA,NA,NA,"```json
{
  ""Remnants"": 0 grams
}
```",80,NA,0,NA,NA,NA,NA,NA,NA,NA,NA,NA,NA,NA,NA,NA,NA,"```json
{
  ""Remnants"": 0 grams
}
```",80,NA,0,NA,NA,NA,NA,NA,NA,NA,NA,NA,NA,NA,NA,NA,NA,"```json
{
  ""Remnants"": 0 grams
}
```",80,NA,0,NA,NA,NA,NA,NA,NA,NA,NA,NA,NA,NA,NA,NA,NA,"```json
{
  ""Remnants"": 0
}
```",80,NA,0,NA,NA,NA,NA,NA,NA,NA,NA,NA,NA,NA,NA,NA,NA,0,6,6,0,6,6,0,6,6,0,6,6,0,6,6,0,6,6,0,6,6,0,6,6,0,6,6,0,6,6,0,6,6,0,6,6,0,6,6,0,6,6,0,6,6,0,0,0,0,0,0,0,0,0,0,0,0,0,0,0,0,0,0,0,0,0,0,0,0,0,0,0,0,0,0
"skandi hake in cream and mustard sauce with lemon rice and cucumber salad","Nina","45583","Fish",2,"50-30%","25",634,835,201,"skandi hake in cream and mustard sauce with lemon rice and cucumber salad","https://www.hellofresh.de/recipes/skandi-seehecht-in-sahne-senf-sosse-64916bcb7c7d6edb8b03aee5","Nina_Day2_fish2_50.jpg",3,"(shell)fish","rice","cucumbers","onion","lemon or lime","herbs","dairy (cream)","vinaigrette","water or broth","fats or oils","spices",NA,NA,NA,NA,"375g Hake; 225g Rice; 1  Cucumber; 2  Shallot; 2 Lemon; 10g Dill; 200g Cream; 20ml Mustard; 600ml Water; 1.5 tablespoon oil; 1.5 teaspoon sugar"," Hake;  Rice;  Cucumber;  Shallot; Lemon; Dill;  Cream; Mustard; Water;  oil;  sugar",201,201,"```json
{
    ""Hake"": 30,
    ""Rice"": 40,
    ""Cucumber"": 20,
    ""Shallot"": 5,
    ""Lemon"": 2,
    ""Dill"": 1,
    ""Cream"": 10,
    ""Mustard"": 1,
    ""Water"": 0,
    ""Oil"": 1,
    ""Sugar"": 0
}
```",83,"(shell)fish",30,"rice",40,"cucumbers",20,"onion",5,"lemon or lime",2,"herbs",1,"dairy (cream)",10,"vinaigrette",1,"water or broth",0,"fats or oils",1,"spices",0,NA,NA,NA,NA,NA,NA,NA,NA,"```json
{
    ""Hake"": 30,
    ""Rice"": 40,
    ""Cucumber"": 20,
    ""Shallot"": 5,
    ""Lemon"": 2,
    ""Dill"": 1,
    ""Cream"": 10,
    ""Mustard"": 1,
    ""Water"": 0,
    ""Oil"": 1,
    ""Sugar"": 0
}
```",83,"(shell)fish",30,"rice",40,"cucumbers",20,"onion",5,"lemon or lime",2,"herbs",1,"dairy (cream)",10,"vinaigrette",1,"water or broth",0,"fats or oils",1,"spices",0,NA,NA,NA,NA,NA,NA,NA,NA,"```json
{
    ""Hake"": 30,
    ""Rice"": 40,
    ""Cucumber"": 20,
    ""Shallot"": 5,
    ""Lemon"": 2,
    ""Dill"": 1,
    ""Cream"": 10,
    ""Mustard"": 1,
    ""Water"": 0,
    ""Oil"": 0,
    ""Sugar"": 0
}
```",83,"(shell)fish",30,"rice",40,"cucumbers",20,"onion",5,"lemon or lime",2,"herbs",1,"dairy (cream)",10,"vinaigrette",1,"water or broth",0,"fats or oils",0,"spices",0,NA,NA,NA,NA,NA,NA,NA,NA,"```json
{
    ""Hake"": 30,
    ""Rice"": 40,
    ""Cucumber"": 20,
    ""Shallot"": 5,
    ""Lemon"": 2,
    ""Dill"": 1,
    ""Cream"": 10,
    ""Mustard"": 1,
    ""Water"": 0,
    ""Oil"": 0,
    ""Sugar"": 0
}
```",83,"(shell)fish",30,"rice",40,"cucumbers",20,"onion",5,"lemon or lime",2,"herbs",1,"dairy (cream)",10,"vinaigrette",1,"water or broth",0,"fats or oils",0,"spices",0,NA,NA,NA,NA,NA,NA,NA,NA,"```json
{
    ""Hake"": 30,
    ""Rice"": 40,
    ""Cucumber"": 20,
    ""Shallot"": 5,
    ""Lemon"": 2,
    ""Dill"": 1,
    ""Cream"": 10,
    ""Mustard"": 1,
    ""Water"": 0,
    ""Oil"": 1,
    ""Sugar"": 0
}
```",83,"(shell)fish",30,"rice",40,"cucumbers",20,"onion",5,"lemon or lime",2,"herbs",1,"dairy (cream)",10,"vinaigrette",1,"water or broth",0,"fats or oils",1,"spices",0,NA,NA,NA,NA,NA,NA,NA,NA,"```json
{
    ""Rice"": 50,
    ""Hake"": 40,
    ""Cucumber"": 30,
    ""Cream Sauce"": 20,
    ""Dill"": 5
}
```",83,"rice",50,"(shell)fish",40,"cucumbers",30,"dairy (cream)",20,"herbs",5,NA,NA,NA,NA,NA,NA,NA,NA,NA,NA,NA,NA,NA,NA,NA,NA,NA,NA,NA,NA,"```json
{
    ""Hake"": 50,
    ""Rice"": 40,
    ""Cucumber"": 30,
    ""Cream Sauce"": 20,
    ""Dill"": 5
}
```",83,"(shell)fish",50,"rice",40,"cucumbers",30,"dairy (cream)",20,"herbs",5,NA,NA,NA,NA,NA,NA,NA,NA,NA,NA,NA,NA,NA,NA,NA,NA,NA,NA,NA,NA,"```json
{
    ""Hake"": 50,
    ""Rice"": 40,
    ""Cucumber"": 30,
    ""Cream"": 20,
    ""Dill"": 5
}
```",83,"(shell)fish",50,"rice",40,"cucumbers",30,"dairy (cream)",20,"herbs",5,NA,NA,NA,NA,NA,NA,NA,NA,NA,NA,NA,NA,NA,NA,NA,NA,NA,NA,NA,NA,"```json
{
    ""Rice"": 50,
    ""Cucumber"": 30,
    ""Hake"": 40,
    ""Cream Sauce"": 20,
    ""Dill"": 5
}
```",83,"rice",50,"cucumbers",30,"(shell)fish",40,"dairy (cream)",20,"herbs",5,NA,NA,NA,NA,NA,NA,NA,NA,NA,NA,NA,NA,NA,NA,NA,NA,NA,NA,NA,NA,"```json
{
    ""Hake"": 50,
    ""Rice"": 40,
    ""Cucumber"": 30,
    ""Cream"": 20,
    ""Dill"": 5
}
```",83,"(shell)fish",50,"rice",40,"cucumbers",30,"dairy (cream)",20,"herbs",5,NA,NA,NA,NA,NA,NA,NA,NA,NA,NA,NA,NA,"```json
{
    ""Rice"": 50,
    ""Hake in Cream and Mustard Sauce"": 40,
    ""Cucumber"": 30,
    ""Herbs"": 5
}
```",83,"rice",50,"(shell)fish",40,"cucumbers",30,"herbs",5,NA,NA,NA,NA,NA,NA,NA,NA,"```json
{
    ""Rice"": 50,
    ""Hake in Cream and Mustard Sauce"": 40,
    ""Cucumber"": 30,
    ""Herbs"": 5
}
```",83,"rice",50,"(shell)fish",40,"cucumbers",30,"herbs",5,NA,NA,NA,NA,NA,NA,NA,NA,"```json
{
    ""Rice"": 50,
    ""Hake in Cream and Mustard Sauce"": 40,
    ""Cucumber"": 30,
    ""Herbs"": 5
}
```",83,"rice",50,"(shell)fish",40,"cucumbers",30,"herbs",5,NA,NA,NA,NA,NA,NA,NA,NA,"```json
{
    ""Rice"": 50,
    ""Hake in Cream and Mustard Sauce"": 40,
    ""Cucumber"": 30,
    ""Herbs"": 5
}
```",83,"rice",50,"(shell)fish",40,"cucumbers",30,"herbs",5,NA,NA,NA,NA,NA,NA,NA,NA,"```json
{
    ""Rice"": 50,
    ""Cream and Mustard Sauce"": 30,
    ""Hake"": 40,
    ""Cucumber"": 20,
    ""Herbs"": 5
}
```",83,"rice",50,"dairy (cream)",30,"(shell)fish",40,"cucumbers",20,"herbs",5,NA,NA,NA,NA,NA,NA,110,91,91,110,91,91,109,92,92,109,92,92,110,91,91,145,56,56,145,56,56,145,56,56,145,56,56,145,56,56,125,76,76,125,76,76,125,76,76,125,76,76,145,56,56,11,0,11,0,11,0,11,0,11,0,5,0,5,0,5,0,5,0,5,0,4,0,4,0,4,0,4,0,5,0
"skandi hake in cream and mustard sauce with lemon rice and cucumber salad","Nina","45583","Fish",3,"50-30%","26.8",573,768,195,"skandi hake in cream and mustard sauce with lemon rice and cucumber salad","https://www.hellofresh.de/recipes/skandi-seehecht-in-sahne-senf-sosse-64916bcb7c7d6edb8b03aee8","Nina_Day2_fish3_50.jpg",3,"(shell)fish","rice","cucumbers","onion","lemon or lime","herbs","dairy (cream)","vinaigrette","water or broth","fats or oils","spices",NA,NA,NA,NA,"375g Hake; 225g Rice; 1  Cucumber; 2  Shallot; 2 Lemon; 10g Dill; 200g Cream; 20ml Mustard; 600ml Water; 1.5 tablespoon oil; 1.5 teaspoon sugar"," Hake;  Rice;  Cucumber;  Shallot; Lemon; Dill;  Cream; Mustard; Water;  oil;  sugar",195,195,"```json
{
    ""Hake"": 50,
    ""Rice"": 80,
    ""Cucumber"": 40,
    ""Shallot"": 5,
    ""Lemon"": 5,
    ""Dill"": 2,
    ""Cream"": 20,
    ""Mustard"": 5,
    ""Water"": 0,
    ""Oil"": 2,
    ""Sugar"": 1
}
```",86,"(shell)fish",50,"rice",80,"cucumbers",40,"onion",5,"lemon or lime",5,"herbs",2,"dairy (cream)",20,"vinaigrette",5,"water or broth",0,"fats or oils",2,"spices",1,NA,NA,NA,NA,NA,NA,NA,NA,"```json
{
    ""Hake"": 50,
    ""Rice"": 60,
    ""Cucumber"": 40,
    ""Shallot"": 5,
    ""Lemon"": 5,
    ""Dill"": 2,
    ""Cream"": 20,
    ""Mustard"": 5,
    ""Oil"": 5,
    ""Sugar"": 2
}
```",86,"(shell)fish",50,"rice",60,"cucumbers",40,"onion",5,"lemon or lime",5,"herbs",2,"dairy (cream)",20,"vinaigrette",5,"fats or oils",5,"spices",2,NA,NA,NA,NA,NA,NA,NA,NA,NA,NA,"```json
{
    ""Hake"": 50,
    ""Rice"": 60,
    ""Cucumber"": 40,
    ""Shallot"": 5,
    ""Lemon"": 5,
    ""Dill"": 2,
    ""Cream"": 10,
    ""Mustard"": 2,
    ""Water"": 5,
    ""Oil"": 2,
    ""Sugar"": 1
}
```",86,"(shell)fish",50,"rice",60,"cucumbers",40,"onion",5,"lemon or lime",5,"herbs",2,"dairy (cream)",10,"vinaigrette",2,"water or broth",5,"fats or oils",2,"spices",1,NA,NA,NA,NA,NA,NA,NA,NA,"```json
{
    ""Hake"": 50,
    ""Rice"": 60,
    ""Cucumber"": 40,
    ""Shallot"": 5,
    ""Lemon"": 5,
    ""Dill"": 2,
    ""Cream"": 20,
    ""Mustard"": 5,
    ""Water"": 0,
    ""Oil"": 2,
    ""Sugar"": 1
}
```",86,"(shell)fish",50,"rice",60,"cucumbers",40,"onion",5,"lemon or lime",5,"herbs",2,"dairy (cream)",20,"vinaigrette",5,"water or broth",0,"fats or oils",2,"spices",1,NA,NA,NA,NA,NA,NA,NA,NA,"```json
{
    ""Hake"": 50,
    ""Rice"": 60,
    ""Cucumber"": 40,
    ""Shallot"": 5,
    ""Lemon"": 5,
    ""Dill"": 2,
    ""Cream"": 10,
    ""Mustard"": 2,
    ""Water"": 5,
    ""Oil"": 2,
    ""Sugar"": 1
}
```",86,"(shell)fish",50,"rice",60,"cucumbers",40,"onion",5,"lemon or lime",5,"herbs",2,"dairy (cream)",10,"vinaigrette",2,"water or broth",5,"fats or oils",2,"spices",1,NA,NA,NA,NA,NA,NA,NA,NA,"```json
{
  ""Hake"": 50,
  ""Rice"": 60,
  ""Cucumber"": 40,
  ""Sauce"": 30
}
```",86,"(shell)fish",50,"rice",60,"cucumbers",40,"sauce",30,NA,NA,NA,NA,NA,NA,NA,NA,NA,NA,NA,NA,NA,NA,NA,NA,NA,NA,NA,NA,NA,NA,"```json
{
    ""Hake"": 50,
    ""Rice"": 60,
    ""Cucumber"": 40,
    ""Sauce"": 30
}
```",86,"(shell)fish",50,"rice",60,"cucumbers",40,"sauce",30,NA,NA,NA,NA,NA,NA,NA,NA,NA,NA,NA,NA,NA,NA,NA,NA,NA,NA,NA,NA,NA,NA,"```json
{
    ""Hake"": 50,
    ""Rice"": 60,
    ""Cucumber"": 40,
    ""Sauce"": 30
}
```",86,"(shell)fish",50,"rice",60,"cucumbers",40,"sauce",30,NA,NA,NA,NA,NA,NA,NA,NA,NA,NA,NA,NA,NA,NA,NA,NA,NA,NA,NA,NA,NA,NA,"```json
{
    ""Hake"": 50,
    ""Rice"": 60,
    ""Cucumber"": 40,
    ""Sauce"": 30
}
```",86,"(shell)fish",50,"rice",60,"cucumbers",40,"sauce",30,NA,NA,NA,NA,NA,NA,NA,NA,NA,NA,NA,NA,NA,NA,NA,NA,NA,NA,NA,NA,NA,NA,"```json
{
    ""Hake"": 50,
    ""Rice"": 60,
    ""Cucumber"": 40,
    ""Sauce"": 30
}
```",86,"(shell)fish",50,"rice",60,"cucumbers",40,"sauce",30,NA,NA,NA,NA,NA,NA,NA,NA,NA,NA,NA,NA,NA,NA,"```json
{
    ""Hake"": 80,
    ""Cream and Mustard Sauce"": 30,
    ""Lemon Rice"": 100,
    ""Cucumber Salad"": 50
}
```",86,"(shell)fish",80,"dairy (cream)",30,"rice",100,"lettuce",50,NA,NA,NA,NA,NA,NA,NA,NA,"```json
{
  ""Hake"": 80,
  ""Cream and Mustard Sauce"": 30,
  ""Lemon Rice"": 100,
  ""Cucumber Salad"": 50
}
```",86,"(shell)fish",80,"dairy (cream)",30,"rice",100,"lettuce",50,NA,NA,NA,NA,NA,NA,NA,NA,"```json
{
    ""Hake"": 80,
    ""Cream and Mustard Sauce"": 30,
    ""Lemon Rice"": 100,
    ""Cucumber Salad"": 50
}
```",86,"(shell)fish",80,"dairy (cream)",30,"rice",100,"lettuce",50,NA,NA,NA,NA,NA,NA,NA,NA,"```json
{
    ""Hake"": 80,
    ""Cream and Mustard Sauce"": 30,
    ""Lemon Rice"": 100,
    ""Cucumber Salad"": 50
}
```",86,"(shell)fish",80,"dairy (cream)",30,"rice",100,"lettuce",50,NA,NA,NA,NA,NA,NA,NA,NA,"```json
{
    ""Hake"": 80,
    ""Cream and Mustard Sauce"": 30,
    ""Lemon Rice"": 100,
    ""Cucumber Salad"": 50
}
```",86,"(shell)fish",80,"dairy (cream)",30,"rice",100,"lettuce",50,NA,NA,NA,NA,NA,NA,NA,NA,210,-15,15,194,1,1,182,13,13,190,5,5,182,13,13,180,15,15,180,15,15,180,15,15,180,15,15,180,15,15,260,-65,65,260,-65,65,260,-65,65,260,-65,65,260,-65,65,11,0,10,0,11,0,11,0,11,0,3,1,3,1,3,1,3,1,3,1,3,1,3,1,3,1,3,1,3,1
"skandi hake in cream and mustard sauce with lemon rice and cucumber salad","Nina","45583","Fish",3,"30-10%","26.8",573,670,97,"skandi hake in cream and mustard sauce with lemon rice and cucumber salad","https://www.hellofresh.de/recipes/skandi-seehecht-in-sahne-senf-sosse-64916bcb7c7d6edb8b03aee9","Nina_Day2_fish3_30.jpg",3,"(shell)fish","rice","cucumbers","onion","lemon or lime","herbs","dairy (cream)","vinaigrette","water or broth","fats or oils","spices",NA,NA,NA,NA,"375g Hake; 225g Rice; 1  Cucumber; 2  Shallot; 2 Lemon; 10g Dill; 200g Cream; 20ml Mustard; 600ml Water; 1.5 tablespoon oil; 1.5 teaspoon sugar"," Hake;  Rice;  Cucumber;  Shallot; Lemon; Dill;  Cream; Mustard; Water;  oil;  sugar",97,97,"```json
{
    ""Hake"": 20,
    ""Rice"": 15,
    ""Cucumber"": 30,
    ""Shallot"": 5,
    ""Lemon"": 2,
    ""Dill"": 1,
    ""Cream"": 5,
    ""Mustard"": 1,
    ""Oil"": 1,
    ""Sugar"": 1,
    ""Water"": 1
}
```",85,"(shell)fish",20,"rice",15,"cucumbers",30,"onion",5,"lemon or lime",2,"herbs",1,"dairy (cream)",5,"vinaigrette",1,"fats or oils",1,"spices",1,"water or broth",1,NA,NA,NA,NA,NA,NA,NA,NA,"```json
{
    ""Hake"": 20,
    ""Rice"": 15,
    ""Cucumber"": 30,
    ""Shallot"": 5,
    ""Lemon"": 5,
    ""Dill"": 2,
    ""Cream"": 5,
    ""Mustard"": 2,
    ""Water"": 0,
    ""Oil"": 1,
    ""Sugar"": 1
}
```",85,"(shell)fish",20,"rice",15,"cucumbers",30,"onion",5,"lemon or lime",5,"herbs",2,"dairy (cream)",5,"vinaigrette",2,"water or broth",0,"fats or oils",1,"spices",1,NA,NA,NA,NA,NA,NA,NA,NA,"```json
{
    ""Hake"": 20,
    ""Rice"": 15,
    ""Cucumber"": 30,
    ""Shallot"": 5,
    ""Lemon"": 2,
    ""Dill"": 1,
    ""Cream"": 5,
    ""Mustard"": 1,
    ""Water"": 0,
    ""Oil"": 1,
    ""Sugar"": 0
}
```",85,"(shell)fish",20,"rice",15,"cucumbers",30,"onion",5,"lemon or lime",2,"herbs",1,"dairy (cream)",5,"vinaigrette",1,"water or broth",0,"fats or oils",1,"spices",0,NA,NA,NA,NA,NA,NA,NA,NA,"```json
{
    ""Hake"": 20,
    ""Rice"": 15,
    ""Cucumber"": 30,
    ""Shallot"": 5,
    ""Lemon"": 2,
    ""Dill"": 1,
    ""Cream"": 5,
    ""Mustard"": 1,
    ""Water"": 0,
    ""Oil"": 1,
    ""Sugar"": 0
}
```",85,"(shell)fish",20,"rice",15,"cucumbers",30,"onion",5,"lemon or lime",2,"herbs",1,"dairy (cream)",5,"vinaigrette",1,"water or broth",0,"fats or oils",1,"spices",0,NA,NA,NA,NA,NA,NA,NA,NA,"```json
{
    ""Hake"": 20,
    ""Rice"": 15,
    ""Cucumber"": 30,
    ""Shallot"": 5,
    ""Lemon"": 2,
    ""Dill"": 1,
    ""Cream"": 5,
    ""Mustard"": 1,
    ""Water"": 1,
    ""Oil"": 1,
    ""Sugar"": 1
}
```",85,"(shell)fish",20,"rice",15,"cucumbers",30,"onion",5,"lemon or lime",2,"herbs",1,"dairy (cream)",5,"vinaigrette",1,"water or broth",1,"fats or oils",1,"spices",1,NA,NA,NA,NA,NA,NA,NA,NA,"```json
{
    ""Hake"": 30,
    ""Rice"": 20,
    ""Cucumber"": 40,
    ""Remnants"": 0
}
```",85,"(shell)fish",30,"rice",20,"cucumbers",40,NA,0,NA,NA,NA,NA,NA,NA,NA,NA,NA,NA,NA,NA,NA,NA,NA,NA,NA,NA,NA,NA,NA,NA,"```json
{
    ""Hake"": 30,
    ""Rice"": 20,
    ""Cucumber"": 40,
    ""Sauce"": 10
}
```",85,"(shell)fish",30,"rice",20,"cucumbers",40,"sauce",10,NA,NA,NA,NA,NA,NA,NA,NA,NA,NA,NA,NA,NA,NA,NA,NA,NA,NA,NA,NA,NA,NA,"```json
{
    ""Hake"": 30,
    ""Rice"": 20,
    ""Cucumber"": 50,
    ""Remnants"": 0
}
```",85,"(shell)fish",30,"rice",20,"cucumbers",50,NA,0,NA,NA,NA,NA,NA,NA,NA,NA,NA,NA,NA,NA,NA,NA,NA,NA,NA,NA,NA,NA,NA,NA,"```json
{
    ""Hake"": 30,
    ""Rice"": 20,
    ""Cucumber"": 40
}
```",85,"(shell)fish",30,"rice",20,"cucumbers",40,NA,NA,NA,NA,NA,NA,NA,NA,NA,NA,NA,NA,NA,NA,NA,NA,NA,NA,NA,NA,NA,NA,NA,NA,"```json
{
    ""Hake"": 30,
    ""Rice"": 20,
    ""Cucumber"": 40
}
```",85,"(shell)fish",30,"rice",20,"cucumbers",40,NA,NA,NA,NA,NA,NA,NA,NA,NA,NA,NA,NA,NA,NA,NA,NA,"```json
{
    ""Skandi Hake"": 20,
    ""Cream and Mustard Sauce"": 10,
    ""Lemon Rice"": 30,
    ""Cucumber Salad"": 40
}
```",85,"(shell)fish",20,"dairy (cream)",10,"rice",30,"lettuce",40,NA,NA,NA,NA,NA,NA,NA,NA,"```json
{
    ""Hake"": 30,
    ""Cream and Mustard Sauce"": 10,
    ""Lemon Rice"": 20,
    ""Cucumber Salad"": 25
}
```",85,"(shell)fish",30,"dairy (cream)",10,"rice",20,"lettuce",25,NA,NA,NA,NA,NA,NA,NA,NA,"```json
{
    ""Hake"": 30,
    ""Cream and Mustard Sauce"": 10,
    ""Lemon Rice"": 20,
    ""Cucumber Salad"": 25
}
```",85,"(shell)fish",30,"dairy (cream)",10,"rice",20,"lettuce",25,NA,NA,NA,NA,NA,NA,NA,NA,"```json
{
    ""Hake"": 30,
    ""Cream and Mustard Sauce"": 10,
    ""Lemon Rice"": 20,
    ""Cucumber Salad"": 25
}
```",85,"(shell)fish",30,"dairy (cream)",10,"rice",20,"lettuce",25,NA,NA,NA,NA,NA,NA,NA,NA,"```json
{
    ""Hake"": 30,
    ""Cream and Mustard Sauce"": 10,
    ""Lemon Rice"": 20,
    ""Cucumber Salad"": 25
}
```",85,"(shell)fish",30,"dairy (cream)",10,"rice",20,"lettuce",25,NA,NA,NA,NA,NA,NA,NA,NA,82,15,15,86,11,11,80,17,17,80,17,17,82,15,15,90,7,7,100,-3,3,100,-3,3,90,7,7,90,7,7,100,-3,3,85,12,12,85,12,12,85,12,12,85,12,12,11,0,11,0,11,0,11,0,11,0,3,0,3,1,3,0,3,0,3,0,3,1,3,1,3,1,3,1,3,1
"skandi hake in cream and mustard sauce with lemon rice and cucumber salad","Nina","45583","Fish",3,"finished","26.8",573,632,59,"skandi hake in cream and mustard sauce with lemon rice and cucumber salad","https://www.hellofresh.de/recipes/skandi-seehecht-in-sahne-senf-sosse-64916bcb7c7d6edb8b03aee10","Nina_Day2_fish3_0.jpg",3,"(shell)fish","rice","cucumbers","onion","lemon or lime","herbs","dairy (cream)","vinaigrette","water or broth","fats or oils","spices",NA,NA,NA,NA,"375g Hake; 225g Rice; 1  Cucumber; 2  Shallot; 2 Lemon; 10g Dill; 200g Cream; 20ml Mustard; 600ml Water; 1.5 tablespoon oil; 1.5 teaspoon sugar"," Hake;  Rice;  Cucumber;  Shallot; Lemon; Dill;  Cream; Mustard; Water;  oil;  sugar",59,59,"```json
{
    ""Cucumber"": 30,
    ""Shallot"": 5,
    ""Dill"": 1,
    ""Remnants"": 0
}
```",84,"cucumbers",30,"onion",5,"herbs",1,NA,0,NA,NA,NA,NA,NA,NA,NA,NA,NA,NA,NA,NA,NA,NA,NA,NA,NA,NA,NA,NA,NA,NA,"```json
{
    ""Cucumber"": 30,
    ""Shallot"": 5,
    ""Dill"": 1,
    ""Remnants"": 0
}
```",84,"cucumbers",30,"onion",5,"herbs",1,NA,0,NA,NA,NA,NA,NA,NA,NA,NA,NA,NA,NA,NA,NA,NA,NA,NA,NA,NA,NA,NA,NA,NA,"```json
{
    ""Cucumber"": 30,
    ""Shallot"": 5,
    ""Dill"": 1,
    ""Remnants"": 0
}
```",84,"cucumbers",30,"onion",5,"herbs",1,NA,0,NA,NA,NA,NA,NA,NA,NA,NA,NA,NA,NA,NA,NA,NA,NA,NA,NA,NA,NA,NA,NA,NA,"```json
{
    ""Cucumber"": 30,
    ""Shallot"": 5,
    ""Dill"": 1,
    ""Remnants"": 2
}
```",84,"cucumbers",30,"onion",5,"herbs",1,NA,2,NA,NA,NA,NA,NA,NA,NA,NA,NA,NA,NA,NA,NA,NA,NA,NA,NA,NA,NA,NA,NA,NA,"```json
{
    ""Cucumber"": 30,
    ""Shallot"": 5,
    ""Dill"": 1,
    ""Remnants"": 0
}
```",84,"cucumbers",30,"onion",5,"herbs",1,NA,0,NA,NA,NA,NA,NA,NA,NA,NA,NA,NA,NA,NA,NA,NA,NA,NA,NA,NA,NA,NA,NA,NA,"```json
{
  ""Cucumber"": 30,
  ""Remnants"": 5
}
```",84,"cucumbers",30,NA,5,NA,NA,NA,NA,NA,NA,NA,NA,NA,NA,NA,NA,NA,NA,NA,NA,NA,NA,NA,NA,NA,NA,NA,NA,NA,NA,"```json
{
  ""Cucumber"": 50,
  ""Remnants"": 5
}
```",84,"cucumbers",50,NA,5,NA,NA,NA,NA,NA,NA,NA,NA,NA,NA,NA,NA,NA,NA,NA,NA,NA,NA,NA,NA,NA,NA,NA,NA,NA,NA,"```json
{
  ""Cucumber"": 30,
  ""Remnants"": 5
}
```",84,"cucumbers",30,NA,5,NA,NA,NA,NA,NA,NA,NA,NA,NA,NA,NA,NA,NA,NA,NA,NA,NA,NA,NA,NA,NA,NA,NA,NA,NA,NA,"```json
{
  ""Cucumber"": 50,
  ""Remnants"": 5
}
```",84,"cucumbers",50,NA,5,NA,NA,NA,NA,NA,NA,NA,NA,NA,NA,NA,NA,NA,NA,NA,NA,NA,NA,NA,NA,NA,NA,NA,NA,NA,NA,"```json
{
    ""Cucumber"": 50,
    ""Remnants"": 5
}
```",84,"cucumbers",50,NA,5,NA,NA,NA,NA,NA,NA,NA,NA,NA,NA,NA,NA,NA,NA,NA,NA,NA,NA,"```json
{
    ""Cucumber"": 30,
    ""Herbs"": 2,
    ""Remnants"": 5
}
```",84,"cucumbers",30,"herbs",2,NA,5,NA,NA,NA,NA,NA,NA,NA,NA,NA,NA,"```json
{
    ""Cucumber"": 30,
    ""Herbs"": 2,
    ""Remnants"": 0
}
```",84,"cucumbers",30,"herbs",2,NA,0,NA,NA,NA,NA,NA,NA,NA,NA,NA,NA,"```json
{
  ""Cucumber"": 30,
  ""Herbs"": 2,
  ""Remnants"": 0
}
```",84,"cucumbers",30,"herbs",2,NA,0,NA,NA,NA,NA,NA,NA,NA,NA,NA,NA,"```json
{
    ""Cucumber Salad"": 30,
    ""Remnants"": 5
}
```",84,"lettuce",30,NA,5,NA,NA,NA,NA,NA,NA,NA,NA,NA,NA,NA,NA,"```json
{
    ""Cucumber"": 30,
    ""Herbs"": 2,
    ""Remnants"": 5
}
```",84,"cucumbers",30,"herbs",2,NA,5,NA,NA,NA,NA,NA,NA,NA,NA,NA,NA,36,23,23,36,23,23,36,23,23,38,21,21,36,23,23,35,24,24,55,4,4,35,24,24,55,4,4,55,4,4,37,22,22,32,27,27,32,27,27,35,24,24,37,22,22,3,0,3,0,3,0,3,0,3,0,1,0,1,0,1,0,1,0,1,0,2,0,2,0,2,0,0,1,2,0
"Teriyaki fish fillet on ginger-sweet potato mash
with spicy cucumber salad","Mariam","18.10.2024","TeriyakiFishfilet",1,"50%-30%","26,3",683,900,217,"Teriyaki-Fischfilet auf Ingwer-Süßkartoffelstampf
mit scharfem Gurkensalat","https://www.hellofresh.de/recipes/pangasius-in-teriyaki-sosse-662f9c6d7ceb4fe1685f1ab2","Mitja_Fri_Meal2_1.jpg",2,"(shell)fish","potatoes or fries","cucumbers","root vegetables","lemon or lime","onion","seasoning","sauce","water or broth","fats or oils","fats or oils","water or broth",NA,NA,NA,"240g Pangasius; 1  Sweet Potato; 1  Cucumber; 1  Carrot; 1  Lime; 1  Spring Onion; 10g Ginger; 100ml Teriyaki Sauce; 100ml Water; 2 tablespoon olive oil; 1 tablespoon butter; 100 ml water"," Pangasius;  Sweet Potato;  Cucumber;  Carrot;  Lime;  Spring Onion; Ginger; Teriyaki Sauce; Water;  olive oil;  butter; water",217,217,"```json
{
    ""Cucumber"": 40,
    ""Sweet Potato"": 50,
    ""Pangasius"": 30,
    ""Lime"": 10,
    ""Teriyaki Sauce"": 5,
    ""Spring Onion"": 5
}
```",61,"cucumbers",40,"potatoes or fries",50,"(shell)fish",30,"lemon or lime",10,"sauce",5,"onion",5,NA,NA,NA,NA,NA,NA,NA,NA,NA,NA,NA,NA,NA,NA,NA,NA,NA,NA,"```json
{
    ""Pangasius"": 50,
    ""Sweet Potato"": 60,
    ""Cucumber"": 30,
    ""Lime"": 10,
    ""Teriyaki Sauce"": 5,
    ""Spring Onion"": 2,
    ""Remnants"": 0
}
```",61,"(shell)fish",50,"potatoes or fries",60,"cucumbers",30,"lemon or lime",10,"sauce",5,"onion",2,NA,0,NA,NA,NA,NA,NA,NA,NA,NA,NA,NA,NA,NA,NA,NA,NA,NA,"```json
{
    ""Pangasius"": 50,
    ""Sweet Potato"": 60,
    ""Cucumber"": 40,
    ""Lime"": 10,
    ""Teriyaki Sauce"": 5,
    ""Remnants"": 0
}
```",61,"(shell)fish",50,"potatoes or fries",60,"cucumbers",40,"lemon or lime",10,"sauce",5,NA,0,NA,NA,NA,NA,NA,NA,NA,NA,NA,NA,NA,NA,NA,NA,NA,NA,NA,NA,"```json
{
    ""Pangasius"": 50,
    ""Sweet Potato"": 60,
    ""Cucumber"": 40,
    ""Lime"": 10,
    ""Teriyaki Sauce"": 5,
    ""Spring Onion"": 5
}
```",61,"(shell)fish",50,"potatoes or fries",60,"cucumbers",40,"lemon or lime",10,"sauce",5,"onion",5,NA,NA,NA,NA,NA,NA,NA,NA,NA,NA,NA,NA,NA,NA,NA,NA,NA,NA,"```json
{
    ""Cucumber"": 40,
    ""Sweet Potato"": 50,
    ""Pangasius"": 30,
    ""Lime"": 10,
    ""Teriyaki Sauce"": 5,
    ""Spring Onion"": 5
}
```",61,"cucumbers",40,"potatoes or fries",50,"(shell)fish",30,"lemon or lime",10,"sauce",5,"onion",5,NA,NA,NA,NA,NA,NA,NA,NA,NA,NA,NA,NA,NA,NA,NA,NA,NA,NA,"```json
{
    ""Cucumber"": 50,
    ""Sweet Potato"": 60,
    ""Pangasius"": 40,
    ""Lime"": 10,
    ""Teriyaki Sauce"": 10
}
```",61,"cucumbers",50,"potatoes or fries",60,"(shell)fish",40,"lemon or lime",10,"sauce",10,NA,NA,NA,NA,NA,NA,NA,NA,NA,NA,NA,NA,NA,NA,NA,NA,NA,NA,NA,NA,"```json
{
    ""Cucumber"": 50,
    ""Sweet Potato"": 60,
    ""Pangasius"": 40,
    ""Lime"": 15,
    ""Teriyaki Sauce"": 10
}
```",61,"cucumbers",50,"potatoes or fries",60,"(shell)fish",40,"lemon or lime",15,"sauce",10,NA,NA,NA,NA,NA,NA,NA,NA,NA,NA,NA,NA,NA,NA,NA,NA,NA,NA,NA,NA,"```json
{
    ""Pangasius"": 60,
    ""Sweet Potato"": 50,
    ""Cucumber"": 40,
    ""Lime"": 10,
    ""Teriyaki Sauce"": 10,
    ""Remnants"": 0
}
```",61,"(shell)fish",60,"potatoes or fries",50,"cucumbers",40,"lemon or lime",10,"sauce",10,NA,0,NA,NA,NA,NA,NA,NA,NA,NA,NA,NA,NA,NA,NA,NA,NA,NA,NA,NA,"```json
{
    ""Cucumber"": 50,
    ""Sweet Potato"": 60,
    ""Pangasius"": 40,
    ""Lime"": 10,
    ""Teriyaki Sauce"": 10
}
```",61,"cucumbers",50,"potatoes or fries",60,"(shell)fish",40,"lemon or lime",10,"sauce",10,NA,NA,NA,NA,NA,NA,NA,NA,NA,NA,NA,NA,NA,NA,NA,NA,NA,NA,NA,NA,"```json
{
    ""Cucumber"": 50,
    ""Sweet Potato"": 60,
    ""Pangasius"": 40,
    ""Lime"": 10,
    ""Teriyaki Sauce"": 10
}
```",61,"cucumbers",50,"potatoes or fries",60,"(shell)fish",40,"lemon or lime",10,"sauce",10,NA,NA,NA,NA,NA,NA,NA,NA,NA,NA,NA,NA,"```json
{
    ""cucumber_slices"": 40,
    ""sweet_potato_mash"": 50,
    ""fish_fillet"": 30,
    ""lime_wedge"": 10,
    ""sauce"": 5
}
```",61,"cucumbers",40,"potatoes or fries",50,"(shell)fish",30,"lemon or lime",10,"sauce",5,NA,NA,NA,NA,NA,NA,"```json
{
    ""cucumber_salad"": 40,
    ""sweet_potato_mash"": 50,
    ""fish_fillet"": 30,
    ""lime_wedge"": 10
}
```",61,"lettuce",40,"potatoes or fries",50,"(shell)fish",30,"lemon or lime",10,NA,NA,NA,NA,NA,NA,NA,NA,"```json
{
    ""cucumber_salad"": 40,
    ""sweet_potato_mash"": 50,
    ""fish_fillet"": 30,
    ""lime_wedge"": 10
}
```",61,"lettuce",40,"potatoes or fries",50,"(shell)fish",30,"lemon or lime",10,NA,NA,NA,NA,NA,NA,NA,NA,"```json
{
    ""cucumber_slices"": 40,
    ""sweet_potato_mash"": 50,
    ""fish_fillet"": 30,
    ""lime_wedge"": 10,
    ""sauce"": 5
}
```",61,"cucumbers",40,"potatoes or fries",50,"(shell)fish",30,"lemon or lime",10,"sauce",5,NA,NA,NA,NA,NA,NA,"```json
{
    ""cucumber_salad"": 40,
    ""sweet_potato_mash"": 50,
    ""fish_fillet"": 30,
    ""lime_wedge"": 10
}
```",61,"lettuce",40,"potatoes or fries",50,"(shell)fish",30,"lemon or lime",10,NA,NA,NA,NA,NA,NA,NA,NA,140,77,77,157,60,60,165,52,52,170,47,47,140,77,77,170,47,47,175,42,42,170,47,47,170,47,47,170,47,47,135,82,82,130,87,87,130,87,87,135,82,82,130,87,87,6,0,6,0,5,0,6,0,6,0,5,0,5,0,5,0,5,0,5,0,5,0,3,1,3,1,5,0,3,1
"Teriyaki fish fillet on ginger-sweet potato mash
with spicy cucumber salad","Mariam","18.10.2024","TeriyakiFishfilet",1,"10%-30%","26,3",683,768,85,"Teriyaki-Fischfilet auf Ingwer-Süßkartoffelstampf
mit scharfem Gurkensalat","https://www.hellofresh.de/recipes/pangasius-in-teriyaki-sosse-662f9c6d7ceb4fe1685f1ab2","Mitja_Fri_Meal2_2.jpg",2,"(shell)fish","potatoes or fries","cucumbers","root vegetables","lemon or lime","onion","seasoning","sauce","water or broth","fats or oils","fats or oils","water or broth",NA,NA,NA,"240g Pangasius; 1  Sweet Potato; 1  Cucumber; 1  Carrot; 1  Lime; 1  Spring Onion; 10g Ginger; 100ml Teriyaki Sauce; 100ml Water; 2 tablespoon olive oil; 1 tablespoon butter; 100 ml water"," Pangasius;  Sweet Potato;  Cucumber;  Carrot;  Lime;  Spring Onion; Ginger; Teriyaki Sauce; Water;  olive oil;  butter; water",85,85,"```json
{
    ""Cucumber"": 5,
    ""Sweet Potato"": 15,
    ""Lime"": 5,
    ""Teriyaki Sauce"": 5,
    ""Remnants"": 0
}
```",62,"cucumbers",5,"potatoes or fries",15,"lemon or lime",5,"sauce",5,NA,0,NA,NA,NA,NA,NA,NA,NA,NA,NA,NA,NA,NA,NA,NA,NA,NA,NA,NA,NA,NA,"```json
{
    ""Cucumber"": 5,
    ""Sweet Potato"": 15,
    ""Lime"": 10,
    ""Teriyaki Sauce"": 5,
    ""Remnants"": 0
}
```",62,"cucumbers",5,"potatoes or fries",15,"lemon or lime",10,"sauce",5,NA,0,NA,NA,NA,NA,NA,NA,NA,NA,NA,NA,NA,NA,NA,NA,NA,NA,NA,NA,NA,NA,"```json
{
    ""Cucumber"": 5,
    ""Sweet Potato"": 15,
    ""Lime"": 10,
    ""Teriyaki Sauce"": 5,
    ""Remnants"": 0
}
```",62,"cucumbers",5,"potatoes or fries",15,"lemon or lime",10,"sauce",5,NA,0,NA,NA,NA,NA,NA,NA,NA,NA,NA,NA,NA,NA,NA,NA,NA,NA,NA,NA,NA,NA,"```json
{
    ""Cucumber"": 5,
    ""Sweet Potato"": 15,
    ""Lime"": 10,
    ""Teriyaki Sauce"": 5,
    ""Remnants"": 0
}
```",62,"cucumbers",5,"potatoes or fries",15,"lemon or lime",10,"sauce",5,NA,0,NA,NA,NA,NA,NA,NA,NA,NA,NA,NA,NA,NA,NA,NA,NA,NA,NA,NA,NA,NA,"```json
{
    ""Cucumber"": 5,
    ""Sweet Potato"": 15,
    ""Lime"": 10,
    ""Teriyaki Sauce"": 5,
    ""Remnants"": 0
}
```",62,"cucumbers",5,"potatoes or fries",15,"lemon or lime",10,"sauce",5,NA,0,NA,NA,NA,NA,NA,NA,NA,NA,NA,NA,NA,NA,NA,NA,NA,NA,NA,NA,NA,NA,"```json
{
    ""Cucumber"": 10,
    ""Sweet Potato"": 20,
    ""Lime"": 10,
    ""Teriyaki Sauce"": 5,
    ""Remnants"": 0
}
```",62,"cucumbers",10,"potatoes or fries",20,"lemon or lime",10,"sauce",5,NA,0,NA,NA,NA,NA,NA,NA,NA,NA,NA,NA,NA,NA,NA,NA,NA,NA,NA,NA,NA,NA,"```json
{
    ""Cucumber"": 10,
    ""Sweet Potato"": 20,
    ""Lime"": 10,
    ""Teriyaki Sauce"": 5,
    ""Remnants"": 0
}
```",62,"cucumbers",10,"potatoes or fries",20,"lemon or lime",10,"sauce",5,NA,0,NA,NA,NA,NA,NA,NA,NA,NA,NA,NA,NA,NA,NA,NA,NA,NA,NA,NA,NA,NA,"```json
{
    ""Cucumber"": 10,
    ""Sweet Potato"": 20,
    ""Lime"": 10,
    ""Teriyaki Sauce"": 5,
    ""Remnants"": 0
}
```",62,"cucumbers",10,"potatoes or fries",20,"lemon or lime",10,"sauce",5,NA,0,NA,NA,NA,NA,NA,NA,NA,NA,NA,NA,NA,NA,NA,NA,NA,NA,NA,NA,NA,NA,"```json
{
    ""Cucumber"": 10,
    ""Sweet Potato"": 20,
    ""Lime"": 10,
    ""Teriyaki Sauce"": 5,
    ""Remnants"": 0
}
```",62,"cucumbers",10,"potatoes or fries",20,"lemon or lime",10,"sauce",5,NA,0,NA,NA,NA,NA,NA,NA,NA,NA,NA,NA,NA,NA,NA,NA,NA,NA,NA,NA,NA,NA,"```json
{
    ""Cucumber"": 5,
    ""Sweet Potato"": 10,
    ""Lime"": 10,
    ""Teriyaki Sauce"": 5,
    ""Remnants"": 0
}
```",62,"cucumbers",5,"potatoes or fries",10,"lemon or lime",10,"sauce",5,NA,0,NA,NA,NA,NA,NA,NA,NA,NA,NA,NA,NA,NA,"```json
{
    ""Cucumber"": 5,
    ""Sweet Potato Mash"": 15,
    ""Lime"": 10,
    ""Teriyaki Sauce"": 5,
    ""Remnants"": 0
}
```",62,"cucumbers",5,"potatoes or fries",15,"lemon or lime",10,"sauce",5,NA,0,NA,NA,NA,NA,NA,NA,"```json
{
    ""Cucumber"": 5,
    ""Sweet_potato_mash"": 15,
    ""Lime_wedge"": 10,
    ""Teriyaki_sauce"": 5,
    ""Remnants"": 0
}
```",62,"cucumbers",5,"potatoes or fries",15,"lemon or lime",10,"sauce",5,NA,0,NA,NA,NA,NA,NA,NA,"```json
{
    ""Cucumber"": 5,
    ""Sweet Potato Mash"": 15,
    ""Lime"": 10,
    ""Teriyaki Sauce"": 5,
    ""Remnants"": 0
}
```",62,"cucumbers",5,"potatoes or fries",15,"lemon or lime",10,"sauce",5,NA,0,NA,NA,NA,NA,NA,NA,"```json
{
    ""Cucumber"": 5,
    ""Sweet Potato Mash"": 15,
    ""Lime"": 10,
    ""Teriyaki Sauce"": 5,
    ""Remnants"": 0
}
```",62,"cucumbers",5,"potatoes or fries",15,"lemon or lime",10,"sauce",5,NA,0,NA,NA,NA,NA,NA,NA,"```json
{
    ""Cucumber"": 5,
    ""Sweet Potato Mash"": 15,
    ""Lime"": 10,
    ""Teriyaki Sauce"": 5,
    ""Remnants"": 0
}
```",62,"cucumbers",5,"potatoes or fries",15,"lemon or lime",10,"sauce",5,NA,0,NA,NA,NA,NA,NA,NA,30,55,55,35,50,50,35,50,50,35,50,50,35,50,50,45,40,40,45,40,40,45,40,40,45,40,40,30,55,55,35,50,50,35,50,50,35,50,50,35,50,50,35,50,50,4,0,4,0,4,0,4,0,4,0,4,0,4,0,4,0,4,0,4,0,4,0,4,0,4,0,4,0,4,0
"Teriyaki fish fillet on ginger-sweet potato mash
with spicy cucumber salad","Mariam","18.10.2024","TeriyakiFishfilet",1,"finished","26,3",683,707,24,"Teriyaki-Fischfilet auf Ingwer-Süßkartoffelstampf
mit scharfem Gurkensalat","https://www.hellofresh.de/recipes/pangasius-in-teriyaki-sosse-662f9c6d7ceb4fe1685f1ab2","Mitja_Fri_Meal2_3.jpg",2,"(shell)fish","potatoes or fries","cucumbers","root vegetables","lemon or lime","onion","seasoning","sauce","water or broth","fats or oils","fats or oils","water or broth",NA,NA,NA,"240g Pangasius; 1  Sweet Potato; 1  Cucumber; 1  Carrot; 1  Lime; 1  Spring Onion; 10g Ginger; 100ml Teriyaki Sauce; 100ml Water; 2 tablespoon olive oil; 1 tablespoon butter; 100 ml water"," Pangasius;  Sweet Potato;  Cucumber;  Carrot;  Lime;  Spring Onion; Ginger; Teriyaki Sauce; Water;  olive oil;  butter; water",24,24,"```json
{
    ""Lime"": 10,
    ""Teriyaki Sauce"": 5,
    ""Remnants"": 5
}
```",63,"lemon or lime",10,"sauce",5,NA,5,NA,NA,NA,NA,NA,NA,NA,NA,NA,NA,NA,NA,NA,NA,NA,NA,NA,NA,NA,NA,NA,NA,NA,NA,"```json
{
    ""Lime"": 10,
    ""Teriyaki Sauce"": 5,
    ""Remnants"": 5
}
```",63,"lemon or lime",10,"sauce",5,NA,5,NA,NA,NA,NA,NA,NA,NA,NA,NA,NA,NA,NA,NA,NA,NA,NA,NA,NA,NA,NA,NA,NA,NA,NA,"```json
{
    ""Lime"": 10,
    ""Teriyaki Sauce"": 5,
    ""Remnants"": 5
}
```",63,"lemon or lime",10,"sauce",5,NA,5,NA,NA,NA,NA,NA,NA,NA,NA,NA,NA,NA,NA,NA,NA,NA,NA,NA,NA,NA,NA,NA,NA,NA,NA,"```json
{
  ""Lime"": 10,
  ""Teriyaki Sauce"": 5,
  ""Remnants"": 0
}
```",63,"lemon or lime",10,"sauce",5,NA,0,NA,NA,NA,NA,NA,NA,NA,NA,NA,NA,NA,NA,NA,NA,NA,NA,NA,NA,NA,NA,NA,NA,NA,NA,"```json
{
    ""Lime"": 10,
    ""Teriyaki Sauce"": 5,
    ""Remnants"": 5
}
```",63,"lemon or lime",10,"sauce",5,NA,5,NA,NA,NA,NA,NA,NA,NA,NA,NA,NA,NA,NA,NA,NA,NA,NA,NA,NA,NA,NA,NA,NA,NA,NA,"```json
{
    ""Lime"": 10,
    ""Teriyaki Sauce"": 5,
    ""Remnants"": 5
}
```",63,"lemon or lime",10,"sauce",5,NA,5,NA,NA,NA,NA,NA,NA,NA,NA,NA,NA,NA,NA,NA,NA,NA,NA,NA,NA,NA,NA,NA,NA,NA,NA,"```json
{
    ""Lime"": 10,
    ""Teriyaki Sauce"": 5,
    ""Remnants"": 5
}
```",63,"lemon or lime",10,"sauce",5,NA,5,NA,NA,NA,NA,NA,NA,NA,NA,NA,NA,NA,NA,NA,NA,NA,NA,NA,NA,NA,NA,NA,NA,NA,NA,"```json
{
  ""Lime"": 10,
  ""Teriyaki Sauce"": 5,
  ""Remnants"": 5
}
```",63,"lemon or lime",10,"sauce",5,NA,5,NA,NA,NA,NA,NA,NA,NA,NA,NA,NA,NA,NA,NA,NA,NA,NA,NA,NA,NA,NA,NA,NA,NA,NA,"```json
{
  ""Remnants"": 0,
  ""Lime"": 10
}
```",63,NA,0,"lemon or lime",10,NA,NA,NA,NA,NA,NA,NA,NA,NA,NA,NA,NA,NA,NA,NA,NA,NA,NA,NA,NA,NA,NA,NA,NA,NA,NA,"```json
{
  ""Lime"": 10,
  ""Teriyaki Sauce"": 5,
  ""Remnants"": 5
}
```",63,"lemon or lime",10,"sauce",5,NA,5,NA,NA,NA,NA,NA,NA,NA,NA,NA,NA,NA,NA,NA,NA,NA,NA,"```json
{
  ""Remnants"": 0,
  ""Lime"": 10
}
```",63,NA,0,"lemon or lime",10,NA,NA,NA,NA,NA,NA,NA,NA,NA,NA,NA,NA,"```json
{
  ""Remnants"": 0,
  ""Lime"": 10
}
```",63,NA,0,"lemon or lime",10,NA,NA,NA,NA,NA,NA,NA,NA,NA,NA,NA,NA,"```json
{
  ""Remnants"": 0
}
```",63,NA,0,NA,NA,NA,NA,NA,NA,NA,NA,NA,NA,NA,NA,NA,NA,"```json
{
  ""Remnants"": 0,
  ""Lime"": 10
}
```",63,NA,0,"lemon or lime",10,NA,NA,NA,NA,NA,NA,NA,NA,NA,NA,NA,NA,"```json
{
  ""Remnants"": 0,
  ""Lime"": 10
}
```",63,NA,0,"lemon or lime",10,NA,NA,NA,NA,NA,NA,NA,NA,NA,NA,NA,NA,20,4,4,20,4,4,20,4,4,15,9,9,20,4,4,20,4,4,20,4,4,20,4,4,10,14,14,20,4,4,10,14,14,10,14,14,0,24,24,10,14,14,10,14,14,2,0,2,0,2,0,2,0,2,0,2,0,2,0,2,0,1,0,2,0,1,0,1,0,0,0,1,0,1,0
"Teriyaki fish fillet on ginger-sweet potato mash
with spicy cucumber salad","Mariam","18.10.2024","TeriyakiFishfilet",2,"50%-30%","26,3",676,950,274,"Teriyaki-Fischfilet auf Ingwer-Süßkartoffelstampf
mit scharfem Gurkensalat","https://www.hellofresh.de/recipes/pangasius-in-teriyaki-sosse-662f9c6d7ceb4fe1685f1ab2","Mariam_Fri_Meal2_1.jpg",2,"(shell)fish","potatoes or fries","cucumbers","root vegetables","lemon or lime","onion","seasoning","sauce","water or broth","fats or oils","fats or oils","water or broth",NA,NA,NA,"240g Pangasius; 1  Sweet Potato; 1  Cucumber; 1  Carrot; 1  Lime; 1  Spring Onion; 10g Ginger; 100ml Teriyaki Sauce; 100ml Water; 2 tablespoon olive oil; 1 tablespoon butter; 100 ml water"," Pangasius;  Sweet Potato;  Cucumber;  Carrot;  Lime;  Spring Onion; Ginger; Teriyaki Sauce; Water;  olive oil;  butter; water",274,274,"```json
{
    ""Pangasius"": 50,
    ""Sweet Potato"": 100,
    ""Cucumber"": 40,
    ""Lime"": 10,
    ""Spring Onion"": 5,
    ""Teriyaki Sauce"": 10
}
```",25,"(shell)fish",50,"potatoes or fries",100,"cucumbers",40,"lemon or lime",10,"onion",5,"sauce",10,NA,NA,NA,NA,NA,NA,NA,NA,NA,NA,NA,NA,NA,NA,NA,NA,NA,NA,"```json
{
    ""Pangasius"": 50,
    ""Sweet Potato"": 100,
    ""Cucumber"": 40,
    ""Lime"": 10,
    ""Spring Onion"": 5,
    ""Teriyaki Sauce"": 15
}
```",25,"(shell)fish",50,"potatoes or fries",100,"cucumbers",40,"lemon or lime",10,"onion",5,"sauce",15,NA,NA,NA,NA,NA,NA,NA,NA,NA,NA,NA,NA,NA,NA,NA,NA,NA,NA,"```json
{
    ""Pangasius"": 50,
    ""Sweet Potato"": 100,
    ""Cucumber"": 40,
    ""Lime"": 10,
    ""Spring Onion"": 5,
    ""Teriyaki Sauce"": 15
}
```",25,"(shell)fish",50,"potatoes or fries",100,"cucumbers",40,"lemon or lime",10,"onion",5,"sauce",15,NA,NA,NA,NA,NA,NA,NA,NA,NA,NA,NA,NA,NA,NA,NA,NA,NA,NA,"```json
{
    ""Pangasius"": 50,
    ""Sweet Potato"": 100,
    ""Cucumber"": 40,
    ""Lime"": 10,
    ""Spring Onion"": 5,
    ""Teriyaki Sauce"": 15
}
```",25,"(shell)fish",50,"potatoes or fries",100,"cucumbers",40,"lemon or lime",10,"onion",5,"sauce",15,NA,NA,NA,NA,NA,NA,NA,NA,NA,NA,NA,NA,NA,NA,NA,NA,NA,NA,"```json
{
    ""Pangasius"": 50,
    ""Sweet Potato"": 100,
    ""Cucumber"": 40,
    ""Lime"": 10,
    ""Spring Onion"": 5,
    ""Teriyaki Sauce"": 10
}
```",25,"(shell)fish",50,"potatoes or fries",100,"cucumbers",40,"lemon or lime",10,"onion",5,"sauce",10,NA,NA,NA,NA,NA,NA,NA,NA,NA,NA,NA,NA,NA,NA,NA,NA,NA,NA,"```json
{
    ""Pangasius"": 60,
    ""Sweet Potato"": 150,
    ""Cucumber"": 50,
    ""Lime"": 10,
    ""Spring Onion"": 5,
    ""Teriyaki Sauce"": 10
}
```",25,"(shell)fish",60,"potatoes or fries",150,"cucumbers",50,"lemon or lime",10,"onion",5,"sauce",10,NA,NA,NA,NA,NA,NA,NA,NA,NA,NA,NA,NA,NA,NA,NA,NA,NA,NA,"```json
{
    ""Pangasius"": 50,
    ""Sweet Potato"": 100,
    ""Cucumber"": 40,
    ""Lime"": 10,
    ""Spring Onion"": 5,
    ""Teriyaki Sauce"": 10
}
```",25,"(shell)fish",50,"potatoes or fries",100,"cucumbers",40,"lemon or lime",10,"onion",5,"sauce",10,NA,NA,NA,NA,NA,NA,NA,NA,NA,NA,NA,NA,NA,NA,NA,NA,NA,NA,"```json
{
    ""Pangasius"": 60,
    ""Sweet Potato"": 100,
    ""Cucumber"": 50,
    ""Lime"": 10,
    ""Spring Onion"": 5,
    ""Teriyaki Sauce"": 10
}
```",25,"(shell)fish",60,"potatoes or fries",100,"cucumbers",50,"lemon or lime",10,"onion",5,"sauce",10,NA,NA,NA,NA,NA,NA,NA,NA,NA,NA,NA,NA,NA,NA,NA,NA,NA,NA,"```json
{
    ""Pangasius"": 60,
    ""Sweet Potato"": 100,
    ""Cucumber"": 50,
    ""Lime"": 10,
    ""Spring Onion"": 5,
    ""Teriyaki Sauce"": 10
}
```",25,"(shell)fish",60,"potatoes or fries",100,"cucumbers",50,"lemon or lime",10,"onion",5,"sauce",10,NA,NA,NA,NA,NA,NA,NA,NA,NA,NA,NA,NA,NA,NA,NA,NA,NA,NA,"```json
{
    ""Pangasius"": 60,
    ""Sweet Potato"": 100,
    ""Cucumber"": 50,
    ""Lime"": 10,
    ""Spring Onion"": 5,
    ""Teriyaki Sauce"": 15
}
```",25,"(shell)fish",60,"potatoes or fries",100,"cucumbers",50,"lemon or lime",10,"onion",5,"sauce",15,NA,NA,NA,NA,NA,NA,NA,NA,NA,NA,"```json
{
    ""Teriyaki fish fillet"": 50,
    ""Ginger-sweet potato mash"": 100,
    ""Spicy cucumber salad"": 60,
    ""Lime wedge"": 10
}
```",25,"(shell)fish",50,"potatoes or fries",100,"lettuce",60,"lemon or lime",10,NA,NA,NA,NA,NA,NA,NA,NA,"```json
{
    ""Teriyaki Fish Fillet"": 50,
    ""Ginger-Sweet Potato Mash"": 100,
    ""Spicy Cucumber Salad"": 60,
    ""Lime Wedge"": 10
}
```",25,"(shell)fish",50,"potatoes or fries",100,"lettuce",60,"lemon or lime",10,NA,NA,NA,NA,NA,NA,NA,NA,"```json
{
    ""Teriyaki fish fillet"": 50,
    ""Ginger-sweet potato mash"": 150,
    ""Spicy cucumber salad"": 70,
    ""Lime wedge"": 10
}
```",25,"(shell)fish",50,"potatoes or fries",150,"lettuce",70,"lemon or lime",10,NA,NA,NA,NA,NA,NA,NA,NA,"```json
{
    ""Teriyaki Fish Fillet"": 50,
    ""Ginger-Sweet Potato Mash"": 150,
    ""Spicy Cucumber Salad"": 60,
    ""Lime Wedge"": 10
}
```",25,"(shell)fish",50,"potatoes or fries",150,"lettuce",60,"lemon or lime",10,NA,NA,NA,NA,NA,NA,NA,NA,"```json
{
    ""Teriyaki fish fillet"": 50,
    ""Ginger-sweet potato mash"": 100,
    ""Spicy cucumber salad"": 60,
    ""Lime wedge"": 10
}
```",25,"(shell)fish",50,"potatoes or fries",100,"lettuce",60,"lemon or lime",10,NA,NA,NA,NA,NA,NA,NA,NA,215,59,59,220,54,54,220,54,54,220,54,54,215,59,59,285,-11,11,215,59,59,235,39,39,235,39,39,240,34,34,220,54,54,220,54,54,280,-6,6,270,4,4,220,54,54,6,0,6,0,6,0,6,0,6,0,6,0,6,0,6,0,6,0,6,0,3,1,3,1,3,1,3,1,3,1
"Teriyaki fish fillet on ginger-sweet potato mash
with spicy cucumber salad","Mariam","18.10.2024","TeriyakiFishfilet",2,"10%-30%","26,3",676,851,175,"Teriyaki-Fischfilet auf Ingwer-Süßkartoffelstampf
mit scharfem Gurkensalat","https://www.hellofresh.de/recipes/pangasius-in-teriyaki-sosse-662f9c6d7ceb4fe1685f1ab2","Mariam_Fri_Meal2_2.jpg",2,"(shell)fish","potatoes or fries","cucumbers","root vegetables","lemon or lime","onion","seasoning","sauce","water or broth","fats or oils","fats or oils","water or broth",NA,NA,NA,"240g Pangasius; 1  Sweet Potato; 1  Cucumber; 1  Carrot; 1  Lime; 1  Spring Onion; 10g Ginger; 100ml Teriyaki Sauce; 100ml Water; 2 tablespoon olive oil; 1 tablespoon butter; 100 ml water"," Pangasius;  Sweet Potato;  Cucumber;  Carrot;  Lime;  Spring Onion; Ginger; Teriyaki Sauce; Water;  olive oil;  butter; water",175,175,"```json
{
    ""Cucumber"": 20,
    ""Sweet Potato"": 30,
    ""Lime"": 10,
    ""Spring Onion"": 5,
    ""Teriyaki Sauce"": 5,
    ""Remnants"": 0
}
```",26,"cucumbers",20,"potatoes or fries",30,"lemon or lime",10,"onion",5,"sauce",5,NA,0,NA,NA,NA,NA,NA,NA,NA,NA,NA,NA,NA,NA,NA,NA,NA,NA,NA,NA,"```json
{
    ""Cucumber"": 20,
    ""Sweet Potato"": 30,
    ""Lime"": 10,
    ""Spring Onion"": 5,
    ""Teriyaki Sauce"": 5,
    ""Remnants"": 0
}
```",26,"cucumbers",20,"potatoes or fries",30,"lemon or lime",10,"onion",5,"sauce",5,NA,0,NA,NA,NA,NA,NA,NA,NA,NA,NA,NA,NA,NA,NA,NA,NA,NA,NA,NA,"```json
{
    ""Cucumber"": 20,
    ""Lime"": 10,
    ""Sweet Potato"": 50,
    ""Teriyaki Sauce"": 5,
    ""Remnants"": 0
}
```",26,"cucumbers",20,"lemon or lime",10,"potatoes or fries",50,"sauce",5,NA,0,NA,NA,NA,NA,NA,NA,NA,NA,NA,NA,NA,NA,NA,NA,NA,NA,NA,NA,NA,NA,"```json
{
    ""Cucumber"": 20,
    ""Sweet Potato"": 30,
    ""Lime"": 5,
    ""Spring Onion"": 5,
    ""Teriyaki Sauce"": 5,
    ""Remnants"": 0
}
```",26,"cucumbers",20,"potatoes or fries",30,"lemon or lime",5,"onion",5,"sauce",5,NA,0,NA,NA,NA,NA,NA,NA,NA,NA,NA,NA,NA,NA,NA,NA,NA,NA,NA,NA,"```json
{
    ""Cucumber"": 20,
    ""Lime"": 10,
    ""Sweet Potato"": 50,
    ""Teriyaki Sauce"": 5,
    ""Remnants"": 0
}
```",26,"cucumbers",20,"lemon or lime",10,"potatoes or fries",50,"sauce",5,NA,0,NA,NA,NA,NA,NA,NA,NA,NA,NA,NA,NA,NA,NA,NA,NA,NA,NA,NA,NA,NA,"```json
{
    ""Cucumber"": 20,
    ""Sweet Potato"": 50,
    ""Lime"": 10,
    ""Remnants"": 0
}
```",26,"cucumbers",20,"potatoes or fries",50,"lemon or lime",10,NA,0,NA,NA,NA,NA,NA,NA,NA,NA,NA,NA,NA,NA,NA,NA,NA,NA,NA,NA,NA,NA,NA,NA,"```json
{
    ""Cucumber"": 20,
    ""Lime"": 10,
    ""Sweet Potato"": 50,
    ""Remnants"": 0
}
```",26,"cucumbers",20,"lemon or lime",10,"potatoes or fries",50,NA,0,NA,NA,NA,NA,NA,NA,NA,NA,NA,NA,NA,NA,NA,NA,NA,NA,NA,NA,NA,NA,NA,NA,"```json
{
    ""Cucumber"": 20,
    ""Sweet Potato"": 50,
    ""Lime"": 10,
    ""Remnants"": 0
}
```",26,"cucumbers",20,"potatoes or fries",50,"lemon or lime",10,NA,0,NA,NA,NA,NA,NA,NA,NA,NA,NA,NA,NA,NA,NA,NA,NA,NA,NA,NA,NA,NA,NA,NA,"```json
{
    ""Cucumber"": 20,
    ""Lime"": 10,
    ""Sweet Potato"": 50,
    ""Teriyaki Sauce"": 5,
    ""Remnants"": 0
}
```",26,"cucumbers",20,"lemon or lime",10,"potatoes or fries",50,"sauce",5,NA,0,NA,NA,NA,NA,NA,NA,NA,NA,NA,NA,NA,NA,NA,NA,NA,NA,NA,NA,NA,NA,"```json
{
    ""Cucumber"": 20,
    ""Lime"": 10,
    ""Sweet Potato"": 50,
    ""Teriyaki Sauce"": 5,
    ""Remnants"": 0
}
```",26,"cucumbers",20,"lemon or lime",10,"potatoes or fries",50,"sauce",5,NA,0,NA,NA,NA,NA,NA,NA,NA,NA,NA,NA,NA,NA,"```json
{
    ""Cucumber Salad"": 20,
    ""Sweet Potato Mash"": 50,
    ""Lime Wedge"": 5,
    ""Sauce Remnants"": 0
}
```",26,"lettuce",20,"potatoes or fries",50,"lemon or lime",5,"sauce",0,NA,NA,NA,NA,NA,NA,NA,NA,"```json
{
    ""Cucumber slices"": 20,
    ""Lime wedge"": 10,
    ""Sweet potato mash"": 50,
    ""Sauce remnants"": 5
}
```",26,"cucumbers",20,"lemon or lime",10,"potatoes or fries",50,"sauce",5,NA,NA,NA,NA,NA,NA,NA,NA,"```json
{
    ""Cucumber slices"": 20,
    ""Lime wedge"": 10,
    ""Sweet potato mash"": 50,
    ""Sauce remnants"": 5
}
```",26,"cucumbers",20,"lemon or lime",10,"potatoes or fries",50,"sauce",5,NA,NA,NA,NA,NA,NA,NA,NA,"```json
{
    ""Cucumber slices"": 20,
    ""Lime wedge"": 10,
    ""Sweet potato mash"": 50,
    ""Sauce remnants"": 5
}
```",26,"cucumbers",20,"lemon or lime",10,"potatoes or fries",50,"sauce",5,NA,NA,NA,NA,NA,NA,NA,NA,"```json
{
    ""Cucumber slices"": 20,
    ""Lime wedge"": 10,
    ""Sweet potato mash"": 50,
    ""Sauce remnants"": 5
}
```",26,"cucumbers",20,"lemon or lime",10,"potatoes or fries",50,"sauce",5,NA,NA,NA,NA,NA,NA,NA,NA,70,105,105,70,105,105,85,90,90,65,110,110,85,90,90,80,95,95,80,95,95,80,95,95,85,90,90,85,90,90,75,100,100,85,90,90,85,90,90,85,90,90,85,90,90,5,0,5,0,4,0,5,0,4,0,3,0,3,0,3,0,4,0,4,0,3,1,4,0,4,0,4,0,4,0
"Teriyaki fish fillet on ginger-sweet potato mash
with spicy cucumber salad","Mariam","18.10.2024","TeriyakiFishfilet",2,"finished","26,3",676,694,18,"Teriyaki-Fischfilet auf Ingwer-Süßkartoffelstampf
mit scharfem Gurkensalat","https://www.hellofresh.de/recipes/pangasius-in-teriyaki-sosse-662f9c6d7ceb4fe1685f1ab2","Mariam_Fri_Meal2_3.jpg",2,"(shell)fish","potatoes or fries","cucumbers","root vegetables","lemon or lime","onion","seasoning","sauce","water or broth","fats or oils","fats or oils","water or broth",NA,NA,NA,"240g Pangasius; 1  Sweet Potato; 1  Cucumber; 1  Carrot; 1  Lime; 1  Spring Onion; 10g Ginger; 100ml Teriyaki Sauce; 100ml Water; 2 tablespoon olive oil; 1 tablespoon butter; 100 ml water"," Pangasius;  Sweet Potato;  Cucumber;  Carrot;  Lime;  Spring Onion; Ginger; Teriyaki Sauce; Water;  olive oil;  butter; water",18,18,"```json
{
    ""Lime"": 10,
    ""Remnants"": 0
}
```",27,"lemon or lime",10,NA,0,NA,NA,NA,NA,NA,NA,NA,NA,NA,NA,NA,NA,NA,NA,NA,NA,NA,NA,NA,NA,NA,NA,NA,NA,NA,NA,"```json
{
    ""Lime"": 10,
    ""Remnants"": 0
}
```",27,"lemon or lime",10,NA,0,NA,NA,NA,NA,NA,NA,NA,NA,NA,NA,NA,NA,NA,NA,NA,NA,NA,NA,NA,NA,NA,NA,NA,NA,NA,NA,"```json
{
    ""Lime"": 10,
    ""Remnants"": 0
}
```",27,"lemon or lime",10,NA,0,NA,NA,NA,NA,NA,NA,NA,NA,NA,NA,NA,NA,NA,NA,NA,NA,NA,NA,NA,NA,NA,NA,NA,NA,NA,NA,"```json
{
    ""Lime"": 10,
    ""Remnants"": 0
}
```",27,"lemon or lime",10,NA,0,NA,NA,NA,NA,NA,NA,NA,NA,NA,NA,NA,NA,NA,NA,NA,NA,NA,NA,NA,NA,NA,NA,NA,NA,NA,NA,"```json
{
    ""Remnants"": 0,
    ""Lime"": 5
}
```",27,NA,0,"lemon or lime",5,NA,NA,NA,NA,NA,NA,NA,NA,NA,NA,NA,NA,NA,NA,NA,NA,NA,NA,NA,NA,NA,NA,NA,NA,NA,NA,"```json
{
  ""Lime"": 10,
  ""Remnants"": 0
}
```",27,"lemon or lime",10,NA,0,NA,NA,NA,NA,NA,NA,NA,NA,NA,NA,NA,NA,NA,NA,NA,NA,NA,NA,NA,NA,NA,NA,NA,NA,NA,NA,"```json
{
  ""Remnants"": 0,
  ""Lime"": 10
}
```",27,NA,0,"lemon or lime",10,NA,NA,NA,NA,NA,NA,NA,NA,NA,NA,NA,NA,NA,NA,NA,NA,NA,NA,NA,NA,NA,NA,NA,NA,NA,NA,"```json
{
  ""Lime"": 10,
  ""Remnants"": 5
}
```",27,"lemon or lime",10,NA,5,NA,NA,NA,NA,NA,NA,NA,NA,NA,NA,NA,NA,NA,NA,NA,NA,NA,NA,NA,NA,NA,NA,NA,NA,NA,NA,"```json
{
    ""Lime"": 10,
    ""Remnants"": 5
}
```",27,"lemon or lime",10,NA,5,NA,NA,NA,NA,NA,NA,NA,NA,NA,NA,NA,NA,NA,NA,NA,NA,NA,NA,NA,NA,NA,NA,NA,NA,NA,NA,"```json
{
  ""Lime"": 10,
  ""Remnants"": 5
}
```",27,"lemon or lime",10,NA,5,NA,NA,NA,NA,NA,NA,NA,NA,NA,NA,NA,NA,NA,NA,NA,NA,NA,NA,"```json
{
    ""Remnants"": 0,
    ""Lime"": 5
}
```",27,NA,0,"lemon or lime",5,NA,NA,NA,NA,NA,NA,NA,NA,NA,NA,NA,NA,"```json
{
    ""Remnants"": 0,
    ""Lime"": 5
}
```",27,NA,0,"lemon or lime",5,NA,NA,NA,NA,NA,NA,NA,NA,NA,NA,NA,NA,"```json
{
  ""Remnants"": 0,
  ""Lime"": 5
}
```",27,NA,0,"lemon or lime",5,NA,NA,NA,NA,NA,NA,NA,NA,NA,NA,NA,NA,"```json
{
    ""Remnants"": 0,
    ""Lime"": 5
}
```",27,NA,0,"lemon or lime",5,NA,NA,NA,NA,NA,NA,NA,NA,NA,NA,NA,NA,"```json
{
  ""Remnants"": 0,
  ""Lime"": 5
}
```",27,NA,0,"lemon or lime",5,NA,NA,NA,NA,NA,NA,NA,NA,NA,NA,NA,NA,10,8,8,10,8,8,10,8,8,10,8,8,5,13,13,10,8,8,10,8,8,15,3,3,15,3,3,15,3,3,5,13,13,5,13,13,5,13,13,5,13,13,5,13,13,1,0,1,0,1,0,1,0,1,0,1,0,1,0,1,0,1,0,1,0,1,0,1,0,1,0,1,0,1,0
"Whole wheat penne with red pesto tomato sauce","Meike","Wednesday","PastaVeggie",1,"50","25",574,899,325,"Volkoren penne met rodepesto-tomaten saus","https://www.hellofresh.nl/recipes/volkoren-penne-met-rode-pesto-tomatensaus-6482f79c4726b736914e1a6f","Meike_Wed_PastaVeggie_Pers1_Moment1.jpg",3,"pasta","onion","zucchini","root vegetables","garlic","sauce","cheese","herbs","water or broth","fats or oils","tomatoes","tomatoes","tomatoes",NA,NA,"270g Penne; 1.5 Onion; 1.5  Zucchini; 1.5  Carrot; 1.5  Garlic cloves; 120g Red Pesto; 60g Grana Padano Flakes; 15g Basil; 300ml Broth; 3 tablespoon olive oil; 120 g tomatoes; 0.5 tomato puree; 50g tomato paste"," Penne; Onion;  Zucchini;  Carrot;  Garlic ;  Red Pesto; Grana Padano Flakes; Basil; Broth;  olive oil; tomatoes; tomato puree; tomato paste",325,325,"```json
{
    ""Penne"": 100,
    ""Onion"": 20,
    ""Zucchini"": 15,
    ""Carrot"": 10,
    ""Garlic"": 5,
    ""Red Pesto"": 30,
    ""Grana Padano Flakes"": 10,
    ""Basil"": 5,
    ""Broth"": 20,
    ""Olive Oil"": 5
}
```",52,"pasta",100,"onion",20,"zucchini",15,"root vegetables",10,"garlic",5,"sauce",30,"cheese",10,"herbs",5,"water or broth",20,"fats or oils",5,NA,NA,NA,NA,NA,NA,NA,NA,NA,NA,"```json
{
    ""Penne"": 100,
    ""Onion"": 20,
    ""Zucchini"": 15,
    ""Carrot"": 10,
    ""Garlic"": 5,
    ""Red Pesto"": 30,
    ""Grana Padano Flakes"": 10,
    ""Basil"": 5,
    ""Broth"": 20,
    ""Olive Oil"": 5
}
```",52,"pasta",100,"onion",20,"zucchini",15,"root vegetables",10,"garlic",5,"sauce",30,"cheese",10,"herbs",5,"water or broth",20,"fats or oils",5,NA,NA,NA,NA,NA,NA,NA,NA,NA,NA,"```json
{
    ""Penne"": 100,
    ""Onion"": 20,
    ""Zucchini"": 15,
    ""Carrot"": 10,
    ""Garlic"": 5,
    ""Red Pesto"": 30,
    ""Grana Padano Flakes"": 10,
    ""Basil"": 5,
    ""Broth"": 20,
    ""Olive Oil"": 5
}
```",52,"pasta",100,"onion",20,"zucchini",15,"root vegetables",10,"garlic",5,"sauce",30,"cheese",10,"herbs",5,"water or broth",20,"fats or oils",5,NA,NA,NA,NA,NA,NA,NA,NA,NA,NA,"```json
{
    ""Penne"": 100,
    ""Onion"": 20,
    ""Zucchini"": 15,
    ""Carrot"": 10,
    ""Garlic"": 5,
    ""Red Pesto"": 30,
    ""Grana Padano Flakes"": 10,
    ""Basil"": 5,
    ""Broth"": 20,
    ""Olive Oil"": 5
}
```",52,"pasta",100,"onion",20,"zucchini",15,"root vegetables",10,"garlic",5,"sauce",30,"cheese",10,"herbs",5,"water or broth",20,"fats or oils",5,NA,NA,NA,NA,NA,NA,NA,NA,NA,NA,"```json
{
    ""Penne"": 100,
    ""Onion"": 20,
    ""Zucchini"": 15,
    ""Carrot"": 10,
    ""Garlic"": 5,
    ""Red Pesto"": 30,
    ""Grana Padano Flakes"": 10,
    ""Basil"": 5,
    ""Broth"": 20,
    ""Olive Oil"": 5
}
```",52,"pasta",100,"onion",20,"zucchini",15,"root vegetables",10,"garlic",5,"sauce",30,"cheese",10,"herbs",5,"water or broth",20,"fats or oils",5,NA,NA,NA,NA,NA,NA,NA,NA,NA,NA,"```json
{
    ""Penne"": 100,
    ""Onion"": 30,
    ""Zucchini"": 0,
    ""Carrot"": 0,
    ""Garlic"": 0,
    ""Red Pesto"": 50,
    ""Grana Padano Flakes"": 10,
    ""Basil"": 5,
    ""Broth"": 0,
    ""Olive Oil"": 5
}
```",52,"pasta",100,"onion",30,"zucchini",0,"root vegetables",0,"garlic",0,"sauce",50,"cheese",10,"herbs",5,"water or broth",0,"fats or oils",5,NA,NA,NA,NA,NA,NA,NA,NA,NA,NA,"```json
{
    ""Penne"": 100,
    ""Onion"": 30,
    ""Zucchini"": 0,
    ""Carrot"": 0,
    ""Garlic"": 0,
    ""Red Pesto"": 50,
    ""Grana Padano Flakes"": 10,
    ""Basil"": 5,
    ""Broth"": 0,
    ""Olive Oil"": 5
}
```",52,"pasta",100,"onion",30,"zucchini",0,"root vegetables",0,"garlic",0,"sauce",50,"cheese",10,"herbs",5,"water or broth",0,"fats or oils",5,NA,NA,NA,NA,NA,NA,NA,NA,NA,NA,"```json
{
    ""Penne"": 100,
    ""Onion"": 30,
    ""Zucchini"": 20,
    ""Carrot"": 20,
    ""Garlic"": 5,
    ""Red Pesto"": 50,
    ""Grana Padano Flakes"": 10,
    ""Basil"": 5,
    ""Broth"": 0,
    ""Olive Oil"": 5
}
```",52,"pasta",100,"onion",30,"zucchini",20,"root vegetables",20,"garlic",5,"sauce",50,"cheese",10,"herbs",5,"water or broth",0,"fats or oils",5,NA,NA,NA,NA,NA,NA,NA,NA,NA,NA,"```json
{
    ""Penne"": 100,
    ""Onion"": 20,
    ""Zucchini"": 0,
    ""Carrot"": 0,
    ""Garlic"": 0,
    ""Red Pesto"": 50,
    ""Grana Padano Flakes"": 10,
    ""Basil"": 5,
    ""Broth"": 0,
    ""Olive Oil"": 5
}
```",52,"pasta",100,"onion",20,"zucchini",0,"root vegetables",0,"garlic",0,"sauce",50,"cheese",10,"herbs",5,"water or broth",0,"fats or oils",5,NA,NA,NA,NA,NA,NA,NA,NA,NA,NA,"```json
{
    ""Penne"": 100,
    ""Onion"": 20,
    ""Zucchini"": 0,
    ""Carrot"": 0,
    ""Garlic"": 0,
    ""Red Pesto"": 50,
    ""Grana Padano Flakes"": 10,
    ""Basil"": 5,
    ""Broth"": 0,
    ""Olive Oil"": 5
}
```",52,"pasta",100,"onion",20,"zucchini",0,"root vegetables",0,"garlic",0,"sauce",50,"cheese",10,"herbs",5,"water or broth",0,"fats or oils",5,NA,NA,"```json
{
    ""whole_wheat_penne"": 100,
    ""red_pesto_tomato_sauce"": 50,
    ""basil"": 5,
    ""parmesan_shavings"": 5
}
```",52,"pasta",100,"tomatoes",50,"herbs",5,"cheese",5,NA,NA,NA,NA,NA,NA,NA,NA,"```json
{
    ""whole_wheat_penne"": 80,
    ""red_pesto_tomato_sauce"": 50,
    ""basil"": 5,
    ""parmesan_shavings"": 5,
    ""eggplant"": 20
}
```",52,"pasta",80,"tomatoes",50,"herbs",5,"cheese",5,"eggplant",20,NA,NA,NA,NA,NA,NA,"```json
{
    ""whole_wheat_penne"": 100,
    ""red_pesto_tomato_sauce"": 50,
    ""basil"": 5,
    ""parmesan_shavings"": 10,
    ""eggplant"": 30
}
```",52,"pasta",100,"tomatoes",50,"herbs",5,"cheese",10,"eggplant",30,NA,NA,NA,NA,NA,NA,"```json
{
    ""Whole wheat penne"": 100,
    ""Red pesto tomato sauce"": 50,
    ""Basil"": 5,
    ""Parmesan cheese"": 10,
    ""Eggplant"": 30
}
```",52,"pasta",100,"tomatoes",50,"herbs",5,"cheese",10,"eggplant",30,NA,NA,NA,NA,NA,NA,"```json
{
    ""Whole wheat penne"": 80,
    ""Red pesto tomato sauce"": 50,
    ""Basil"": 5,
    ""Parmesan cheese"": 10
}
```",52,"pasta",80,"tomatoes",50,"herbs",5,"cheese",10,NA,NA,NA,NA,NA,NA,NA,NA,220,105,105,220,105,105,220,105,105,220,105,105,220,105,105,200,125,125,200,125,125,245,80,80,190,135,135,190,135,135,160,165,165,160,165,165,195,130,130,195,130,130,145,180,180,10,0,10,0,10,0,10,0,10,0,10,0,10,0,10,0,10,0,10,0,4,0,4,1,4,1,4,1,4,0
"Whole wheat penne with red pesto tomato sauce","Meike","Wednesday","PastaVeggie",2,"50","25",616,947,331,"Volkoren penne met rodepesto-tomaten saus","https://www.hellofresh.nl/recipes/volkoren-penne-met-rode-pesto-tomatensaus-6482f79c4726b736914e1a6f","Meike_Wed_PastaVeggie_Pers2_Moment1.jpg",3,"pasta","onion","zucchini","root vegetables","garlic","sauce","cheese","herbs","water or broth","fats or oils","tomatoes","tomatoes","tomatoes",NA,NA,"270g Penne; 1.5 Onion; 1.5  Zucchini; 1.5  Carrot; 1.5  Garlic cloves; 120g Red Pesto; 60g Grana Padano Flakes; 15g Basil; 300ml Broth; 3 tablespoon olive oil; 120 g tomatoes; 0.5 tomato puree; 50g tomato paste"," Penne; Onion;  Zucchini;  Carrot;  Garlic ;  Red Pesto; Grana Padano Flakes; Basil; Broth;  olive oil; tomatoes; tomato puree; tomato paste",331,331,"```json
{
    ""Penne"": 80,
    ""Onion"": 30,
    ""Zucchini"": 40,
    ""Carrot"": 20,
    ""Garlic"": 5,
    ""Red Pesto"": 50,
    ""Grana Padano Flakes"": 10,
    ""Basil"": 5,
    ""Broth"": 30,
    ""Olive Oil"": 10
}
```",55,"pasta",80,"onion",30,"zucchini",40,"root vegetables",20,"garlic",5,"sauce",50,"cheese",10,"herbs",5,"water or broth",30,"fats or oils",10,NA,NA,NA,NA,NA,NA,NA,NA,NA,NA,"```json
{
    ""Penne"": 80,
    ""Onion"": 30,
    ""Zucchini"": 40,
    ""Carrot"": 20,
    ""Garlic"": 5,
    ""Red Pesto"": 50,
    ""Grana Padano Flakes"": 10,
    ""Basil"": 5,
    ""Broth"": 30,
    ""Olive Oil"": 10
}
```",55,"pasta",80,"onion",30,"zucchini",40,"root vegetables",20,"garlic",5,"sauce",50,"cheese",10,"herbs",5,"water or broth",30,"fats or oils",10,NA,NA,NA,NA,NA,NA,NA,NA,NA,NA,"```json
{
    ""Penne"": 80,
    ""Onion"": 30,
    ""Zucchini"": 40,
    ""Carrot"": 20,
    ""Garlic"": 5,
    ""Red Pesto"": 50,
    ""Grana Padano Flakes"": 10,
    ""Basil"": 5,
    ""Broth"": 30,
    ""Olive Oil"": 10
}
```",55,"pasta",80,"onion",30,"zucchini",40,"root vegetables",20,"garlic",5,"sauce",50,"cheese",10,"herbs",5,"water or broth",30,"fats or oils",10,NA,NA,NA,NA,NA,NA,NA,NA,NA,NA,"```json
{
    ""Penne"": 80,
    ""Onion"": 30,
    ""Zucchini"": 40,
    ""Carrot"": 20,
    ""Garlic"": 5,
    ""Red Pesto"": 50,
    ""Grana Padano Flakes"": 10,
    ""Basil"": 5,
    ""Broth"": 30,
    ""Olive Oil"": 10
}
```",55,"pasta",80,"onion",30,"zucchini",40,"root vegetables",20,"garlic",5,"sauce",50,"cheese",10,"herbs",5,"water or broth",30,"fats or oils",10,NA,NA,NA,NA,NA,NA,NA,NA,NA,NA,"```json
{
    ""Penne"": 80,
    ""Onion"": 30,
    ""Zucchini"": 40,
    ""Carrot"": 20,
    ""Garlic"": 5,
    ""Red Pesto"": 50,
    ""Grana Padano Flakes"": 10,
    ""Basil"": 5,
    ""Broth"": 30,
    ""Olive Oil"": 10
}
```",55,"pasta",80,"onion",30,"zucchini",40,"root vegetables",20,"garlic",5,"sauce",50,"cheese",10,"herbs",5,"water or broth",30,"fats or oils",10,NA,NA,NA,NA,NA,NA,NA,NA,NA,NA,"```json
{
    ""Penne"": 100,
    ""Onion"": 50,
    ""Zucchini"": 50,
    ""Carrot"": 30,
    ""Garlic"": 5,
    ""Red Pesto"": 40,
    ""Grana Padano Flakes"": 0,
    ""Basil"": 5,
    ""Broth"": 50,
    ""Olive Oil"": 10
}
```",55,"pasta",100,"onion",50,"zucchini",50,"root vegetables",30,"garlic",5,"sauce",40,"cheese",0,"herbs",5,"water or broth",50,"fats or oils",10,NA,NA,NA,NA,NA,NA,NA,NA,NA,NA,"```json
{
    ""Penne"": 100,
    ""Onion"": 50,
    ""Zucchini"": 50,
    ""Carrot"": 30,
    ""Garlic"": 5,
    ""Red Pesto"": 40,
    ""Grana Padano Flakes"": 0,
    ""Basil"": 5,
    ""Broth"": 50,
    ""Olive Oil"": 10
}
```",55,"pasta",100,"onion",50,"zucchini",50,"root vegetables",30,"garlic",5,"sauce",40,"cheese",0,"herbs",5,"water or broth",50,"fats or oils",10,NA,NA,NA,NA,NA,NA,NA,NA,NA,NA,"```json
{
    ""Penne"": 100,
    ""Onion"": 50,
    ""Zucchini"": 50,
    ""Carrot"": 40,
    ""Garlic"": 5,
    ""Red Pesto"": 60,
    ""Grana Padano Flakes"": 0,
    ""Basil"": 5,
    ""Broth"": 30,
    ""Olive Oil"": 10
}
```",55,"pasta",100,"onion",50,"zucchini",50,"root vegetables",40,"garlic",5,"sauce",60,"cheese",0,"herbs",5,"water or broth",30,"fats or oils",10,NA,NA,NA,NA,NA,NA,NA,NA,NA,NA,"```json
{
    ""Penne"": 100,
    ""Onion"": 50,
    ""Zucchini"": 50,
    ""Carrot"": 50,
    ""Garlic"": 5,
    ""Red Pesto"": 40,
    ""Grana Padano Flakes"": 0,
    ""Basil"": 5,
    ""Broth"": 100,
    ""Olive Oil"": 10
}
```",55,"pasta",100,"onion",50,"zucchini",50,"root vegetables",50,"garlic",5,"sauce",40,"cheese",0,"herbs",5,"water or broth",100,"fats or oils",10,NA,NA,NA,NA,NA,NA,NA,NA,NA,NA,"```json
{
    ""Penne"": 100,
    ""Onion"": 50,
    ""Zucchini"": 50,
    ""Carrot"": 30,
    ""Garlic"": 5,
    ""Red Pesto"": 60,
    ""Grana Padano Flakes"": 0,
    ""Basil"": 5,
    ""Broth"": 50,
    ""Olive Oil"": 10
}
```",55,"pasta",100,"onion",50,"zucchini",50,"root vegetables",30,"garlic",5,"sauce",60,"cheese",0,"herbs",5,"water or broth",50,"fats or oils",10,NA,NA,"```json
{
    ""Whole wheat penne"": 80,
    ""Red pesto tomato sauce"": 100,
    ""Zucchini"": 30,
    ""Red onion"": 20
}
```",55,"pasta",80,"tomatoes",100,"zucchini",30,"onion",20,NA,NA,NA,NA,NA,NA,NA,NA,"```json
{
    ""Whole wheat penne"": 80,
    ""Red pesto tomato sauce"": 100,
    ""Zucchini"": 30,
    ""Red onion"": 20
}
```",55,"pasta",80,"tomatoes",100,"zucchini",30,"onion",20,NA,NA,NA,NA,NA,NA,NA,NA,"```json
{
    ""Whole wheat penne"": 80,
    ""Red pesto tomato sauce"": 100,
    ""Zucchini"": 30,
    ""Red onion"": 20
}
```",55,"pasta",80,"tomatoes",100,"zucchini",30,"onion",20,NA,NA,NA,NA,NA,NA,NA,NA,"```json
{
    ""Whole wheat penne"": 80,
    ""Red pesto tomato sauce"": 100,
    ""Zucchini"": 30,
    ""Red onion"": 20
}
```",55,"pasta",80,"tomatoes",100,"zucchini",30,"onion",20,NA,NA,NA,NA,NA,NA,NA,NA,"```json
{
    ""Whole wheat penne"": 80,
    ""Red pesto tomato sauce"": 100,
    ""Zucchini"": 30,
    ""Red onion"": 20
}
```",55,"pasta",80,"tomatoes",100,"zucchini",30,"onion",20,NA,NA,NA,NA,NA,NA,NA,NA,280,51,51,280,51,51,280,51,51,280,51,51,280,51,51,340,-9,9,340,-9,9,350,-19,19,410,-79,79,360,-29,29,230,101,101,230,101,101,230,101,101,230,101,101,230,101,101,10,0,10,0,10,0,10,0,10,0,10,0,10,0,10,0,10,0,10,0,4,0,4,0,4,0,4,0,4,0
"Whole wheat penne with red pesto tomato sauce","Meike","Wednesday","PastaVeggie",3,"50","25",598,904,306,"Volkoren penne met rodepesto-tomaten saus","https://www.hellofresh.nl/recipes/volkoren-penne-met-rode-pesto-tomatensaus-6482f79c4726b736914e1a6f","Meike_Wed_PastaVeggie_Pers3_Moment1.jpg",3,"pasta","onion","zucchini","root vegetables","garlic","sauce","cheese","herbs","water or broth","fats or oils","tomatoes","tomatoes","tomatoes",NA,NA,"270g Penne; 1.5 Onion; 1.5  Zucchini; 1.5  Carrot; 1.5  Garlic cloves; 120g Red Pesto; 60g Grana Padano Flakes; 15g Basil; 300ml Broth; 3 tablespoon olive oil; 120 g tomatoes; 0.5 tomato puree; 50g tomato paste"," Penne; Onion;  Zucchini;  Carrot;  Garlic ;  Red Pesto; Grana Padano Flakes; Basil; Broth;  olive oil; tomatoes; tomato puree; tomato paste",306,306,"```json
{
    ""Penne"": 150,
    ""Onion"": 30,
    ""Zucchini"": 25,
    ""Carrot"": 20,
    ""Garlic"": 5,
    ""Red Pesto"": 50,
    ""Grana Padano Flakes"": 10,
    ""Basil"": 5,
    ""Broth"": 30,
    ""Olive Oil"": 10
}
```",58,"pasta",150,"onion",30,"zucchini",25,"root vegetables",20,"garlic",5,"sauce",50,"cheese",10,"herbs",5,"water or broth",30,"fats or oils",10,NA,NA,NA,NA,NA,NA,NA,NA,NA,NA,"```json
{
    ""Penne"": 150,
    ""Onion"": 30,
    ""Zucchini"": 40,
    ""Carrot"": 20,
    ""Garlic"": 5,
    ""Red Pesto"": 50,
    ""Grana Padano Flakes"": 10,
    ""Basil"": 5,
    ""Broth"": 30,
    ""Olive Oil"": 10
}
```",58,"pasta",150,"onion",30,"zucchini",40,"root vegetables",20,"garlic",5,"sauce",50,"cheese",10,"herbs",5,"water or broth",30,"fats or oils",10,NA,NA,NA,NA,NA,NA,NA,NA,NA,NA,"```json
{
    ""Penne"": 150,
    ""Onion"": 30,
    ""Zucchini"": 25,
    ""Carrot"": 20,
    ""Garlic"": 5,
    ""Red Pesto"": 50,
    ""Grana Padano Flakes"": 10,
    ""Basil"": 5,
    ""Broth"": 30,
    ""Olive Oil"": 10
}
```",58,"pasta",150,"onion",30,"zucchini",25,"root vegetables",20,"garlic",5,"sauce",50,"cheese",10,"herbs",5,"water or broth",30,"fats or oils",10,NA,NA,NA,NA,NA,NA,NA,NA,NA,NA,"```json
{
    ""Penne"": 150,
    ""Onion"": 30,
    ""Zucchini"": 25,
    ""Carrot"": 20,
    ""Garlic"": 5,
    ""Red Pesto"": 50,
    ""Grana Padano Flakes"": 10,
    ""Basil"": 5,
    ""Broth"": 30,
    ""Olive Oil"": 10
}
```",58,"pasta",150,"onion",30,"zucchini",25,"root vegetables",20,"garlic",5,"sauce",50,"cheese",10,"herbs",5,"water or broth",30,"fats or oils",10,NA,NA,NA,NA,NA,NA,NA,NA,NA,NA,"```json
{
    ""Penne"": 150,
    ""Onion"": 20,
    ""Zucchini"": 30,
    ""Carrot"": 20,
    ""Garlic"": 5,
    ""Red Pesto"": 50,
    ""Grana Padano Flakes"": 10,
    ""Basil"": 5,
    ""Broth"": 30,
    ""Olive Oil"": 10
}
```",58,"pasta",150,"onion",20,"zucchini",30,"root vegetables",20,"garlic",5,"sauce",50,"cheese",10,"herbs",5,"water or broth",30,"fats or oils",10,NA,NA,NA,NA,NA,NA,NA,NA,NA,NA,"```json
{
  ""Penne"": 270,
  ""Onion"": 150,
  ""Zucchini"": 150,
  ""Carrot"": 150,
  ""Garlic"": 15,
  ""Red Pesto"": 120,
  ""Grana Padano Flakes"": 60,
  ""Basil"": 15,
  ""Broth"": 300,
  ""Olive Oil"": 40
}
```",58,"pasta",270,"onion",150,"zucchini",150,"root vegetables",150,"garlic",15,"sauce",120,"cheese",60,"herbs",15,"water or broth",300,"fats or oils",40,NA,NA,NA,NA,NA,NA,NA,NA,NA,NA,"```json
{
    ""Penne"": 270,
    ""Onion"": 150,
    ""Zucchini"": 150,
    ""Carrot"": 150,
    ""Garlic"": 15,
    ""Red Pesto"": 120,
    ""Grana Padano Flakes"": 60,
    ""Basil"": 15,
    ""Broth"": 300,
    ""Olive Oil"": 40
}
```",58,"pasta",270,"onion",150,"zucchini",150,"root vegetables",150,"garlic",15,"sauce",120,"cheese",60,"herbs",15,"water or broth",300,"fats or oils",40,NA,NA,NA,NA,NA,NA,NA,NA,NA,NA,"```json
{
    ""Penne"": 270,
    ""Onion"": 150,
    ""Zucchini"": 150,
    ""Carrot"": 150,
    ""Garlic"": 15,
    ""Red Pesto"": 120,
    ""Grana Padano Flakes"": 60,
    ""Basil"": 15,
    ""Broth"": 300,
    ""Olive Oil"": 40
}
```",58,"pasta",270,"onion",150,"zucchini",150,"root vegetables",150,"garlic",15,"sauce",120,"cheese",60,"herbs",15,"water or broth",300,"fats or oils",40,NA,NA,NA,NA,NA,NA,NA,NA,NA,NA,"```json
{
  ""Penne"": 270,
  ""Onion"": 150,
  ""Zucchini"": 150,
  ""Carrot"": 150,
  ""Garlic"": 15,
  ""Red Pesto"": 120,
  ""Grana Padano Flakes"": 60,
  ""Basil"": 15,
  ""Broth"": 300,
  ""Olive Oil"": 40
}
```",58,"pasta",270,"onion",150,"zucchini",150,"root vegetables",150,"garlic",15,"sauce",120,"cheese",60,"herbs",15,"water or broth",300,"fats or oils",40,NA,NA,NA,NA,NA,NA,NA,NA,NA,NA,"```json
{
    ""Penne"": 270,
    ""Onion"": 150,
    ""Zucchini"": 150,
    ""Carrot"": 150,
    ""Garlic"": 15,
    ""Red Pesto"": 120,
    ""Grana Padano Flakes"": 60,
    ""Basil"": 15,
    ""Broth"": 300,
    ""Olive Oil"": 40
}
```",58,"pasta",270,"onion",150,"zucchini",150,"root vegetables",150,"garlic",15,"sauce",120,"cheese",60,"herbs",15,"water or broth",300,"fats or oils",40,NA,NA,"```json
{
    ""Whole wheat penne"": 150,
    ""Red pesto tomato sauce"": 100,
    ""Basil"": 5
}
```",58,"pasta",150,"tomatoes",100,"herbs",5,NA,NA,NA,NA,NA,NA,NA,NA,NA,NA,"```json
{
    ""Whole wheat penne"": 150,
    ""Red pesto tomato sauce"": 100
}
```",58,"pasta",150,"tomatoes",100,NA,NA,NA,NA,NA,NA,NA,NA,NA,NA,NA,NA,"```json
{
    ""Whole wheat penne"": 150,
    ""Red pesto tomato sauce"": 100
}
```",58,"pasta",150,"tomatoes",100,NA,NA,NA,NA,NA,NA,NA,NA,NA,NA,NA,NA,"```json
{
    ""Whole wheat penne"": 150,
    ""Red pesto tomato sauce"": 100,
    ""Basil"": 5
}
```",58,"pasta",150,"tomatoes",100,"herbs",5,NA,NA,NA,NA,NA,NA,NA,NA,NA,NA,"```json
{
    ""Whole wheat penne"": 150,
    ""Red pesto tomato sauce"": 100,
    ""Basil"": 5
}
```",58,"pasta",150,"tomatoes",100,"herbs",5,NA,NA,NA,NA,NA,NA,NA,NA,NA,NA,335,-29,29,350,-44,44,335,-29,29,335,-29,29,330,-24,24,1270,-964,964,1270,-964,964,1270,-964,964,1270,-964,964,1270,-964,964,255,51,51,250,56,56,250,56,56,255,51,51,255,51,51,10,0,10,0,10,0,10,0,10,0,10,0,10,0,10,0,10,0,10,0,3,0,2,0,2,0,3,0,3,0
"Whole wheat penne with red pesto tomato sauce","Meike","Wednesday","PastaVeggie",1,"10","25",574,680,106,"Volkoren penne met rodepesto-tomaten saus","https://www.hellofresh.nl/recipes/volkoren-penne-met-rode-pesto-tomatensaus-6482f79c4726b736914e1a6f","Meike_Wed_PastaVeggie_Pers1_Moment2.jpg",3,"pasta","onion","zucchini","root vegetables","garlic","sauce","cheese","herbs","water or broth","fats or oils","tomatoes","tomatoes","tomatoes",NA,NA,"270g Penne; 1.5 Onion; 1.5  Zucchini; 1.5  Carrot; 1.5  Garlic cloves; 120g Red Pesto; 60g Grana Padano Flakes; 15g Basil; 300ml Broth; 3 tablespoon olive oil; 120 g tomatoes; 0.5 tomato puree; 50g tomato paste"," Penne; Onion;  Zucchini;  Carrot;  Garlic ;  Red Pesto; Grana Padano Flakes; Basil; Broth;  olive oil; tomatoes; tomato puree; tomato paste",106,106,"```json
{
    ""Penne"": 30,
    ""Onion"": 5,
    ""Zucchini"": 5,
    ""Carrot"": 5,
    ""Garlic"": 2,
    ""Red Pesto"": 10,
    ""Grana Padano Flakes"": 3,
    ""Basil"": 2,
    ""Broth"": 0,
    ""Olive Oil"": 0
}
```",53,"pasta",30,"onion",5,"zucchini",5,"root vegetables",5,"garlic",2,"sauce",10,"cheese",3,"herbs",2,"water or broth",0,"fats or oils",0,NA,NA,NA,NA,NA,NA,NA,NA,NA,NA,"```json
{
    ""Penne"": 30,
    ""Onion"": 5,
    ""Zucchini"": 5,
    ""Carrot"": 5,
    ""Garlic"": 2,
    ""Red Pesto"": 10,
    ""Grana Padano Flakes"": 3,
    ""Basil"": 2,
    ""Broth"": 5,
    ""Olive Oil"": 3
}
```",53,"pasta",30,"onion",5,"zucchini",5,"root vegetables",5,"garlic",2,"sauce",10,"cheese",3,"herbs",2,"water or broth",5,"fats or oils",3,NA,NA,NA,NA,NA,NA,NA,NA,NA,NA,"```json
{
    ""Penne"": 30,
    ""Onion"": 5,
    ""Zucchini"": 5,
    ""Carrot"": 5,
    ""Garlic"": 1,
    ""Red Pesto"": 10,
    ""Grana Padano Flakes"": 2,
    ""Basil"": 1,
    ""Broth"": 5,
    ""Olive Oil"": 2
}
```",53,"pasta",30,"onion",5,"zucchini",5,"root vegetables",5,"garlic",1,"sauce",10,"cheese",2,"herbs",1,"water or broth",5,"fats or oils",2,NA,NA,NA,NA,NA,NA,NA,NA,NA,NA,"```json
{
    ""Penne"": 30,
    ""Onion"": 5,
    ""Zucchini"": 5,
    ""Carrot"": 5,
    ""Garlic"": 2,
    ""Red Pesto"": 10,
    ""Grana Padano Flakes"": 3,
    ""Basil"": 2,
    ""Broth"": 5,
    ""Olive Oil"": 3
}
```",53,"pasta",30,"onion",5,"zucchini",5,"root vegetables",5,"garlic",2,"sauce",10,"cheese",3,"herbs",2,"water or broth",5,"fats or oils",3,NA,NA,NA,NA,NA,NA,NA,NA,NA,NA,"```json
{
    ""Penne"": 30,
    ""Onion"": 5,
    ""Zucchini"": 5,
    ""Carrot"": 5,
    ""Garlic"": 1,
    ""Red Pesto"": 10,
    ""Grana Padano Flakes"": 3,
    ""Basil"": 2,
    ""Broth"": 5,
    ""Olive Oil"": 2
}
```",53,"pasta",30,"onion",5,"zucchini",5,"root vegetables",5,"garlic",1,"sauce",10,"cheese",3,"herbs",2,"water or broth",5,"fats or oils",2,NA,NA,NA,NA,NA,NA,NA,NA,NA,NA,"```json
{
    ""Penne"": 30,
    ""Onion"": 5,
    ""Zucchini"": 5,
    ""Carrot"": 5,
    ""Garlic"": 1,
    ""Red Pesto"": 20,
    ""Grana Padano Flakes"": 5,
    ""Basil"": 2,
    ""Broth"": 10,
    ""Olive Oil"": 3
}
```",53,"pasta",30,"onion",5,"zucchini",5,"root vegetables",5,"garlic",1,"sauce",20,"cheese",5,"herbs",2,"water or broth",10,"fats or oils",3,NA,NA,NA,NA,NA,NA,NA,NA,NA,NA,"```json
{
    ""Penne"": 30,
    ""Onion"": 5,
    ""Zucchini"": 5,
    ""Carrot"": 5,
    ""Garlic"": 1,
    ""Red Pesto"": 20,
    ""Grana Padano Flakes"": 5,
    ""Basil"": 2,
    ""Broth"": 10,
    ""Olive Oil"": 3
}
```",53,"pasta",30,"onion",5,"zucchini",5,"root vegetables",5,"garlic",1,"sauce",20,"cheese",5,"herbs",2,"water or broth",10,"fats or oils",3,NA,NA,NA,NA,NA,NA,NA,NA,NA,NA,"```json
{
    ""Penne"": 30,
    ""Onion"": 10,
    ""Zucchini"": 10,
    ""Carrot"": 10,
    ""Garlic"": 5,
    ""Red Pesto"": 20,
    ""Grana Padano Flakes"": 5,
    ""Basil"": 2,
    ""Broth"": 10,
    ""Olive Oil"": 5
}
```",53,"pasta",30,"onion",10,"zucchini",10,"root vegetables",10,"garlic",5,"sauce",20,"cheese",5,"herbs",2,"water or broth",10,"fats or oils",5,NA,NA,NA,NA,NA,NA,NA,NA,NA,NA,"```json
{
    ""Penne"": 30,
    ""Onion"": 5,
    ""Zucchini"": 5,
    ""Carrot"": 5,
    ""Garlic"": 1,
    ""Red Pesto"": 20,
    ""Grana Padano Flakes"": 5,
    ""Basil"": 2,
    ""Broth"": 10,
    ""Olive Oil"": 3
}
```",53,"pasta",30,"onion",5,"zucchini",5,"root vegetables",5,"garlic",1,"sauce",20,"cheese",5,"herbs",2,"water or broth",10,"fats or oils",3,NA,NA,NA,NA,NA,NA,NA,NA,NA,NA,"```json
{
    ""Penne"": 30,
    ""Onion"": 5,
    ""Zucchini"": 5,
    ""Carrot"": 5,
    ""Garlic"": 1,
    ""Red Pesto"": 20,
    ""Grana Padano Flakes"": 5,
    ""Basil"": 2,
    ""Broth"": 10,
    ""Olive Oil"": 2
}
```",53,"pasta",30,"onion",5,"zucchini",5,"root vegetables",5,"garlic",1,"sauce",20,"cheese",5,"herbs",2,"water or broth",10,"fats or oils",2,NA,NA,"```json
{
    ""Whole wheat penne"": 30,
    ""Red pesto tomato sauce"": 20,
    ""Basil"": 2,
    ""Parmesan shavings"": 3
}
```",53,"pasta",30,"tomatoes",20,"herbs",2,"cheese",3,NA,NA,NA,NA,NA,NA,NA,NA,"```json
{
    ""Whole wheat penne"": 30,
    ""Red pesto tomato sauce"": 20,
    ""Basil"": 2,
    ""Parmesan shavings"": 3
}
```",53,"pasta",30,"tomatoes",20,"herbs",2,"cheese",3,NA,NA,NA,NA,NA,NA,NA,NA,"```json
{
    ""penne"": 30,
    ""red pesto tomato sauce"": 20,
    ""basil"": 2,
    ""parmesan shavings"": 3
}
```",53,"pasta",30,"tomatoes",20,"herbs",2,"cheese",3,NA,NA,NA,NA,NA,NA,NA,NA,"```json
{
    ""Whole wheat penne"": 30,
    ""Red pesto tomato sauce"": 20,
    ""Basil"": 2,
    ""Parmesan shavings"": 3
}
```",53,"pasta",30,"tomatoes",20,"herbs",2,"cheese",3,NA,NA,NA,NA,NA,NA,NA,NA,"```json
{
    ""Whole wheat penne"": 30,
    ""Red pesto tomato sauce"": 20,
    ""Basil"": 2,
    ""Parmesan shavings"": 3
}
```",53,"pasta",30,"tomatoes",20,"herbs",2,"cheese",3,NA,NA,NA,NA,NA,NA,NA,NA,62,44,44,70,36,36,66,40,40,70,36,36,68,38,38,86,20,20,86,20,20,107,-1,1,86,20,20,85,21,21,55,51,51,55,51,51,55,51,51,55,51,51,55,51,51,10,0,10,0,10,0,10,0,10,0,10,0,10,0,10,0,10,0,10,0,4,0,4,0,4,0,4,0,4,0
"Whole wheat penne with red pesto tomato sauce","Meike","Wednesday","PastaVeggie",2,"10","25",616,749,133,"Volkoren penne met rodepesto-tomaten saus","https://www.hellofresh.nl/recipes/volkoren-penne-met-rode-pesto-tomatensaus-6482f79c4726b736914e1a6f","Meike_Wed_PastaVeggie_Pers2_Moment2.jpg",3,"pasta","onion","zucchini","root vegetables","garlic","sauce","cheese","herbs","water or broth","fats or oils","tomatoes","tomatoes","tomatoes",NA,NA,"270g Penne; 1.5 Onion; 1.5  Zucchini; 1.5  Carrot; 1.5  Garlic cloves; 120g Red Pesto; 60g Grana Padano Flakes; 15g Basil; 300ml Broth; 3 tablespoon olive oil; 120 g tomatoes; 0.5 tomato puree; 50g tomato paste"," Penne; Onion;  Zucchini;  Carrot;  Garlic ;  Red Pesto; Grana Padano Flakes; Basil; Broth;  olive oil; tomatoes; tomato puree; tomato paste",133,133,"```json
{
    ""Penne"": 0,
    ""Onion"": 10,
    ""Zucchini"": 15,
    ""Carrot"": 0,
    ""Garlic"": 0,
    ""Red Pesto"": 20,
    ""Grana Padano Flakes"": 0,
    ""Basil"": 0,
    ""Broth"": 0,
    ""Olive Oil"": 0
}
```",56,"pasta",0,"onion",10,"zucchini",15,"root vegetables",0,"garlic",0,"sauce",20,"cheese",0,"herbs",0,"water or broth",0,"fats or oils",0,NA,NA,NA,NA,NA,NA,NA,NA,NA,NA,"```json
{
    ""Penne"": 0,
    ""Onion"": 10,
    ""Zucchini"": 15,
    ""Carrot"": 0,
    ""Garlic"": 0,
    ""Red Pesto"": 20,
    ""Grana Padano Flakes"": 0,
    ""Basil"": 0,
    ""Broth"": 0,
    ""Olive Oil"": 0
}
```",56,"pasta",0,"onion",10,"zucchini",15,"root vegetables",0,"garlic",0,"sauce",20,"cheese",0,"herbs",0,"water or broth",0,"fats or oils",0,NA,NA,NA,NA,NA,NA,NA,NA,NA,NA,"```json
{
    ""Penne"": 0,
    ""Onion"": 10,
    ""Zucchini"": 15,
    ""Carrot"": 0,
    ""Garlic"": 0,
    ""Red Pesto"": 20,
    ""Grana Padano Flakes"": 0,
    ""Basil"": 0,
    ""Broth"": 0,
    ""Olive Oil"": 0
}
```",56,"pasta",0,"onion",10,"zucchini",15,"root vegetables",0,"garlic",0,"sauce",20,"cheese",0,"herbs",0,"water or broth",0,"fats or oils",0,NA,NA,NA,NA,NA,NA,NA,NA,NA,NA,"```json
{
    ""Penne"": 0,
    ""Onion"": 10,
    ""Zucchini"": 15,
    ""Carrot"": 0,
    ""Garlic"": 0,
    ""Red Pesto"": 20,
    ""Grana Padano Flakes"": 0,
    ""Basil"": 0,
    ""Broth"": 0,
    ""Olive Oil"": 0
}
```",56,"pasta",0,"onion",10,"zucchini",15,"root vegetables",0,"garlic",0,"sauce",20,"cheese",0,"herbs",0,"water or broth",0,"fats or oils",0,NA,NA,NA,NA,NA,NA,NA,NA,NA,NA,"```json
{
    ""Penne"": 0,
    ""Onion"": 10,
    ""Zucchini"": 15,
    ""Carrot"": 0,
    ""Garlic"": 0,
    ""Red Pesto"": 20,
    ""Grana Padano Flakes"": 0,
    ""Basil"": 0,
    ""Broth"": 0,
    ""Olive Oil"": 0
}
```",56,"pasta",0,"onion",10,"zucchini",15,"root vegetables",0,"garlic",0,"sauce",20,"cheese",0,"herbs",0,"water or broth",0,"fats or oils",0,NA,NA,NA,NA,NA,NA,NA,NA,NA,NA,"```json
{
    ""Remnants"": 0
}
```",56,NA,0,NA,NA,NA,NA,NA,NA,NA,NA,NA,NA,NA,NA,NA,NA,NA,NA,NA,NA,NA,NA,NA,NA,NA,NA,NA,NA,NA,NA,"```json
{
    ""Remnants"": 0
}
```",56,NA,0,NA,NA,NA,NA,NA,NA,NA,NA,NA,NA,NA,NA,NA,NA,NA,NA,NA,NA,NA,NA,NA,NA,NA,NA,NA,NA,NA,NA,"```json
{
    ""Remnants"": 0
}
```",56,NA,0,NA,NA,NA,NA,NA,NA,NA,NA,NA,NA,NA,NA,NA,NA,NA,NA,NA,NA,NA,NA,NA,NA,NA,NA,NA,NA,NA,NA,"```json
{
    ""Remnants"": 0
}
```",56,NA,0,NA,NA,NA,NA,NA,NA,NA,NA,NA,NA,NA,NA,NA,NA,NA,NA,NA,NA,NA,NA,NA,NA,NA,NA,NA,NA,NA,NA,"```json
{
    ""Remnants"": 0
}
```",56,NA,0,NA,NA,NA,NA,NA,NA,NA,NA,NA,NA,NA,NA,NA,NA,NA,NA,NA,NA,NA,NA,"```json
{
  ""Remnants"": 0
}
```",56,NA,0,NA,NA,NA,NA,NA,NA,NA,NA,NA,NA,NA,NA,NA,NA,"```json
{
  ""Remnants"": 0
}
```",56,NA,0,NA,NA,NA,NA,NA,NA,NA,NA,NA,NA,NA,NA,NA,NA,"```json
{
  ""Remnants"": 0
}
```",56,NA,0,NA,NA,NA,NA,NA,NA,NA,NA,NA,NA,NA,NA,NA,NA,"```json
{
  ""Remnants"": 0
}
```",56,NA,0,NA,NA,NA,NA,NA,NA,NA,NA,NA,NA,NA,NA,NA,NA,"```json
{
  ""Remnants"": 0
}
```",56,NA,0,NA,NA,NA,NA,NA,NA,NA,NA,NA,NA,NA,NA,NA,NA,45,88,88,45,88,88,45,88,88,45,88,88,45,88,88,0,133,133,0,133,133,0,133,133,0,133,133,0,133,133,0,133,133,0,133,133,0,133,133,0,133,133,0,133,133,10,0,10,0,10,0,10,0,10,0,0,0,0,0,0,0,0,0,0,0,0,0,0,0,0,0,0,0,0,0
"Whole wheat penne with red pesto tomato sauce","Meike","Wednesday","PastaVeggie",3,"10","25",598,745,147,"Volkoren penne met rodepesto-tomaten saus","https://www.hellofresh.nl/recipes/volkoren-penne-met-rode-pesto-tomatensaus-6482f79c4726b736914e1a6f","Meike_Wed_PastaVeggie_Pers3_Moment2.jpg",3,"pasta","onion","zucchini","root vegetables","garlic","sauce","cheese","herbs","water or broth","fats or oils","tomatoes","tomatoes","tomatoes",NA,NA,"270g Penne; 1.5 Onion; 1.5  Zucchini; 1.5  Carrot; 1.5  Garlic cloves; 120g Red Pesto; 60g Grana Padano Flakes; 15g Basil; 300ml Broth; 3 tablespoon olive oil; 120 g tomatoes; 0.5 tomato puree; 50g tomato paste"," Penne; Onion;  Zucchini;  Carrot;  Garlic ;  Red Pesto; Grana Padano Flakes; Basil; Broth;  olive oil; tomatoes; tomato puree; tomato paste",147,147,"```json
{
    ""Penne"": 80,
    ""Onion"": 20,
    ""Zucchini"": 15,
    ""Carrot"": 15,
    ""Garlic"": 5,
    ""Red Pesto"": 30,
    ""Grana Padano Flakes"": 10,
    ""Basil"": 5,
    ""Broth"": 50,
    ""Olive Oil"": 10
}
```",59,"pasta",80,"onion",20,"zucchini",15,"root vegetables",15,"garlic",5,"sauce",30,"cheese",10,"herbs",5,"water or broth",50,"fats or oils",10,NA,NA,NA,NA,NA,NA,NA,NA,NA,NA,"```json
{
    ""Penne"": 80,
    ""Onion"": 15,
    ""Zucchini"": 20,
    ""Carrot"": 15,
    ""Garlic"": 5,
    ""Red Pesto"": 30,
    ""Grana Padano Flakes"": 10,
    ""Basil"": 5,
    ""Broth"": 50,
    ""Olive Oil"": 5
}
```",59,"pasta",80,"onion",15,"zucchini",20,"root vegetables",15,"garlic",5,"sauce",30,"cheese",10,"herbs",5,"water or broth",50,"fats or oils",5,NA,NA,NA,NA,NA,NA,NA,NA,NA,NA,"```json
{
    ""Penne"": 100,
    ""Onion"": 20,
    ""Zucchini"": 15,
    ""Carrot"": 15,
    ""Garlic"": 5,
    ""Red Pesto"": 30,
    ""Grana Padano Flakes"": 10,
    ""Basil"": 5,
    ""Broth"": 50,
    ""Olive Oil"": 10
}
```",59,"pasta",100,"onion",20,"zucchini",15,"root vegetables",15,"garlic",5,"sauce",30,"cheese",10,"herbs",5,"water or broth",50,"fats or oils",10,NA,NA,NA,NA,NA,NA,NA,NA,NA,NA,"```json
{
    ""Penne"": 100,
    ""Onion"": 20,
    ""Zucchini"": 15,
    ""Carrot"": 15,
    ""Garlic"": 5,
    ""Red Pesto"": 30,
    ""Grana Padano Flakes"": 10,
    ""Basil"": 5,
    ""Broth"": 50,
    ""Olive Oil"": 10
}
```",59,"pasta",100,"onion",20,"zucchini",15,"root vegetables",15,"garlic",5,"sauce",30,"cheese",10,"herbs",5,"water or broth",50,"fats or oils",10,NA,NA,NA,NA,NA,NA,NA,NA,NA,NA,"```json
{
    ""Penne"": 80,
    ""Onion"": 15,
    ""Zucchini"": 20,
    ""Carrot"": 15,
    ""Garlic"": 5,
    ""Red Pesto"": 30,
    ""Grana Padano Flakes"": 10,
    ""Basil"": 5,
    ""Broth"": 50,
    ""Olive Oil"": 5
}
```",59,"pasta",80,"onion",15,"zucchini",20,"root vegetables",15,"garlic",5,"sauce",30,"cheese",10,"herbs",5,"water or broth",50,"fats or oils",5,NA,NA,NA,NA,NA,NA,NA,NA,NA,NA,"```json
{
    ""Penne"": 100,
    ""Onion"": 30,
    ""Zucchini"": 30,
    ""Carrot"": 30,
    ""Garlic"": 5,
    ""Red Pesto"": 50,
    ""Grana Padano Flakes"": 20,
    ""Basil"": 5,
    ""Broth"": 100,
    ""Olive Oil"": 10
}
```",59,"pasta",100,"onion",30,"zucchini",30,"root vegetables",30,"garlic",5,"sauce",50,"cheese",20,"herbs",5,"water or broth",100,"fats or oils",10,NA,NA,NA,NA,NA,NA,NA,NA,NA,NA,"```json
{
    ""Penne"": 100,
    ""Onion"": 30,
    ""Zucchini"": 30,
    ""Carrot"": 30,
    ""Garlic"": 5,
    ""Red Pesto"": 50,
    ""Grana Padano Flakes"": 20,
    ""Basil"": 5,
    ""Broth"": 100,
    ""Olive Oil"": 10
}
```",59,"pasta",100,"onion",30,"zucchini",30,"root vegetables",30,"garlic",5,"sauce",50,"cheese",20,"herbs",5,"water or broth",100,"fats or oils",10,NA,NA,NA,NA,NA,NA,NA,NA,NA,NA,"```json
{
    ""Penne"": 100,
    ""Onion"": 30,
    ""Zucchini"": 20,
    ""Carrot"": 20,
    ""Garlic"": 5,
    ""Red Pesto"": 50,
    ""Grana Padano Flakes"": 10,
    ""Basil"": 5,
    ""Broth"": 100,
    ""Olive Oil"": 10
}
```",59,"pasta",100,"onion",30,"zucchini",20,"root vegetables",20,"garlic",5,"sauce",50,"cheese",10,"herbs",5,"water or broth",100,"fats or oils",10,NA,NA,NA,NA,NA,NA,NA,NA,NA,NA,"```json
{
    ""Penne"": 100,
    ""Onion"": 30,
    ""Zucchini"": 20,
    ""Carrot"": 20,
    ""Garlic"": 5,
    ""Red Pesto"": 50,
    ""Grana Padano Flakes"": 10,
    ""Basil"": 5,
    ""Broth"": 100,
    ""Olive Oil"": 10
}
```",59,"pasta",100,"onion",30,"zucchini",20,"root vegetables",20,"garlic",5,"sauce",50,"cheese",10,"herbs",5,"water or broth",100,"fats or oils",10,NA,NA,NA,NA,NA,NA,NA,NA,NA,NA,"```json
{
    ""Penne"": 100,
    ""Onion"": 30,
    ""Zucchini"": 20,
    ""Carrot"": 20,
    ""Garlic"": 5,
    ""Red Pesto"": 50,
    ""Grana Padano Flakes"": 10,
    ""Basil"": 5,
    ""Broth"": 100,
    ""Olive Oil"": 10
}
```",59,"pasta",100,"onion",30,"zucchini",20,"root vegetables",20,"garlic",5,"sauce",50,"cheese",10,"herbs",5,"water or broth",100,"fats or oils",10,NA,NA,"```json
{
    ""Whole wheat penne"": 80,
    ""Red pesto tomato sauce"": 100
}
```",59,"pasta",80,"tomatoes",100,NA,NA,NA,NA,NA,NA,NA,NA,NA,NA,NA,NA,"```json
{
    ""Whole wheat penne"": 80,
    ""Red pesto tomato sauce"": 100
}
```",59,"pasta",80,"tomatoes",100,NA,NA,NA,NA,NA,NA,NA,NA,NA,NA,NA,NA,"```json
{
    ""Whole wheat penne"": 100,
    ""Red pesto tomato sauce"": 150,
    ""Cheese"": 10,
    ""Herbs"": 5
}
```",59,"pasta",100,"tomatoes",150,"cheese",10,"herbs",5,NA,NA,NA,NA,NA,NA,NA,NA,"```json
{
    ""Whole wheat penne"": 80,
    ""Red pesto tomato sauce"": 100
}
```",59,"pasta",80,"tomatoes",100,NA,NA,NA,NA,NA,NA,NA,NA,NA,NA,NA,NA,"```json
{
    ""Whole wheat penne"": 80,
    ""Red pesto tomato sauce"": 100
}
```",59,"pasta",80,"tomatoes",100,NA,NA,NA,NA,NA,NA,NA,NA,NA,NA,NA,NA,240,-93,93,235,-88,88,260,-113,113,260,-113,113,235,-88,88,380,-233,233,380,-233,233,350,-203,203,350,-203,203,350,-203,203,180,-33,33,180,-33,33,265,-118,118,180,-33,33,180,-33,33,10,0,10,0,10,0,10,0,10,0,10,0,10,0,10,0,10,0,10,0,2,0,2,0,4,0,2,0,2,0
"Whole wheat penne with red pesto tomato sauce","Meike","Wednesday","PastaVeggie",1,"finished","25",574,580,6,"Volkoren penne met rodepesto-tomaten saus","https://www.hellofresh.nl/recipes/volkoren-penne-met-rode-pesto-tomatensaus-6482f79c4726b736914e1a6f","Meike_Wed_PastaVeggie_Pers1_Moment3.jpg",3,"pasta","onion","zucchini","root vegetables","garlic","sauce","cheese","herbs","water or broth","fats or oils","tomatoes","tomatoes","tomatoes",NA,NA,"270g Penne; 1.5 Onion; 1.5  Zucchini; 1.5  Carrot; 1.5  Garlic cloves; 120g Red Pesto; 60g Grana Padano Flakes; 15g Basil; 300ml Broth; 3 tablespoon olive oil; 120 g tomatoes; 0.5 tomato puree; 50g tomato paste"," Penne; Onion;  Zucchini;  Carrot;  Garlic ;  Red Pesto; Grana Padano Flakes; Basil; Broth;  olive oil; tomatoes; tomato puree; tomato paste",6,6,"```json
{
  ""Remnants"": 0 grams
}
```",54,NA,0,NA,NA,NA,NA,NA,NA,NA,NA,NA,NA,NA,NA,NA,NA,NA,NA,NA,NA,NA,NA,NA,NA,NA,NA,NA,NA,NA,NA,"```json
{
    ""Remnants"": 0
}
```",54,NA,0,NA,NA,NA,NA,NA,NA,NA,NA,NA,NA,NA,NA,NA,NA,NA,NA,NA,NA,NA,NA,NA,NA,NA,NA,NA,NA,NA,NA,"```json
{
  ""Remnants"": 0 grams
}
```",54,NA,0,NA,NA,NA,NA,NA,NA,NA,NA,NA,NA,NA,NA,NA,NA,NA,NA,NA,NA,NA,NA,NA,NA,NA,NA,NA,NA,NA,NA,"```json
{
    ""Remnants"": 0 grams
}
```",54,NA,0,NA,NA,NA,NA,NA,NA,NA,NA,NA,NA,NA,NA,NA,NA,NA,NA,NA,NA,NA,NA,NA,NA,NA,NA,NA,NA,NA,NA,"```json
{
  ""Remnants"": 0 grams
}
```",54,NA,0,NA,NA,NA,NA,NA,NA,NA,NA,NA,NA,NA,NA,NA,NA,NA,NA,NA,NA,NA,NA,NA,NA,NA,NA,NA,NA,NA,NA,"```json
{
  ""Remnants"": 0
}
```",54,NA,0,NA,NA,NA,NA,NA,NA,NA,NA,NA,NA,NA,NA,NA,NA,NA,NA,NA,NA,NA,NA,NA,NA,NA,NA,NA,NA,NA,NA,"```json
{
  ""Remnants"": 0
}
```",54,NA,0,NA,NA,NA,NA,NA,NA,NA,NA,NA,NA,NA,NA,NA,NA,NA,NA,NA,NA,NA,NA,NA,NA,NA,NA,NA,NA,NA,NA,"```json
{
  ""Remnants"": 0
}
```",54,NA,0,NA,NA,NA,NA,NA,NA,NA,NA,NA,NA,NA,NA,NA,NA,NA,NA,NA,NA,NA,NA,NA,NA,NA,NA,NA,NA,NA,NA,"```json
{
  ""Remnants"": 0 grams
}
```",54,NA,0,NA,NA,NA,NA,NA,NA,NA,NA,NA,NA,NA,NA,NA,NA,NA,NA,NA,NA,NA,NA,NA,NA,NA,NA,NA,NA,NA,NA,"```json
{
  ""Remnants"": 0
}
```",54,NA,0,NA,NA,NA,NA,NA,NA,NA,NA,NA,NA,NA,NA,NA,NA,NA,NA,NA,NA,NA,NA,"```json
{""Remnants"": 0 grams}
```",54,NA,NA,NA,NA,NA,NA,NA,NA,NA,NA,NA,NA,NA,NA,NA,NA,"```json
{
  ""Remnants"": 0
}
```",54,NA,0,NA,NA,NA,NA,NA,NA,NA,NA,NA,NA,NA,NA,NA,NA,"```json
{""Remnants"": 0 grams}
```",54,NA,NA,NA,NA,NA,NA,NA,NA,NA,NA,NA,NA,NA,NA,NA,NA,"```json
{""Remnants"": 0 grams}
```",54,NA,NA,NA,NA,NA,NA,NA,NA,NA,NA,NA,NA,NA,NA,NA,NA,"```json
{
  ""Remnants"": 0
}
```",54,NA,0,NA,NA,NA,NA,NA,NA,NA,NA,NA,NA,NA,NA,NA,NA,0,6,6,0,6,6,0,6,6,0,6,6,0,6,6,0,6,6,0,6,6,0,6,6,0,6,6,0,6,6,0,6,6,0,6,6,0,6,6,0,6,6,0,6,6,0,0,0,0,0,0,0,0,0,0,0,0,0,0,0,0,0,0,0,0,0,0,0,0,0,0,0,0,0,0
"Whole wheat penne with red pesto tomato sauce","Meike","Wednesday","PastaVeggie",2,"finished","25",616,631,15,"Volkoren penne met rodepesto-tomaten saus","https://www.hellofresh.nl/recipes/volkoren-penne-met-rode-pesto-tomatensaus-6482f79c4726b736914e1a6f","Meike_Wed_PastaVeggie_Pers2_Moment3.jpg",3,"pasta","onion","zucchini","root vegetables","garlic","sauce","cheese","herbs","water or broth","fats or oils","tomatoes","tomatoes","tomatoes",NA,NA,"270g Penne; 1.5 Onion; 1.5  Zucchini; 1.5  Carrot; 1.5  Garlic cloves; 120g Red Pesto; 60g Grana Padano Flakes; 15g Basil; 300ml Broth; 3 tablespoon olive oil; 120 g tomatoes; 0.5 tomato puree; 50g tomato paste"," Penne; Onion;  Zucchini;  Carrot;  Garlic ;  Red Pesto; Grana Padano Flakes; Basil; Broth;  olive oil; tomatoes; tomato puree; tomato paste",15,15,"```json
{
  ""Remnants"": 5
}
```",57,NA,5,NA,NA,NA,NA,NA,NA,NA,NA,NA,NA,NA,NA,NA,NA,NA,NA,NA,NA,NA,NA,NA,NA,NA,NA,NA,NA,NA,NA,"```json
{
  ""Remnants"": 5
}
```",57,NA,5,NA,NA,NA,NA,NA,NA,NA,NA,NA,NA,NA,NA,NA,NA,NA,NA,NA,NA,NA,NA,NA,NA,NA,NA,NA,NA,NA,NA,"```json
{
  ""Remnants"": 5
}
```",57,NA,5,NA,NA,NA,NA,NA,NA,NA,NA,NA,NA,NA,NA,NA,NA,NA,NA,NA,NA,NA,NA,NA,NA,NA,NA,NA,NA,NA,NA,"```json
{
  ""Remnants"": 5
}
```",57,NA,5,NA,NA,NA,NA,NA,NA,NA,NA,NA,NA,NA,NA,NA,NA,NA,NA,NA,NA,NA,NA,NA,NA,NA,NA,NA,NA,NA,NA,"```json
{
  ""Remnants"": 5
}
```",57,NA,5,NA,NA,NA,NA,NA,NA,NA,NA,NA,NA,NA,NA,NA,NA,NA,NA,NA,NA,NA,NA,NA,NA,NA,NA,NA,NA,NA,NA,"```json
{
  ""Remnants"": 5
}
```",57,NA,5,NA,NA,NA,NA,NA,NA,NA,NA,NA,NA,NA,NA,NA,NA,NA,NA,NA,NA,NA,NA,NA,NA,NA,NA,NA,NA,NA,NA,"```json
{
  ""Remnants"": 5
}
```",57,NA,5,NA,NA,NA,NA,NA,NA,NA,NA,NA,NA,NA,NA,NA,NA,NA,NA,NA,NA,NA,NA,NA,NA,NA,NA,NA,NA,NA,NA,"```json
{
  ""Remnants"": 0 grams
}
```",57,NA,0,NA,NA,NA,NA,NA,NA,NA,NA,NA,NA,NA,NA,NA,NA,NA,NA,NA,NA,NA,NA,NA,NA,NA,NA,NA,NA,NA,NA,"```json
{
  ""Remnants"": 5
}
```",57,NA,5,NA,NA,NA,NA,NA,NA,NA,NA,NA,NA,NA,NA,NA,NA,NA,NA,NA,NA,NA,NA,NA,NA,NA,NA,NA,NA,NA,NA,"```json
{
  ""Remnants"": 0 grams
}
```",57,NA,0,NA,NA,NA,NA,NA,NA,NA,NA,NA,NA,NA,NA,NA,NA,NA,NA,NA,NA,NA,NA,"```json
{
  ""Remnants"": 5
}
```",57,NA,5,NA,NA,NA,NA,NA,NA,NA,NA,NA,NA,NA,NA,NA,NA,"```json
{""Remnants"": 5}
```",57,NA,NA,NA,NA,NA,NA,NA,NA,NA,NA,NA,NA,NA,NA,NA,NA,"```json
{""Remnants"": 5}
```",57,NA,NA,NA,NA,NA,NA,NA,NA,NA,NA,NA,NA,NA,NA,NA,NA,"```json
{""Remnants"": 5}
```",57,NA,NA,NA,NA,NA,NA,NA,NA,NA,NA,NA,NA,NA,NA,NA,NA,"```json
{
  ""Remnants"": 5
}
```",57,NA,5,NA,NA,NA,NA,NA,NA,NA,NA,NA,NA,NA,NA,NA,NA,5,10,10,5,10,10,5,10,10,5,10,10,5,10,10,5,10,10,5,10,10,0,15,15,5,10,10,0,15,15,5,10,10,0,15,15,0,15,15,0,15,15,5,10,10,0,0,0,0,0,0,0,0,0,0,0,0,0,0,0,0,0,0,0,0,0,0,0,0,0,0,0,0,0,0
"Whole wheat penne with red pesto tomato sauce","Meike","Wednesday","PastaVeggie",3,"finished","25",598,624,26,"Volkoren penne met rodepesto-tomaten saus","https://www.hellofresh.nl/recipes/volkoren-penne-met-rode-pesto-tomatensaus-6482f79c4726b736914e1a6f","Meike_Wed_PastaVeggie_Pers3_Moment3.jpg",3,"pasta","onion","zucchini","root vegetables","garlic","sauce","cheese","herbs","water or broth","fats or oils","tomatoes","tomatoes","tomatoes",NA,NA,"270g Penne; 1.5 Onion; 1.5  Zucchini; 1.5  Carrot; 1.5  Garlic cloves; 120g Red Pesto; 60g Grana Padano Flakes; 15g Basil; 300ml Broth; 3 tablespoon olive oil; 120 g tomatoes; 0.5 tomato puree; 50g tomato paste"," Penne; Onion;  Zucchini;  Carrot;  Garlic ;  Red Pesto; Grana Padano Flakes; Basil; Broth;  olive oil; tomatoes; tomato puree; tomato paste",26,26,"```json
{
    ""Remnants"": 5
}
```",60,NA,5,NA,NA,NA,NA,NA,NA,NA,NA,NA,NA,NA,NA,NA,NA,NA,NA,NA,NA,NA,NA,NA,NA,NA,NA,NA,NA,NA,NA,"```json
{
    ""Remnants"": 5
}
```",60,NA,5,NA,NA,NA,NA,NA,NA,NA,NA,NA,NA,NA,NA,NA,NA,NA,NA,NA,NA,NA,NA,NA,NA,NA,NA,NA,NA,NA,NA,"```json
{
  ""Remnants"": 5
}
```",60,NA,5,NA,NA,NA,NA,NA,NA,NA,NA,NA,NA,NA,NA,NA,NA,NA,NA,NA,NA,NA,NA,NA,NA,NA,NA,NA,NA,NA,NA,"```json
{
    ""Remnants"": 0
}
```",60,NA,0,NA,NA,NA,NA,NA,NA,NA,NA,NA,NA,NA,NA,NA,NA,NA,NA,NA,NA,NA,NA,NA,NA,NA,NA,NA,NA,NA,NA,"```json
{
    ""Remnants"": 0
}
```",60,NA,0,NA,NA,NA,NA,NA,NA,NA,NA,NA,NA,NA,NA,NA,NA,NA,NA,NA,NA,NA,NA,NA,NA,NA,NA,NA,NA,NA,NA,"```json
{
  ""Remnants"": 0 grams
}
```",60,NA,0,NA,NA,NA,NA,NA,NA,NA,NA,NA,NA,NA,NA,NA,NA,NA,NA,NA,NA,NA,NA,NA,NA,NA,NA,NA,NA,NA,NA,"```json
{
  ""Remnants"": 0 grams
}
```",60,NA,0,NA,NA,NA,NA,NA,NA,NA,NA,NA,NA,NA,NA,NA,NA,NA,NA,NA,NA,NA,NA,NA,NA,NA,NA,NA,NA,NA,NA,"```json
{
  ""Remnants"": 0
}
```",60,NA,0,NA,NA,NA,NA,NA,NA,NA,NA,NA,NA,NA,NA,NA,NA,NA,NA,NA,NA,NA,NA,NA,NA,NA,NA,NA,NA,NA,NA,"```json
{
  ""Remnants"": 0 grams
}
```",60,NA,0,NA,NA,NA,NA,NA,NA,NA,NA,NA,NA,NA,NA,NA,NA,NA,NA,NA,NA,NA,NA,NA,NA,NA,NA,NA,NA,NA,NA,"```json
{
  ""Remnants"": 0 grams
}
```",60,NA,0,NA,NA,NA,NA,NA,NA,NA,NA,NA,NA,NA,NA,NA,NA,NA,NA,NA,NA,NA,NA,"```json
{
  ""Remnants"": 5
}
```",60,NA,5,NA,NA,NA,NA,NA,NA,NA,NA,NA,NA,NA,NA,NA,NA,"```json
{
  ""Remnants"": 5
}
```",60,NA,5,NA,NA,NA,NA,NA,NA,NA,NA,NA,NA,NA,NA,NA,NA,"```json
{
  ""Remnants"": 5
}
```",60,NA,5,NA,NA,NA,NA,NA,NA,NA,NA,NA,NA,NA,NA,NA,NA,"```json
{
  ""Remnants"": 5
}
```",60,NA,5,NA,NA,NA,NA,NA,NA,NA,NA,NA,NA,NA,NA,NA,NA,"```json
{
  ""Remnants"": 5
}
```",60,NA,5,NA,NA,NA,NA,NA,NA,NA,NA,NA,NA,NA,NA,NA,NA,5,21,21,5,21,21,5,21,21,0,26,26,0,26,26,0,26,26,0,26,26,0,26,26,0,26,26,0,26,26,5,21,21,5,21,21,5,21,21,5,21,21,5,21,21,0,0,0,0,0,0,0,0,0,0,0,0,0,0,0,0,0,0,0,0,0,0,0,0,0,0,0,0,0,0
