"Recipe Name (ENG)","Your name","Day","Meal Name","Person Nr","Moment of the meal","Plate Size (cm)","Empty plate weight (g)","Post meal weight (g)","Leftovers weight (g)","Recipe Name","Recipe Link","PhotoName","servings","ingredient_1","ingredient_2","ingredient_3","ingredient_4","ingredient_5","ingredient_6","ingredient_7","ingredient_8","ingredient_9","ingredient_10","ingredient_11","ingredient_12","ingredient_13","ingredient_14","ingredient_15","ingredientsQuantity","ingredients","TotalGramsSelf_char","TotalGramsSelf","chat1","i_1","ingredient1_1","quantity1_1","ingredient1_2","quantity1_2","ingredient1_3","quantity1_3","ingredient1_4","quantity1_4","ingredient1_5","quantity1_5","ingredient1_6","quantity1_6","ingredient1_7","quantity1_7","ingredient1_8","quantity1_8","chat2","i_2","ingredient2_1","quantity2_1","ingredient2_2","quantity2_2","ingredient2_3","quantity2_3","ingredient2_4","quantity2_4","ingredient2_5","quantity2_5","ingredient2_6","quantity2_6","ingredient2_7","quantity2_7","ingredient2_8","quantity2_8","chat3","i_3","ingredient3_1","quantity3_1","ingredient3_2","quantity3_2","ingredient3_3","quantity3_3","ingredient3_4","quantity3_4","ingredient3_5","quantity3_5","ingredient3_6","quantity3_6","ingredient3_7","quantity3_7","ingredient3_8","quantity3_8","chat4","i_4","ingredient4_1","quantity4_1","ingredient4_2","quantity4_2","ingredient4_3","quantity4_3","ingredient4_4","quantity4_4","ingredient4_5","quantity4_5","ingredient4_6","quantity4_6","ingredient4_7","quantity4_7","ingredient4_8","quantity4_8","chat5","i_5","ingredient5_1","quantity5_1","ingredient5_2","quantity5_2","ingredient5_3","quantity5_3","ingredient5_4","quantity5_4","ingredient5_5","quantity5_5","ingredient5_6","quantity5_6","ingredient5_7","quantity5_7","ingredient5_8","quantity5_8","chat6","i_6","ingredient6_1","quantity6_1","ingredient6_2","quantity6_2","ingredient6_3","quantity6_3","ingredient6_4","quantity6_4","ingredient6_5","quantity6_5","ingredient6_6","quantity6_6","ingredient6_7","quantity6_7","ingredient6_8","quantity6_8","chat7","i_7","ingredient7_1","quantity7_1","ingredient7_2","quantity7_2","ingredient7_3","quantity7_3","ingredient7_4","quantity7_4","ingredient7_5","quantity7_5","ingredient7_6","quantity7_6","ingredient7_7","quantity7_7","ingredient7_8","quantity7_8","chat8","i_8","ingredient8_1","quantity8_1","ingredient8_2","quantity8_2","ingredient8_3","quantity8_3","ingredient8_4","quantity8_4","ingredient8_5","quantity8_5","ingredient8_6","quantity8_6","ingredient8_7","quantity8_7","ingredient8_8","quantity8_8","chat9","i_9","ingredient9_1","quantity9_1","ingredient9_2","quantity9_2","ingredient9_3","quantity9_3","ingredient9_4","quantity9_4","ingredient9_5","quantity9_5","ingredient9_6","quantity9_6","ingredient9_7","quantity9_7","ingredient9_8","quantity9_8","chat10","i_10","ingredient10_1","quantity10_1","ingredient10_2","quantity10_2","ingredient10_3","quantity10_3","ingredient10_4","quantity10_4","ingredient10_5","quantity10_5","ingredient10_6","quantity10_6","ingredient10_7","quantity10_7","ingredient10_8","quantity10_8","chat11","i_11","ingredient11_1","quantity11_1","ingredient11_2","quantity11_2","ingredient11_3","quantity11_3","ingredient11_4","quantity11_4","ingredient11_5","quantity11_5","ingredient11_6","quantity11_6","ingredient11_7","quantity11_7","ingredient11_8","quantity11_8","chat12","i_12","ingredient12_1","quantity12_1","ingredient12_2","quantity12_2","ingredient12_3","quantity12_3","ingredient12_4","quantity12_4","ingredient12_5","quantity12_5","ingredient12_6","quantity12_6","ingredient12_7","quantity12_7","ingredient12_8","quantity12_8","chat13","i_13","ingredient13_1","quantity13_1","ingredient13_2","quantity13_2","ingredient13_3","quantity13_3","ingredient13_4","quantity13_4","ingredient13_5","quantity13_5","ingredient13_6","quantity13_6","ingredient13_7","quantity13_7","ingredient13_8","quantity13_8","chat14","i_14","ingredient14_1","quantity14_1","ingredient14_2","quantity14_2","ingredient14_3","quantity14_3","ingredient14_4","quantity14_4","ingredient14_5","quantity14_5","ingredient14_6","quantity14_6","ingredient14_7","quantity14_7","ingredient14_8","quantity14_8","chat15","i_15","ingredient15_1","quantity15_1","ingredient15_2","quantity15_2","ingredient15_3","quantity15_3","ingredient15_4","quantity15_4","ingredient15_5","quantity15_5","ingredient15_6","quantity15_6","ingredient15_7","quantity15_7","ingredient15_8","quantity15_8","conversion1_1","conversion1_2","conversion1_3","conversion1_4","conversion1_5","conversion1_6","conversion1_7","conversion1_8","conversion2_1","conversion2_2","conversion2_3","conversion2_4","conversion2_5","conversion2_6","conversion2_7","conversion2_8","conversion3_1","conversion3_2","conversion3_3","conversion3_4","conversion3_5","conversion3_6","conversion3_7","conversion3_8","conversion4_1","conversion4_2","conversion4_3","conversion4_4","conversion4_5","conversion4_6","conversion4_7","conversion4_8","conversion5_1","conversion5_2","conversion5_3","conversion5_4","conversion5_5","conversion5_6","conversion5_7","conversion5_8","TotalGrams1","GramsDiff1","AbsDiff1","TotalGrams2","GramsDiff2","AbsDiff2","TotalGrams3","GramsDiff3","AbsDiff3","TotalGrams4","GramsDiff4","AbsDiff4","TotalGrams5","GramsDiff5","AbsDiff5","TotalGrams6","GramsDiff6","AbsDiff6","TotalGrams7","GramsDiff7","AbsDiff7","TotalGrams8","GramsDiff8","AbsDiff8","TotalGrams9","GramsDiff9","AbsDiff9","TotalGrams10","GramsDiff10","AbsDiff10","TotalGrams11","GramsDiff11","AbsDiff11","TotalGrams12","GramsDiff12","AbsDiff12","TotalGrams13","GramsDiff13","AbsDiff13","TotalGrams14","GramsDiff14","AbsDiff14","TotalGrams15","GramsDiff15","AbsDiff15","TP1","FP1","TP2","FP2","TP3","FP3","TP4","FP4","TP5","FP5","TP6","FP6","TP7","FP7","TP8","FP8","TP9","FP9","TP10","FP10","TP11","FP11","TP12","FP12","TP13","FP13","TP14","FP14","TP15","FP15"
"Breaded white cheese with rosemary","Erica","Wednesday","Kaas",1,"1","26.7",722,996,274,"Gepaneerde witte kaas met rozemarijn","https://www.hellofresh.nl/recipes/gepaneerde-witte-kaas-met-krieltjes-658d7d8df9d1ffb514ddb5cc","Erica_Kaas_1_1.jpg",2,"cheese","bread(crumbs)","potatoes or fries","garlic","tomatoes","onion","onion","lettuce","zucchini","water or broth","sauce","fats or oils","flour","vinaigrette","fats or oils","200g White Cheese; 25g Breadcrumbs; 400g potatoes; 1  Garlic cloves; 1  Tomato; 80g Onion Chutney; 1  Onion; 60g Arugula; 1  Zucchini; 60ml Water; 1 tablespoon honey; 3 tablespoon olive oil; 50 grams of flour; 1 tablespoon vinegar; 1 tablespoon butter"," White Cheese; Breadcrumbs;  potatoes;  Garlic ;  Tomato; Onion Chutney;  Onion; Arugula;  Zucchini; Water;  honey;  olive oil;    flour;  vinegar;  butter",274,274,"```json
{
    ""potatoes"": ""6 pieces"",
    ""zucchini"": ""0.5 cups"",
    ""arugula"": ""0.5 cups"",
    ""fish"": ""1 piece"",
    ""sauce"": ""2 tablespoons""
}
```",10,"potatoes or fries","6 pieces","zucchini","0.5 cups","lettuce","0.5 cups","(shell)fish","1 piece","sauce","2 tablespoons",NA,NA,NA,NA,NA,NA,"```json
{
    ""potatoes"": ""8 pieces"",
    ""zucchini"": ""0.5 cups"",
    ""greens"": ""0.5 cups"",
    ""fish"": ""1 piece"",
    ""sauce"": ""2 tablespoons""
}
```",10,"potatoes or fries","8 pieces","zucchini","0.5 cups","vegetable mix","0.5 cups","(shell)fish","1 piece","sauce","2 tablespoons",NA,NA,NA,NA,NA,NA,"```json
{
    ""potatoes"": ""8 pieces"",
    ""zucchini"": ""0.5 cups"",
    ""arugula"": ""0.5 cups"",
    ""fish"": ""1 piece"",
    ""sauce"": ""2 tablespoons""
}
```",10,"potatoes or fries","8 pieces","zucchini","0.5 cups","lettuce","0.5 cups","(shell)fish","1 piece","sauce","2 tablespoons",NA,NA,NA,NA,NA,NA,"```json
{
    ""potatoes"": ""8 pieces"",
    ""zucchini"": ""0.5 cups"",
    ""greens"": ""0.5 cups"",
    ""fish"": ""1 piece"",
    ""sauce"": ""2 tablespoons""
}
```",10,"potatoes or fries","8 pieces","zucchini","0.5 cups","vegetable mix","0.5 cups","(shell)fish","1 piece","sauce","2 tablespoons",NA,NA,NA,NA,NA,NA,"```json
{
    ""potatoes"": ""8 pieces"",
    ""zucchini"": ""0.5 cups"",
    ""greens"": ""0.5 cups"",
    ""fish"": ""1 piece"",
    ""sauce"": ""2 tablespoons""
}
```",10,"potatoes or fries","8 pieces","zucchini","0.5 cups","vegetable mix","0.5 cups","(shell)fish","1 piece","sauce","2 tablespoons",NA,NA,NA,NA,NA,NA,"```json
{
  ""Potatoes"": 100,
  ""Fish"": 150,
  ""Sauce"": 30,
  ""Zucchini"": 40,
  ""Arugula"": 20
}
```",10,"potatoes or fries",100,"(shell)fish",150,"sauce",30,"zucchini",40,"lettuce",20,NA,NA,NA,NA,NA,NA,"```json
{
  ""Potatoes"": 100,
  ""Fish"": 150,
  ""Sauce"": 30,
  ""Zucchini"": 40,
  ""Arugula"": 20
}
```",10,"potatoes or fries",100,"(shell)fish",150,"sauce",30,"zucchini",40,"lettuce",20,NA,NA,NA,NA,NA,NA,"```json
{
  ""Potatoes"": 100,
  ""Fish"": 150,
  ""Sauce"": 30,
  ""Zucchini"": 40,
  ""Arugula"": 20
}
```",10,"potatoes or fries",100,"(shell)fish",150,"sauce",30,"zucchini",40,"lettuce",20,NA,NA,NA,NA,NA,NA,"```json
{
  ""Potatoes"": 100,
  ""Fish"": 150,
  ""Sauce"": 30,
  ""Zucchini"": 40,
  ""Arugula"": 20
}
```",10,"potatoes or fries",100,"(shell)fish",150,"sauce",30,"zucchini",40,"lettuce",20,NA,NA,NA,NA,NA,NA,"```json
{
  ""Potatoes"": 100,
  ""Fish"": 150,
  ""Sauce"": 30,
  ""Zucchini"": 40,
  ""Arugula"": 20
}
```",10,"potatoes or fries",100,"(shell)fish",150,"sauce",30,"zucchini",40,"lettuce",20,NA,NA,NA,NA,NA,NA,"```json
{
    ""Potatoes"": 100,
    ""Fish"": 150,
    ""Sauce"": 30,
    ""Zucchini"": 40,
    ""Greens"": 20
}
```",10,"potatoes or fries",100,"(shell)fish",150,"sauce",30,"zucchini",40,"vegetable mix",20,NA,NA,NA,NA,NA,NA,"```json
{
    ""Potatoes"": 80,
    ""Fish"": 100,
    ""Sauce"": 30,
    ""Zucchini"": 40,
    ""Greens"": 20
}
```",10,"potatoes or fries",80,"(shell)fish",100,"sauce",30,"zucchini",40,"vegetable mix",20,NA,NA,NA,NA,NA,NA,"```json
{
    ""Potatoes"": 100,
    ""Fish"": 150,
    ""Sauce"": 30,
    ""Zucchini"": 40,
    ""Greens"": 20
}
```",10,"potatoes or fries",100,"(shell)fish",150,"sauce",30,"zucchini",40,"vegetable mix",20,NA,NA,NA,NA,NA,NA,"```json
{
    ""Potatoes"": 80,
    ""Fish"": 100,
    ""Sauce"": 30,
    ""Zucchini"": 40,
    ""Greens"": 20
}
```",10,"potatoes or fries",80,"(shell)fish",100,"sauce",30,"zucchini",40,"vegetable mix",20,NA,NA,NA,NA,NA,NA,"```json
{
    ""Potatoes"": 100,
    ""Fish"": 150,
    ""Sauce"": 30,
    ""Zucchini"": 40,
    ""Greens"": 20
}
```",10,"potatoes or fries",100,"(shell)fish",150,"sauce",30,"zucchini",40,"vegetable mix",20,NA,NA,NA,NA,NA,NA,90,75,27.5,30,30,NA,NA,NA,120,75,37.5,30,30,NA,NA,NA,120,75,27.5,30,30,NA,NA,NA,120,75,37.5,30,30,NA,NA,NA,120,75,37.5,30,30,NA,NA,NA,252.5,21.5,21.5,292.5,-18.5,18.5,282.5,-8.5,8.5,292.5,-18.5,18.5,292.5,-18.5,18.5,340,-66,66,340,-66,66,340,-66,66,340,-66,66,340,-66,66,340,-66,66,270,4,4,340,-66,66,270,4,4,340,-66,66,4,1,3,2,4,1,3,2,3,2,4,1,4,1,4,1,4,1,4,1,3,2,3,2,3,2,3,2,3,2
"Breaded white cheese with rosemary","Erica","Wednesday","Kaas",2,"1","26.7",691,1004,313,"Gepaneerde witte kaas met rozemarijn","https://www.hellofresh.nl/recipes/gepaneerde-witte-kaas-met-krieltjes-658d7d8df9d1ffb514ddb5cc","Erica_Kaas_2_1.jpg",2,"cheese","bread(crumbs)","potatoes or fries","garlic","tomatoes","onion","onion","lettuce","zucchini","water or broth","sauce","fats or oils","flour","vinaigrette","fats or oils","200g White Cheese; 25g Breadcrumbs; 400g potatoes; 1  Garlic cloves; 1  Tomato; 80g Onion Chutney; 1  Onion; 60g Arugula; 1  Zucchini; 60ml Water; 1 tablespoon honey; 3 tablespoon olive oil; 50 grams of flour; 1 tablespoon vinegar; 1 tablespoon butter"," White Cheese; Breadcrumbs;  potatoes;  Garlic ;  Tomato; Onion Chutney;  Onion; Arugula;  Zucchini; Water;  honey;  olive oil;    flour;  vinegar;  butter",313,313,"```json
{
    ""rice"": ""1/2 cup"",
    ""zucchini"": ""1/4 cup"",
    ""arugula"": ""1/4 cup"",
    ""tomato"": ""1 piece"",
    ""baby potatoes"": ""3 pieces"",
    ""onion"": ""2 tablespoons"",
    ""sauce"": ""2 tablespoons""
}
```",13,"rice","1/2 cup","zucchini","1/4 cup","lettuce","1/4 cup","tomatoes","1 piece","potatoes or fries","3 pieces","onion","2 tablespoons","sauce","2 tablespoons",NA,NA,"```json
{
    ""rice"": ""1/2 cup"",
    ""zucchini"": ""1/4 cup"",
    ""arugula"": ""1/4 cup"",
    ""tomato"": ""1 piece"",
    ""potatoes"": ""3 pieces"",
    ""onion"": ""2 tablespoons"",
    ""sauce"": ""2 tablespoons""
}
```",13,"rice","1/2 cup","zucchini","1/4 cup","lettuce","1/4 cup","tomatoes","1 piece","potatoes or fries","3 pieces","onion","2 tablespoons","sauce","2 tablespoons",NA,NA,"```json
{
    ""rice"": ""1/2 cup"",
    ""zucchini"": ""1/4 cup"",
    ""arugula"": ""1/4 cup"",
    ""tomato"": ""1 piece"",
    ""potatoes"": ""3 pieces"",
    ""onion"": ""2 tablespoons"",
    ""sauce"": ""2 tablespoons""
}
```",13,"rice","1/2 cup","zucchini","1/4 cup","lettuce","1/4 cup","tomatoes","1 piece","potatoes or fries","3 pieces","onion","2 tablespoons","sauce","2 tablespoons",NA,NA,"```json
{
    ""rice"": ""1/2 cup"",
    ""zucchini"": ""1/4 cup"",
    ""arugula"": ""1/4 cup"",
    ""tomato"": ""1 piece"",
    ""potatoes"": ""3 pieces"",
    ""onion"": ""2 tablespoons"",
    ""sauce"": ""2 tablespoons""
}
```",13,"rice","1/2 cup","zucchini","1/4 cup","lettuce","1/4 cup","tomatoes","1 piece","potatoes or fries","3 pieces","onion","2 tablespoons","sauce","2 tablespoons",NA,NA,"```json
{
    ""rice"": ""1/2 cup"",
    ""zucchini"": ""1/4 cup"",
    ""arugula"": ""1/4 cup"",
    ""tomato"": ""1 piece"",
    ""baby potatoes"": ""3 pieces"",
    ""onion"": ""2 tablespoons"",
    ""sauce"": ""2 tablespoons""
}
```",13,"rice","1/2 cup","zucchini","1/4 cup","lettuce","1/4 cup","tomatoes","1 piece","potatoes or fries","3 pieces","onion","2 tablespoons","sauce","2 tablespoons",NA,NA,"```json
{
    ""Rice"": 100,
    ""Zucchini"": 50,
    ""Potatoes"": 60,
    ""Tomato"": 20,
    ""Arugula"": 15,
    ""Onion"": 30,
    ""Sauce"": 20
}
```",13,"rice",100,"zucchini",50,"potatoes or fries",60,"tomatoes",20,"lettuce",15,"onion",30,"sauce",20,NA,NA,"```json
{
    ""Rice"": 50,
    ""Zucchini"": 30,
    ""Potatoes"": 40,
    ""Tomato"": 20,
    ""Arugula"": 15,
    ""Onion"": 20,
    ""Sauce"": 15
}
```",13,"rice",50,"zucchini",30,"potatoes or fries",40,"tomatoes",20,"lettuce",15,"onion",20,"sauce",15,NA,NA,"```json
{
    ""Rice"": 50,
    ""Zucchini"": 30,
    ""Potatoes"": 40,
    ""Tomato"": 20,
    ""Arugula"": 15,
    ""Onion"": 20,
    ""Sauce"": 15
}
```",13,"rice",50,"zucchini",30,"potatoes or fries",40,"tomatoes",20,"lettuce",15,"onion",20,"sauce",15,NA,NA,"```json
{
    ""Rice"": 50,
    ""Zucchini"": 30,
    ""Potatoes"": 40,
    ""Tomato"": 20,
    ""Arugula"": 15,
    ""Onion"": 20,
    ""Sauce"": 15
}
```",13,"rice",50,"zucchini",30,"potatoes or fries",40,"tomatoes",20,"lettuce",15,"onion",20,"sauce",15,NA,NA,"```json
{
    ""Rice"": 50,
    ""Zucchini"": 30,
    ""Potatoes"": 40,
    ""Tomato"": 20,
    ""Arugula"": 15,
    ""Onion"": 20,
    ""Sauce"": 15
}
```",13,"rice",50,"zucchini",30,"potatoes or fries",40,"tomatoes",20,"lettuce",15,"onion",20,"sauce",15,NA,NA,"```json
{
    ""Rice"": 50,
    ""Zucchini"": 30,
    ""Potatoes"": 40,
    ""Tomato"": 20,
    ""Arugula"": 15,
    ""Onion"": 20,
    ""Sauce"": 15
}
```",13,"rice",50,"zucchini",30,"potatoes or fries",40,"tomatoes",20,"lettuce",15,"onion",20,"sauce",15,NA,NA,"```json
{
    ""Rice"": 50,
    ""Zucchini"": 30,
    ""Potatoes"": 40,
    ""Tomato"": 20,
    ""Arugula"": 15,
    ""Onion"": 20,
    ""Sauce"": 15
}
```",13,"rice",50,"zucchini",30,"potatoes or fries",40,"tomatoes",20,"lettuce",15,"onion",20,"sauce",15,NA,NA,"```json
{
    ""Rice"": 50,
    ""Zucchini"": 30,
    ""Potatoes"": 40,
    ""Tomato"": 20,
    ""Arugula"": 15,
    ""Onion"": 15,
    ""Sauce"": 20
}
```",13,"rice",50,"zucchini",30,"potatoes or fries",40,"tomatoes",20,"lettuce",15,"onion",15,"sauce",20,NA,NA,"```json
{
    ""Rice"": 50,
    ""Zucchini"": 30,
    ""Potatoes"": 40,
    ""Tomato"": 20,
    ""Arugula"": 15,
    ""Onion"": 20,
    ""Sauce"": 15
}
```",13,"rice",50,"zucchini",30,"potatoes or fries",40,"tomatoes",20,"lettuce",15,"onion",20,"sauce",15,NA,NA,"```json
{
    ""Rice"": 100,
    ""Zucchini"": 30,
    ""Arugula"": 20,
    ""Tomato"": 15,
    ""Potatoes"": 50,
    ""Onion"": 20,
    ""Sauce"": 25
}
```",13,"rice",100,"zucchini",30,"lettuce",20,"tomatoes",15,"potatoes or fries",50,"onion",20,"sauce",25,NA,NA,90,37.5,13.75,10,45,20,30,NA,90,37.5,13.75,10,45,20,30,NA,90,37.5,13.75,10,45,20,30,NA,90,37.5,13.75,10,45,20,30,NA,90,37.5,13.75,10,45,20,30,NA,246.25,66.75,66.75,246.25,66.75,66.75,246.25,66.75,66.75,246.25,66.75,66.75,246.25,66.75,66.75,295,18,18,190,123,123,190,123,123,190,123,123,190,123,123,190,123,123,190,123,123,190,123,123,190,123,123,260,53,53,6,1,6,1,6,1,6,1,6,1,6,1,6,1,6,1,6,1,6,1,6,1,6,1,6,1,6,1,6,1
"Breaded white cheese with rosemary","Erica","Wednesday","Kaas",2,"2","26.7",691,843,152,"Gepaneerde witte kaas met rozemarijn","https://www.hellofresh.nl/recipes/gepaneerde-witte-kaas-met-krieltjes-658d7d8df9d1ffb514ddb5cc","Erica_Kaas_2_2.jpg",2,"cheese","bread(crumbs)","potatoes or fries","garlic","tomatoes","onion","onion","lettuce","zucchini","water or broth","sauce","fats or oils","flour","vinaigrette","fats or oils","200g White Cheese; 25g Breadcrumbs; 400g potatoes; 1  Garlic cloves; 1  Tomato; 80g Onion Chutney; 1  Onion; 60g Arugula; 1  Zucchini; 60ml Water; 1 tablespoon honey; 3 tablespoon olive oil; 50 grams of flour; 1 tablespoon vinegar; 1 tablespoon butter"," White Cheese; Breadcrumbs;  potatoes;  Garlic ;  Tomato; Onion Chutney;  Onion; Arugula;  Zucchini; Water;  honey;  olive oil;    flour;  vinegar;  butter",152,152,"```json
{
    ""cheese"": ""1/4 cup"",
    ""onion"": ""1 tablespoon"",
    ""zucchini"": ""1/4 cup"",
    ""arugula"": ""1/4 cup"",
    ""remnants"": ""1 teaspoon""
}
```",14,"cheese","1/4 cup","onion","1 tablespoon","zucchini","1/4 cup","lettuce","1/4 cup",NA,"1 teaspoon",NA,NA,NA,NA,NA,NA,"```json
{
    ""cheese"": ""1/4 cup"",
    ""onions"": ""2 tablespoons"",
    ""zucchini"": ""1/4 cup"",
    ""arugula"": ""1/4 cup"",
    ""remnants"": ""1 teaspoon""
}
```",14,"cheese","1/4 cup","onion","2 tablespoons","zucchini","1/4 cup","lettuce","1/4 cup",NA,"1 teaspoon",NA,NA,NA,NA,NA,NA,"```json
{
    ""salad greens"": ""1/4 cup"",
    ""zucchini slices"": ""1/8 cup"",
    ""onion slices"": ""1 tablespoon"",
    ""baked cheese or casserole"": ""1/8 cup""
}
```",14,"vegetable mix","1/4 cup","zucchini","1/8 cup","onion","1 tablespoon","cheese","1/8 cup",NA,NA,NA,NA,NA,NA,NA,NA,"```json
{
    ""cheese"": ""1/4 cup"",
    ""onion"": ""1 tablespoon"",
    ""zucchini"": ""1/4 cup"",
    ""arugula"": ""1/4 cup"",
    ""bell pepper"": ""1 tablespoon""
}
```",14,"cheese","1/4 cup","onion","1 tablespoon","zucchini","1/4 cup","lettuce","1/4 cup","bell pepper","1 tablespoon",NA,NA,NA,NA,NA,NA,"```json
{
    ""salad"": {
        ""arugula"": ""1/4 cup"",
        ""zucchini"": ""1/4 cup"",
        ""onion"": ""1 tablespoon"",
        ""yellow bell pepper"": ""1 tablespoon""
    },
    ""casserole"": {
        ""cheese"": ""1/4 cup"",
        ""breadcrumbs"": ""1 tablespoon""
    }
}
```",14,"lettuce","1/4 cup","zucchini","1/4 cup","onion","1 tablespoon","bell pepper","1 tablespoon","casserole","1/4 cup","casserole","1 tablespoon",NA,NA,NA,NA,"```json
{
  ""Cheese"": 30,
  ""Onion"": 10,
  ""Zucchini"": 15,
  ""Arugula"": 5,
  ""Bell Pepper"": 5
}
```",14,"cheese",30,"onion",10,"zucchini",15,"lettuce",5,"bell pepper",5,NA,NA,NA,NA,NA,NA,"```json
{
  ""Cheese"": 30,
  ""Caramelized Onions"": 10,
  ""Zucchini"": 15,
  ""Arugula"": 10,
  ""Yellow Bell Pepper"": 10
}
```",14,"cheese",30,"onion",10,"zucchini",15,"lettuce",10,"bell pepper",10,NA,NA,NA,NA,NA,NA,"```json
{
  ""Cheese"": 30,
  ""Onion"": 10,
  ""Zucchini"": 15,
  ""Arugula"": 5,
  ""Yellow Bell Pepper"": 5
}
```",14,"cheese",30,"onion",10,"zucchini",15,"lettuce",5,"bell pepper",5,NA,NA,NA,NA,NA,NA,"```json
{
  ""Cheese"": 30,
  ""Onion"": 10,
  ""Zucchini"": 15,
  ""Arugula"": 10,
  ""Yellow Bell Pepper"": 10
}
```",14,"cheese",30,"onion",10,"zucchini",15,"lettuce",10,"bell pepper",10,NA,NA,NA,NA,NA,NA,"```json
{
  ""Cheese"": 30,
  ""Caramelized Onions"": 10,
  ""Zucchini"": 15,
  ""Arugula"": 10,
  ""Yellow Bell Pepper"": 10
}
```",14,"cheese",30,"onion",10,"zucchini",15,"lettuce",10,"bell pepper",10,NA,NA,NA,NA,NA,NA,"```json
{
  ""Salad greens"": 20,
  ""Zucchini"": 15,
  ""Onion"": 10,
  ""Cheese"": 30
}
```",14,"vegetable mix",20,"zucchini",15,"onion",10,"cheese",30,NA,NA,NA,NA,NA,NA,NA,NA,"```json
{
    ""Salad greens"": 20,
    ""Zucchini"": 15,
    ""Onion"": 10,
    ""Cheese"": 30
}
```",14,"vegetable mix",20,"zucchini",15,"onion",10,"cheese",30,NA,NA,NA,NA,NA,NA,NA,NA,"```json
{
  ""Salad greens"": 20,
  ""Zucchini"": 15,
  ""Onion"": 10,
  ""Cheese"": 30
}
```",14,"vegetable mix",20,"zucchini",15,"onion",10,"cheese",30,NA,NA,NA,NA,NA,NA,NA,NA,"```json
{
  ""Salad"": 30,
  ""Cheese"": 40,
  ""Onions"": 10
}
```",14,"lettuce",30,"cheese",40,"onion",10,NA,NA,NA,NA,NA,NA,NA,NA,NA,NA,"```json
{
    ""Salad"": 30,
    ""Zucchini"": 20,
    ""Onion"": 10,
    ""Cheese"": 40
}
```",14,"lettuce",30,"zucchini",20,"onion",10,"cheese",40,NA,NA,NA,NA,NA,NA,NA,NA,32,10,37.5,13.75,2,NA,NA,NA,32,20,37.5,13.75,2,NA,NA,NA,18.75,18.75,10,16,NA,NA,NA,NA,32,10,37.5,13.75,15,NA,NA,NA,13.75,37.5,10,15,NA,NA,NA,NA,95.25,56.75,56.75,105.25,46.75,46.75,63.5,88.5,88.5,108.25,43.75,43.75,76.25,75.75,75.75,65,87,87,75,77,77,65,87,87,75,77,77,75,77,77,75,77,77,75,77,77,75,77,77,80,72,72,100,52,52,4,0,4,0,3,1,4,1,3,2,4,1,4,1,4,1,4,1,4,1,3,1,3,1,3,1,3,0,4,0
"Breaded white cheese with rosemary","Erica","Wednesday","Kaas",2,"3","26.7",691,691,0,"Gepaneerde witte kaas met rozemarijn","https://www.hellofresh.nl/recipes/gepaneerde-witte-kaas-met-krieltjes-658d7d8df9d1ffb514ddb5cc","Erica_Kaas_2_3.jpg",2,"cheese","bread(crumbs)","potatoes or fries","garlic","tomatoes","onion","onion","lettuce","zucchini","water or broth","sauce","fats or oils","flour","vinaigrette","fats or oils","200g White Cheese; 25g Breadcrumbs; 400g potatoes; 1  Garlic cloves; 1  Tomato; 80g Onion Chutney; 1  Onion; 60g Arugula; 1  Zucchini; 60ml Water; 1 tablespoon honey; 3 tablespoon olive oil; 50 grams of flour; 1 tablespoon vinegar; 1 tablespoon butter"," White Cheese; Breadcrumbs;  potatoes;  Garlic ;  Tomato; Onion Chutney;  Onion; Arugula;  Zucchini; Water;  honey;  olive oil;    flour;  vinegar;  butter",0,0,"```json
{""Remnants"": ""1 teaspoon""}
```",15,NA,NA,NA,NA,NA,NA,NA,NA,NA,NA,NA,NA,NA,NA,NA,NA,"```json
{""Remnants"": ""1 teaspoon""}
```",15,NA,NA,NA,NA,NA,NA,NA,NA,NA,NA,NA,NA,NA,NA,NA,NA,"```json
{""Remnants"": ""0 teaspoons""}
```",15,NA,NA,NA,NA,NA,NA,NA,NA,NA,NA,NA,NA,NA,NA,NA,NA,"```json
{""Remnants"": ""1 teaspoon""}
```",15,NA,NA,NA,NA,NA,NA,NA,NA,NA,NA,NA,NA,NA,NA,NA,NA,"```json
{""Remnants"": ""1 teaspoon""}
```",15,NA,NA,NA,NA,NA,NA,NA,NA,NA,NA,NA,NA,NA,NA,NA,NA,"```json
{""Remnants"": 0 grams}
```",15,NA,NA,NA,NA,NA,NA,NA,NA,NA,NA,NA,NA,NA,NA,NA,NA,"```json
{""Remnants"": 0 grams}
```",15,NA,NA,NA,NA,NA,NA,NA,NA,NA,NA,NA,NA,NA,NA,NA,NA,"```json
{""Remnants"": 0 grams}
```",15,NA,NA,NA,NA,NA,NA,NA,NA,NA,NA,NA,NA,NA,NA,NA,NA,"```json
{""Remnants"": 0 grams}
```",15,NA,NA,NA,NA,NA,NA,NA,NA,NA,NA,NA,NA,NA,NA,NA,NA,"```json
{""Remnants"": 0 grams}
```",15,NA,NA,NA,NA,NA,NA,NA,NA,NA,NA,NA,NA,NA,NA,NA,NA,"```json
{""Remnants"": 0 grams}
```",15,NA,NA,NA,NA,NA,NA,NA,NA,NA,NA,NA,NA,NA,NA,NA,NA,"```json
{""Remnants"": 0 grams}
```",15,NA,NA,NA,NA,NA,NA,NA,NA,NA,NA,NA,NA,NA,NA,NA,NA,"```json
{""Remnants"": 0 grams}
```",15,NA,NA,NA,NA,NA,NA,NA,NA,NA,NA,NA,NA,NA,NA,NA,NA,"```json
{""Remnants"": 0 grams}
```",15,NA,NA,NA,NA,NA,NA,NA,NA,NA,NA,NA,NA,NA,NA,NA,NA,"```json
{""Remnants"": 0 grams}
```",15,NA,NA,NA,NA,NA,NA,NA,NA,NA,NA,NA,NA,NA,NA,NA,NA,NA,NA,NA,NA,NA,NA,NA,NA,NA,NA,NA,NA,NA,NA,NA,NA,NA,NA,NA,NA,NA,NA,NA,NA,NA,NA,NA,NA,NA,NA,NA,NA,NA,NA,NA,NA,NA,NA,NA,NA,0,0,0,0,0,0,0,0,0,0,0,0,0,0,0,0,0,0,0,0,0,0,0,0,0,0,0,0,0,0,0,0,0,0,0,0,0,0,0,0,0,0,0,0,0,0,0,0,0,0,0,0,0,0,0,0,0,0,0,0,0,0,0,0,0,0,0,0,0,0,0,0,0,0,0
"Breaded white cheese with rosemary","Erica","Wednesday","Kaas",3,"1","26.7",734,1044,310,"Gepaneerde witte kaas met rozemarijn","https://www.hellofresh.nl/recipes/gepaneerde-witte-kaas-met-krieltjes-658d7d8df9d1ffb514ddb5cc","Erica_Kaas_3_1.jpg",2,"cheese","bread(crumbs)","potatoes or fries","garlic","tomatoes","onion","onion","lettuce","zucchini","water or broth","sauce","fats or oils","flour","vinaigrette","fats or oils","200g White Cheese; 25g Breadcrumbs; 400g potatoes; 1  Garlic cloves; 1  Tomato; 80g Onion Chutney; 1  Onion; 60g Arugula; 1  Zucchini; 60ml Water; 1 tablespoon honey; 3 tablespoon olive oil; 50 grams of flour; 1 tablespoon vinegar; 1 tablespoon butter"," White Cheese; Breadcrumbs;  potatoes;  Garlic ;  Tomato; Onion Chutney;  Onion; Arugula;  Zucchini; Water;  honey;  olive oil;    flour;  vinegar;  butter",310,310,"```json
{
    ""potatoes"": ""1/2 cup"",
    ""zucchini"": ""1/4 cup"",
    ""onions"": ""2 tablespoons"",
    ""red peppers"": ""1 tablespoon"",
    ""cheese"": ""1 piece""
}
```",16,"potatoes or fries","1/2 cup","zucchini","1/4 cup","onion","2 tablespoons","peppers","1 tablespoon","cheese","1 piece",NA,NA,NA,NA,NA,NA,"```json
{
    ""potatoes"": ""1/2 cup"",
    ""zucchini"": ""1/4 cup"",
    ""onions"": ""2 tablespoons"",
    ""red peppers"": ""1 tablespoon"",
    ""cheese"": ""1 piece""
}
```",16,"potatoes or fries","1/2 cup","zucchini","1/4 cup","onion","2 tablespoons","peppers","1 tablespoon","cheese","1 piece",NA,NA,NA,NA,NA,NA,"```json
{
    ""potatoes"": ""0.5 cups"",
    ""zucchini"": ""0.25 cups"",
    ""onions"": ""0.25 cups"",
    ""red peppers"": ""0.1 cups"",
    ""cheese"": ""1 piece""
}
```",16,"potatoes or fries","0.5 cups","zucchini","0.25 cups","onion","0.25 cups","peppers","0.1 cups","cheese","1 piece",NA,NA,NA,NA,NA,NA,"```json
{
    ""potatoes"": ""1/2 cup"",
    ""zucchini"": ""1/4 cup"",
    ""onions"": ""2 tablespoons"",
    ""red peppers"": ""1 tablespoon"",
    ""cheese"": ""1 piece""
}
```",16,"potatoes or fries","1/2 cup","zucchini","1/4 cup","onion","2 tablespoons","peppers","1 tablespoon","cheese","1 piece",NA,NA,NA,NA,NA,NA,"```json
{
    ""potatoes"": ""0.5 cups"",
    ""zucchini"": ""0.25 cups"",
    ""onions"": ""0.25 cups"",
    ""red peppers"": ""0.1 cups"",
    ""cheese"": ""1 piece""
}
```",16,"potatoes or fries","0.5 cups","zucchini","0.25 cups","onion","0.25 cups","peppers","0.1 cups","cheese","1 piece",NA,NA,NA,NA,NA,NA,"```json
{
  ""potatoes"": 50,
  ""zucchini"": 20,
  ""onions"": 10,
  ""tomato sauce"": 5,
  ""bread"": 15
}
```",16,"potatoes or fries",50,"zucchini",20,"onion",10,"tomatoes",5,"bread(crumbs)",15,NA,NA,NA,NA,NA,NA,"```json
{
  ""Potatoes"": 50,
  ""Zucchini"": 20,
  ""Onions"": 10,
  ""Tomato Sauce"": 5,
  ""Bread"": 15
}
```",16,"potatoes or fries",50,"zucchini",20,"onion",10,"tomatoes",5,"bread(crumbs)",15,NA,NA,NA,NA,NA,NA,"```json
{
    ""Potatoes"": 50,
    ""Zucchini"": 20,
    ""Onions"": 10,
    ""Tomato Sauce"": 5,
    ""Bread"": 15
}
```",16,"potatoes or fries",50,"zucchini",20,"onion",10,"tomatoes",5,"bread(crumbs)",15,NA,NA,NA,NA,NA,NA,"```json
{
    ""Potatoes"": 50,
    ""Zucchini"": 20,
    ""Onions"": 10,
    ""Tomato Sauce"": 5,
    ""Bread"": 15
}
```",16,"potatoes or fries",50,"zucchini",20,"onion",10,"tomatoes",5,"bread(crumbs)",15,NA,NA,NA,NA,NA,NA,"```json
{
    ""Potatoes"": 50,
    ""Zucchini"": 20,
    ""Onion"": 10,
    ""Tomato"": 10,
    ""Bread"": 15
}
```",16,"potatoes or fries",50,"zucchini",20,"onion",10,"tomatoes",10,"bread(crumbs)",15,NA,NA,NA,NA,NA,NA,"```json
{
    ""potatoes"": 50,
    ""zucchini"": 20,
    ""onions"": 10,
    ""red peppers"": 5,
    ""cheese"": 15
}
```",16,"potatoes or fries",50,"zucchini",20,"onion",10,"peppers",5,"cheese",15,NA,NA,NA,NA,NA,NA,"```json
{
    ""Potatoes"": 50,
    ""Zucchini"": 20,
    ""Onion"": 10,
    ""Tomato"": 10,
    ""Bread"": 15
}
```",16,"potatoes or fries",50,"zucchini",20,"onion",10,"tomatoes",10,"bread(crumbs)",15,NA,NA,NA,NA,NA,NA,"```json
{
    ""potatoes"": 50,
    ""zucchini"": 20,
    ""onions"": 10,
    ""red peppers"": 5,
    ""cheese"": 15
}
```",16,"potatoes or fries",50,"zucchini",20,"onion",10,"peppers",5,"cheese",15,NA,NA,NA,NA,NA,NA,"```json
{
    ""potatoes"": 50,
    ""zucchini"": 20,
    ""onions"": 10,
    ""red peppers"": 5,
    ""cheese"": 15
}
```",16,"potatoes or fries",50,"zucchini",20,"onion",10,"peppers",5,"cheese",15,NA,NA,NA,NA,NA,NA,"```json
{
  ""potatoes"": 50,
  ""zucchini"": 20,
  ""onions"": 10,
  ""red peppers"": 5,
  ""cheese"": 15
}
```",16,"potatoes or fries",50,"zucchini",20,"onion",10,"peppers",5,"cheese",15,NA,NA,NA,NA,NA,NA,105,37.5,20,9,21,NA,NA,NA,105,37.5,20,9,21,NA,NA,NA,105,37.5,40,14.9,21,NA,NA,NA,105,37.5,20,9,21,NA,NA,NA,105,37.5,40,14.9,21,NA,NA,NA,192.5,117.5,117.5,192.5,117.5,117.5,218.4,91.6,91.6,192.5,117.5,117.5,218.4,91.6,91.6,100,210,210,100,210,210,100,210,210,100,210,210,105,205,205,100,210,210,105,205,205,100,210,210,100,210,210,100,210,210,4,1,4,1,4,1,4,1,4,1,5,0,5,0,5,0,5,0,5,0,4,1,5,0,4,1,4,1,4,1
"Breaded white cheese with rosemary","Erica","Wednesday","Kaas",1,"2","26.7",722,879,157,"Gepaneerde witte kaas met rozemarijn","https://www.hellofresh.nl/recipes/gepaneerde-witte-kaas-met-krieltjes-658d7d8df9d1ffb514ddb5cc","Erica_Kaas_1_2.jpg",2,"cheese","bread(crumbs)","potatoes or fries","garlic","tomatoes","onion","onion","lettuce","zucchini","water or broth","sauce","fats or oils","flour","vinaigrette","fats or oils","200g White Cheese; 25g Breadcrumbs; 400g potatoes; 1  Garlic cloves; 1  Tomato; 80g Onion Chutney; 1  Onion; 60g Arugula; 1  Zucchini; 60ml Water; 1 tablespoon honey; 3 tablespoon olive oil; 50 grams of flour; 1 tablespoon vinegar; 1 tablespoon butter"," White Cheese; Breadcrumbs;  potatoes;  Garlic ;  Tomato; Onion Chutney;  Onion; Arugula;  Zucchini; Water;  honey;  olive oil;    flour;  vinegar;  butter",157,157,"```json
{
    ""arugula"": ""1/4 cup"",
    ""tomato"": ""1/4 cup"",
    ""zucchini ribbons"": ""1/2 cup"",
    ""baby potatoes"": ""1/2 cup"",
    ""feta cheese"": ""2 tablespoons""
}
```",11,"lettuce","1/4 cup","tomatoes","1/4 cup","zucchini","1/2 cup","potatoes or fries","1/2 cup","cheese","2 tablespoons",NA,NA,NA,NA,NA,NA,"```json
{
    ""arugula"": ""1/4 cup"",
    ""tomato"": ""1/4 cup"",
    ""zucchini ribbons"": ""1/2 cup"",
    ""baby potatoes"": ""1/2 cup"",
    ""feta cheese"": ""2 tablespoons""
}
```",11,"lettuce","1/4 cup","tomatoes","1/4 cup","zucchini","1/2 cup","potatoes or fries","1/2 cup","cheese","2 tablespoons",NA,NA,NA,NA,NA,NA,"```json
{
    ""arugula"": ""1/4 cup"",
    ""tomato"": ""1/4 cup"",
    ""zucchini ribbons"": ""1/2 cup"",
    ""baby potatoes"": ""1/2 cup"",
    ""feta cheese"": ""2 tablespoons""
}
```",11,"lettuce","1/4 cup","tomatoes","1/4 cup","zucchini","1/2 cup","potatoes or fries","1/2 cup","cheese","2 tablespoons",NA,NA,NA,NA,NA,NA,"```json
{
    ""arugula"": ""1/4 cup"",
    ""tomato"": ""1/4 cup"",
    ""zucchini ribbons"": ""1/2 cup"",
    ""baby potatoes"": ""1/2 cup"",
    ""feta cheese"": ""2 tablespoons""
}
```",11,"lettuce","1/4 cup","tomatoes","1/4 cup","zucchini","1/2 cup","potatoes or fries","1/2 cup","cheese","2 tablespoons",NA,NA,NA,NA,NA,NA,"```json
{
    ""arugula"": ""1/4 cup"",
    ""tomato"": ""1/4 cup"",
    ""zucchini ribbons"": ""1/2 cup"",
    ""baby potatoes"": ""1/2 cup"",
    ""feta cheese"": ""2 tablespoons""
}
```",11,"lettuce","1/4 cup","tomatoes","1/4 cup","zucchini","1/2 cup","potatoes or fries","1/2 cup","cheese","2 tablespoons",NA,NA,NA,NA,NA,NA,"```json
{
    ""Tomatoes"": 30,
    ""Zucchini"": 40,
    ""Arugula"": 10,
    ""Baby Potatoes"": 80,
    ""Feta Cheese"": 20
}
```",11,"tomatoes",30,"zucchini",40,"lettuce",10,"potatoes or fries",80,"cheese",20,NA,NA,NA,NA,NA,NA,"```json
{
  ""Tomatoes"": 30,
  ""Zucchini"": 40,
  ""Arugula"": 10,
  ""Baby Potatoes"": 80,
  ""Feta Cheese"": 20
}
```",11,"tomatoes",30,"zucchini",40,"lettuce",10,"potatoes or fries",80,"cheese",20,NA,NA,NA,NA,NA,NA,"```json
{
  ""Tomatoes"": 30,
  ""Zucchini"": 40,
  ""Arugula"": 10,
  ""Baby Potatoes"": 80,
  ""Feta Cheese"": 20
}
```",11,"tomatoes",30,"zucchini",40,"lettuce",10,"potatoes or fries",80,"cheese",20,NA,NA,NA,NA,NA,NA,"```json
{
    ""Tomatoes"": 30,
    ""Zucchini"": 40,
    ""Arugula"": 10,
    ""Baby Potatoes"": 60,
    ""Feta Cheese"": 20
}
```",11,"tomatoes",30,"zucchini",40,"lettuce",10,"potatoes or fries",60,"cheese",20,NA,NA,NA,NA,NA,NA,"```json
{
  ""Tomatoes"": 30,
  ""Zucchini"": 40,
  ""Arugula"": 10,
  ""Baby Potatoes"": 80,
  ""Feta Cheese"": 20
}
```",11,"tomatoes",30,"zucchini",40,"lettuce",10,"potatoes or fries",80,"cheese",20,NA,NA,NA,NA,NA,NA,"```json
{
    ""Tomatoes"": 30,
    ""Zucchini"": 40,
    ""Arugula"": 10,
    ""Baby Potatoes"": 70,
    ""Feta Cheese"": 20
}
```",11,"tomatoes",30,"zucchini",40,"lettuce",10,"potatoes or fries",70,"cheese",20,NA,NA,NA,NA,NA,NA,"```json
{
    ""Cherry Tomatoes"": 30,
    ""Zucchini Ribbons"": 40,
    ""Arugula"": 10,
    ""Baby Potatoes"": 80,
    ""Feta Cheese"": 20
}
```",11,"tomatoes",30,"zucchini",40,"lettuce",10,"potatoes or fries",80,"cheese",20,NA,NA,NA,NA,NA,NA,"```json
{
    ""Tomatoes"": 30,
    ""Zucchini"": 40,
    ""Arugula"": 10,
    ""Baby Potatoes"": 80,
    ""Feta Cheese"": 20
}
```",11,"tomatoes",30,"zucchini",40,"lettuce",10,"potatoes or fries",80,"cheese",20,NA,NA,NA,NA,NA,NA,"```json
{
  ""Tomatoes"": 30,
  ""Zucchini"": 40,
  ""Arugula"": 10,
  ""Baby Potatoes"": 60,
  ""Feta Cheese"": 20
}
```",11,"tomatoes",30,"zucchini",40,"lettuce",10,"potatoes or fries",60,"cheese",20,NA,NA,NA,NA,NA,NA,"```json
{
  ""cherry_tomatoes"": 30,
  ""zucchini_ribbons"": 40,
  ""baby_potatoes"": 70,
  ""arugula"": 10,
  ""feta_cheese"": 20
}
```",11,"tomatoes",30,"zucchini",40,"potatoes or fries",70,"lettuce",10,"cheese",20,NA,NA,NA,NA,NA,NA,13.75,45,75,105,30,NA,NA,NA,13.75,45,75,105,30,NA,NA,NA,13.75,45,75,105,30,NA,NA,NA,13.75,45,75,105,30,NA,NA,NA,13.75,45,75,105,30,NA,NA,NA,268.75,-111.75,111.75,268.75,-111.75,111.75,268.75,-111.75,111.75,268.75,-111.75,111.75,268.75,-111.75,111.75,180,-23,23,180,-23,23,180,-23,23,160,-3,3,180,-23,23,170,-13,13,180,-23,23,180,-23,23,160,-3,3,170,-13,13,5,0,5,0,5,0,5,0,5,0,5,0,5,0,5,0,5,0,5,0,5,0,5,0,5,0,5,0,5,0
"Breaded white cheese with rosemary","Erica","Wednesday","Kaas",1,"3","26.7",722,722,0,"Gepaneerde witte kaas met rozemarijn","https://www.hellofresh.nl/recipes/gepaneerde-witte-kaas-met-krieltjes-658d7d8df9d1ffb514ddb5cc","Erica_Kaas_1_3.jpg",2,"cheese","bread(crumbs)","potatoes or fries","garlic","tomatoes","onion","onion","lettuce","zucchini","water or broth","sauce","fats or oils","flour","vinaigrette","fats or oils","200g White Cheese; 25g Breadcrumbs; 400g potatoes; 1  Garlic cloves; 1  Tomato; 80g Onion Chutney; 1  Onion; 60g Arugula; 1  Zucchini; 60ml Water; 1 tablespoon honey; 3 tablespoon olive oil; 50 grams of flour; 1 tablespoon vinegar; 1 tablespoon butter"," White Cheese; Breadcrumbs;  potatoes;  Garlic ;  Tomato; Onion Chutney;  Onion; Arugula;  Zucchini; Water;  honey;  olive oil;    flour;  vinegar;  butter",0,0,"```json
{""Remnants"": ""1 teaspoon""}
```",12,NA,NA,NA,NA,NA,NA,NA,NA,NA,NA,NA,NA,NA,NA,NA,NA,"```json
{
  ""Remnants"": ""1 teaspoon""
}
```",12,NA,"1 teaspoon",NA,NA,NA,NA,NA,NA,NA,NA,NA,NA,NA,NA,NA,NA,"```json
{""Remnants"": ""1 teaspoon""}
```",12,NA,NA,NA,NA,NA,NA,NA,NA,NA,NA,NA,NA,NA,NA,NA,NA,"```json
{""Remnants"": ""1 teaspoon""}
```",12,NA,NA,NA,NA,NA,NA,NA,NA,NA,NA,NA,NA,NA,NA,NA,NA,"```json
{
  ""Remnants"": ""1 teaspoon""
}
```",12,NA,"1 teaspoon",NA,NA,NA,NA,NA,NA,NA,NA,NA,NA,NA,NA,NA,NA,"```json
{""Remnants"": 0 grams}
```",12,NA,NA,NA,NA,NA,NA,NA,NA,NA,NA,NA,NA,NA,NA,NA,NA,"```json
{""Remnants"": 0 grams}
```",12,NA,NA,NA,NA,NA,NA,NA,NA,NA,NA,NA,NA,NA,NA,NA,NA,"```json
{""Remnants"": 0 grams}
```",12,NA,NA,NA,NA,NA,NA,NA,NA,NA,NA,NA,NA,NA,NA,NA,NA,"```json
{""Remnants"": 0 grams}
```",12,NA,NA,NA,NA,NA,NA,NA,NA,NA,NA,NA,NA,NA,NA,NA,NA,"```json
{""Remnants"": 0 grams}
```",12,NA,NA,NA,NA,NA,NA,NA,NA,NA,NA,NA,NA,NA,NA,NA,NA,"```json
{""Remnants"": 0 grams}
```",12,NA,NA,NA,NA,NA,NA,NA,NA,NA,NA,NA,NA,NA,NA,NA,NA,"```json
{""Remnants"": 0 grams}
```",12,NA,NA,NA,NA,NA,NA,NA,NA,NA,NA,NA,NA,NA,NA,NA,NA,"```json
{""Remnants"": 0 grams}
```",12,NA,NA,NA,NA,NA,NA,NA,NA,NA,NA,NA,NA,NA,NA,NA,NA,"```json
{""Remnants"": 0 grams}
```",12,NA,NA,NA,NA,NA,NA,NA,NA,NA,NA,NA,NA,NA,NA,NA,NA,"```json
{""Remnants"": 0 grams}
```",12,NA,NA,NA,NA,NA,NA,NA,NA,NA,NA,NA,NA,NA,NA,NA,NA,NA,NA,NA,NA,NA,NA,NA,NA,2,NA,NA,NA,NA,NA,NA,NA,NA,NA,NA,NA,NA,NA,NA,NA,NA,NA,NA,NA,NA,NA,NA,NA,2,NA,NA,NA,NA,NA,NA,NA,0,0,0,2,-2,2,0,0,0,0,0,0,2,-2,2,0,0,0,0,0,0,0,0,0,0,0,0,0,0,0,0,0,0,0,0,0,0,0,0,0,0,0,0,0,0,0,0,0,0,0,0,0,0,0,0,0,0,0,0,0,0,0,0,0,0,0,0,0,0,0,0,0,0,0,0
"Breaded white cheese with rosemary","Erica","Wednesday","Kaas",3,"2","26.7",734,967,233,"Gepaneerde witte kaas met rozemarijn","https://www.hellofresh.nl/recipes/gepaneerde-witte-kaas-met-krieltjes-658d7d8df9d1ffb514ddb5cc","Erica_Kaas_3_2.jpg",2,"cheese","bread(crumbs)","potatoes or fries","garlic","tomatoes","onion","onion","lettuce","zucchini","water or broth","sauce","fats or oils","flour","vinaigrette","fats or oils","200g White Cheese; 25g Breadcrumbs; 400g potatoes; 1  Garlic cloves; 1  Tomato; 80g Onion Chutney; 1  Onion; 60g Arugula; 1  Zucchini; 60ml Water; 1 tablespoon honey; 3 tablespoon olive oil; 50 grams of flour; 1 tablespoon vinegar; 1 tablespoon butter"," White Cheese; Breadcrumbs;  potatoes;  Garlic ;  Tomato; Onion Chutney;  Onion; Arugula;  Zucchini; Water;  honey;  olive oil;    flour;  vinegar;  butter",233,233,"```json
{
    ""potatoes"": ""8 pieces"",
    ""tomato"": ""3 pieces"",
    ""cucumber"": ""3 pieces"",
    ""arugula"": ""1 handful"",
    ""feta cheese"": ""2 tablespoons"",
    ""onion"": ""1 tablespoon""
}
```",17,"potatoes or fries","8 pieces","tomatoes","3 pieces","cucumbers","3 pieces","lettuce","1 handful","cheese","2 tablespoons","onion","1 tablespoon",NA,NA,NA,NA,"```json
{
    ""potatoes"": ""8 pieces"",
    ""tomato"": ""3 pieces"",
    ""cucumber"": ""3 pieces"",
    ""arugula"": ""1 handful"",
    ""feta cheese"": ""2 tablespoons"",
    ""beans"": ""1 tablespoon""
}
```",17,"potatoes or fries","8 pieces","tomatoes","3 pieces","cucumbers","3 pieces","lettuce","1 handful","cheese","2 tablespoons","legumes","1 tablespoon",NA,NA,NA,NA,"```json
{
    ""potatoes"": ""8 pieces"",
    ""tomato"": ""3 pieces"",
    ""cucumber"": ""2 pieces"",
    ""arugula"": ""1 handful"",
    ""feta cheese"": ""2 tablespoons"",
    ""walnuts"": ""1 tablespoon"",
    ""white beans"": ""1 tablespoon""
}
```",17,"potatoes or fries","8 pieces","tomatoes","3 pieces","cucumbers","2 pieces","lettuce","1 handful","cheese","2 tablespoons","nuts or raisins","1 tablespoon","legumes","1 tablespoon",NA,NA,"```json
{
    ""potatoes"": ""8 pieces"",
    ""tomato"": ""3 pieces"",
    ""cucumber"": ""2 pieces"",
    ""arugula"": ""1 handful"",
    ""feta cheese"": ""2 tablespoons"",
    ""white beans"": ""1 tablespoon""
}
```",17,"potatoes or fries","8 pieces","tomatoes","3 pieces","cucumbers","2 pieces","lettuce","1 handful","cheese","2 tablespoons","legumes","1 tablespoon",NA,NA,NA,NA,"```json
{
    ""potatoes"": ""8 pieces"",
    ""tomato"": ""3 pieces"",
    ""cucumber"": ""2 pieces"",
    ""arugula"": ""1 handful"",
    ""feta cheese"": ""2 tablespoons"",
    ""white beans"": ""1 tablespoon""
}
```",17,"potatoes or fries","8 pieces","tomatoes","3 pieces","cucumbers","2 pieces","lettuce","1 handful","cheese","2 tablespoons","legumes","1 tablespoon",NA,NA,NA,NA,"```json
{
    ""Potatoes"": 80,
    ""Tomatoes"": 30,
    ""Cucumber"": 20,
    ""Arugula"": 10,
    ""Cheese"": 15,
    ""Beans"": 10
}
```",17,"potatoes or fries",80,"tomatoes",30,"cucumbers",20,"lettuce",10,"cheese",15,"legumes",10,NA,NA,NA,NA,"```json
{
    ""Potatoes"": 80,
    ""Tomatoes"": 30,
    ""Cucumber"": 20,
    ""Arugula"": 10,
    ""Feta Cheese"": 15,
    ""Beans"": 10
}
```",17,"potatoes or fries",80,"tomatoes",30,"cucumbers",20,"lettuce",10,"cheese",15,"legumes",10,NA,NA,NA,NA,"```json
{
    ""Potatoes"": 80,
    ""Tomato"": 30,
    ""Cucumber"": 20,
    ""Arugula"": 10,
    ""Feta Cheese"": 15,
    ""White Beans"": 10
}
```",17,"potatoes or fries",80,"tomatoes",30,"cucumbers",20,"lettuce",10,"cheese",15,"legumes",10,NA,NA,NA,NA,"```json
{
    ""Potatoes"": 80,
    ""Tomato"": 30,
    ""Cucumber"": 20,
    ""Arugula"": 10,
    ""Feta Cheese"": 15,
    ""White Beans"": 10
}
```",17,"potatoes or fries",80,"tomatoes",30,"cucumbers",20,"lettuce",10,"cheese",15,"legumes",10,NA,NA,NA,NA,"```json
{
    ""Potatoes"": 80,
    ""Tomato"": 30,
    ""Cucumber"": 20,
    ""Arugula"": 10,
    ""Feta Cheese"": 15,
    ""White Beans"": 10
}
```",17,"potatoes or fries",80,"tomatoes",30,"cucumbers",20,"lettuce",10,"cheese",15,"legumes",10,NA,NA,NA,NA,"```json
{
    ""Potatoes"": 50,
    ""Tomatoes"": 20,
    ""Cucumber"": 10,
    ""Arugula"": 5,
    ""Cheese"": 10,
    ""Beans"": 5
}
```",17,"potatoes or fries",50,"tomatoes",20,"cucumbers",10,"lettuce",5,"cheese",10,"legumes",5,NA,NA,NA,NA,"```json
{
    ""Potatoes"": 50,
    ""Tomatoes"": 20,
    ""Cucumber"": 10,
    ""Arugula"": 5,
    ""Cheese"": 10,
    ""Beans"": 5
}
```",17,"potatoes or fries",50,"tomatoes",20,"cucumbers",10,"lettuce",5,"cheese",10,"legumes",5,NA,NA,NA,NA,"```json
{
    ""Potatoes"": 50,
    ""Tomatoes"": 20,
    ""Cucumber"": 10,
    ""Arugula"": 5,
    ""Cheese"": 10,
    ""Remnants"": 5
}
```",17,"potatoes or fries",50,"tomatoes",20,"cucumbers",10,"lettuce",5,"cheese",10,NA,5,NA,NA,NA,NA,"```json
{
    ""Potatoes"": 50,
    ""Tomato"": 20,
    ""Cucumber"": 10,
    ""Arugula"": 5,
    ""Cheese"": 10,
    ""Beans"": 5
}
```",17,"potatoes or fries",50,"tomatoes",20,"cucumbers",10,"lettuce",5,"cheese",10,"legumes",5,NA,NA,NA,NA,"```json
{
    ""Potatoes"": 50,
    ""Tomatoes"": 30,
    ""Cucumber"": 20,
    ""Arugula"": 10,
    ""Cheese"": 15,
    ""Beans"": 10
}
```",17,"potatoes or fries",50,"tomatoes",30,"cucumbers",20,"lettuce",10,"cheese",15,"legumes",10,NA,NA,NA,NA,120,30,30,20,30,10,NA,NA,120,30,30,20,30,15,NA,NA,120,30,20,20,30,10,15,NA,120,30,20,20,30,15,NA,NA,120,30,20,20,30,15,NA,NA,240,-7,7,245,-12,12,245,-12,12,235,-2,2,235,-2,2,165,68,68,165,68,68,165,68,68,165,68,68,165,68,68,100,133,133,100,133,133,100,133,133,100,133,133,135,98,98,5,1,4,2,4,3,4,2,4,2,4,2,4,2,4,2,4,2,4,2,4,2,4,2,4,1,4,2,4,2
"Breaded white cheese with rosemary","Erica","Wednesday","Kaas",3,"3","26.7",734,738,4,"Gepaneerde witte kaas met rozemarijn","https://www.hellofresh.nl/recipes/gepaneerde-witte-kaas-met-krieltjes-658d7d8df9d1ffb514ddb5cc","Erica_Kaas_3_3.jpg",2,"cheese","bread(crumbs)","potatoes or fries","garlic","tomatoes","onion","onion","lettuce","zucchini","water or broth","sauce","fats or oils","flour","vinaigrette","fats or oils","200g White Cheese; 25g Breadcrumbs; 400g potatoes; 1  Garlic cloves; 1  Tomato; 80g Onion Chutney; 1  Onion; 60g Arugula; 1  Zucchini; 60ml Water; 1 tablespoon honey; 3 tablespoon olive oil; 50 grams of flour; 1 tablespoon vinegar; 1 tablespoon butter"," White Cheese; Breadcrumbs;  potatoes;  Garlic ;  Tomato; Onion Chutney;  Onion; Arugula;  Zucchini; Water;  honey;  olive oil;    flour;  vinegar;  butter",4,4,"```json
{
  ""Remnants"": ""2 teaspoons""
}
```",18,NA,"2 teaspoons",NA,NA,NA,NA,NA,NA,NA,NA,NA,NA,NA,NA,NA,NA,"```json
{
  ""Remnants"": ""2 teaspoons""
}
```",18,NA,"2 teaspoons",NA,NA,NA,NA,NA,NA,NA,NA,NA,NA,NA,NA,NA,NA,"```json
{
  ""Remnants"": ""2 teaspoons""
}
```",18,NA,"2 teaspoons",NA,NA,NA,NA,NA,NA,NA,NA,NA,NA,NA,NA,NA,NA,"```json
{
  ""Remnants"": ""2 teaspoons""
}
```",18,NA,"2 teaspoons",NA,NA,NA,NA,NA,NA,NA,NA,NA,NA,NA,NA,NA,NA,"```json
{
  ""Remnants"": ""2 teaspoons""
}
```",18,NA,"2 teaspoons",NA,NA,NA,NA,NA,NA,NA,NA,NA,NA,NA,NA,NA,NA,"```json
{
  ""Remnants"": 0
}
```",18,NA,0,NA,NA,NA,NA,NA,NA,NA,NA,NA,NA,NA,NA,NA,NA,"```json
{
  ""Remnants"": 0
}
```",18,NA,0,NA,NA,NA,NA,NA,NA,NA,NA,NA,NA,NA,NA,NA,NA,"```json
{
  ""Remnants"": 0 grams
}
```",18,NA,0,NA,NA,NA,NA,NA,NA,NA,NA,NA,NA,NA,NA,NA,NA,"```json
{
  ""Remnants"": 0 grams
}
```",18,NA,0,NA,NA,NA,NA,NA,NA,NA,NA,NA,NA,NA,NA,NA,NA,"```json
{""Remnants"": 0 grams}
```",18,NA,NA,NA,NA,NA,NA,NA,NA,NA,NA,NA,NA,NA,NA,NA,NA,"```json
{""Remnants"": 0 grams}
```",18,NA,NA,NA,NA,NA,NA,NA,NA,NA,NA,NA,NA,NA,NA,NA,NA,"```json
{""Remnants"": 0 grams}
```",18,NA,NA,NA,NA,NA,NA,NA,NA,NA,NA,NA,NA,NA,NA,NA,NA,"```json
{""Remnants"": 0 grams}
```",18,NA,NA,NA,NA,NA,NA,NA,NA,NA,NA,NA,NA,NA,NA,NA,NA,"```json
{""Remnants"": 0 grams}
```",18,NA,NA,NA,NA,NA,NA,NA,NA,NA,NA,NA,NA,NA,NA,NA,NA,"```json
{""Remnants"": 0 grams}
```",18,NA,NA,NA,NA,NA,NA,NA,NA,NA,NA,NA,NA,NA,NA,NA,NA,4,NA,NA,NA,NA,NA,NA,NA,4,NA,NA,NA,NA,NA,NA,NA,4,NA,NA,NA,NA,NA,NA,NA,4,NA,NA,NA,NA,NA,NA,NA,4,NA,NA,NA,NA,NA,NA,NA,4,0,0,4,0,0,4,0,0,4,0,0,4,0,0,0,4,4,0,4,4,0,4,4,0,4,4,0,4,4,0,4,4,0,4,4,0,4,4,0,4,4,0,4,4,0,0,0,0,0,0,0,0,0,0,0,0,0,0,0,0,0,0,0,0,0,0,0,0,0,0,0,0,0,0
"chicken with apricot curry sauce served with baked potatoes and fluffy rice","Nina","45582","ChickenCranberryCurrySauce",1,"50-30%","26.6",575,669,94,"chicken with apricot curry sauce served with baked potatoes and fluffy rice","https://www.hellofresh.de/recipes/hahnchen-mit-aprikosen-curry-sosse-65d86c68700746d2fe51fc64","Nina_Day1_Chicken1_50.jpg",4,"poultry","garlic","rice","onion","root vegetables","herbs","dried fruits","sauce","water or broth","fats or oils","fats or oils","spices",NA,NA,NA,"500g Chicken Breast; 12 Garlic cloves; 300g Rice; 2  Shallot; 8  Carrot; 10g Parsley; 40g Apricots; 100g Apricot Chutney; 900ml Water; 6 tablespoon  oil; 4 tablespoon butter; 8g spices mix"," Chicken Breast;  Garlic ;  Rice;  Shallot;  Carrot; Parsley; Apricots;  Apricot Chutney; Water;   oil;  butter;  spices mix",94,94,"```json
{
    ""Rice"": ""0.5 cups"",
    ""Carrots"": ""4 pieces"",
    ""Chicken"": ""1 piece"",
    ""Herbs"": ""1 teaspoon"",
    ""Sauce"": ""1 tablespoon""
}
```",72,"rice","0.5 cups","root vegetables","4 pieces","poultry","1 piece","herbs","1 teaspoon","sauce","1 tablespoon",NA,NA,NA,NA,NA,NA,"```json
{
    ""Rice"": ""0.5 cups"",
    ""Carrots"": ""4 pieces"",
    ""Chicken"": ""1 piece"",
    ""Herbs"": ""1 teaspoon"",
    ""Sauce"": ""1 tablespoon""
}
```",72,"rice","0.5 cups","root vegetables","4 pieces","poultry","1 piece","herbs","1 teaspoon","sauce","1 tablespoon",NA,NA,NA,NA,NA,NA,"```json
{
    ""Rice"": ""0.5 cups"",
    ""Carrots"": ""4 pieces"",
    ""Chicken"": ""1 piece"",
    ""Herbs"": ""1 teaspoon"",
    ""Sauce"": ""1 tablespoon""
}
```",72,"rice","0.5 cups","root vegetables","4 pieces","poultry","1 piece","herbs","1 teaspoon","sauce","1 tablespoon",NA,NA,NA,NA,NA,NA,"```json
{
    ""Rice"": ""0.5 cups"",
    ""Carrots"": ""4 pieces"",
    ""Chicken"": ""1 piece"",
    ""Herbs"": ""1 teaspoon"",
    ""Sauce"": ""1 tablespoon""
}
```",72,"rice","0.5 cups","root vegetables","4 pieces","poultry","1 piece","herbs","1 teaspoon","sauce","1 tablespoon",NA,NA,NA,NA,NA,NA,"```json
{
    ""Rice"": ""0.5 cups"",
    ""Carrots"": ""4 pieces"",
    ""Chicken"": ""1 piece"",
    ""Herbs"": ""1 teaspoon"",
    ""Sauce"": ""1 tablespoon""
}
```",72,"rice","0.5 cups","root vegetables","4 pieces","poultry","1 piece","herbs","1 teaspoon","sauce","1 tablespoon",NA,NA,NA,NA,NA,NA,"```json
{
    ""Rice"": 30,
    ""Carrots"": 20,
    ""Chicken"": 15,
    ""Sauce"": 5
}
```",72,"rice",30,"root vegetables",20,"poultry",15,"sauce",5,NA,NA,NA,NA,NA,NA,NA,NA,"```json
{
    ""Rice"": 30,
    ""Carrots"": 20,
    ""Chicken"": 15,
    ""Sauce"": 5
}
```",72,"rice",30,"root vegetables",20,"poultry",15,"sauce",5,NA,NA,NA,NA,NA,NA,NA,NA,"```json
{
  ""Rice"": 30,
  ""Chicken"": 20,
  ""Carrots"": 15,
  ""Herbs"": 5,
  ""Sauce"": 5
}
```",72,"rice",30,"poultry",20,"root vegetables",15,"herbs",5,"sauce",5,NA,NA,NA,NA,NA,NA,"```json
{
  ""Rice"": 30,
  ""Chicken"": 20,
  ""Carrots"": 15,
  ""Herbs"": 5,
  ""Sauce"": 5
}
```",72,"rice",30,"poultry",20,"root vegetables",15,"herbs",5,"sauce",5,NA,NA,NA,NA,NA,NA,"```json
{
    ""Rice"": 30,
    ""Carrots"": 20,
    ""Chicken"": 15,
    ""Herbs"": 5,
    ""Sauce"": 5
}
```",72,"rice",30,"root vegetables",20,"poultry",15,"herbs",5,"sauce",5,NA,NA,NA,NA,NA,NA,"```json
{
    ""Rice"": 30,
    ""Carrots"": 20,
    ""Chicken"": 15,
    ""Sauce"": 5
}
```",72,"rice",30,"root vegetables",20,"poultry",15,"sauce",5,NA,NA,NA,NA,NA,NA,NA,NA,"```json
{
  ""rice"": 30,
  ""chicken"": 20,
  ""carrots"": 15,
  ""sauce"": 5
}
```",72,"rice",30,"poultry",20,"root vegetables",15,"sauce",5,NA,NA,NA,NA,NA,NA,NA,NA,"```json
{
    ""Rice"": 30,
    ""Chicken"": 20,
    ""Carrots"": 15,
    ""Sauce"": 5
}
```",72,"rice",30,"poultry",20,"root vegetables",15,"sauce",5,NA,NA,NA,NA,NA,NA,NA,NA,"```json
{
    ""Rice"": 30,
    ""Chicken"": 20,
    ""Carrots"": 15,
    ""Sauce"": 5
}
```",72,"rice",30,"poultry",20,"root vegetables",15,"sauce",5,NA,NA,NA,NA,NA,NA,NA,NA,"```json
{
    ""Rice"": 30,
    ""Chicken"": 20,
    ""Carrots"": 15,
    ""Sauce"": 5
}
```",72,"rice",30,"poultry",20,"root vegetables",15,"sauce",5,NA,NA,NA,NA,NA,NA,NA,NA,90,40,30,1,15,NA,NA,NA,90,40,30,1,15,NA,NA,NA,90,40,30,1,15,NA,NA,NA,90,40,30,1,15,NA,NA,NA,90,40,30,1,15,NA,NA,NA,176,-82,82,176,-82,82,176,-82,82,176,-82,82,176,-82,82,70,24,24,70,24,24,75,19,19,75,19,19,75,19,19,70,24,24,70,24,24,70,24,24,70,24,24,70,24,24,5,0,5,0,5,0,5,0,5,0,4,0,4,0,5,0,5,0,5,0,4,0,4,0,4,0,4,0,4,0
"chicken with apricot curry sauce served with baked potatoes and fluffy rice","Nina","45582","ChickenCranberryCurrySauce",1,"30-10%","26.6",575,610,35,"chicken with apricot curry sauce served with baked potatoes and fluffy rice","https://www.hellofresh.de/recipes/hahnchen-mit-aprikosen-curry-sosse-65d86c68700746d2fe51fc65","Nina_Day1_Chicken1_30.jpg",4,"poultry","garlic","rice","onion","root vegetables","herbs","dried fruits","sauce","water or broth","fats or oils","fats or oils","spices",NA,NA,NA,"500g Chicken Breast; 12 Garlic cloves; 300g Rice; 2  Shallot; 8  Carrot; 10g Parsley; 40g Apricots; 100g Apricot Chutney; 900ml Water; 6 tablespoon  oil; 4 tablespoon butter; 8g spices mix"," Chicken Breast;  Garlic ;  Rice;  Shallot;  Carrot; Parsley; Apricots;  Apricot Chutney; Water;   oil;  butter;  spices mix",35,35,"```json
{
    ""rice"": ""1/4 cup"",
    ""chicken"": ""1 piece"",
    ""carrot"": ""2 pieces"",
    ""parsley"": ""1 teaspoon""
}
```",71,"rice","1/4 cup","poultry","1 piece","root vegetables","2 pieces","herbs","1 teaspoon",NA,NA,NA,NA,NA,NA,NA,NA,"```json
{
    ""rice"": ""1/4 cup"",
    ""chicken"": ""1 piece"",
    ""carrot"": ""2 pieces"",
    ""parsley"": ""1 teaspoon""
}
```",71,"rice","1/4 cup","poultry","1 piece","root vegetables","2 pieces","herbs","1 teaspoon",NA,NA,NA,NA,NA,NA,NA,NA,"```json
{
    ""rice"": ""1/4 cup"",
    ""chicken"": ""1 piece"",
    ""carrot"": ""2 pieces"",
    ""parsley"": ""1 teaspoon""
}
```",71,"rice","1/4 cup","poultry","1 piece","root vegetables","2 pieces","herbs","1 teaspoon",NA,NA,NA,NA,NA,NA,NA,NA,"```json
{
    ""rice"": ""1/4 cup"",
    ""chicken"": ""1 piece"",
    ""carrot"": ""2 pieces"",
    ""parsley"": ""1 teaspoon""
}
```",71,"rice","1/4 cup","poultry","1 piece","root vegetables","2 pieces","herbs","1 teaspoon",NA,NA,NA,NA,NA,NA,NA,NA,"```json
{
    ""rice"": ""1/4 cup"",
    ""chicken"": ""1 piece"",
    ""carrot"": ""2 pieces"",
    ""parsley"": ""1 teaspoon"",
    ""sauce"": ""1 teaspoon""
}
```",71,"rice","1/4 cup","poultry","1 piece","root vegetables","2 pieces","herbs","1 teaspoon","sauce","1 teaspoon",NA,NA,NA,NA,NA,NA,"```json
{
    ""Rice"": 20,
    ""Chicken"": 15,
    ""Carrot"": 10,
    ""Herbs"": 2,
    ""Sauce"": 3
}
```",71,"rice",20,"poultry",15,"root vegetables",10,"herbs",2,"sauce",3,NA,NA,NA,NA,NA,NA,"```json
{
    ""Rice"": 20,
    ""Chicken"": 15,
    ""Carrot"": 10,
    ""Herbs"": 2
}
```",71,"rice",20,"poultry",15,"root vegetables",10,"herbs",2,NA,NA,NA,NA,NA,NA,NA,NA,"```json
{
    ""Rice"": 20,
    ""Chicken"": 15,
    ""Carrot"": 10,
    ""Herbs"": 2
}
```",71,"rice",20,"poultry",15,"root vegetables",10,"herbs",2,NA,NA,NA,NA,NA,NA,NA,NA,"```json
{
    ""Rice"": 20,
    ""Chicken"": 15,
    ""Carrot"": 10,
    ""Herbs"": 2
}
```",71,"rice",20,"poultry",15,"root vegetables",10,"herbs",2,NA,NA,NA,NA,NA,NA,NA,NA,"```json
{
    ""Rice"": 20,
    ""Chicken"": 15,
    ""Carrot"": 10,
    ""Herbs"": 2,
    ""Sauce"": 3
}
```",71,"rice",20,"poultry",15,"root vegetables",10,"herbs",2,"sauce",3,NA,NA,NA,NA,NA,NA,"```json
{
    ""Rice"": 20,
    ""Chicken"": 15,
    ""Carrot"": 10,
    ""Herbs"": 2,
    ""Sauce"": 3
}
```",71,"rice",20,"poultry",15,"root vegetables",10,"herbs",2,"sauce",3,NA,NA,NA,NA,NA,NA,"```json
{
    ""Rice"": 15,
    ""Chicken"": 10,
    ""Carrot"": 5,
    ""Herbs"": 1,
    ""Sauce"": 2
}
```",71,"rice",15,"poultry",10,"root vegetables",5,"herbs",1,"sauce",2,NA,NA,NA,NA,NA,NA,"```json
{
    ""Rice"": 15,
    ""Chicken"": 10,
    ""Carrot"": 5,
    ""Herbs"": 1
}
```",71,"rice",15,"poultry",10,"root vegetables",5,"herbs",1,NA,NA,NA,NA,NA,NA,NA,NA,"```json
{
    ""Rice"": 20,
    ""Chicken"": 15,
    ""Carrot"": 5,
    ""Herbs"": 1
}
```",71,"rice",20,"poultry",15,"root vegetables",5,"herbs",1,NA,NA,NA,NA,NA,NA,NA,NA,"```json
{
    ""Rice"": 15,
    ""Chicken"": 10,
    ""Carrot"": 5,
    ""Herbs"": 1
}
```",71,"rice",15,"poultry",10,"root vegetables",5,"herbs",1,NA,NA,NA,NA,NA,NA,NA,NA,45,30,20,3,NA,NA,NA,NA,45,30,20,3,NA,NA,NA,NA,45,30,20,3,NA,NA,NA,NA,45,30,20,3,NA,NA,NA,NA,45,30,20,3,5,NA,NA,NA,98,-63,63,98,-63,63,98,-63,63,98,-63,63,103,-68,68,50,-15,15,47,-12,12,47,-12,12,47,-12,12,50,-15,15,50,-15,15,33,2,2,31,4,4,41,-6,6,31,4,4,4,0,4,0,4,0,4,0,5,0,5,0,4,0,4,0,4,0,5,0,5,0,5,0,4,0,4,0,4,0
"chicken with apricot curry sauce served with baked potatoes and fluffy rice","Nina","45582","ChickenCranberryCurrySauce",1,"finished","26.6",575,575,0,"chicken with apricot curry sauce served with baked potatoes and fluffy rice","https://www.hellofresh.de/recipes/hahnchen-mit-aprikosen-curry-sosse-65d86c68700746d2fe51fc66","Nina_Day1_Chicken1_0.jpg",4,"poultry","garlic","rice","onion","root vegetables","herbs","dried fruits","sauce","water or broth","fats or oils","fats or oils","spices",NA,NA,NA,"500g Chicken Breast; 12 Garlic cloves; 300g Rice; 2  Shallot; 8  Carrot; 10g Parsley; 40g Apricots; 100g Apricot Chutney; 900ml Water; 6 tablespoon  oil; 4 tablespoon butter; 8g spices mix"," Chicken Breast;  Garlic ;  Rice;  Shallot;  Carrot; Parsley; Apricots;  Apricot Chutney; Water;   oil;  butter;  spices mix",0,0,"```json
{""Remnants"": ""1 teaspoon""}
```",70,NA,NA,NA,NA,NA,NA,NA,NA,NA,NA,NA,NA,NA,NA,NA,NA,"```json
{
  ""Remnants"": ""1 teaspoon""
}
```",70,NA,"1 teaspoon",NA,NA,NA,NA,NA,NA,NA,NA,NA,NA,NA,NA,NA,NA,"```json
{
  ""Remnants"": ""1 teaspoon""
}
```",70,NA,"1 teaspoon",NA,NA,NA,NA,NA,NA,NA,NA,NA,NA,NA,NA,NA,NA,"```json
{
  ""Remnants"": ""1 teaspoon""
}
```",70,NA,"1 teaspoon",NA,NA,NA,NA,NA,NA,NA,NA,NA,NA,NA,NA,NA,NA,"```json
{
  ""Remnants"": ""1 teaspoon""
}
```",70,NA,"1 teaspoon",NA,NA,NA,NA,NA,NA,NA,NA,NA,NA,NA,NA,NA,NA,"```json
{""Remnants"": 0 grams}
```",70,NA,NA,NA,NA,NA,NA,NA,NA,NA,NA,NA,NA,NA,NA,NA,NA,"```json
{""Remnants"": 0 grams}
```",70,NA,NA,NA,NA,NA,NA,NA,NA,NA,NA,NA,NA,NA,NA,NA,NA,"```json
{""Remnants"": 0 grams}
```",70,NA,NA,NA,NA,NA,NA,NA,NA,NA,NA,NA,NA,NA,NA,NA,NA,"```json
{""Remnants"": 0 grams}
```",70,NA,NA,NA,NA,NA,NA,NA,NA,NA,NA,NA,NA,NA,NA,NA,NA,"```json
{""Remnants"": 0 grams}
```",70,NA,NA,NA,NA,NA,NA,NA,NA,NA,NA,NA,NA,NA,NA,NA,NA,"```json
{""Remnants"": 0 grams}
```",70,NA,NA,NA,NA,NA,NA,NA,NA,NA,NA,NA,NA,NA,NA,NA,NA,"```json
{""Remnants"": 0 grams}
```",70,NA,NA,NA,NA,NA,NA,NA,NA,NA,NA,NA,NA,NA,NA,NA,NA,"```json
{""Remnants"": 0 grams}
```",70,NA,NA,NA,NA,NA,NA,NA,NA,NA,NA,NA,NA,NA,NA,NA,NA,"```json
{""Remnants"": 0 grams}
```",70,NA,NA,NA,NA,NA,NA,NA,NA,NA,NA,NA,NA,NA,NA,NA,NA,"```json
{""Remnants"": 0 grams}
```",70,NA,NA,NA,NA,NA,NA,NA,NA,NA,NA,NA,NA,NA,NA,NA,NA,NA,NA,NA,NA,NA,NA,NA,NA,2,NA,NA,NA,NA,NA,NA,NA,2,NA,NA,NA,NA,NA,NA,NA,2,NA,NA,NA,NA,NA,NA,NA,2,NA,NA,NA,NA,NA,NA,NA,0,0,0,2,-2,2,2,-2,2,2,-2,2,2,-2,2,0,0,0,0,0,0,0,0,0,0,0,0,0,0,0,0,0,0,0,0,0,0,0,0,0,0,0,0,0,0,0,0,0,0,0,0,0,0,0,0,0,0,0,0,0,0,0,0,0,0,0,0,0,0,0,0,0,0,0,0
"chicken with apricot curry sauce served with baked potatoes and fluffy rice","Nina","45582","ChickenCranberryCurrySauce",2,"50-30%","26.6",661,799,138,"chicken with apricot curry sauce served with baked potatoes and fluffy rice","https://www.hellofresh.de/recipes/hahnchen-mit-aprikosen-curry-sosse-65d86c68700746d2fe51fc67","Nina_Day1_Chicken2_50.jpg",4,"poultry","garlic","rice","onion","root vegetables","herbs","dried fruits","sauce","water or broth","fats or oils","fats or oils","spices",NA,NA,NA,"500g Chicken Breast; 12 Garlic cloves; 300g Rice; 2  Shallot; 8  Carrot; 10g Parsley; 40g Apricots; 100g Apricot Chutney; 900ml Water; 6 tablespoon  oil; 4 tablespoon butter; 8g spices mix"," Chicken Breast;  Garlic ;  Rice;  Shallot;  Carrot; Parsley; Apricots;  Apricot Chutney; Water;   oil;  butter;  spices mix",138,138,"```json
{
    ""Rice"": ""0.5 cups"",
    ""Carrots"": ""4 pieces"",
    ""Chicken"": ""2 pieces"",
    ""Parsley"": ""2 tablespoons"",
    ""Sauce"": ""2 tablespoons""
}
```",75,"rice","0.5 cups","root vegetables","4 pieces","poultry","2 pieces","herbs","2 tablespoons","sauce","2 tablespoons",NA,NA,NA,NA,NA,NA,"```json
{
    ""rice"": ""0.5 cups"",
    ""carrots"": ""4 pieces"",
    ""chicken"": ""2 pieces"",
    ""parsley"": ""2 tablespoons"",
    ""sauce"": ""2 tablespoons""
}
```",75,"rice","0.5 cups","root vegetables","4 pieces","poultry","2 pieces","herbs","2 tablespoons","sauce","2 tablespoons",NA,NA,NA,NA,NA,NA,"```json
{
    ""Rice"": ""0.5 cups"",
    ""Carrots"": ""3 pieces"",
    ""Chicken"": ""2 pieces"",
    ""Parsley"": ""1 tablespoon"",
    ""Sauce"": ""2 tablespoons""
}
```",75,"rice","0.5 cups","root vegetables","3 pieces","poultry","2 pieces","herbs","1 tablespoon","sauce","2 tablespoons",NA,NA,NA,NA,NA,NA,"```json
{
    ""rice"": ""0.5 cups"",
    ""carrots"": ""4 pieces"",
    ""chicken"": ""2 pieces"",
    ""parsley"": ""2 tablespoons"",
    ""sauce"": ""2 tablespoons""
}
```",75,"rice","0.5 cups","root vegetables","4 pieces","poultry","2 pieces","herbs","2 tablespoons","sauce","2 tablespoons",NA,NA,NA,NA,NA,NA,"```json
{
    ""rice"": ""0.5 cups"",
    ""carrots"": ""3 pieces"",
    ""chicken"": ""2 pieces"",
    ""parsley"": ""2 tablespoons"",
    ""sauce"": ""2 tablespoons""
}
```",75,"rice","0.5 cups","root vegetables","3 pieces","poultry","2 pieces","herbs","2 tablespoons","sauce","2 tablespoons",NA,NA,NA,NA,NA,NA,"```json
{
    ""Rice"": 40,
    ""Carrots"": 30,
    ""Chicken"": 20,
    ""Parsley"": 5,
    ""Sauce"": 10
}
```",75,"rice",40,"root vegetables",30,"poultry",20,"herbs",5,"sauce",10,NA,NA,NA,NA,NA,NA,"```json
{
  ""Rice"": 40,
  ""Carrots"": 30,
  ""Chicken"": 20,
  ""Parsley"": 5,
  ""Sauce"": 10
}
```",75,"rice",40,"root vegetables",30,"poultry",20,"herbs",5,"sauce",10,NA,NA,NA,NA,NA,NA,"```json
{
  ""Rice"": 40,
  ""Carrots"": 30,
  ""Chicken"": 20,
  ""Parsley"": 5,
  ""Sauce"": 10
}
```",75,"rice",40,"root vegetables",30,"poultry",20,"herbs",5,"sauce",10,NA,NA,NA,NA,NA,NA,"```json
{
  ""Rice"": 40,
  ""Carrots"": 30,
  ""Chicken"": 20,
  ""Parsley"": 5,
  ""Sauce"": 10
}
```",75,"rice",40,"root vegetables",30,"poultry",20,"herbs",5,"sauce",10,NA,NA,NA,NA,NA,NA,"```json
{
  ""Rice"": 40,
  ""Carrots"": 30,
  ""Chicken"": 20,
  ""Parsley"": 5,
  ""Sauce"": 10
}
```",75,"rice",40,"root vegetables",30,"poultry",20,"herbs",5,"sauce",10,NA,NA,NA,NA,NA,NA,"```json
{
  ""Rice"": 40,
  ""Carrots"": 30,
  ""Chicken"": 20,
  ""Parsley"": 5,
  ""Sauce"": 10
}
```",75,"rice",40,"root vegetables",30,"poultry",20,"herbs",5,"sauce",10,NA,NA,NA,NA,NA,NA,"```json
{
  ""Rice"": 40,
  ""Carrots"": 30,
  ""Chicken"": 20,
  ""Parsley"": 5,
  ""Sauce"": 10
}
```",75,"rice",40,"root vegetables",30,"poultry",20,"herbs",5,"sauce",10,NA,NA,NA,NA,NA,NA,"```json
{
    ""Rice"": 40,
    ""Carrots"": 30,
    ""Chicken"": 20,
    ""Parsley"": 5,
    ""Sauce"": 10
}
```",75,"rice",40,"root vegetables",30,"poultry",20,"herbs",5,"sauce",10,NA,NA,NA,NA,NA,NA,"```json
{
  ""Rice"": 40,
  ""Carrots"": 30,
  ""Chicken"": 20,
  ""Parsley"": 5,
  ""Sauce"": 10
}
```",75,"rice",40,"root vegetables",30,"poultry",20,"herbs",5,"sauce",10,NA,NA,NA,NA,NA,NA,"```json
{
    ""Rice"": 40,
    ""Carrots"": 30,
    ""Chicken"": 20,
    ""Parsley"": 5,
    ""Sauce"": 10
}
```",75,"rice",40,"root vegetables",30,"poultry",20,"herbs",5,"sauce",10,NA,NA,NA,NA,NA,NA,90,40,60,18,30,NA,NA,NA,90,40,60,18,30,NA,NA,NA,90,30,60,9,30,NA,NA,NA,90,40,60,18,30,NA,NA,NA,90,30,60,18,30,NA,NA,NA,238,-100,100,238,-100,100,219,-81,81,238,-100,100,228,-90,90,105,33,33,105,33,33,105,33,33,105,33,33,105,33,33,105,33,33,105,33,33,105,33,33,105,33,33,105,33,33,5,0,5,0,5,0,5,0,5,0,5,0,5,0,5,0,5,0,5,0,5,0,5,0,5,0,5,0,5,0
"chicken with apricot curry sauce served with baked potatoes and fluffy rice","Nina","45582","ChickenCranberryCurrySauce",2,"30-10%","26.6",661,695,34,"chicken with apricot curry sauce served with baked potatoes and fluffy rice","https://www.hellofresh.de/recipes/hahnchen-mit-aprikosen-curry-sosse-65d86c68700746d2fe51fc68","Nina_Day1_Chicken2_30.jpg",4,"poultry","garlic","rice","onion","root vegetables","herbs","dried fruits","sauce","water or broth","fats or oils","fats or oils","spices",NA,NA,NA,"500g Chicken Breast; 12 Garlic cloves; 300g Rice; 2  Shallot; 8  Carrot; 10g Parsley; 40g Apricots; 100g Apricot Chutney; 900ml Water; 6 tablespoon  oil; 4 tablespoon butter; 8g spices mix"," Chicken Breast;  Garlic ;  Rice;  Shallot;  Carrot; Parsley; Apricots;  Apricot Chutney; Water;   oil;  butter;  spices mix",34,34,"```json
{
    ""Rice"": ""2 tablespoons"",
    ""Chicken"": ""1 piece"",
    ""Parsley"": ""1 teaspoon"",
    ""Sauce remnants"": ""1 teaspoon""
}
```",74,"rice","2 tablespoons","poultry","1 piece","herbs","1 teaspoon","sauce","1 teaspoon",NA,NA,NA,NA,NA,NA,NA,NA,"```json
{
  ""rice"": ""2 tablespoons"",
  ""chicken"": ""1 piece"",
  ""parsley"": ""1 teaspoon"",
  ""sauce remnants"": ""1 teaspoon""
}
```",74,"rice","2 tablespoons","poultry","1 piece","herbs","1 teaspoon","sauce","1 teaspoon",NA,NA,NA,NA,NA,NA,NA,NA,"```json
{
    ""Rice"": ""2 tablespoons"",
    ""Chicken"": ""1 piece"",
    ""Parsley"": ""1 teaspoon"",
    ""Sauce remnants"": ""1 teaspoon""
}
```",74,"rice","2 tablespoons","poultry","1 piece","herbs","1 teaspoon","sauce","1 teaspoon",NA,NA,NA,NA,NA,NA,NA,NA,"```json
{
    ""Rice"": ""2 tablespoons"",
    ""Chicken"": ""1 piece"",
    ""Parsley"": ""1 teaspoon"",
    ""Sauce remnants"": ""1 teaspoon""
}
```",74,"rice","2 tablespoons","poultry","1 piece","herbs","1 teaspoon","sauce","1 teaspoon",NA,NA,NA,NA,NA,NA,NA,NA,"```json
{
    ""Rice"": ""2 tablespoons"",
    ""Chicken"": ""1 piece"",
    ""Parsley"": ""1 teaspoon"",
    ""Sauce remnants"": ""1 teaspoon""
}
```",74,"rice","2 tablespoons","poultry","1 piece","herbs","1 teaspoon","sauce","1 teaspoon",NA,NA,NA,NA,NA,NA,NA,NA,"```json
{
  ""Rice"": 10,
  ""Chicken"": 15,
  ""Herbs"": 2,
  ""Sauce remnants"": 3
}
```",74,"rice",10,"poultry",15,"herbs",2,"sauce",3,NA,NA,NA,NA,NA,NA,NA,NA,"```json
{
  ""Rice"": 10,
  ""Chicken"": 15,
  ""Herbs"": 2,
  ""Sauce remnants"": 0
}
```",74,"rice",10,"poultry",15,"herbs",2,"sauce",0,NA,NA,NA,NA,NA,NA,NA,NA,"```json
{
    ""Rice"": 10,
    ""Chicken"": 15,
    ""Herbs"": 2,
    ""Sauce"": 3
}
```",74,"rice",10,"poultry",15,"herbs",2,"sauce",3,NA,NA,NA,NA,NA,NA,NA,NA,"```json
{
  ""Rice"": 10,
  ""Chicken"": 15,
  ""Herbs"": 2,
  ""Sauce"": 3
}
```",74,"rice",10,"poultry",15,"herbs",2,"sauce",3,NA,NA,NA,NA,NA,NA,NA,NA,"```json
{
  ""Rice"": 10,
  ""Chicken"": 15,
  ""Herbs"": 2,
  ""Sauce"": 3
}
```",74,"rice",10,"poultry",15,"herbs",2,"sauce",3,NA,NA,NA,NA,NA,NA,NA,NA,"```json
{
    ""Rice"": 10,
    ""Chicken"": 5,
    ""Parsley"": 1,
    ""Sauce remnants"": 0
}
```",74,"rice",10,"poultry",5,"herbs",1,"sauce",0,NA,NA,NA,NA,NA,NA,NA,NA,"```json
{
    ""Rice"": 10,
    ""Chicken"": 5,
    ""Herbs"": 1,
    ""Sauce remnants"": 0
}
```",74,"rice",10,"poultry",5,"herbs",1,"sauce",0,NA,NA,NA,NA,NA,NA,NA,NA,"```json
{
  ""Rice"": 10,
  ""Chicken"": 15,
  ""Parsley"": 1,
  ""Sauce remnants"": 0
}
```",74,"rice",10,"poultry",15,"herbs",1,"sauce",0,NA,NA,NA,NA,NA,NA,NA,NA,"```json
{
    ""Rice"": 10,
    ""Chicken"": 15,
    ""Parsley"": 1,
    ""Sauce"": 2
}
```",74,"rice",10,"poultry",15,"herbs",1,"sauce",2,NA,NA,NA,NA,NA,NA,NA,NA,"```json
{
    ""Rice"": 10,
    ""Chicken"": 5,
    ""Parsley"": 1,
    ""Sauce remnants"": 0
}
```",74,"rice",10,"poultry",5,"herbs",1,"sauce",0,NA,NA,NA,NA,NA,NA,NA,NA,24,30,3,5,NA,NA,NA,NA,24,30,3,5,NA,NA,NA,NA,24,30,3,5,NA,NA,NA,NA,24,30,3,5,NA,NA,NA,NA,24,30,3,5,NA,NA,NA,NA,62,-28,28,62,-28,28,62,-28,28,62,-28,28,62,-28,28,30,4,4,27,7,7,30,4,4,30,4,4,30,4,4,16,18,18,16,18,18,26,8,8,28,6,6,16,18,18,4,0,4,0,4,0,4,0,4,0,4,0,4,0,4,0,4,0,4,0,4,0,4,0,4,0,4,0,4,0
"chicken with apricot curry sauce served with baked potatoes and fluffy rice","Nina","45582","ChickenCranberryCurrySauce",2,"finished","26.6",661,661,0,"chicken with apricot curry sauce served with baked potatoes and fluffy rice","https://www.hellofresh.de/recipes/hahnchen-mit-aprikosen-curry-sosse-65d86c68700746d2fe51fc69","Nina_Day1_Chicken2_0.jpg",4,"poultry","garlic","rice","onion","root vegetables","herbs","dried fruits","sauce","water or broth","fats or oils","fats or oils","spices",NA,NA,NA,"500g Chicken Breast; 12 Garlic cloves; 300g Rice; 2  Shallot; 8  Carrot; 10g Parsley; 40g Apricots; 100g Apricot Chutney; 900ml Water; 6 tablespoon  oil; 4 tablespoon butter; 8g spices mix"," Chicken Breast;  Garlic ;  Rice;  Shallot;  Carrot; Parsley; Apricots;  Apricot Chutney; Water;   oil;  butter;  spices mix",0,0,"```json
{
  ""Remnants"": ""1 teaspoon""
}
```",73,NA,"1 teaspoon",NA,NA,NA,NA,NA,NA,NA,NA,NA,NA,NA,NA,NA,NA,"```json
{
  ""Remnants"": ""1 teaspoon""
}
```",73,NA,"1 teaspoon",NA,NA,NA,NA,NA,NA,NA,NA,NA,NA,NA,NA,NA,NA,"```json
{
  ""Remnants"": ""1 teaspoon""
}
```",73,NA,"1 teaspoon",NA,NA,NA,NA,NA,NA,NA,NA,NA,NA,NA,NA,NA,NA,"```json
{
  ""Remnants"": ""1 teaspoon""
}
```",73,NA,"1 teaspoon",NA,NA,NA,NA,NA,NA,NA,NA,NA,NA,NA,NA,NA,NA,"```json
{
  ""Remnants"": ""1 teaspoon""
}
```",73,NA,"1 teaspoon",NA,NA,NA,NA,NA,NA,NA,NA,NA,NA,NA,NA,NA,NA,"```json
{
  ""Remnants"": 0
}
```",73,NA,0,NA,NA,NA,NA,NA,NA,NA,NA,NA,NA,NA,NA,NA,NA,"```json
{
  ""Remnants"": 0
}
```",73,NA,0,NA,NA,NA,NA,NA,NA,NA,NA,NA,NA,NA,NA,NA,NA,"```json
{
  ""Remnants"": 0
}
```",73,NA,0,NA,NA,NA,NA,NA,NA,NA,NA,NA,NA,NA,NA,NA,NA,"```json
{
  ""Remnants"": 0
}
```",73,NA,0,NA,NA,NA,NA,NA,NA,NA,NA,NA,NA,NA,NA,NA,NA,"```json
{
  ""Remnants"": 0
}
```",73,NA,0,NA,NA,NA,NA,NA,NA,NA,NA,NA,NA,NA,NA,NA,NA,"```json
{
  ""Remnants"": 0
}
```",73,NA,0,NA,NA,NA,NA,NA,NA,NA,NA,NA,NA,NA,NA,NA,NA,"```json
{
  ""Remnants"": 0
}
```",73,NA,0,NA,NA,NA,NA,NA,NA,NA,NA,NA,NA,NA,NA,NA,NA,"```json
{
  ""Remnants"": 0
}
```",73,NA,0,NA,NA,NA,NA,NA,NA,NA,NA,NA,NA,NA,NA,NA,NA,"```json
{
  ""Remnants"": 0
}
```",73,NA,0,NA,NA,NA,NA,NA,NA,NA,NA,NA,NA,NA,NA,NA,NA,"```json
{
  ""Remnants"": 0
}
```",73,NA,0,NA,NA,NA,NA,NA,NA,NA,NA,NA,NA,NA,NA,NA,NA,2,NA,NA,NA,NA,NA,NA,NA,2,NA,NA,NA,NA,NA,NA,NA,2,NA,NA,NA,NA,NA,NA,NA,2,NA,NA,NA,NA,NA,NA,NA,2,NA,NA,NA,NA,NA,NA,NA,2,-2,2,2,-2,2,2,-2,2,2,-2,2,2,-2,2,0,0,0,0,0,0,0,0,0,0,0,0,0,0,0,0,0,0,0,0,0,0,0,0,0,0,0,0,0,0,0,0,0,0,0,0,0,0,0,0,0,0,0,0,0,0,0,0,0,0,0,0,0,0,0,0,0,0,0,0
"chicken with apricot curry sauce served with baked potatoes and fluffy rice","Nina","45582","ChickenCranberryCurrySauce",3,"50-30%","25",626,779,153,"chicken with apricot curry sauce served with baked potatoes and fluffy rice","https://www.hellofresh.de/recipes/hahnchen-mit-aprikosen-curry-sosse-65d86c68700746d2fe51fc70","Nina_Day1_Chicken3_50.jpg",4,"poultry","garlic","rice","onion","root vegetables","herbs","dried fruits","sauce","water or broth","fats or oils","fats or oils","spices",NA,NA,NA,"500g Chicken Breast; 12 Garlic cloves; 300g Rice; 2  Shallot; 8  Carrot; 10g Parsley; 40g Apricots; 100g Apricot Chutney; 900ml Water; 6 tablespoon  oil; 4 tablespoon butter; 8g spices mix"," Chicken Breast;  Garlic ;  Rice;  Shallot;  Carrot; Parsley; Apricots;  Apricot Chutney; Water;   oil;  butter;  spices mix",153,153,"```json
{
    ""rice"": ""1 cup"",
    ""carrots"": ""5 pieces"",
    ""chicken"": ""1 piece"",
    ""sauce"": ""2 tablespoons"",
    ""parsley"": ""2 tablespoons""
}
```",76,"rice","1 cup","root vegetables","5 pieces","poultry","1 piece","sauce","2 tablespoons","herbs","2 tablespoons",NA,NA,NA,NA,NA,NA,"```json
{
    ""rice"": ""1 cup"",
    ""carrots"": ""4 pieces"",
    ""chicken"": ""1 piece"",
    ""sauce"": ""2 tablespoons"",
    ""parsley"": ""2 tablespoons""
}
```",76,"rice","1 cup","root vegetables","4 pieces","poultry","1 piece","sauce","2 tablespoons","herbs","2 tablespoons",NA,NA,NA,NA,NA,NA,"```json
{
    ""rice"": ""1 cup"",
    ""carrots"": ""4 pieces"",
    ""chicken"": ""1 piece"",
    ""sauce"": ""2 tablespoons"",
    ""parsley"": ""2 tablespoons""
}
```",76,"rice","1 cup","root vegetables","4 pieces","poultry","1 piece","sauce","2 tablespoons","herbs","2 tablespoons",NA,NA,NA,NA,NA,NA,"```json
{
    ""Rice"": ""1 cup"",
    ""Carrots"": ""4 pieces"",
    ""Cilantro"": ""2 tablespoons"",
    ""Sauce"": ""2 tablespoons"",
    ""Chicken"": ""1 piece""
}
```",76,"rice","1 cup","root vegetables","4 pieces","herbs","2 tablespoons","sauce","2 tablespoons","poultry","1 piece",NA,NA,NA,NA,NA,NA,"```json
{
    ""rice"": ""1 cup"",
    ""carrots"": ""4 pieces"",
    ""chicken"": ""1 piece"",
    ""sauce"": ""2 tablespoons"",
    ""parsley"": ""2 tablespoons""
}
```",76,"rice","1 cup","root vegetables","4 pieces","poultry","1 piece","sauce","2 tablespoons","herbs","2 tablespoons",NA,NA,NA,NA,NA,NA,"```json
{
    ""Rice"": 50,
    ""Carrots"": 30,
    ""Cilantro"": 5,
    ""Sauce"": 10,
    ""Chicken"": 20
}
```",76,"rice",50,"root vegetables",30,"herbs",5,"sauce",10,"poultry",20,NA,NA,NA,NA,NA,NA,"```json
{
  ""Rice"": 50,
  ""Carrots"": 30,
  ""Cilantro"": 5,
  ""Sauce"": 10,
  ""Chicken"": 20
}
```",76,"rice",50,"root vegetables",30,"herbs",5,"sauce",10,"poultry",20,NA,NA,NA,NA,NA,NA,"```json
{
  ""Rice"": 40,
  ""Carrots"": 30,
  ""Cilantro"": 5,
  ""Sauce"": 10,
  ""Chicken"": 15
}
```",76,"rice",40,"root vegetables",30,"herbs",5,"sauce",10,"poultry",15,NA,NA,NA,NA,NA,NA,"```json
{
  ""Rice"": 50,
  ""Carrots"": 30,
  ""Cilantro"": 5,
  ""Sauce"": 10,
  ""Chicken"": 20
}
```",76,"rice",50,"root vegetables",30,"herbs",5,"sauce",10,"poultry",20,NA,NA,NA,NA,NA,NA,"```json
{
  ""Rice"": 50,
  ""Carrots"": 30,
  ""Cilantro"": 5,
  ""Sauce"": 10,
  ""Chicken"": 20
}
```",76,"rice",50,"root vegetables",30,"herbs",5,"sauce",10,"poultry",20,NA,NA,NA,NA,NA,NA,"```json
{
    ""Rice"": 50,
    ""Carrots"": 30,
    ""Chicken"": 20,
    ""Cilantro"": 5,
    ""Sauce"": 10
}
```",76,"rice",50,"root vegetables",30,"poultry",20,"herbs",5,"sauce",10,NA,NA,NA,NA,NA,NA,"```json
{
    ""Rice"": 50,
    ""Carrots"": 30,
    ""Chicken"": 20,
    ""Cilantro"": 5,
    ""Sauce"": 10
}
```",76,"rice",50,"root vegetables",30,"poultry",20,"herbs",5,"sauce",10,NA,NA,NA,NA,NA,NA,"```json
{
    ""Rice"": 50,
    ""Carrots"": 30,
    ""Chicken"": 20,
    ""Cilantro"": 5,
    ""Sauce"": 10
}
```",76,"rice",50,"root vegetables",30,"poultry",20,"herbs",5,"sauce",10,NA,NA,NA,NA,NA,NA,"```json
{
    ""Rice"": 50,
    ""Carrots"": 30,
    ""Chicken"": 20,
    ""Cilantro"": 5,
    ""Sauce"": 10
}
```",76,"rice",50,"root vegetables",30,"poultry",20,"herbs",5,"sauce",10,NA,NA,NA,NA,NA,NA,"```json
{
    ""Rice"": 50,
    ""Carrots"": 30,
    ""Chicken"": 20,
    ""Cilantro"": 5,
    ""Sauce"": 10
}
```",76,"rice",50,"root vegetables",30,"poultry",20,"herbs",5,"sauce",10,NA,NA,NA,NA,NA,NA,180,50,30,30,18,NA,NA,NA,180,40,30,30,18,NA,NA,NA,180,40,30,30,18,NA,NA,NA,180,40,18,30,30,NA,NA,NA,180,40,30,30,18,NA,NA,NA,308,-155,155,298,-145,145,298,-145,145,298,-145,145,298,-145,145,115,38,38,115,38,38,100,53,53,115,38,38,115,38,38,115,38,38,115,38,38,115,38,38,115,38,38,115,38,38,5,0,5,0,5,0,5,0,5,0,5,0,5,0,5,0,5,0,5,0,5,0,5,0,5,0,5,0,5,0
"chicken with apricot curry sauce served with baked potatoes and fluffy rice","Nina","45582","ChickenCranberryCurrySauce",4,"50-30%","26.6",578,748,170,"chicken with apricot curry sauce served with baked potatoes and fluffy rice","https://www.hellofresh.de/recipes/hahnchen-mit-aprikosen-curry-sosse-65d86c68700746d2fe51fc73","Nina_Day1_Chicken4_50.jpg",4,"poultry","garlic","rice","onion","root vegetables","herbs","dried fruits","sauce","water or broth","fats or oils","fats or oils","spices",NA,NA,NA,"500g Chicken Breast; 12 Garlic cloves; 300g Rice; 2  Shallot; 8  Carrot; 10g Parsley; 40g Apricots; 100g Apricot Chutney; 900ml Water; 6 tablespoon  oil; 4 tablespoon butter; 8g spices mix"," Chicken Breast;  Garlic ;  Rice;  Shallot;  Carrot; Parsley; Apricots;  Apricot Chutney; Water;   oil;  butter;  spices mix",170,170,"```json
{
    ""rice"": ""0.5 cups"",
    ""chicken"": ""1 piece"",
    ""carrots"": ""5 pieces"",
    ""cilantro"": ""2 tablespoons"",
    ""sauce"": ""1 teaspoon""
}
```",79,"rice","0.5 cups","poultry","1 piece","root vegetables","5 pieces","herbs","2 tablespoons","sauce","1 teaspoon",NA,NA,NA,NA,NA,NA,"```json
{
    ""rice"": ""0.5 cups"",
    ""chicken"": ""1 piece"",
    ""carrots"": ""5 pieces"",
    ""cilantro"": ""2 tablespoons"",
    ""sauce"": ""1 teaspoon""
}
```",79,"rice","0.5 cups","poultry","1 piece","root vegetables","5 pieces","herbs","2 tablespoons","sauce","1 teaspoon",NA,NA,NA,NA,NA,NA,"```json
{
    ""rice"": ""0.5 cups"",
    ""chicken"": ""1 piece"",
    ""carrots"": ""5 pieces"",
    ""cilantro"": ""2 tablespoons"",
    ""sauce"": ""1 teaspoon""
}
```",79,"rice","0.5 cups","poultry","1 piece","root vegetables","5 pieces","herbs","2 tablespoons","sauce","1 teaspoon",NA,NA,NA,NA,NA,NA,"```json
{
    ""rice"": ""0.5 cups"",
    ""chicken"": ""1 piece"",
    ""carrots"": ""5 pieces"",
    ""cilantro"": ""2 tablespoons"",
    ""sauce"": ""1 tablespoon""
}
```",79,"rice","0.5 cups","poultry","1 piece","root vegetables","5 pieces","herbs","2 tablespoons","sauce","1 tablespoon",NA,NA,NA,NA,NA,NA,"```json
{
    ""rice"": ""0.5 cups"",
    ""chicken"": ""1 piece"",
    ""carrots"": ""5 pieces"",
    ""cilantro"": ""2 tablespoons"",
    ""sauce"": ""1 tablespoon""
}
```",79,"rice","0.5 cups","poultry","1 piece","root vegetables","5 pieces","herbs","2 tablespoons","sauce","1 tablespoon",NA,NA,NA,NA,NA,NA,"```json
{
    ""Rice"": 50,
    ""Chicken"": 30,
    ""Carrots"": 40,
    ""Cilantro"": 5,
    ""Sauce"": 10
}
```",79,"rice",50,"poultry",30,"root vegetables",40,"herbs",5,"sauce",10,NA,NA,NA,NA,NA,NA,"```json
{
  ""Rice"": 50,
  ""Chicken"": 30,
  ""Carrots"": 40,
  ""Cilantro"": 5,
  ""Sauce"": 10
}
```",79,"rice",50,"poultry",30,"root vegetables",40,"herbs",5,"sauce",10,NA,NA,NA,NA,NA,NA,"```json
{
    ""Rice"": 50,
    ""Chicken"": 30,
    ""Carrots"": 40,
    ""Herbs"": 5,
    ""Sauce"": 10
}
```",79,"rice",50,"poultry",30,"root vegetables",40,"herbs",5,"sauce",10,NA,NA,NA,NA,NA,NA,"```json
{
  ""Rice"": 50,
  ""Chicken"": 30,
  ""Carrots"": 40,
  ""Cilantro"": 5,
  ""Sauce"": 10
}
```",79,"rice",50,"poultry",30,"root vegetables",40,"herbs",5,"sauce",10,NA,NA,NA,NA,NA,NA,"```json
{
    ""Rice"": 50,
    ""Chicken"": 30,
    ""Carrots"": 40,
    ""Herbs"": 5,
    ""Sauce"": 10
}
```",79,"rice",50,"poultry",30,"root vegetables",40,"herbs",5,"sauce",10,NA,NA,NA,NA,NA,NA,"```json
{
    ""Rice"": 50,
    ""Chicken"": 30,
    ""Carrots"": 40,
    ""Herbs"": 5,
    ""Sauce"": 10
}
```",79,"rice",50,"poultry",30,"root vegetables",40,"herbs",5,"sauce",10,NA,NA,NA,NA,NA,NA,"```json
{
    ""Rice"": 50,
    ""Chicken"": 30,
    ""Carrots"": 40,
    ""Cilantro"": 5,
    ""Sauce"": 10
}
```",79,"rice",50,"poultry",30,"root vegetables",40,"herbs",5,"sauce",10,NA,NA,NA,NA,NA,NA,"```json
{
    ""Rice"": 50,
    ""Chicken"": 30,
    ""Carrots"": 40,
    ""Herbs"": 5,
    ""Sauce"": 10
}
```",79,"rice",50,"poultry",30,"root vegetables",40,"herbs",5,"sauce",10,NA,NA,NA,NA,NA,NA,"```json
{
    ""Rice"": 50,
    ""Chicken"": 30,
    ""Carrots"": 40,
    ""Herbs"": 5,
    ""Sauce"": 10
}
```",79,"rice",50,"poultry",30,"root vegetables",40,"herbs",5,"sauce",10,NA,NA,NA,NA,NA,NA,"```json
{
    ""Rice"": 50,
    ""Chicken"": 30,
    ""Carrots"": 40,
    ""Cilantro"": 5,
    ""Sauce"": 10
}
```",79,"rice",50,"poultry",30,"root vegetables",40,"herbs",5,"sauce",10,NA,NA,NA,NA,NA,NA,90,30,50,18,5,NA,NA,NA,90,30,50,18,5,NA,NA,NA,90,30,50,18,5,NA,NA,NA,90,30,50,18,15,NA,NA,NA,90,30,50,18,15,NA,NA,NA,193,-23,23,193,-23,23,193,-23,23,203,-33,33,203,-33,33,135,35,35,135,35,35,135,35,35,135,35,35,135,35,35,135,35,35,135,35,35,135,35,35,135,35,35,135,35,35,5,0,5,0,5,0,5,0,5,0,5,0,5,0,5,0,5,0,5,0,5,0,5,0,5,0,5,0,5,0
"chicken with apricot curry sauce served with baked potatoes and fluffy rice","Nina","45582","ChickenCranberryCurrySauce",4,"30-10%","26.6",578,618,40,"chicken with apricot curry sauce served with baked potatoes and fluffy rice","https://www.hellofresh.de/recipes/hahnchen-mit-aprikosen-curry-sosse-65d86c68700746d2fe51fc74","Nina_Day1_Chicken4_30.jpg",4,"poultry","garlic","rice","onion","root vegetables","herbs","dried fruits","sauce","water or broth","fats or oils","fats or oils","spices",NA,NA,NA,"500g Chicken Breast; 12 Garlic cloves; 300g Rice; 2  Shallot; 8  Carrot; 10g Parsley; 40g Apricots; 100g Apricot Chutney; 900ml Water; 6 tablespoon  oil; 4 tablespoon butter; 8g spices mix"," Chicken Breast;  Garlic ;  Rice;  Shallot;  Carrot; Parsley; Apricots;  Apricot Chutney; Water;   oil;  butter;  spices mix",40,40,"```json
{
    ""Rice"": ""1/4 cup"",
    ""Chicken"": ""2 pieces"",
    ""Herbs"": ""1 teaspoon"",
    ""Sauce"": ""1 teaspoon""
}
```",78,"rice","1/4 cup","poultry","2 pieces","herbs","1 teaspoon","sauce","1 teaspoon",NA,NA,NA,NA,NA,NA,NA,NA,"```json
{
    ""Rice"": ""0.5 cups"",
    ""Chicken"": ""2 pieces"",
    ""Herbs"": ""1 teaspoon"",
    ""Sauce"": ""1 teaspoon""
}
```",78,"rice","0.5 cups","poultry","2 pieces","herbs","1 teaspoon","sauce","1 teaspoon",NA,NA,NA,NA,NA,NA,NA,NA,"```json
{
    ""Rice"": ""1/4 cup"",
    ""Chicken"": ""2 pieces"",
    ""Herbs"": ""1 teaspoon"",
    ""Sauce"": ""1 teaspoon""
}
```",78,"rice","1/4 cup","poultry","2 pieces","herbs","1 teaspoon","sauce","1 teaspoon",NA,NA,NA,NA,NA,NA,NA,NA,"```json
{
    ""Rice"": ""1/4 cup"",
    ""Chicken"": ""2 pieces"",
    ""Herbs"": ""1 teaspoon"",
    ""Sauce"": ""1 teaspoon""
}
```",78,"rice","1/4 cup","poultry","2 pieces","herbs","1 teaspoon","sauce","1 teaspoon",NA,NA,NA,NA,NA,NA,NA,NA,"```json
{
    ""Rice"": ""1/4 cup"",
    ""Chicken"": ""2 pieces"",
    ""Herbs"": ""1 teaspoon"",
    ""Sauce"": ""1 teaspoon""
}
```",78,"rice","1/4 cup","poultry","2 pieces","herbs","1 teaspoon","sauce","1 teaspoon",NA,NA,NA,NA,NA,NA,NA,NA,"```json
{
    ""Rice"": 20,
    ""Chicken"": 10,
    ""Herbs"": 2,
    ""Sauce"": 1
}
```",78,"rice",20,"poultry",10,"herbs",2,"sauce",1,NA,NA,NA,NA,NA,NA,NA,NA,"```json
{
  ""Rice"": 20,
  ""Chicken"": 10,
  ""Herbs"": 2,
  ""Sauce"": 1
}
```",78,"rice",20,"poultry",10,"herbs",2,"sauce",1,NA,NA,NA,NA,NA,NA,NA,NA,"```json
{
  ""Rice"": 20,
  ""Chicken"": 10,
  ""Herbs"": 2,
  ""Sauce"": 1
}
```",78,"rice",20,"poultry",10,"herbs",2,"sauce",1,NA,NA,NA,NA,NA,NA,NA,NA,"```json
{
  ""Rice"": 20,
  ""Chicken"": 10,
  ""Herbs"": 2,
  ""Sauce"": 1
}
```",78,"rice",20,"poultry",10,"herbs",2,"sauce",1,NA,NA,NA,NA,NA,NA,NA,NA,"```json
{
  ""Rice"": 20,
  ""Chicken"": 10,
  ""Herbs"": 2,
  ""Sauce"": 1
}
```",78,"rice",20,"poultry",10,"herbs",2,"sauce",1,NA,NA,NA,NA,NA,NA,NA,NA,"```json
{
  ""Rice"": 20,
  ""Chicken"": 10,
  ""Herbs"": 2,
  ""Sauce"": 1
}
```",78,"rice",20,"poultry",10,"herbs",2,"sauce",1,NA,NA,NA,NA,NA,NA,NA,NA,"```json
{
    ""Rice"": 20,
    ""Chicken"": 10,
    ""Herbs"": 2,
    ""Sauce"": 1
}
```",78,"rice",20,"poultry",10,"herbs",2,"sauce",1,NA,NA,NA,NA,NA,NA,NA,NA,"```json
{
  ""Rice"": 20,
  ""Chicken"": 10,
  ""Herbs"": 2,
  ""Sauce"": 1
}
```",78,"rice",20,"poultry",10,"herbs",2,"sauce",1,NA,NA,NA,NA,NA,NA,NA,NA,"```json
{
    ""Rice"": 20,
    ""Chicken"": 10,
    ""Herbs"": 2,
    ""Sauce"": 1
}
```",78,"rice",20,"poultry",10,"herbs",2,"sauce",1,NA,NA,NA,NA,NA,NA,NA,NA,"```json
{
  ""Rice"": 20,
  ""Chicken"": 10,
  ""Herbs"": 2,
  ""Sauce"": 1
}
```",78,"rice",20,"poultry",10,"herbs",2,"sauce",1,NA,NA,NA,NA,NA,NA,NA,NA,45,60,1,5,NA,NA,NA,NA,90,60,1,5,NA,NA,NA,NA,45,60,1,5,NA,NA,NA,NA,45,60,1,5,NA,NA,NA,NA,45,60,1,5,NA,NA,NA,NA,111,-71,71,156,-116,116,111,-71,71,111,-71,71,111,-71,71,33,7,7,33,7,7,33,7,7,33,7,7,33,7,7,33,7,7,33,7,7,33,7,7,33,7,7,33,7,7,4,0,4,0,4,0,4,0,4,0,4,0,4,0,4,0,4,0,4,0,4,0,4,0,4,0,4,0,4,0
"chicken with apricot curry sauce served with baked potatoes and fluffy rice","Nina","45582","ChickenCranberryCurrySauce",4,"finished","26.6",578,578,0,"chicken with apricot curry sauce served with baked potatoes and fluffy rice","https://www.hellofresh.de/recipes/hahnchen-mit-aprikosen-curry-sosse-65d86c68700746d2fe51fc75","Nina_Day1_Chicken4_0.jpg",4,"poultry","garlic","rice","onion","root vegetables","herbs","dried fruits","sauce","water or broth","fats or oils","fats or oils","spices",NA,NA,NA,"500g Chicken Breast; 12 Garlic cloves; 300g Rice; 2  Shallot; 8  Carrot; 10g Parsley; 40g Apricots; 100g Apricot Chutney; 900ml Water; 6 tablespoon  oil; 4 tablespoon butter; 8g spices mix"," Chicken Breast;  Garlic ;  Rice;  Shallot;  Carrot; Parsley; Apricots;  Apricot Chutney; Water;   oil;  butter;  spices mix",0,0,"```json
{
  ""Remnants"": ""1 teaspoon""
}
```",77,NA,"1 teaspoon",NA,NA,NA,NA,NA,NA,NA,NA,NA,NA,NA,NA,NA,NA,"```json
{
  ""Remnants"": ""1 teaspoon""
}
```",77,NA,"1 teaspoon",NA,NA,NA,NA,NA,NA,NA,NA,NA,NA,NA,NA,NA,NA,"```json
{
  ""Remnants"": ""1 teaspoon""
}
```",77,NA,"1 teaspoon",NA,NA,NA,NA,NA,NA,NA,NA,NA,NA,NA,NA,NA,NA,"```json
{
  ""Remnants"": ""1 teaspoon""
}
```",77,NA,"1 teaspoon",NA,NA,NA,NA,NA,NA,NA,NA,NA,NA,NA,NA,NA,NA,"```json
{
  ""Remnants"": ""0 teaspoons""
}
```",77,NA,"0 teaspoons",NA,NA,NA,NA,NA,NA,NA,NA,NA,NA,NA,NA,NA,NA,"```json
{
  ""Remnants"": 0
}
```",77,NA,0,NA,NA,NA,NA,NA,NA,NA,NA,NA,NA,NA,NA,NA,NA,"```json
{
  ""Remnants"": 0
}
```",77,NA,0,NA,NA,NA,NA,NA,NA,NA,NA,NA,NA,NA,NA,NA,NA,"```json
{
  ""Remnants"": 0
}
```",77,NA,0,NA,NA,NA,NA,NA,NA,NA,NA,NA,NA,NA,NA,NA,NA,"```json
{
  ""Remnants"": 0
}
```",77,NA,0,NA,NA,NA,NA,NA,NA,NA,NA,NA,NA,NA,NA,NA,NA,"```json
{
  ""Remnants"": 0
}
```",77,NA,0,NA,NA,NA,NA,NA,NA,NA,NA,NA,NA,NA,NA,NA,NA,"```json
{
  ""Remnants"": 0
}
```",77,NA,0,NA,NA,NA,NA,NA,NA,NA,NA,NA,NA,NA,NA,NA,NA,"```json
{
  ""Remnants"": 0
}
```",77,NA,0,NA,NA,NA,NA,NA,NA,NA,NA,NA,NA,NA,NA,NA,NA,"```json
{
  ""Remnants"": 0
}
```",77,NA,0,NA,NA,NA,NA,NA,NA,NA,NA,NA,NA,NA,NA,NA,NA,"```json
{
  ""Remnants"": 0
}
```",77,NA,0,NA,NA,NA,NA,NA,NA,NA,NA,NA,NA,NA,NA,NA,NA,"```json
{
  ""Remnants"": 0
}
```",77,NA,0,NA,NA,NA,NA,NA,NA,NA,NA,NA,NA,NA,NA,NA,NA,2,NA,NA,NA,NA,NA,NA,NA,2,NA,NA,NA,NA,NA,NA,NA,2,NA,NA,NA,NA,NA,NA,NA,2,NA,NA,NA,NA,NA,NA,NA,0,NA,NA,NA,NA,NA,NA,NA,2,-2,2,2,-2,2,2,-2,2,2,-2,2,0,0,0,0,0,0,0,0,0,0,0,0,0,0,0,0,0,0,0,0,0,0,0,0,0,0,0,0,0,0,0,0,0,0,0,0,0,0,0,0,0,0,0,0,0,0,0,0,0,0,0,0,0,0,0,0,0,0,0,0,0,0,0
"Crispy shrimps with sweet and spicy sauce","Meike","Thursday","RiceShrimps",1,"50","25",598,796,198,"Krokante garnalen met zoet-pittige saus","https://www.hellofresh.nl/recipes/krokante-garnalen-met-kokosrijst-6661c3ce5fb32512350b4fc2","Meike_Thu_RiceShrimps_Pers1_Moment1.jpg",3,"rice","cucumbers","root vegetables","fats or oils","bread(crumbs)","(shell)fish","herbs","lemon or lime","garlic","fats or oils","water or broth","fats or oils","spices","vinaigrette",NA,"225g Rice; 1.5  Cucumber; 10 pieces Radish; 30g Grated Coconut; 75g Breadcrumbs; 240g Shrimp; 7.5g Coriander; 1.5  Lemon; 3  Garlic cloves; 3 tablespoon olive oil; 540ml broth; 1.5 tablespoon butter; 3 teaspoon sugar; 3 tablespoon vinegar"," Rice;  Cucumber;   Radish; Grated Coconut; Breadcrumbs;  Shrimp;  Coriander;  Lemon;  Garlic ;  olive oil; broth;  butter;  sugar;  vinegar",198,198,"```json
{
    ""cucumber_slices"": ""1/2 cup"",
    ""radish_slices"": ""1/4 cup"",
    ""rice"": ""1/2 cup"",
    ""shrimp"": ""4 pieces""
}
```",34,"cucumbers","1/2 cup","root vegetables","1/4 cup","rice","1/2 cup","(shell)fish","4 pieces",NA,NA,NA,NA,NA,NA,NA,NA,"```json
{
    ""cucumber_slices"": ""0.5 cups"",
    ""radish_slices"": ""0.25 cups"",
    ""rice"": ""0.5 cups"",
    ""shrimp"": ""4 pieces""
}
```",34,"cucumbers","0.5 cups","root vegetables","0.25 cups","rice","0.5 cups","(shell)fish","4 pieces",NA,NA,NA,NA,NA,NA,NA,NA,"```json
{
    ""cucumber_slices"": ""0.5 cups"",
    ""radish_slices"": ""0.25 cups"",
    ""rice"": ""0.5 cups"",
    ""shrimp"": ""4 pieces""
}
```",34,"cucumbers","0.5 cups","root vegetables","0.25 cups","rice","0.5 cups","(shell)fish","4 pieces",NA,NA,NA,NA,NA,NA,NA,NA,"```json
{
    ""cucumber_slices"": ""0.5 cups"",
    ""radish_slices"": ""0.25 cups"",
    ""rice"": ""0.5 cups"",
    ""shrimp"": ""4 pieces""
}
```",34,"cucumbers","0.5 cups","root vegetables","0.25 cups","rice","0.5 cups","(shell)fish","4 pieces",NA,NA,NA,NA,NA,NA,NA,NA,"```json
{
    ""cucumber_slices"": ""0.5 cups"",
    ""radish_slices"": ""0.25 cups"",
    ""rice"": ""0.5 cups"",
    ""shrimp"": ""4 pieces""
}
```",34,"cucumbers","0.5 cups","root vegetables","0.25 cups","rice","0.5 cups","(shell)fish","4 pieces",NA,NA,NA,NA,NA,NA,NA,NA,"```json
{
  ""Cucumber"": 30,
  ""Radish"": 20,
  ""Rice"": 40,
  ""Shrimp"": 30
}
```",34,"cucumbers",30,"root vegetables",20,"rice",40,"(shell)fish",30,NA,NA,NA,NA,NA,NA,NA,NA,"```json
{
  ""Cucumber"": 30,
  ""Radish"": 20,
  ""Rice"": 40,
  ""Shrimp"": 30
}
```",34,"cucumbers",30,"root vegetables",20,"rice",40,"(shell)fish",30,NA,NA,NA,NA,NA,NA,NA,NA,"```json
{
    ""Rice"": 50,
    ""Cucumber"": 30,
    ""Radish"": 20,
    ""Shrimp"": 40
}
```",34,"rice",50,"cucumbers",30,"root vegetables",20,"(shell)fish",40,NA,NA,NA,NA,NA,NA,NA,NA,"```json
{
    ""Rice"": 50,
    ""Cucumber"": 30,
    ""Radish"": 20,
    ""Shrimp"": 40
}
```",34,"rice",50,"cucumbers",30,"root vegetables",20,"(shell)fish",40,NA,NA,NA,NA,NA,NA,NA,NA,"```json
{
    ""Rice"": 50,
    ""Cucumber"": 30,
    ""Radish"": 20,
    ""Shrimp"": 40
}
```",34,"rice",50,"cucumbers",30,"root vegetables",20,"(shell)fish",40,NA,NA,NA,NA,NA,NA,NA,NA,"```json
{
    ""Cucumber"": 30,
    ""Radish"": 20,
    ""Rice"": 40,
    ""Shrimp"": 30
}
```",34,"cucumbers",30,"root vegetables",20,"rice",40,"(shell)fish",30,NA,NA,NA,NA,NA,NA,NA,NA,"```json
{
    ""Cucumber"": 30,
    ""Radish"": 20,
    ""Rice"": 40,
    ""Shrimp"": 30
}
```",34,"cucumbers",30,"root vegetables",20,"rice",40,"(shell)fish",30,NA,NA,NA,NA,NA,NA,NA,NA,"```json
{
    ""Rice"": 50,
    ""Cucumber"": 30,
    ""Radish"": 20,
    ""Shrimp"": 40
}
```",34,"rice",50,"cucumbers",30,"root vegetables",20,"(shell)fish",40,NA,NA,NA,NA,NA,NA,NA,NA,"```json
{
  ""cucumber"": 30,
  ""radish"": 20,
  ""rice"": 50,
  ""shrimp"": 40
}
```",34,"cucumbers",30,"root vegetables",20,"rice",50,"(shell)fish",40,NA,NA,NA,NA,NA,NA,NA,NA,"```json
{
    ""Rice"": 50,
    ""Cucumber"": 30,
    ""Radish"": 20,
    ""Shrimp"": 40
}
```",34,"rice",50,"cucumbers",30,"root vegetables",20,"(shell)fish",40,NA,NA,NA,NA,NA,NA,NA,NA,52,29,90,60,NA,NA,NA,NA,52,29,90,60,NA,NA,NA,NA,52,29,90,60,NA,NA,NA,NA,52,29,90,60,NA,NA,NA,NA,52,29,90,60,NA,NA,NA,NA,231,-33,33,231,-33,33,231,-33,33,231,-33,33,231,-33,33,120,78,78,120,78,78,140,58,58,140,58,58,140,58,58,120,78,78,120,78,78,140,58,58,140,58,58,140,58,58,4,0,4,0,4,0,4,0,4,0,4,0,4,0,4,0,4,0,4,0,4,0,4,0,4,0,4,0,4,0
"Crispy shrimps with sweet and spicy sauce","Meike","Thursday","RiceShrimps",2,"50","25",575,1011,436,"Krokante garnalen met zoet-pittige saus","https://www.hellofresh.nl/recipes/krokante-garnalen-met-kokosrijst-6661c3ce5fb32512350b4fc3","Meike_Thu_RiceShrimps_Pers2_Moment1.jpg",3,"rice","cucumbers","root vegetables","fats or oils","bread(crumbs)","(shell)fish","herbs","lemon or lime","garlic","fats or oils","water or broth","fats or oils","spices","vinaigrette",NA,"225g Rice; 1.5  Cucumber; 10 pieces Radish; 30g Grated Coconut; 75g Breadcrumbs; 240g Shrimp; 7.5g Coriander; 1.5  Lemon; 3  Garlic cloves; 3 tablespoon olive oil; 540ml broth; 1.5 tablespoon butter; 3 teaspoon sugar; 3 tablespoon vinegar"," Rice;  Cucumber;   Radish; Grated Coconut; Breadcrumbs;  Shrimp;  Coriander;  Lemon;  Garlic ;  olive oil; broth;  butter;  sugar;  vinegar",436,436,"```json
{
    ""cucumber"": ""0.5 cups"",
    ""radishes"": ""0.25 cups"",
    ""rice"": ""1 cup"",
    ""lemon wedge"": ""1 piece""
}
```",37,"cucumbers","0.5 cups","root vegetables","0.25 cups","rice","1 cup","lemon or lime","1 piece",NA,NA,NA,NA,NA,NA,NA,NA,"```json
{
    ""cucumber"": ""0.5 cups"",
    ""radishes"": ""0.25 cups"",
    ""rice"": ""0.75 cups"",
    ""lemon wedge"": ""1 piece""
}
```",37,"cucumbers","0.5 cups","root vegetables","0.25 cups","rice","0.75 cups","lemon or lime","1 piece",NA,NA,NA,NA,NA,NA,NA,NA,"```json
{
    ""cucumber"": ""0.5 cups"",
    ""radishes"": ""0.25 cups"",
    ""rice"": ""0.75 cups"",
    ""lemon wedge"": ""1 piece""
}
```",37,"cucumbers","0.5 cups","root vegetables","0.25 cups","rice","0.75 cups","lemon or lime","1 piece",NA,NA,NA,NA,NA,NA,NA,NA,"```json
{
    ""cucumber"": ""0.5 cups"",
    ""radishes"": ""0.25 cups"",
    ""rice"": ""1 cup"",
    ""lemon wedge"": ""1 piece""
}
```",37,"cucumbers","0.5 cups","root vegetables","0.25 cups","rice","1 cup","lemon or lime","1 piece",NA,NA,NA,NA,NA,NA,NA,NA,"```json
{
    ""cucumber"": ""0.5 cups"",
    ""radishes"": ""0.25 cups"",
    ""rice"": ""1 cup"",
    ""lemon wedge"": ""1 piece""
}
```",37,"cucumbers","0.5 cups","root vegetables","0.25 cups","rice","1 cup","lemon or lime","1 piece",NA,NA,NA,NA,NA,NA,NA,NA,"```json
{
    ""Cucumber"": 50,
    ""Radish"": 30,
    ""Rice"": 100,
    ""Lemon wedge"": 10
}
```",37,"cucumbers",50,"root vegetables",30,"rice",100,"lemon or lime",10,NA,NA,NA,NA,NA,NA,NA,NA,"```json
{
  ""Cucumber"": 50,
  ""Radish"": 30,
  ""Rice"": 100,
  ""Lemon wedge"": 10
}
```",37,"cucumbers",50,"root vegetables",30,"rice",100,"lemon or lime",10,NA,NA,NA,NA,NA,NA,NA,NA,"```json
{
    ""Cucumber"": 50,
    ""Radish"": 30,
    ""Rice"": 100,
    ""Lemon wedge"": 10
}
```",37,"cucumbers",50,"root vegetables",30,"rice",100,"lemon or lime",10,NA,NA,NA,NA,NA,NA,NA,NA,"```json
{
    ""Cucumber"": 50,
    ""Radish"": 30,
    ""Rice"": 100,
    ""Lemon wedge"": 10
}
```",37,"cucumbers",50,"root vegetables",30,"rice",100,"lemon or lime",10,NA,NA,NA,NA,NA,NA,NA,NA,"```json
{
  ""Cucumber"": 50,
  ""Radish"": 30,
  ""Rice"": 100,
  ""Lemon wedge"": 10
}
```",37,"cucumbers",50,"root vegetables",30,"rice",100,"lemon or lime",10,NA,NA,NA,NA,NA,NA,NA,NA,"```json
{
    ""Cucumber"": 50,
    ""Radish"": 30,
    ""Rice"": 100,
    ""Lemon wedge"": 10
}
```",37,"cucumbers",50,"root vegetables",30,"rice",100,"lemon or lime",10,NA,NA,NA,NA,NA,NA,NA,NA,"```json
{
    ""Cucumber"": 50,
    ""Radish"": 30,
    ""Rice"": 100,
    ""Lemon wedge"": 10
}
```",37,"cucumbers",50,"root vegetables",30,"rice",100,"lemon or lime",10,NA,NA,NA,NA,NA,NA,NA,NA,"```json
{
    ""Cucumber"": 50,
    ""Radish"": 30,
    ""Rice"": 100,
    ""Lemon wedge"": 10
}
```",37,"cucumbers",50,"root vegetables",30,"rice",100,"lemon or lime",10,NA,NA,NA,NA,NA,NA,NA,NA,"```json
{
    ""Cucumber"": 50,
    ""Radish"": 30,
    ""Rice"": 100,
    ""Lemon Wedge"": 10
}
```",37,"cucumbers",50,"root vegetables",30,"rice",100,"lemon or lime",10,NA,NA,NA,NA,NA,NA,NA,NA,"```json
{
    ""Cucumber"": 50,
    ""Radish"": 30,
    ""Rice"": 100,
    ""Lemon wedge"": 10
}
```",37,"cucumbers",50,"root vegetables",30,"rice",100,"lemon or lime",10,NA,NA,NA,NA,NA,NA,NA,NA,52,29,180,10,NA,NA,NA,NA,52,29,135,10,NA,NA,NA,NA,52,29,135,10,NA,NA,NA,NA,52,29,180,10,NA,NA,NA,NA,52,29,180,10,NA,NA,NA,NA,271,165,165,226,210,210,226,210,210,271,165,165,271,165,165,190,246,246,190,246,246,190,246,246,190,246,246,190,246,246,190,246,246,190,246,246,190,246,246,190,246,246,190,246,246,4,0,4,0,4,0,4,0,4,0,4,0,4,0,4,0,4,0,4,0,4,0,4,0,4,0,4,0,4,0
"Crispy shrimps with sweet and spicy sauce","Meike","Thursday","RiceShrimps",3,"50","25",618,814,196,"Krokante garnalen met zoet-pittige saus","https://www.hellofresh.nl/recipes/krokante-garnalen-met-kokosrijst-6661c3ce5fb32512350b4fc4","Meike_Thu_RiceShrimps_Pers3_Moment1.jpg",3,"rice","cucumbers","root vegetables","fats or oils","bread(crumbs)","(shell)fish","herbs","lemon or lime","garlic","fats or oils","water or broth","fats or oils","spices","vinaigrette",NA,"225g Rice; 1.5  Cucumber; 10 pieces Radish; 30g Grated Coconut; 75g Breadcrumbs; 240g Shrimp; 7.5g Coriander; 1.5  Lemon; 3  Garlic cloves; 3 tablespoon olive oil; 540ml broth; 1.5 tablespoon butter; 3 teaspoon sugar; 3 tablespoon vinegar"," Rice;  Cucumber;   Radish; Grated Coconut; Breadcrumbs;  Shrimp;  Coriander;  Lemon;  Garlic ;  olive oil; broth;  butter;  sugar;  vinegar",196,196,"```json
{
    ""Rice"": ""0.5 cups"",
    ""Cucumber"": ""0.5 cups"",
    ""Radish"": ""0.25 cups"",
    ""Fried Chicken"": ""0.25 cups"",
    ""Lemon Wedge"": ""1 piece""
}
```",40,"rice","0.5 cups","cucumbers","0.5 cups","root vegetables","0.25 cups","poultry","0.25 cups","lemon or lime","1 piece",NA,NA,NA,NA,NA,NA,"```json
{
    ""Rice"": ""0.5 cups"",
    ""Cucumber"": ""0.5 cups"",
    ""Radish"": ""0.25 cups"",
    ""Fried Chicken"": ""0.25 cups"",
    ""Lemon Wedge"": ""1 piece""
}
```",40,"rice","0.5 cups","cucumbers","0.5 cups","root vegetables","0.25 cups","poultry","0.25 cups","lemon or lime","1 piece",NA,NA,NA,NA,NA,NA,"```json
{
  ""rice"": ""1 cup"",
  ""cucumber"": ""0.5 cup"",
  ""radish"": ""0.25 cup"",
  ""fried chicken pieces"": ""0.5 cup"",
  ""lemon wedge"": ""1 piece""
}
```",40,"rice","1 cup","cucumbers","0.5 cup","root vegetables","0.25 cup","poultry","0.5 cup","lemon or lime","1 piece",NA,NA,NA,NA,NA,NA,"```json
{
    ""rice"": ""1 cup"",
    ""cucumber"": ""0.5 cup"",
    ""radish"": ""0.25 cup"",
    ""fried chicken pieces"": ""0.5 cup"",
    ""lemon wedge"": ""1 piece""
}
```",40,"rice","1 cup","cucumbers","0.5 cup","root vegetables","0.25 cup","poultry","0.5 cup","lemon or lime","1 piece",NA,NA,NA,NA,NA,NA,"```json
{
    ""rice"": ""1 cup"",
    ""cucumber"": ""0.5 cup"",
    ""radish"": ""0.25 cup"",
    ""fried chicken pieces"": ""0.5 cup"",
    ""lemon wedge"": ""1 piece""
}
```",40,"rice","1 cup","cucumbers","0.5 cup","root vegetables","0.25 cup","poultry","0.5 cup","lemon or lime","1 piece",NA,NA,NA,NA,NA,NA,"```json
{
    ""Rice"": 80,
    ""Cucumber"": 40,
    ""Radish"": 20,
    ""Fried Chicken"": 60,
    ""Lemon Wedge"": 10
}
```",40,"rice",80,"cucumbers",40,"root vegetables",20,"poultry",60,"lemon or lime",10,NA,NA,NA,NA,NA,NA,"```json
{
    ""Rice"": 50,
    ""Cucumber"": 30,
    ""Radish"": 20,
    ""Fried Chicken"": 40,
    ""Lemon Wedge"": 10
}
```",40,"rice",50,"cucumbers",30,"root vegetables",20,"poultry",40,"lemon or lime",10,NA,NA,NA,NA,NA,NA,"```json
{
    ""Rice"": 100,
    ""Cucumber"": 50,
    ""Radish"": 30,
    ""Fried Chicken"": 80,
    ""Lemon Wedge"": 20
}
```",40,"rice",100,"cucumbers",50,"root vegetables",30,"poultry",80,"lemon or lime",20,NA,NA,NA,NA,NA,NA,"```json
{
    ""Rice"": 50,
    ""Cucumber"": 30,
    ""Radish"": 20,
    ""Fried Chicken"": 40,
    ""Lemon Wedge"": 10
}
```",40,"rice",50,"cucumbers",30,"root vegetables",20,"poultry",40,"lemon or lime",10,NA,NA,NA,NA,NA,NA,"```json
{
    ""Rice"": 100,
    ""Cucumber"": 50,
    ""Radish"": 30,
    ""Fried Chicken"": 80,
    ""Lemon Wedge"": 20
}
```",40,"rice",100,"cucumbers",50,"root vegetables",30,"poultry",80,"lemon or lime",20,NA,NA,NA,NA,NA,NA,"```json
{
    ""Rice"": 80,
    ""Cucumber"": 40,
    ""Radish"": 20,
    ""Fried Chicken"": 60,
    ""Lemon Wedge"": 10
}
```",40,"rice",80,"cucumbers",40,"root vegetables",20,"poultry",60,"lemon or lime",10,NA,NA,NA,NA,NA,NA,"```json
{
    ""Rice"": 80,
    ""Cucumber"": 40,
    ""Radish"": 20,
    ""Fried Chicken"": 60,
    ""Lemon Wedge"": 10
}
```",40,"rice",80,"cucumbers",40,"root vegetables",20,"poultry",60,"lemon or lime",10,NA,NA,NA,NA,NA,NA,"```json
{
    ""Rice"": 80,
    ""Cucumber"": 40,
    ""Radish"": 20,
    ""Fried Chicken"": 60,
    ""Lemon Wedge"": 10
}
```",40,"rice",80,"cucumbers",40,"root vegetables",20,"poultry",60,"lemon or lime",10,NA,NA,NA,NA,NA,NA,"```json
{
    ""Rice"": 50,
    ""Cucumber"": 30,
    ""Radish"": 20,
    ""Fried Chicken"": 40,
    ""Lemon Wedge"": 10
}
```",40,"rice",50,"cucumbers",30,"root vegetables",20,"poultry",40,"lemon or lime",10,NA,NA,NA,NA,NA,NA,"```json
{
    ""Rice"": 80,
    ""Cucumber"": 40,
    ""Radish"": 20,
    ""Fried Chicken"": 60,
    ""Lemon Wedge"": 10
}
```",40,"rice",80,"cucumbers",40,"root vegetables",20,"poultry",60,"lemon or lime",10,NA,NA,NA,NA,NA,NA,90,52,29,40,10,NA,NA,NA,90,52,29,40,10,NA,NA,NA,180,52,29,80,10,NA,NA,NA,180,52,29,80,10,NA,NA,NA,180,52,29,80,10,NA,NA,NA,221,-25,25,221,-25,25,351,-155,155,351,-155,155,351,-155,155,210,-14,14,150,46,46,280,-84,84,150,46,46,280,-84,84,210,-14,14,210,-14,14,210,-14,14,150,46,46,210,-14,14,4,1,4,1,4,1,4,1,4,1,4,1,4,1,4,1,4,1,4,1,4,1,4,1,4,1,4,1,4,1
"Crispy shrimps with sweet and spicy sauce","Meike","Thursday","RiceShrimps",1,"10","25",598,674,76,"Krokante garnalen met zoet-pittige saus","https://www.hellofresh.nl/recipes/krokante-garnalen-met-kokosrijst-6661c3ce5fb32512350b4fc5","Meike_Thu_RiceShrimps_Pers1_Moment2.jpg",3,"rice","cucumbers","root vegetables","fats or oils","bread(crumbs)","(shell)fish","herbs","lemon or lime","garlic","fats or oils","water or broth","fats or oils","spices","vinaigrette",NA,"225g Rice; 1.5  Cucumber; 10 pieces Radish; 30g Grated Coconut; 75g Breadcrumbs; 240g Shrimp; 7.5g Coriander; 1.5  Lemon; 3  Garlic cloves; 3 tablespoon olive oil; 540ml broth; 1.5 tablespoon butter; 3 teaspoon sugar; 3 tablespoon vinegar"," Rice;  Cucumber;   Radish; Grated Coconut; Breadcrumbs;  Shrimp;  Coriander;  Lemon;  Garlic ;  olive oil; broth;  butter;  sugar;  vinegar",76,76,"```json
{
    ""rice"": ""1/4 cup"",
    ""shrimp"": ""2 pieces"",
    ""cucumber"": ""5 slices"",
    ""radish"": ""4 slices""
}
```",35,"rice","1/4 cup","(shell)fish","2 pieces","cucumbers","5 slices","root vegetables","4 slices",NA,NA,NA,NA,NA,NA,NA,NA,"```json
{
    ""rice"": ""1 tablespoon"",
    ""shrimp"": ""2 pieces"",
    ""cucumber"": ""4 slices"",
    ""radish"": ""3 slices""
}
```",35,"rice","1 tablespoon","(shell)fish","2 pieces","cucumbers","4 slices","root vegetables","3 slices",NA,NA,NA,NA,NA,NA,NA,NA,"```json
{
    ""Rice"": ""1 tablespoon"",
    ""Cucumber"": ""4 slices"",
    ""Radish"": ""3 slices"",
    ""Shrimp"": ""1 piece""
}
```",35,"rice","1 tablespoon","cucumbers","4 slices","root vegetables","3 slices","(shell)fish","1 piece",NA,NA,NA,NA,NA,NA,NA,NA,"```json
{
    ""cucumber_slices"": ""5 pieces"",
    ""radish_slices"": ""5 pieces"",
    ""rice"": ""2 tablespoons"",
    ""shrimp"": ""2 pieces""
}
```",35,"cucumbers","5 pieces","root vegetables","5 pieces","rice","2 tablespoons","(shell)fish","2 pieces",NA,NA,NA,NA,NA,NA,NA,NA,"```json
{
    ""cucumber_slices"": 5,
    ""radish_slices"": 4,
    ""rice"": ""1/4 cup"",
    ""shrimp"": 2
}
```",35,"cucumbers","5","root vegetables","4","rice","1/4 cup","(shell)fish","2",NA,NA,NA,NA,NA,NA,NA,NA,"```json
{
  ""Rice"": 20,
  ""Cucumber"": 10,
  ""Radish"": 10,
  ""Shrimp"": 15
}
```",35,"rice",20,"cucumbers",10,"root vegetables",10,"(shell)fish",15,NA,NA,NA,NA,NA,NA,NA,NA,"```json
{
  ""Rice"": 15,
  ""Cucumber"": 10,
  ""Radish"": 10,
  ""Shrimp"": 10
}
```",35,"rice",15,"cucumbers",10,"root vegetables",10,"(shell)fish",10,NA,NA,NA,NA,NA,NA,NA,NA,"```json
{
  ""Rice"": 15,
  ""Cucumber"": 10,
  ""Radish"": 10,
  ""Shrimp"": 10
}
```",35,"rice",15,"cucumbers",10,"root vegetables",10,"(shell)fish",10,NA,NA,NA,NA,NA,NA,NA,NA,"```json
{
  ""Rice"": 10,
  ""Cucumber"": 5,
  ""Radish"": 5,
  ""Shrimp"": 10
}
```",35,"rice",10,"cucumbers",5,"root vegetables",5,"(shell)fish",10,NA,NA,NA,NA,NA,NA,NA,NA,"```json
{
  ""Rice"": 10,
  ""Cucumber"": 5,
  ""Radish"": 5,
  ""Shrimp"": 10
}
```",35,"rice",10,"cucumbers",5,"root vegetables",5,"(shell)fish",10,NA,NA,NA,NA,NA,NA,NA,NA,"```json
{
    ""Rice"": 15,
    ""Cucumber"": 10,
    ""Radish"": 10,
    ""Shrimp"": 10
}
```",35,"rice",15,"cucumbers",10,"root vegetables",10,"(shell)fish",10,NA,NA,NA,NA,NA,NA,NA,NA,"```json
{
    ""Rice"": 15,
    ""Cucumber"": 10,
    ""Radish"": 10,
    ""Shrimp"": 10
}
```",35,"rice",15,"cucumbers",10,"root vegetables",10,"(shell)fish",10,NA,NA,NA,NA,NA,NA,NA,NA,"```json
{
    ""Rice"": 15,
    ""Cucumber"": 10,
    ""Radish"": 10,
    ""Shrimp"": 10
}
```",35,"rice",15,"cucumbers",10,"root vegetables",10,"(shell)fish",10,NA,NA,NA,NA,NA,NA,NA,NA,"```json
{
    ""Rice"": 15,
    ""Cucumber"": 10,
    ""Radish"": 10,
    ""Shrimp"": 10
}
```",35,"rice",15,"cucumbers",10,"root vegetables",10,"(shell)fish",10,NA,NA,NA,NA,NA,NA,NA,NA,"```json
{
    ""Rice"": 15,
    ""Cucumber"": 10,
    ""Radish"": 10,
    ""Shrimp"": 10
}
```",35,"rice",15,"cucumbers",10,"root vegetables",10,"(shell)fish",10,NA,NA,NA,NA,NA,NA,NA,NA,45,30,35,4,NA,NA,NA,NA,12,30,28,3,NA,NA,NA,NA,12,28,3,15,NA,NA,NA,NA,50,NA,24,30,NA,NA,NA,NA,35,4,45,30,NA,NA,NA,NA,114,-38,38,73,3,3,58,18,18,104,-28,28,114,-38,38,55,21,21,45,31,31,45,31,31,30,46,46,30,46,46,45,31,31,45,31,31,45,31,31,45,31,31,45,31,31,4,0,4,0,4,0,4,0,4,0,4,0,4,0,4,0,4,0,4,0,4,0,4,0,4,0,4,0,4,0
"Crispy shrimps with sweet and spicy sauce","Meike","Thursday","RiceShrimps",2,"10","25",575,958,383,"Krokante garnalen met zoet-pittige saus","https://www.hellofresh.nl/recipes/krokante-garnalen-met-kokosrijst-6661c3ce5fb32512350b4fc6","Meike_Thu_RiceShrimps_Pers2_Moment2.jpg",3,"rice","cucumbers","root vegetables","fats or oils","bread(crumbs)","(shell)fish","herbs","lemon or lime","garlic","fats or oils","water or broth","fats or oils","spices","vinaigrette",NA,"225g Rice; 1.5  Cucumber; 10 pieces Radish; 30g Grated Coconut; 75g Breadcrumbs; 240g Shrimp; 7.5g Coriander; 1.5  Lemon; 3  Garlic cloves; 3 tablespoon olive oil; 540ml broth; 1.5 tablespoon butter; 3 teaspoon sugar; 3 tablespoon vinegar"," Rice;  Cucumber;   Radish; Grated Coconut; Breadcrumbs;  Shrimp;  Coriander;  Lemon;  Garlic ;  olive oil; broth;  butter;  sugar;  vinegar",383,383,"```json
{
    ""Rice"": ""1 cup"",
    ""Cucumber"": ""0.5 cup"",
    ""Radish"": ""0.25 cup"",
    ""Lemon wedge"": ""1 piece""
}
```",38,"rice","1 cup","cucumbers","0.5 cup","root vegetables","0.25 cup","lemon or lime","1 piece",NA,NA,NA,NA,NA,NA,NA,NA,"```json
{
    ""Rice"": ""1 cup"",
    ""Cucumber"": ""0.5 cup"",
    ""Radish"": ""0.25 cup"",
    ""Lemon wedge"": ""1 piece""
}
```",38,"rice","1 cup","cucumbers","0.5 cup","root vegetables","0.25 cup","lemon or lime","1 piece",NA,NA,NA,NA,NA,NA,NA,NA,"```json
{
    ""Rice"": ""1 cup"",
    ""Cucumber"": ""0.5 cup"",
    ""Radish"": ""0.25 cup"",
    ""Lemon"": ""1 wedge""
}
```",38,"rice","1 cup","cucumbers","0.5 cup","root vegetables","0.25 cup","lemon or lime","1 wedge",NA,NA,NA,NA,NA,NA,NA,NA,"```json
{
    ""Rice"": ""1 cup"",
    ""Cucumber"": ""0.5 cup"",
    ""Radish"": ""0.25 cup"",
    ""Lemon wedge"": ""1 piece""
}
```",38,"rice","1 cup","cucumbers","0.5 cup","root vegetables","0.25 cup","lemon or lime","1 piece",NA,NA,NA,NA,NA,NA,NA,NA,"```json
{
    ""Rice"": ""1 cup"",
    ""Cucumber"": ""0.5 cup"",
    ""Radish"": ""0.25 cup"",
    ""Lemon wedge"": ""1 piece""
}
```",38,"rice","1 cup","cucumbers","0.5 cup","root vegetables","0.25 cup","lemon or lime","1 piece",NA,NA,NA,NA,NA,NA,NA,NA,"```json
{
    ""Rice"": 150,
    ""Cucumber"": 50,
    ""Radish"": 30,
    ""Lemon"": 20
}
```",38,"rice",150,"cucumbers",50,"root vegetables",30,"lemon or lime",20,NA,NA,NA,NA,NA,NA,NA,NA,"```json
{
    ""Rice"": 150,
    ""Cucumber"": 50,
    ""Radish"": 30,
    ""Lemon"": 20
}
```",38,"rice",150,"cucumbers",50,"root vegetables",30,"lemon or lime",20,NA,NA,NA,NA,NA,NA,NA,NA,"```json
{
    ""Rice"": 150,
    ""Cucumber"": 50,
    ""Radish"": 30,
    ""Lemon"": 20
}
```",38,"rice",150,"cucumbers",50,"root vegetables",30,"lemon or lime",20,NA,NA,NA,NA,NA,NA,NA,NA,"```json
{
    ""Rice"": 150,
    ""Cucumber"": 50,
    ""Radish"": 30,
    ""Lemon"": 20
}
```",38,"rice",150,"cucumbers",50,"root vegetables",30,"lemon or lime",20,NA,NA,NA,NA,NA,NA,NA,NA,"```json
{
    ""Rice"": 150,
    ""Cucumber"": 50,
    ""Radish"": 30,
    ""Lemon"": 20
}
```",38,"rice",150,"cucumbers",50,"root vegetables",30,"lemon or lime",20,NA,NA,NA,NA,NA,NA,NA,NA,"```json
{
    ""Rice"": 150,
    ""Cucumber"": 50,
    ""Radish"": 30,
    ""Lemon"": 20
}
```",38,"rice",150,"cucumbers",50,"root vegetables",30,"lemon or lime",20,NA,NA,NA,NA,NA,NA,NA,NA,"```json
{
    ""Rice"": 150,
    ""Cucumber"": 50,
    ""Radish"": 30,
    ""Lemon"": 20
}
```",38,"rice",150,"cucumbers",50,"root vegetables",30,"lemon or lime",20,NA,NA,NA,NA,NA,NA,NA,NA,"```json
{
    ""Rice"": 150,
    ""Cucumber"": 50,
    ""Radish"": 30,
    ""Lemon"": 20
}
```",38,"rice",150,"cucumbers",50,"root vegetables",30,"lemon or lime",20,NA,NA,NA,NA,NA,NA,NA,NA,"```json
{
    ""Rice"": 150,
    ""Cucumber"": 50,
    ""Radish"": 30,
    ""Lemon"": 20
}
```",38,"rice",150,"cucumbers",50,"root vegetables",30,"lemon or lime",20,NA,NA,NA,NA,NA,NA,NA,NA,"```json
{
    ""Rice"": 150,
    ""Cucumber"": 50,
    ""Radish"": 30,
    ""Lemon"": 20
}
```",38,"rice",150,"cucumbers",50,"root vegetables",30,"lemon or lime",20,NA,NA,NA,NA,NA,NA,NA,NA,180,52,29,10,NA,NA,NA,NA,180,52,29,10,NA,NA,NA,NA,180,52,29,10,NA,NA,NA,NA,180,52,29,10,NA,NA,NA,NA,180,52,29,10,NA,NA,NA,NA,271,112,112,271,112,112,271,112,112,271,112,112,271,112,112,250,133,133,250,133,133,250,133,133,250,133,133,250,133,133,250,133,133,250,133,133,250,133,133,250,133,133,250,133,133,4,0,4,0,4,0,4,0,4,0,4,0,4,0,4,0,4,0,4,0,4,0,4,0,4,0,4,0,4,0
"Crispy shrimps with sweet and spicy sauce","Meike","Thursday","RiceShrimps",3,"10","25",618,728,110,"Krokante garnalen met zoet-pittige saus","https://www.hellofresh.nl/recipes/krokante-garnalen-met-kokosrijst-6661c3ce5fb32512350b4fc7","Meike_Thu_RiceShrimps_Pers3_Moment2.jpg",3,"rice","cucumbers","root vegetables","fats or oils","bread(crumbs)","(shell)fish","herbs","lemon or lime","garlic","fats or oils","water or broth","fats or oils","spices","vinaigrette",NA,"225g Rice; 1.5  Cucumber; 10 pieces Radish; 30g Grated Coconut; 75g Breadcrumbs; 240g Shrimp; 7.5g Coriander; 1.5  Lemon; 3  Garlic cloves; 3 tablespoon olive oil; 540ml broth; 1.5 tablespoon butter; 3 teaspoon sugar; 3 tablespoon vinegar"," Rice;  Cucumber;   Radish; Grated Coconut; Breadcrumbs;  Shrimp;  Coriander;  Lemon;  Garlic ;  olive oil; broth;  butter;  sugar;  vinegar",110,110,"```json
{
    ""cucumber"": ""0.5 cups"",
    ""radish"": ""0.25 cups"",
    ""rice"": ""0.5 cups"",
    ""lemon wedge"": ""1 piece"",
    ""sauce"": ""0.5 cups"",
    ""fried item"": ""3 pieces""
}
```",41,"cucumbers","0.5 cups","root vegetables","0.25 cups","rice","0.5 cups","lemon or lime","1 piece","sauce","0.5 cups","potatoes or fries","3 pieces",NA,NA,NA,NA,"```json
{
    ""Rice"": ""0.5 cups"",
    ""Cucumber"": ""0.5 cups"",
    ""Radish"": ""0.25 cups"",
    ""Lemon wedge"": ""1 piece"",
    ""Breaded item"": ""3 pieces"",
    ""Sauce"": ""0.5 cups""
}
```",41,"rice","0.5 cups","cucumbers","0.5 cups","root vegetables","0.25 cups","lemon or lime","1 piece","bread(crumbs)","3 pieces","sauce","0.5 cups",NA,NA,NA,NA,"```json
{
    ""Rice"": ""0.5 cups"",
    ""Cucumber"": ""0.5 cups"",
    ""Radish"": ""0.25 cups"",
    ""Lemon"": ""1 piece"",
    ""Breaded Chicken"": ""3 pieces""
}
```",41,"rice","0.5 cups","cucumbers","0.5 cups","root vegetables","0.25 cups","lemon or lime","1 piece","poultry","3 pieces",NA,NA,NA,NA,NA,NA,"```json
{
    ""Cucumber"": ""0.5 cups"",
    ""Radish"": ""0.25 cups"",
    ""Rice"": ""0.5 cups"",
    ""Lemon wedge"": ""1 piece"",
    ""Breaded item"": ""3 pieces""
}
```",41,"cucumbers","0.5 cups","root vegetables","0.25 cups","rice","0.5 cups","lemon or lime","1 piece","bread(crumbs)","3 pieces",NA,NA,NA,NA,NA,NA,"```json
{
    ""Rice"": ""0.5 cups"",
    ""Cucumber"": ""0.5 cups"",
    ""Radish"": ""0.25 cups"",
    ""Lemon wedge"": ""1 piece"",
    ""Breaded chicken pieces"": ""3 pieces"",
    ""Sauce"": ""0.5 cups""
}
```",41,"rice","0.5 cups","cucumbers","0.5 cups","root vegetables","0.25 cups","lemon or lime","1 piece","poultry","3 pieces","sauce","0.5 cups",NA,NA,NA,NA,"```json
{
    ""Rice"": 50,
    ""Cucumber"": 30,
    ""Radish"": 20,
    ""Lemon"": 10,
    ""Breaded Chicken"": 40
}
```",41,"rice",50,"cucumbers",30,"root vegetables",20,"lemon or lime",10,"poultry",40,NA,NA,NA,NA,NA,NA,"```json
{
    ""Rice"": 50,
    ""Cucumber"": 30,
    ""Radish"": 20,
    ""Lemon"": 10,
    ""Breaded Chicken"": 40
}
```",41,"rice",50,"cucumbers",30,"root vegetables",20,"lemon or lime",10,"poultry",40,NA,NA,NA,NA,NA,NA,"```json
{
    ""Rice"": 50,
    ""Cucumber"": 30,
    ""Radish"": 20,
    ""Lemon"": 15,
    ""Breaded Chicken"": 40
}
```",41,"rice",50,"cucumbers",30,"root vegetables",20,"lemon or lime",15,"poultry",40,NA,NA,NA,NA,NA,NA,"```json
{
  ""Rice"": 50,
  ""Cucumber"": 30,
  ""Radish"": 20,
  ""Lemon"": 10,
  ""Breaded Chicken"": 40
}
```",41,"rice",50,"cucumbers",30,"root vegetables",20,"lemon or lime",10,"poultry",40,NA,NA,NA,NA,NA,NA,"```json
{
    ""Rice"": 50,
    ""Cucumber"": 30,
    ""Radish"": 20,
    ""Lemon Wedge"": 10,
    ""Breaded Chicken"": 40
}
```",41,"rice",50,"cucumbers",30,"root vegetables",20,"lemon or lime",10,"poultry",40,NA,NA,NA,NA,NA,NA,"```json
{
    ""Rice"": 50,
    ""Cucumber"": 30,
    ""Radish"": 20,
    ""Lemon Wedge"": 10,
    ""Breaded Chicken"": 40,
    ""Sauce"": 50
}
```",41,"rice",50,"cucumbers",30,"root vegetables",20,"lemon or lime",10,"poultry",40,"sauce",50,NA,NA,NA,NA,"```json
{
    ""Rice"": 50,
    ""Cucumber"": 30,
    ""Radish"": 20,
    ""Lemon Wedge"": 10,
    ""Breaded Chicken"": 40,
    ""Sauce"": 30
}
```",41,"rice",50,"cucumbers",30,"root vegetables",20,"lemon or lime",10,"poultry",40,"sauce",30,NA,NA,NA,NA,"```json
{
    ""Rice"": 50,
    ""Cucumber"": 30,
    ""Radish"": 20,
    ""Lemon Wedge"": 10,
    ""Breaded Chicken"": 40,
    ""Sauce"": 30
}
```",41,"rice",50,"cucumbers",30,"root vegetables",20,"lemon or lime",10,"poultry",40,"sauce",30,NA,NA,NA,NA,"```json
{
    ""Rice"": 50,
    ""Cucumber"": 30,
    ""Radish"": 20,
    ""Lemon Wedge"": 10,
    ""Breaded Chicken"": 40,
    ""Sauce"": 30
}
```",41,"rice",50,"cucumbers",30,"root vegetables",20,"lemon or lime",10,"poultry",40,"sauce",30,NA,NA,NA,NA,"```json
{
    ""Rice"": 50,
    ""Cucumber"": 30,
    ""Radish"": 20,
    ""Lemon Wedge"": 10,
    ""Breaded Chicken"": 40,
    ""Sauce"": 30
}
```",41,"rice",50,"cucumbers",30,"root vegetables",20,"lemon or lime",10,"poultry",40,"sauce",30,NA,NA,NA,NA,52,29,90,10,120,6,NA,NA,90,52,29,10,90,120,NA,NA,90,52,29,11.6,90,NA,NA,NA,52,29,90,10,90,NA,NA,NA,90,52,29,10,90,120,NA,NA,307,-197,197,391,-281,281,272.6,-162.6,162.6,271,-161,161,391,-281,281,150,-40,40,150,-40,40,155,-45,45,150,-40,40,150,-40,40,200,-90,90,180,-70,70,180,-70,70,180,-70,70,180,-70,70,4,2,5,1,4,1,5,0,4,2,4,1,4,1,4,1,4,1,4,1,4,2,4,2,4,2,4,2,4,2
"Crispy shrimps with sweet and spicy sauce","Meike","Thursday","RiceShrimps",1,"finished","25",598,599,1,"Krokante garnalen met zoet-pittige saus","https://www.hellofresh.nl/recipes/krokante-garnalen-met-kokosrijst-6661c3ce5fb32512350b4fc8","Meike_Thu_RiceShrimps_Pers1_Moment3.jpg",3,"rice","cucumbers","root vegetables","fats or oils","bread(crumbs)","(shell)fish","herbs","lemon or lime","garlic","fats or oils","water or broth","fats or oils","spices","vinaigrette",NA,"225g Rice; 1.5  Cucumber; 10 pieces Radish; 30g Grated Coconut; 75g Breadcrumbs; 240g Shrimp; 7.5g Coriander; 1.5  Lemon; 3  Garlic cloves; 3 tablespoon olive oil; 540ml broth; 1.5 tablespoon butter; 3 teaspoon sugar; 3 tablespoon vinegar"," Rice;  Cucumber;   Radish; Grated Coconut; Breadcrumbs;  Shrimp;  Coriander;  Lemon;  Garlic ;  olive oil; broth;  butter;  sugar;  vinegar",1,1,"```json
{
  ""Remnants"": ""0 teaspoons""
}
```",36,NA,"0 teaspoons",NA,NA,NA,NA,NA,NA,NA,NA,NA,NA,NA,NA,NA,NA,"```json
{
  ""Remnants"": ""0 teaspoons""
}
```",36,NA,"0 teaspoons",NA,NA,NA,NA,NA,NA,NA,NA,NA,NA,NA,NA,NA,NA,"```json
{
  ""Remnants"": ""0 teaspoons""
}
```",36,NA,"0 teaspoons",NA,NA,NA,NA,NA,NA,NA,NA,NA,NA,NA,NA,NA,NA,"```json
{
  ""Remnants"": ""0 teaspoons""
}
```",36,NA,"0 teaspoons",NA,NA,NA,NA,NA,NA,NA,NA,NA,NA,NA,NA,NA,NA,"```json
{""Remnants"": ""0 teaspoons""}
```",36,NA,NA,NA,NA,NA,NA,NA,NA,NA,NA,NA,NA,NA,NA,NA,NA,"```json
{""Remnants"": 0 grams}
```",36,NA,NA,NA,NA,NA,NA,NA,NA,NA,NA,NA,NA,NA,NA,NA,NA,"```json
{""Remnants"": 0 grams}
```",36,NA,NA,NA,NA,NA,NA,NA,NA,NA,NA,NA,NA,NA,NA,NA,NA,"```json
{""Remnants"": 0 grams}
```",36,NA,NA,NA,NA,NA,NA,NA,NA,NA,NA,NA,NA,NA,NA,NA,NA,"```json
{""Remnants"": 0 grams}
```",36,NA,NA,NA,NA,NA,NA,NA,NA,NA,NA,NA,NA,NA,NA,NA,NA,"```json
{""Remnants"": 0 grams}
```",36,NA,NA,NA,NA,NA,NA,NA,NA,NA,NA,NA,NA,NA,NA,NA,NA,"```json
{""Remnants"": 0 grams}
```",36,NA,NA,NA,NA,NA,NA,NA,NA,NA,NA,NA,NA,NA,NA,NA,NA,"```json
{""Remnants"": 0 grams}
```",36,NA,NA,NA,NA,NA,NA,NA,NA,NA,NA,NA,NA,NA,NA,NA,NA,"```json
{""Remnants"": 0 grams}
```",36,NA,NA,NA,NA,NA,NA,NA,NA,NA,NA,NA,NA,NA,NA,NA,NA,"```json
{""Remnants"": 0 grams}
```",36,NA,NA,NA,NA,NA,NA,NA,NA,NA,NA,NA,NA,NA,NA,NA,NA,"```json
{""Remnants"": 0 grams}
```",36,NA,NA,NA,NA,NA,NA,NA,NA,NA,NA,NA,NA,NA,NA,NA,NA,0,NA,NA,NA,NA,NA,NA,NA,0,NA,NA,NA,NA,NA,NA,NA,0,NA,NA,NA,NA,NA,NA,NA,0,NA,NA,NA,NA,NA,NA,NA,NA,NA,NA,NA,NA,NA,NA,NA,0,1,1,0,1,1,0,1,1,0,1,1,0,1,1,0,1,1,0,1,1,0,1,1,0,1,1,0,1,1,0,1,1,0,1,1,0,1,1,0,1,1,0,1,1,0,0,0,0,0,0,0,0,0,0,0,0,0,0,0,0,0,0,0,0,0,0,0,0,0,0,0,0,0,0
"Crispy shrimps with sweet and spicy sauce","Meike","Thursday","RiceShrimps",2,"finished","25",575,926,351,"Krokante garnalen met zoet-pittige saus","https://www.hellofresh.nl/recipes/krokante-garnalen-met-kokosrijst-6661c3ce5fb32512350b4fc9","Meike_Thu_RiceShrimps_Pers2_Moment3.jpg",3,"rice","cucumbers","root vegetables","fats or oils","bread(crumbs)","(shell)fish","herbs","lemon or lime","garlic","fats or oils","water or broth","fats or oils","spices","vinaigrette",NA,"225g Rice; 1.5  Cucumber; 10 pieces Radish; 30g Grated Coconut; 75g Breadcrumbs; 240g Shrimp; 7.5g Coriander; 1.5  Lemon; 3  Garlic cloves; 3 tablespoon olive oil; 540ml broth; 1.5 tablespoon butter; 3 teaspoon sugar; 3 tablespoon vinegar"," Rice;  Cucumber;   Radish; Grated Coconut; Breadcrumbs;  Shrimp;  Coriander;  Lemon;  Garlic ;  olive oil; broth;  butter;  sugar;  vinegar",351,351,"```json
{
    ""Rice"": ""0.5 cups"",
    ""Radish"": ""0.25 cups"",
    ""Cucumber"": ""0.25 cups"",
    ""Lemon"": ""1 slice""
}
```",39,"rice","0.5 cups","root vegetables","0.25 cups","cucumbers","0.25 cups","lemon or lime","1 slice",NA,NA,NA,NA,NA,NA,NA,NA,"```json
{
    ""Rice"": ""0.5 cups"",
    ""Radishes"": ""0.5 cups"",
    ""Cucumber"": ""0.5 cups"",
    ""Lemon wedge"": ""1 piece""
}
```",39,"rice","0.5 cups","root vegetables","0.5 cups","cucumbers","0.5 cups","lemon or lime","1 piece",NA,NA,NA,NA,NA,NA,NA,NA,"```json
{
    ""Rice"": ""1 cup"",
    ""Radishes"": ""8 slices"",
    ""Cucumber"": ""0.5 cup"",
    ""Lemon"": ""1 wedge""
}
```",39,"rice","1 cup","root vegetables","8 slices","cucumbers","0.5 cup","lemon or lime","1 wedge",NA,NA,NA,NA,NA,NA,NA,NA,"```json
{
    ""Rice"": ""0.5 cups"",
    ""Radishes"": ""0.5 cups"",
    ""Cucumber"": ""0.5 cups"",
    ""Lemon wedge"": ""1 piece""
}
```",39,"rice","0.5 cups","root vegetables","0.5 cups","cucumbers","0.5 cups","lemon or lime","1 piece",NA,NA,NA,NA,NA,NA,NA,NA,"```json
{
    ""Rice"": ""1 cup"",
    ""Radishes"": ""8 slices"",
    ""Cucumber"": ""0.5 cup"",
    ""Lemon"": ""1 slice""
}
```",39,"rice","1 cup","root vegetables","8 slices","cucumbers","0.5 cup","lemon or lime","1 slice",NA,NA,NA,NA,NA,NA,NA,NA,"```json
{
  ""Rice"": 50,
  ""Radishes"": 20,
  ""Cucumber"": 30,
  ""Lemon"": 10
}
```",39,"rice",50,"root vegetables",20,"cucumbers",30,"lemon or lime",10,NA,NA,NA,NA,NA,NA,NA,NA,"```json
{
    ""Rice"": 50,
    ""Radishes"": 20,
    ""Cucumber"": 30,
    ""Lemon"": 10
}
```",39,"rice",50,"root vegetables",20,"cucumbers",30,"lemon or lime",10,NA,NA,NA,NA,NA,NA,NA,NA,"```json
{
    ""Rice"": 50,
    ""Radishes"": 20,
    ""Cucumber"": 30,
    ""Lemon"": 10
}
```",39,"rice",50,"root vegetables",20,"cucumbers",30,"lemon or lime",10,NA,NA,NA,NA,NA,NA,NA,NA,"```json
{
  ""Rice"": 50,
  ""Radishes"": 20,
  ""Cucumber"": 30,
  ""Lemon"": 10
}
```",39,"rice",50,"root vegetables",20,"cucumbers",30,"lemon or lime",10,NA,NA,NA,NA,NA,NA,NA,NA,"```json
{
    ""Rice"": 50,
    ""Radishes"": 20,
    ""Cucumber"": 30,
    ""Lemon"": 10
}
```",39,"rice",50,"root vegetables",20,"cucumbers",30,"lemon or lime",10,NA,NA,NA,NA,NA,NA,NA,NA,"```json
{
    ""Rice"": 50,
    ""Radishes"": 20,
    ""Cucumber"": 30,
    ""Lemon"": 10
}
```",39,"rice",50,"root vegetables",20,"cucumbers",30,"lemon or lime",10,NA,NA,NA,NA,NA,NA,NA,NA,"```json
{
    ""Rice"": 50,
    ""Cucumber"": 30,
    ""Radish"": 20,
    ""Lemon"": 10
}
```",39,"rice",50,"cucumbers",30,"root vegetables",20,"lemon or lime",10,NA,NA,NA,NA,NA,NA,NA,NA,"```json
{
    ""Rice"": 50,
    ""Cucumber"": 30,
    ""Radish"": 20,
    ""Lemon"": 10
}
```",39,"rice",50,"cucumbers",30,"root vegetables",20,"lemon or lime",10,NA,NA,NA,NA,NA,NA,NA,NA,"```json
{
    ""Rice"": 50,
    ""Cucumber"": 30,
    ""Radish"": 20,
    ""Lemon"": 10
}
```",39,"rice",50,"cucumbers",30,"root vegetables",20,"lemon or lime",10,NA,NA,NA,NA,NA,NA,NA,NA,"```json
{
  ""Rice"": 50,
  ""Radishes"": 20,
  ""Cucumber"": 30,
  ""Lemon"": 10
}
```",39,"rice",50,"root vegetables",20,"cucumbers",30,"lemon or lime",10,NA,NA,NA,NA,NA,NA,NA,NA,90,29,26,10,NA,NA,NA,NA,90,58,52,10,NA,NA,NA,NA,180,8,52,10,NA,NA,NA,NA,90,58,52,10,NA,NA,NA,NA,180,8,52,10,NA,NA,NA,NA,155,196,196,210,141,141,250,101,101,210,141,141,250,101,101,110,241,241,110,241,241,110,241,241,110,241,241,110,241,241,110,241,241,110,241,241,110,241,241,110,241,241,110,241,241,4,0,4,0,4,0,4,0,4,0,4,0,4,0,4,0,4,0,4,0,4,0,4,0,4,0,4,0,4,0
"Crispy shrimps with sweet and spicy sauce","Meike","Thursday","RiceShrimps",3,"finished","25",618,632,14,"Krokante garnalen met zoet-pittige saus","https://www.hellofresh.nl/recipes/krokante-garnalen-met-kokosrijst-6661c3ce5fb32512350b4fc10","Meike_Thu_RiceShrimps_Pers3_Moment3.jpg",3,"rice","cucumbers","root vegetables","fats or oils","bread(crumbs)","(shell)fish","herbs","lemon or lime","garlic","fats or oils","water or broth","fats or oils","spices","vinaigrette",NA,"225g Rice; 1.5  Cucumber; 10 pieces Radish; 30g Grated Coconut; 75g Breadcrumbs; 240g Shrimp; 7.5g Coriander; 1.5  Lemon; 3  Garlic cloves; 3 tablespoon olive oil; 540ml broth; 1.5 tablespoon butter; 3 teaspoon sugar; 3 tablespoon vinegar"," Rice;  Cucumber;   Radish; Grated Coconut; Breadcrumbs;  Shrimp;  Coriander;  Lemon;  Garlic ;  olive oil; broth;  butter;  sugar;  vinegar",14,14,"```json
{
  ""Lemon wedge"": 1,
  ""Herb pieces"": ""few"",
  ""Remnants"": ""trace""
}
```",42,"lemon or lime","1","herbs","few",NA,"trace",NA,NA,NA,NA,NA,NA,NA,NA,NA,NA,"```json
{
    ""Lemon wedge"": 1,
    ""Herb pieces"": ""few"",
    ""Remnants"": ""trace""
}
```",42,"lemon or lime","1","herbs","few",NA,"trace",NA,NA,NA,NA,NA,NA,NA,NA,NA,NA,"```json
{
    ""Lemon wedge"": 1,
    ""Herb pieces"": 0.5 teaspoons,
    ""Remnants"": 0 teaspoons
}
```",42,"lemon or lime","1","herbs","0.5 teaspoons",NA,"0 teaspoons",NA,NA,NA,NA,NA,NA,NA,NA,NA,NA,"```json
{
    ""Lemon wedge"": 1 piece,
    ""Herbs"": ""trace amounts"",
    ""Remnants"": ""trace amounts""
}
```",42,"lemon or lime","1 piece","herbs","trace amounts",NA,"trace amounts",NA,NA,NA,NA,NA,NA,NA,NA,NA,NA,"```json
{
    ""Lemon wedge"": 1,
    ""Herb pieces"": ""few"",
    ""Remnants"": ""trace""
}
```",42,"lemon or lime","1","herbs","few",NA,"trace",NA,NA,NA,NA,NA,NA,NA,NA,NA,NA,"```json
{
  ""Lemon wedge"": 10,
  ""Herb remnants"": 1
}
```",42,"lemon or lime",10,"herbs",1,NA,NA,NA,NA,NA,NA,NA,NA,NA,NA,NA,NA,"```json
{
  ""Lemon wedge"": 10,
  ""Herbs"": 1,
  ""Remnants"": 0
}
```",42,"lemon or lime",10,"herbs",1,NA,0,NA,NA,NA,NA,NA,NA,NA,NA,NA,NA,"```json
{
  ""Lemon wedge"": 10,
  ""Herbs"": 1,
  ""Remnants"": 0
}
```",42,"lemon or lime",10,"herbs",1,NA,0,NA,NA,NA,NA,NA,NA,NA,NA,NA,NA,"```json
{
  ""Lemon wedge"": 10,
  ""Herbs"": 1,
  ""Remnants"": 2
}
```",42,"lemon or lime",10,"herbs",1,NA,2,NA,NA,NA,NA,NA,NA,NA,NA,NA,NA,"```json
{
  ""Lemon wedge"": 10,
  ""Herbs"": 1,
  ""Remnants"": 0
}
```",42,"lemon or lime",10,"herbs",1,NA,0,NA,NA,NA,NA,NA,NA,NA,NA,NA,NA,"```json
{
  ""Lemon wedge"": 10,
  ""Herb remnants"": 1,
  ""Sauce remnants"": 2
}
```",42,"lemon or lime",10,"herbs",1,"sauce",2,NA,NA,NA,NA,NA,NA,NA,NA,NA,NA,"```json
{
  ""Lemon wedge"": 10,
  ""Herb remnants"": 1,
  ""Sauce remnants"": 2
}
```",42,"lemon or lime",10,"herbs",1,"sauce",2,NA,NA,NA,NA,NA,NA,NA,NA,NA,NA,"```json
{
  ""Lemon wedge"": 10
}
```",42,"lemon or lime",10,NA,NA,NA,NA,NA,NA,NA,NA,NA,NA,NA,NA,NA,NA,"```json
{
  ""Lemon wedge"": 10
}
```",42,"lemon or lime",10,NA,NA,NA,NA,NA,NA,NA,NA,NA,NA,NA,NA,NA,NA,"```json
{
  ""Lemon wedge"": 10,
  ""Herb remnants"": 1,
  ""Sauce remnants"": 2
}
```",42,"lemon or lime",10,"herbs",1,"sauce",2,NA,NA,NA,NA,NA,NA,NA,NA,NA,NA,10,NA,NA,NA,NA,NA,NA,NA,10,NA,NA,NA,NA,NA,NA,NA,10,0.5,0,NA,NA,NA,NA,NA,10,NA,NA,NA,NA,NA,NA,NA,10,NA,NA,NA,NA,NA,NA,NA,10,4,4,10,4,4,10.5,3.5,3.5,10,4,4,10,4,4,11,3,3,11,3,3,11,3,3,13,1,1,11,3,3,13,1,1,13,1,1,10,4,4,10,4,4,13,1,1,2,0,2,0,2,0,2,0,2,0,2,0,2,0,2,0,2,0,2,0,2,1,2,1,1,0,1,0,2,1
"Lentil soufflé with cheese and potato topping, carrots, champions and parsley","Nina","45584","Lentilsouffle",1,"50-30%","22.8",385,501,116,"Lentil soufflé with cheese and potato topping, carrots, champions and parsley","https://www.hellofresh.de/recipes/linsenauflauf-mit-kase-kartoffel-haube-65bcbbf4fb38871420c61dc1","Nina_Day3_Lentil1_50.jpg",3,"legumes","potatoes or fries","mushrooms","root vegetables","onion","garlic","herbs","dairy (cream)","tomatoes","vinaigrette","sauce","cheese","water or broth","fats or oils","fats or oils","585g Brown Lentils; 2  Potato; 125g Mushrooms; 2  Carrot; 1  Onion; 1  Garlic cloves; 10g Parsley; 100g Crème Fraîche; 105g Tomato Paste; 15ml Mustard; 50ml Soy Sauce; 150g Gouda cheese; 500ml Water; 1.5 tablespoon butter; 10g oil"," Brown Lentils;  Potato;  Mushrooms;  Carrot;  Onion;  Garlic ; Parsley;  Crème Fraîche;  Tomato Paste; Mustard; Soy Sauce;  Gouda cheese; Water;  butter; oil",116,116,"```json
{
  ""Remnants"": ""2 tablespoons""
}
```",89,NA,"2 tablespoons",NA,NA,NA,NA,NA,NA,NA,NA,NA,NA,NA,NA,NA,NA,"```json
{
  ""Remnants"": ""2 tablespoons""
}
```",89,NA,"2 tablespoons",NA,NA,NA,NA,NA,NA,NA,NA,NA,NA,NA,NA,NA,NA,"```json
{
  ""Remnants"": ""2 tablespoons""
}
```",89,NA,"2 tablespoons",NA,NA,NA,NA,NA,NA,NA,NA,NA,NA,NA,NA,NA,NA,"```json
{
    ""Remnants"": ""2 tablespoons""
}
```",89,NA,"2 tablespoons",NA,NA,NA,NA,NA,NA,NA,NA,NA,NA,NA,NA,NA,NA,"```json
{
    ""Remnants"": ""3 tablespoons""
}
```",89,NA,"3 tablespoons",NA,NA,NA,NA,NA,NA,NA,NA,NA,NA,NA,NA,NA,NA,"```json
{
  ""Remnants"": 20
}
```",89,NA,20,NA,NA,NA,NA,NA,NA,NA,NA,NA,NA,NA,NA,NA,NA,"```json
{
  ""Remnants"": 20
}
```",89,NA,20,NA,NA,NA,NA,NA,NA,NA,NA,NA,NA,NA,NA,NA,NA,"```json
{
  ""Remnants"": 20
}
```",89,NA,20,NA,NA,NA,NA,NA,NA,NA,NA,NA,NA,NA,NA,NA,NA,"```json
{
  ""Remnants"": 20
}
```",89,NA,20,NA,NA,NA,NA,NA,NA,NA,NA,NA,NA,NA,NA,NA,NA,"```json
{
  ""Remnants"": 20
}
```",89,NA,20,NA,NA,NA,NA,NA,NA,NA,NA,NA,NA,NA,NA,NA,NA,"```json
{
  ""Remnants"": 20
}
```",89,NA,20,NA,NA,NA,NA,NA,NA,NA,NA,NA,NA,NA,NA,NA,NA,"```json
{
  ""Remnants"": 20
}
```",89,NA,20,NA,NA,NA,NA,NA,NA,NA,NA,NA,NA,NA,NA,NA,NA,"```json
{
  ""Remnants"": 20
}
```",89,NA,20,NA,NA,NA,NA,NA,NA,NA,NA,NA,NA,NA,NA,NA,NA,"```json
{
  ""Remnants"": 20
}
```",89,NA,20,NA,NA,NA,NA,NA,NA,NA,NA,NA,NA,NA,NA,NA,NA,"```json
{
  ""Remnants"": 20
}
```",89,NA,20,NA,NA,NA,NA,NA,NA,NA,NA,NA,NA,NA,NA,NA,NA,30,NA,NA,NA,NA,NA,NA,NA,30,NA,NA,NA,NA,NA,NA,NA,30,NA,NA,NA,NA,NA,NA,NA,30,NA,NA,NA,NA,NA,NA,NA,45,NA,NA,NA,NA,NA,NA,NA,30,86,86,30,86,86,30,86,86,30,86,86,45,71,71,20,96,96,20,96,96,20,96,96,20,96,96,20,96,96,20,96,96,20,96,96,20,96,96,20,96,96,20,96,96,0,0,0,0,0,0,0,0,0,0,0,0,0,0,0,0,0,0,0,0,0,0,0,0,0,0,0,0,0,0
"Lentil soufflé with cheese and potato topping, carrots, champions and parsley","Nina","45584","Lentilsouffle",1,"30-10%","22.8",385,436,51,"Lentil soufflé with cheese and potato topping, carrots, champions and parsley","https://www.hellofresh.de/recipes/linsenauflauf-mit-kase-kartoffel-haube-65bcbbf4fb38871420c61dc1","Nina_Day3_Lentil1_30.jpg",3,"legumes","potatoes or fries","mushrooms","root vegetables","onion","garlic","herbs","dairy (cream)","tomatoes","vinaigrette","sauce","cheese","water or broth","fats or oils","fats or oils","585g Brown Lentils; 2  Potato; 125g Mushrooms; 2  Carrot; 1  Onion; 1  Garlic cloves; 10g Parsley; 100g Crème Fraîche; 105g Tomato Paste; 15ml Mustard; 50ml Soy Sauce; 150g Gouda cheese; 500ml Water; 1.5 tablespoon butter; 10g oil"," Brown Lentils;  Potato;  Mushrooms;  Carrot;  Onion;  Garlic ; Parsley;  Crème Fraîche;  Tomato Paste; Mustard; Soy Sauce;  Gouda cheese; Water;  butter; oil",51,51,"```json
{
  ""Remnants"": ""2 tablespoons""
}
```",88,NA,"2 tablespoons",NA,NA,NA,NA,NA,NA,NA,NA,NA,NA,NA,NA,NA,NA,"```json
{
  ""Remnants"": ""2 tablespoons""
}
```",88,NA,"2 tablespoons",NA,NA,NA,NA,NA,NA,NA,NA,NA,NA,NA,NA,NA,NA,"```json
{
  ""Remnants"": ""2 tablespoons""
}
```",88,NA,"2 tablespoons",NA,NA,NA,NA,NA,NA,NA,NA,NA,NA,NA,NA,NA,NA,"```json
{
  ""Remnants"": ""2 tablespoons""
}
```",88,NA,"2 tablespoons",NA,NA,NA,NA,NA,NA,NA,NA,NA,NA,NA,NA,NA,NA,"```json
{
  ""Remnants"": ""2 tablespoons""
}
```",88,NA,"2 tablespoons",NA,NA,NA,NA,NA,NA,NA,NA,NA,NA,NA,NA,NA,NA,"```json
{
  ""Remnants"": 10
}
```",88,NA,10,NA,NA,NA,NA,NA,NA,NA,NA,NA,NA,NA,NA,NA,NA,"```json
{
  ""Remnants"": 10
}
```",88,NA,10,NA,NA,NA,NA,NA,NA,NA,NA,NA,NA,NA,NA,NA,NA,"```json
{
  ""Remnants"": 10
}
```",88,NA,10,NA,NA,NA,NA,NA,NA,NA,NA,NA,NA,NA,NA,NA,NA,"```json
{
  ""Remnants"": 10
}
```",88,NA,10,NA,NA,NA,NA,NA,NA,NA,NA,NA,NA,NA,NA,NA,NA,"```json
{
  ""Remnants"": 10
}
```",88,NA,10,NA,NA,NA,NA,NA,NA,NA,NA,NA,NA,NA,NA,NA,NA,"```json
{
  ""Remnants"": 10
}
```",88,NA,10,NA,NA,NA,NA,NA,NA,NA,NA,NA,NA,NA,NA,NA,NA,"```json
{
  ""Remnants"": 10
}
```",88,NA,10,NA,NA,NA,NA,NA,NA,NA,NA,NA,NA,NA,NA,NA,NA,"```json
{
  ""Remnants"": 10
}
```",88,NA,10,NA,NA,NA,NA,NA,NA,NA,NA,NA,NA,NA,NA,NA,NA,"```json
{
  ""Remnants"": 10
}
```",88,NA,10,NA,NA,NA,NA,NA,NA,NA,NA,NA,NA,NA,NA,NA,NA,"```json
{
  ""Remnants"": 10
}
```",88,NA,10,NA,NA,NA,NA,NA,NA,NA,NA,NA,NA,NA,NA,NA,NA,30,NA,NA,NA,NA,NA,NA,NA,30,NA,NA,NA,NA,NA,NA,NA,30,NA,NA,NA,NA,NA,NA,NA,30,NA,NA,NA,NA,NA,NA,NA,30,NA,NA,NA,NA,NA,NA,NA,30,21,21,30,21,21,30,21,21,30,21,21,30,21,21,10,41,41,10,41,41,10,41,41,10,41,41,10,41,41,10,41,41,10,41,41,10,41,41,10,41,41,10,41,41,0,0,0,0,0,0,0,0,0,0,0,0,0,0,0,0,0,0,0,0,0,0,0,0,0,0,0,0,0,0
"Lentil soufflé with cheese and potato topping, carrots, champions and parsley","Nina","45584","Lentilsouffle",1,"finished","22.8",385,391,6,"Lentil soufflé with cheese and potato topping, carrots, champions and parsley","https://www.hellofresh.de/recipes/linsenauflauf-mit-kase-kartoffel-haube-65bcbbf4fb38871420c61dc1","Nina_Day3_Lentil1_0.jpg",3,"legumes","potatoes or fries","mushrooms","root vegetables","onion","garlic","herbs","dairy (cream)","tomatoes","vinaigrette","sauce","cheese","water or broth","fats or oils","fats or oils","585g Brown Lentils; 2  Potato; 125g Mushrooms; 2  Carrot; 1  Onion; 1  Garlic cloves; 10g Parsley; 100g Crème Fraîche; 105g Tomato Paste; 15ml Mustard; 50ml Soy Sauce; 150g Gouda cheese; 500ml Water; 1.5 tablespoon butter; 10g oil"," Brown Lentils;  Potato;  Mushrooms;  Carrot;  Onion;  Garlic ; Parsley;  Crème Fraîche;  Tomato Paste; Mustard; Soy Sauce;  Gouda cheese; Water;  butter; oil",6,6,"```json
{""Remnants"": ""2 teaspoons""}
```",87,NA,NA,NA,NA,NA,NA,NA,NA,NA,NA,NA,NA,NA,NA,NA,NA,"```json
{""Remnants"": ""2 teaspoons""}
```",87,NA,NA,NA,NA,NA,NA,NA,NA,NA,NA,NA,NA,NA,NA,NA,NA,"```json
{""Remnants"": ""2 teaspoons""}
```",87,NA,NA,NA,NA,NA,NA,NA,NA,NA,NA,NA,NA,NA,NA,NA,NA,"```json
{""Remnants"": ""2 teaspoons""}
```",87,NA,NA,NA,NA,NA,NA,NA,NA,NA,NA,NA,NA,NA,NA,NA,NA,"```json
{""Remnants"": ""2 teaspoons""}
```",87,NA,NA,NA,NA,NA,NA,NA,NA,NA,NA,NA,NA,NA,NA,NA,NA,"```json
{""Remnants"": 0 grams}
```",87,NA,NA,NA,NA,NA,NA,NA,NA,NA,NA,NA,NA,NA,NA,NA,NA,"```json
{""Remnants"": 0 grams}
```",87,NA,NA,NA,NA,NA,NA,NA,NA,NA,NA,NA,NA,NA,NA,NA,NA,"```json
{""Remnants"": 0 grams}
```",87,NA,NA,NA,NA,NA,NA,NA,NA,NA,NA,NA,NA,NA,NA,NA,NA,"```json
{""Remnants"": 0 grams}
```",87,NA,NA,NA,NA,NA,NA,NA,NA,NA,NA,NA,NA,NA,NA,NA,NA,"```json
{""Remnants"": 0 grams}
```",87,NA,NA,NA,NA,NA,NA,NA,NA,NA,NA,NA,NA,NA,NA,NA,NA,"```json
{""Remnants"": 0 grams}
```",87,NA,NA,NA,NA,NA,NA,NA,NA,NA,NA,NA,NA,NA,NA,NA,NA,"```json
{""Remnants"": 0 grams}
```",87,NA,NA,NA,NA,NA,NA,NA,NA,NA,NA,NA,NA,NA,NA,NA,NA,"```json
{""Remnants"": 0 grams}
```",87,NA,NA,NA,NA,NA,NA,NA,NA,NA,NA,NA,NA,NA,NA,NA,NA,"```json
{""Remnants"": 0 grams}
```",87,NA,NA,NA,NA,NA,NA,NA,NA,NA,NA,NA,NA,NA,NA,NA,NA,"```json
{""Remnants"": 0 grams}
```",87,NA,NA,NA,NA,NA,NA,NA,NA,NA,NA,NA,NA,NA,NA,NA,NA,NA,NA,NA,NA,NA,NA,NA,NA,NA,NA,NA,NA,NA,NA,NA,NA,NA,NA,NA,NA,NA,NA,NA,NA,NA,NA,NA,NA,NA,NA,NA,NA,NA,NA,NA,NA,NA,NA,NA,NA,0,6,6,0,6,6,0,6,6,0,6,6,0,6,6,0,6,6,0,6,6,0,6,6,0,6,6,0,6,6,0,6,6,0,6,6,0,6,6,0,6,6,0,6,6,0,0,0,0,0,0,0,0,0,0,0,0,0,0,0,0,0,0,0,0,0,0,0,0,0,0,0,0,0,0
"Lentil soufflé with cheese and potato topping, carrots, champions and parsley","Nina","45584","Lentilsouffle",2,"50-30%","22.8",396,517,121,"Lentil soufflé with cheese and potato topping, carrots, champions and parsley","https://www.hellofresh.de/recipes/linsenauflauf-mit-kase-kartoffel-haube-65bcbbf4fb38871420c61dc1","Nina_Day3_Lentil2_50.jpg",3,"legumes","potatoes or fries","mushrooms","root vegetables","onion","garlic","herbs","dairy (cream)","tomatoes","vinaigrette","sauce","cheese","water or broth","fats or oils","fats or oils","585g Brown Lentils; 2  Potato; 125g Mushrooms; 2  Carrot; 1  Onion; 1  Garlic cloves; 10g Parsley; 100g Crème Fraîche; 105g Tomato Paste; 15ml Mustard; 50ml Soy Sauce; 150g Gouda cheese; 500ml Water; 1.5 tablespoon butter; 10g oil"," Brown Lentils;  Potato;  Mushrooms;  Carrot;  Onion;  Garlic ; Parsley;  Crème Fraîche;  Tomato Paste; Mustard; Soy Sauce;  Gouda cheese; Water;  butter; oil",121,121,"```json
{
    ""Ingredients"": {
        ""Lentils"": ""1/4 cup"",
        ""Diced Vegetables"": ""1/4 cup"",
        ""Herbs"": ""1 teaspoon"",
        ""Sauce"": ""2 tablespoons""
    }
}
```",90,"legumes","1/4 cup","vegetable mix","1/4 cup","herbs","1 teaspoon","sauce","2 tablespoons",NA,NA,NA,NA,NA,NA,NA,NA,"```json
{
  ""Ingredients"": {
    ""Lentils"": ""1/4 cup"",
    ""Diced Vegetables"": ""1/4 cup"",
    ""Herbs"": ""1 teaspoon"",
    ""Sauce"": ""1 tablespoon""
  }
}
```",90,"legumes","1/4 cup","vegetable mix","1/4 cup","herbs","1 teaspoon","sauce","1 tablespoon",NA,NA,NA,NA,NA,NA,NA,NA,"```json
{
  ""Ingredients"": {
    ""Lentils"": ""1/4 cup"",
    ""Diced Vegetables"": ""1/4 cup"",
    ""Herbs"": ""1 teaspoon"",
    ""Sauce"": ""1 tablespoon""
  }
}
```",90,"legumes","1/4 cup","vegetable mix","1/4 cup","herbs","1 teaspoon","sauce","1 tablespoon",NA,NA,NA,NA,NA,NA,NA,NA,"```json
{
    ""Remnants"": ""3 tablespoons""
}
```",90,NA,"3 tablespoons",NA,NA,NA,NA,NA,NA,NA,NA,NA,NA,NA,NA,NA,NA,"```json
{
  ""Ingredients"": {
    ""Lentils"": ""1/4 cup"",
    ""Diced Vegetables"": ""1/4 cup"",
    ""Herbs"": ""1 teaspoon"",
    ""Sauce"": ""2 tablespoons""
  }
}
```",90,"legumes","1/4 cup","vegetable mix","1/4 cup","herbs","1 teaspoon","sauce","2 tablespoons",NA,NA,NA,NA,NA,NA,NA,NA,"```json
{
  ""Remnants"": 50
}
```",90,NA,50,NA,NA,NA,NA,NA,NA,NA,NA,NA,NA,NA,NA,NA,NA,"```json
{
  ""Remnants"": 50
}
```",90,NA,50,NA,NA,NA,NA,NA,NA,NA,NA,NA,NA,NA,NA,NA,NA,"```json
{
  ""Remnants"": 50
}
```",90,NA,50,NA,NA,NA,NA,NA,NA,NA,NA,NA,NA,NA,NA,NA,NA,"```json
{
  ""Remnants"": 50
}
```",90,NA,50,NA,NA,NA,NA,NA,NA,NA,NA,NA,NA,NA,NA,NA,NA,"```json
{
  ""Remnants"": 50
}
```",90,NA,50,NA,NA,NA,NA,NA,NA,NA,NA,NA,NA,NA,NA,NA,NA,"```json
{
  ""Remnants"": 50
}
```",90,NA,50,NA,NA,NA,NA,NA,NA,NA,NA,NA,NA,NA,NA,NA,NA,"```json
{
  ""Remnants"": 50
}
```",90,NA,50,NA,NA,NA,NA,NA,NA,NA,NA,NA,NA,NA,NA,NA,NA,"```json
{
  ""Remnants"": 50
}
```",90,NA,50,NA,NA,NA,NA,NA,NA,NA,NA,NA,NA,NA,NA,NA,NA,"```json
{
  ""Remnants"": 50
}
```",90,NA,50,NA,NA,NA,NA,NA,NA,NA,NA,NA,NA,NA,NA,NA,NA,"```json
{
  ""Remnants"": 50
}
```",90,NA,50,NA,NA,NA,NA,NA,NA,NA,NA,NA,NA,NA,NA,NA,NA,52.5,18.75,1,30,NA,NA,NA,NA,52.5,18.75,1,15,NA,NA,NA,NA,52.5,18.75,1,15,NA,NA,NA,NA,45,NA,NA,NA,NA,NA,NA,NA,52.5,18.75,1,30,NA,NA,NA,NA,102.25,18.75,18.75,87.25,33.75,33.75,87.25,33.75,33.75,45,76,76,102.25,18.75,18.75,50,71,71,50,71,71,50,71,71,50,71,71,50,71,71,50,71,71,50,71,71,50,71,71,50,71,71,50,71,71,3,1,3,1,3,1,0,0,3,1,0,0,0,0,0,0,0,0,0,0,0,0,0,0,0,0,0,0,0,0
"Lentil soufflé with cheese and potato topping, carrots, champions and parsley","Nina","45584","Lentilsouffle",3,"50-30%","22.8",389,538,149,"Lentil soufflé with cheese and potato topping, carrots, champions and parsley","https://www.hellofresh.de/recipes/linsenauflauf-mit-kase-kartoffel-haube-65bcbbf4fb38871420c61dc1","Nina_Day3_Lentil3_50.jpg",3,"legumes","potatoes or fries","mushrooms","root vegetables","onion","garlic","herbs","dairy (cream)","tomatoes","vinaigrette","sauce","cheese","water or broth","fats or oils","fats or oils","585g Brown Lentils; 2  Potato; 125g Mushrooms; 2  Carrot; 1  Onion; 1  Garlic cloves; 10g Parsley; 100g Crème Fraîche; 105g Tomato Paste; 15ml Mustard; 50ml Soy Sauce; 150g Gouda cheese; 500ml Water; 1.5 tablespoon butter; 10g oil"," Brown Lentils;  Potato;  Mushrooms;  Carrot;  Onion;  Garlic ; Parsley;  Crème Fraîche;  Tomato Paste; Mustard; Soy Sauce;  Gouda cheese; Water;  butter; oil",149,149,"```json
{
  ""Remnants"": ""2 tablespoons""
}
```",93,NA,"2 tablespoons",NA,NA,NA,NA,NA,NA,NA,NA,NA,NA,NA,NA,NA,NA,"```json
{
  ""Remnants"": ""2 tablespoons""
}
```",93,NA,"2 tablespoons",NA,NA,NA,NA,NA,NA,NA,NA,NA,NA,NA,NA,NA,NA,"```json
{
    ""Remnants"": ""2 tablespoons""
}
```",93,NA,"2 tablespoons",NA,NA,NA,NA,NA,NA,NA,NA,NA,NA,NA,NA,NA,NA,"```json
{
    ""Remnants"": ""2 tablespoons""
}
```",93,NA,"2 tablespoons",NA,NA,NA,NA,NA,NA,NA,NA,NA,NA,NA,NA,NA,NA,"```json
{
  ""Remnants"": ""2 tablespoons""
}
```",93,NA,"2 tablespoons",NA,NA,NA,NA,NA,NA,NA,NA,NA,NA,NA,NA,NA,NA,"```json
{
  ""Remnants"": 50
}
```",93,NA,50,NA,NA,NA,NA,NA,NA,NA,NA,NA,NA,NA,NA,NA,NA,"```json
{
  ""Remnants"": 50
}
```",93,NA,50,NA,NA,NA,NA,NA,NA,NA,NA,NA,NA,NA,NA,NA,NA,"```json
{
  ""Remnants"": 50
}
```",93,NA,50,NA,NA,NA,NA,NA,NA,NA,NA,NA,NA,NA,NA,NA,NA,"```json
{
  ""Remnants"": 50
}
```",93,NA,50,NA,NA,NA,NA,NA,NA,NA,NA,NA,NA,NA,NA,NA,NA,"```json
{
  ""Remnants"": 50
}
```",93,NA,50,NA,NA,NA,NA,NA,NA,NA,NA,NA,NA,NA,NA,NA,NA,"```json
{
  ""Remnants"": 50
}
```",93,NA,50,NA,NA,NA,NA,NA,NA,NA,NA,NA,NA,NA,NA,NA,NA,"```json
{
  ""Remnants"": 50
}
```",93,NA,50,NA,NA,NA,NA,NA,NA,NA,NA,NA,NA,NA,NA,NA,NA,"```json
{
  ""Remnants"": 50
}
```",93,NA,50,NA,NA,NA,NA,NA,NA,NA,NA,NA,NA,NA,NA,NA,NA,"```json
{
  ""Remnants"": 50
}
```",93,NA,50,NA,NA,NA,NA,NA,NA,NA,NA,NA,NA,NA,NA,NA,NA,"```json
{
  ""Remnants"": 50
}
```",93,NA,50,NA,NA,NA,NA,NA,NA,NA,NA,NA,NA,NA,NA,NA,NA,30,NA,NA,NA,NA,NA,NA,NA,30,NA,NA,NA,NA,NA,NA,NA,30,NA,NA,NA,NA,NA,NA,NA,30,NA,NA,NA,NA,NA,NA,NA,30,NA,NA,NA,NA,NA,NA,NA,30,119,119,30,119,119,30,119,119,30,119,119,30,119,119,50,99,99,50,99,99,50,99,99,50,99,99,50,99,99,50,99,99,50,99,99,50,99,99,50,99,99,50,99,99,0,0,0,0,0,0,0,0,0,0,0,0,0,0,0,0,0,0,0,0,0,0,0,0,0,0,0,0,0,0
"Lentil soufflé with cheese and potato topping, carrots, champions and parsley","Nina","45584","Lentilsouffle",3,"30-10%","22.8",389,428,39,"Lentil soufflé with cheese and potato topping, carrots, champions and parsley","https://www.hellofresh.de/recipes/linsenauflauf-mit-kase-kartoffel-haube-65bcbbf4fb38871420c61dc1","Nina_Day3_Lentil3_30.jpg",3,"legumes","potatoes or fries","mushrooms","root vegetables","onion","garlic","herbs","dairy (cream)","tomatoes","vinaigrette","sauce","cheese","water or broth","fats or oils","fats or oils","585g Brown Lentils; 2  Potato; 125g Mushrooms; 2  Carrot; 1  Onion; 1  Garlic cloves; 10g Parsley; 100g Crème Fraîche; 105g Tomato Paste; 15ml Mustard; 50ml Soy Sauce; 150g Gouda cheese; 500ml Water; 1.5 tablespoon butter; 10g oil"," Brown Lentils;  Potato;  Mushrooms;  Carrot;  Onion;  Garlic ; Parsley;  Crème Fraîche;  Tomato Paste; Mustard; Soy Sauce;  Gouda cheese; Water;  butter; oil",39,39,"```json
{
  ""Remnants"": ""2 tablespoons""
}
```",92,NA,"2 tablespoons",NA,NA,NA,NA,NA,NA,NA,NA,NA,NA,NA,NA,NA,NA,"```json
{
  ""Remnants"": ""2 tablespoons""
}
```",92,NA,"2 tablespoons",NA,NA,NA,NA,NA,NA,NA,NA,NA,NA,NA,NA,NA,NA,"```json
{
    ""Remnants"": ""2 tablespoons""
}
```",92,NA,"2 tablespoons",NA,NA,NA,NA,NA,NA,NA,NA,NA,NA,NA,NA,NA,NA,"```json
{
  ""Remnants"": ""2 tablespoons""
}
```",92,NA,"2 tablespoons",NA,NA,NA,NA,NA,NA,NA,NA,NA,NA,NA,NA,NA,NA,"```json
{
  ""Remnants"": ""2 tablespoons""
}
```",92,NA,"2 tablespoons",NA,NA,NA,NA,NA,NA,NA,NA,NA,NA,NA,NA,NA,NA,"```json
{
  ""Remnants"": 10
}
```",92,NA,10,NA,NA,NA,NA,NA,NA,NA,NA,NA,NA,NA,NA,NA,NA,"```json
{
  ""Remnants"": 10
}
```",92,NA,10,NA,NA,NA,NA,NA,NA,NA,NA,NA,NA,NA,NA,NA,NA,"```json
{
  ""Remnants"": 10
}
```",92,NA,10,NA,NA,NA,NA,NA,NA,NA,NA,NA,NA,NA,NA,NA,NA,"```json
{
  ""Remnants"": 10
}
```",92,NA,10,NA,NA,NA,NA,NA,NA,NA,NA,NA,NA,NA,NA,NA,NA,"```json
{
  ""Remnants"": 10
}
```",92,NA,10,NA,NA,NA,NA,NA,NA,NA,NA,NA,NA,NA,NA,NA,NA,"```json
{
  ""Remnants"": 10
}
```",92,NA,10,NA,NA,NA,NA,NA,NA,NA,NA,NA,NA,NA,NA,NA,NA,"```json
{
  ""Remnants"": 10
}
```",92,NA,10,NA,NA,NA,NA,NA,NA,NA,NA,NA,NA,NA,NA,NA,NA,"```json
{
  ""Remnants"": 10
}
```",92,NA,10,NA,NA,NA,NA,NA,NA,NA,NA,NA,NA,NA,NA,NA,NA,"```json
{
  ""Remnants"": 0
}
```",92,NA,0,NA,NA,NA,NA,NA,NA,NA,NA,NA,NA,NA,NA,NA,NA,"```json
{
  ""Remnants"": 0 grams
}
```",92,NA,0,NA,NA,NA,NA,NA,NA,NA,NA,NA,NA,NA,NA,NA,NA,30,NA,NA,NA,NA,NA,NA,NA,30,NA,NA,NA,NA,NA,NA,NA,30,NA,NA,NA,NA,NA,NA,NA,30,NA,NA,NA,NA,NA,NA,NA,30,NA,NA,NA,NA,NA,NA,NA,30,9,9,30,9,9,30,9,9,30,9,9,30,9,9,10,29,29,10,29,29,10,29,29,10,29,29,10,29,29,10,29,29,10,29,29,10,29,29,0,39,39,0,39,39,0,0,0,0,0,0,0,0,0,0,0,0,0,0,0,0,0,0,0,0,0,0,0,0,0,0,0,0,0,0
"Lentil soufflé with cheese and potato topping, carrots, champions and parsley","Nina","45584","Lentilsouffle",3,"finished","22.8",389,390,1,"Lentil soufflé with cheese and potato topping, carrots, champions and parsley","https://www.hellofresh.de/recipes/linsenauflauf-mit-kase-kartoffel-haube-65bcbbf4fb38871420c61dc1","Nina_Day3_Lentil3_0.jpg",3,"legumes","potatoes or fries","mushrooms","root vegetables","onion","garlic","herbs","dairy (cream)","tomatoes","vinaigrette","sauce","cheese","water or broth","fats or oils","fats or oils","585g Brown Lentils; 2  Potato; 125g Mushrooms; 2  Carrot; 1  Onion; 1  Garlic cloves; 10g Parsley; 100g Crème Fraîche; 105g Tomato Paste; 15ml Mustard; 50ml Soy Sauce; 150g Gouda cheese; 500ml Water; 1.5 tablespoon butter; 10g oil"," Brown Lentils;  Potato;  Mushrooms;  Carrot;  Onion;  Garlic ; Parsley;  Crème Fraîche;  Tomato Paste; Mustard; Soy Sauce;  Gouda cheese; Water;  butter; oil",1,1,"```json
{""Remnants"": ""2 teaspoons""}
```",91,NA,NA,NA,NA,NA,NA,NA,NA,NA,NA,NA,NA,NA,NA,NA,NA,"```json
{""Remnants"": ""2 teaspoons""}
```",91,NA,NA,NA,NA,NA,NA,NA,NA,NA,NA,NA,NA,NA,NA,NA,NA,"```json
{""Remnants"": ""2 teaspoons""}
```",91,NA,NA,NA,NA,NA,NA,NA,NA,NA,NA,NA,NA,NA,NA,NA,NA,"```json
{""Remnants"": ""2 teaspoons""}
```",91,NA,NA,NA,NA,NA,NA,NA,NA,NA,NA,NA,NA,NA,NA,NA,NA,"```json
{""Remnants"": ""2 teaspoons""}
```",91,NA,NA,NA,NA,NA,NA,NA,NA,NA,NA,NA,NA,NA,NA,NA,NA,"```json
{""Remnants"": 0 grams}
```",91,NA,NA,NA,NA,NA,NA,NA,NA,NA,NA,NA,NA,NA,NA,NA,NA,"```json
{""Remnants"": 0 grams}
```",91,NA,NA,NA,NA,NA,NA,NA,NA,NA,NA,NA,NA,NA,NA,NA,NA,"```json
{""Remnants"": 0 grams}
```",91,NA,NA,NA,NA,NA,NA,NA,NA,NA,NA,NA,NA,NA,NA,NA,NA,"```json
{""Remnants"": 0 grams}
```",91,NA,NA,NA,NA,NA,NA,NA,NA,NA,NA,NA,NA,NA,NA,NA,NA,"```json
{""Remnants"": 0 grams}
```",91,NA,NA,NA,NA,NA,NA,NA,NA,NA,NA,NA,NA,NA,NA,NA,NA,"```json
{""Remnants"": 0 grams}
```",91,NA,NA,NA,NA,NA,NA,NA,NA,NA,NA,NA,NA,NA,NA,NA,NA,"```json
{""Remnants"": 0 grams}
```",91,NA,NA,NA,NA,NA,NA,NA,NA,NA,NA,NA,NA,NA,NA,NA,NA,"```json
{""Remnants"": 0 grams}
```",91,NA,NA,NA,NA,NA,NA,NA,NA,NA,NA,NA,NA,NA,NA,NA,NA,"```json
{""Remnants"": 0 grams}
```",91,NA,NA,NA,NA,NA,NA,NA,NA,NA,NA,NA,NA,NA,NA,NA,NA,"```json
{""Remnants"": 0 grams}
```",91,NA,NA,NA,NA,NA,NA,NA,NA,NA,NA,NA,NA,NA,NA,NA,NA,NA,NA,NA,NA,NA,NA,NA,NA,NA,NA,NA,NA,NA,NA,NA,NA,NA,NA,NA,NA,NA,NA,NA,NA,NA,NA,NA,NA,NA,NA,NA,NA,NA,NA,NA,NA,NA,NA,NA,NA,0,1,1,0,1,1,0,1,1,0,1,1,0,1,1,0,1,1,0,1,1,0,1,1,0,1,1,0,1,1,0,1,1,0,1,1,0,1,1,0,1,1,0,1,1,0,0,0,0,0,0,0,0,0,0,0,0,0,0,0,0,0,0,0,0,0,0,0,0,0,0,0,0,0,0
"Noodles with minced chicken and Asian sauce","Meike","Tuesday","NoodlesChicken",1,"50","25",584,847,263,"Noedles met kipgehakt en aziatische saus","https://www.hellofresh.nl/recipes/noedels-met-kipgehakt-en-aziatische-saus-5fd0c5b7943827314d7b7d75","Meike_Tue_NoodlesChicken_Pers1_Moment1.jpg",3,"garlic","seasoning","zucchini","bell pepper","peppers","poultry","sauce","sauce","noodles","nuts or raisins","fats or oils",NA,NA,NA,NA,"3 Garlic cloves; 30g Ginger; 1.5  Zucchini; 1.5  bellpepper; 0.75  Red Pepper; 300g Minced Chicken; 3 bags Sweet Asian Sauce; 30ml Soy Sauce; 150g Noodles; 30g Cashew; 1.5 tablespoon sunflower oil","Garlic ; Ginger;  Zucchini;  bellpepper;   Red Pepper;  Minced Chicken; bags Sweet Asian Sauce; Soy Sauce;  Noodles; Cashew;  sunflower oil",263,263,"```json
{
    ""noodles"": ""1 cup"",
    ""red bell pepper"": ""0.5 cup"",
    ""zucchini"": ""0.25 cup"",
    ""ground meat"": ""0.25 cup"",
    ""onion"": ""2 tablespoons""
}
```",43,"noodles","1 cup","bell pepper","0.5 cup","zucchini","0.25 cup","ground (undifferentiated) meat","0.25 cup","onion","2 tablespoons",NA,NA,NA,NA,NA,NA,"```json
{
    ""noodles"": ""1 cup"",
    ""red bell pepper"": ""0.5 cup"",
    ""zucchini"": ""0.25 cup"",
    ""ground meat"": ""0.25 cup"",
    ""onion"": ""2 tablespoons""
}
```",43,"noodles","1 cup","bell pepper","0.5 cup","zucchini","0.25 cup","ground (undifferentiated) meat","0.25 cup","onion","2 tablespoons",NA,NA,NA,NA,NA,NA,"```json
{
    ""noodles"": ""1 cup"",
    ""red bell pepper"": ""0.5 cup"",
    ""zucchini"": ""0.25 cup"",
    ""ground meat"": ""0.25 cup"",
    ""onion"": ""2 tablespoons""
}
```",43,"noodles","1 cup","bell pepper","0.5 cup","zucchini","0.25 cup","ground (undifferentiated) meat","0.25 cup","onion","2 tablespoons",NA,NA,NA,NA,NA,NA,"```json
{
    ""noodles"": ""1 cup"",
    ""red bell pepper"": ""0.5 cup"",
    ""zucchini"": ""0.25 cup"",
    ""ground meat"": ""0.25 cup"",
    ""onion"": ""2 tablespoons""
}
```",43,"noodles","1 cup","bell pepper","0.5 cup","zucchini","0.25 cup","ground (undifferentiated) meat","0.25 cup","onion","2 tablespoons",NA,NA,NA,NA,NA,NA,"```json
{
    ""noodles"": ""1 cup"",
    ""red bell pepper"": ""0.5 cup"",
    ""zucchini"": ""0.25 cup"",
    ""ground meat"": ""0.25 cup"",
    ""onion"": ""2 tablespoons""
}
```",43,"noodles","1 cup","bell pepper","0.5 cup","zucchini","0.25 cup","ground (undifferentiated) meat","0.25 cup","onion","2 tablespoons",NA,NA,NA,NA,NA,NA,"```json
{
  ""Noodles"": 100,
  ""Red Bell Peppers"": 50,
  ""Zucchini"": 30,
  ""Ground Meat"": 40
}
```",43,"noodles",100,"bell pepper",50,"zucchini",30,"ground (undifferentiated) meat",40,NA,NA,NA,NA,NA,NA,NA,NA,"```json
{
    ""Noodles"": 100,
    ""Red Bell Peppers"": 50,
    ""Zucchini"": 30,
    ""Ground Meat"": 40,
    ""Onions"": 20
}
```",43,"noodles",100,"bell pepper",50,"zucchini",30,"ground (undifferentiated) meat",40,"onion",20,NA,NA,NA,NA,NA,NA,"```json
{
  ""noodles"": 100,
  ""red bell pepper"": 50,
  ""zucchini"": 30,
  ""ground meat"": 60
}
```",43,"noodles",100,"bell pepper",50,"zucchini",30,"ground (undifferentiated) meat",60,NA,NA,NA,NA,NA,NA,NA,NA,"```json
{
  ""noodles"": 100,
  ""red bell pepper"": 50,
  ""zucchini"": 30,
  ""ground meat"": 60
}
```",43,"noodles",100,"bell pepper",50,"zucchini",30,"ground (undifferentiated) meat",60,NA,NA,NA,NA,NA,NA,NA,NA,"```json
{
  ""noodles"": 100,
  ""red bell pepper"": 50,
  ""zucchini"": 30,
  ""ground meat"": 60,
  ""onion"": 20
}
```",43,"noodles",100,"bell pepper",50,"zucchini",30,"ground (undifferentiated) meat",60,"onion",20,NA,NA,NA,NA,NA,NA,"```json
{
    ""Noodles"": 100,
    ""Red Bell Peppers"": 50,
    ""Zucchini"": 30,
    ""Ground Meat"": 40,
    ""Onions"": 20
}
```",43,"noodles",100,"bell pepper",50,"zucchini",30,"ground (undifferentiated) meat",40,"onion",20,NA,NA,NA,NA,NA,NA,"```json
{
    ""Noodles"": 100,
    ""Red Bell Peppers"": 50,
    ""Zucchini"": 30,
    ""Ground Meat"": 60,
    ""Onions"": 20
}
```",43,"noodles",100,"bell pepper",50,"zucchini",30,"ground (undifferentiated) meat",60,"onion",20,NA,NA,NA,NA,NA,NA,"```json
{
    ""Noodles"": 100,
    ""Red Bell Peppers"": 50,
    ""Zucchini"": 30,
    ""Ground Meat"": 60,
    ""Onions"": 20
}
```",43,"noodles",100,"bell pepper",50,"zucchini",30,"ground (undifferentiated) meat",60,"onion",20,NA,NA,NA,NA,NA,NA,"```json
{
    ""Noodles"": 100,
    ""Red Bell Peppers"": 50,
    ""Zucchini"": 30,
    ""Ground Meat"": 60,
    ""Onions"": 20
}
```",43,"noodles",100,"bell pepper",50,"zucchini",30,"ground (undifferentiated) meat",60,"onion",20,NA,NA,NA,NA,NA,NA,"```json
{
    ""Noodles"": 100,
    ""Red Bell Peppers"": 50,
    ""Zucchini"": 30,
    ""Ground Meat"": 60,
    ""Onions"": 20
}
```",43,"noodles",100,"bell pepper",50,"zucchini",30,"ground (undifferentiated) meat",60,"onion",20,NA,NA,NA,NA,NA,NA,221,87.5,37.5,40,20,NA,NA,NA,221,87.5,37.5,40,20,NA,NA,NA,221,87.5,37.5,40,20,NA,NA,NA,221,87.5,37.5,40,20,NA,NA,NA,221,87.5,37.5,40,20,NA,NA,NA,406,-143,143,406,-143,143,406,-143,143,406,-143,143,406,-143,143,220,43,43,240,23,23,240,23,23,240,23,23,260,3,3,240,23,23,260,3,3,260,3,3,260,3,3,260,3,3,3,2,3,2,3,2,3,2,3,2,3,1,3,2,3,1,3,1,3,2,3,2,3,2,3,2,3,2,3,2
"Noodles with minced chicken and Asian sauce","Meike","Tuesday","NoodlesChicken",2,"50","25",567,960,393,"Noedles met kipgehakt en aziatische saus","https://www.hellofresh.nl/recipes/noedels-met-kipgehakt-en-aziatische-saus-5fd0c5b7943827314d7b7d76","Meike_Tue_NoodlesChicken_Pers2_Moment1.jpg",3,"garlic","seasoning","zucchini","bell pepper","peppers","poultry","sauce","sauce","noodles","nuts or raisins","fats or oils",NA,NA,NA,NA,"3 Garlic cloves; 30g Ginger; 1.5  Zucchini; 1.5  bellpepper; 0.75  Red Pepper; 300g Minced Chicken; 3 bags Sweet Asian Sauce; 30ml Soy Sauce; 150g Noodles; 30g Cashew; 1.5 tablespoon sunflower oil","Garlic ; Ginger;  Zucchini;  bellpepper;   Red Pepper;  Minced Chicken; bags Sweet Asian Sauce; Soy Sauce;  Noodles; Cashew;  sunflower oil",393,393,"```json
{
    ""noodles"": ""1 cup"",
    ""zucchini"": ""0.5 cup"",
    ""red bell pepper"": ""0.5 cup"",
    ""ground meat"": ""0.5 cup"",
    ""onion"": ""0.25 cup""
}
```",46,"noodles","1 cup","zucchini","0.5 cup","bell pepper","0.5 cup","ground (undifferentiated) meat","0.5 cup","onion","0.25 cup",NA,NA,NA,NA,NA,NA,"```json
{
    ""noodles"": ""1 cup"",
    ""zucchini"": ""0.5 cup"",
    ""red bell pepper"": ""0.5 cup"",
    ""ground meat"": ""0.5 cup"",
    ""onion"": ""0.25 cup""
}
```",46,"noodles","1 cup","zucchini","0.5 cup","bell pepper","0.5 cup","ground (undifferentiated) meat","0.5 cup","onion","0.25 cup",NA,NA,NA,NA,NA,NA,"```json
{
    ""noodles"": ""1 cup"",
    ""zucchini"": ""0.5 cup"",
    ""red bell pepper"": ""0.5 cup"",
    ""ground meat"": ""0.5 cup"",
    ""onion"": ""0.25 cup""
}
```",46,"noodles","1 cup","zucchini","0.5 cup","bell pepper","0.5 cup","ground (undifferentiated) meat","0.5 cup","onion","0.25 cup",NA,NA,NA,NA,NA,NA,"```json
{
    ""noodles"": ""1 cup"",
    ""zucchini"": ""0.5 cup"",
    ""red bell pepper"": ""0.5 cup"",
    ""ground meat"": ""0.5 cup"",
    ""onion"": ""0.25 cup""
}
```",46,"noodles","1 cup","zucchini","0.5 cup","bell pepper","0.5 cup","ground (undifferentiated) meat","0.5 cup","onion","0.25 cup",NA,NA,NA,NA,NA,NA,"```json
{
    ""noodles"": ""1 cup"",
    ""zucchini"": ""0.5 cup"",
    ""red bell pepper"": ""0.5 cup"",
    ""ground meat"": ""0.5 cup"",
    ""onion"": ""0.25 cup""
}
```",46,"noodles","1 cup","zucchini","0.5 cup","bell pepper","0.5 cup","ground (undifferentiated) meat","0.5 cup","onion","0.25 cup",NA,NA,NA,NA,NA,NA,"```json
{
    ""Noodles"": 100,
    ""Zucchini"": 50,
    ""Red Bell Pepper"": 50,
    ""Ground Meat"": 70,
    ""Onion"": 30
}
```",46,"noodles",100,"zucchini",50,"bell pepper",50,"ground (undifferentiated) meat",70,"onion",30,NA,NA,NA,NA,NA,NA,"```json
{
    ""Noodles"": 100,
    ""Zucchini"": 50,
    ""Red Bell Pepper"": 50,
    ""Ground Meat"": 70,
    ""Onion"": 30
}
```",46,"noodles",100,"zucchini",50,"bell pepper",50,"ground (undifferentiated) meat",70,"onion",30,NA,NA,NA,NA,NA,NA,"```json
{
  ""Noodles"": 100,
  ""Zucchini"": 50,
  ""Red Bell Pepper"": 50,
  ""Ground Meat"": 70,
  ""Onion"": 30
}
```",46,"noodles",100,"zucchini",50,"bell pepper",50,"ground (undifferentiated) meat",70,"onion",30,NA,NA,NA,NA,NA,NA,"```json
{
    ""Noodles"": 100,
    ""Zucchini"": 50,
    ""Red Bell Pepper"": 50,
    ""Ground Meat"": 70,
    ""Onion"": 30
}
```",46,"noodles",100,"zucchini",50,"bell pepper",50,"ground (undifferentiated) meat",70,"onion",30,NA,NA,NA,NA,NA,NA,"```json
{
    ""Noodles"": 100,
    ""Zucchini"": 50,
    ""Red Bell Pepper"": 50,
    ""Ground Meat"": 70,
    ""Onion"": 30
}
```",46,"noodles",100,"zucchini",50,"bell pepper",50,"ground (undifferentiated) meat",70,"onion",30,NA,NA,NA,NA,NA,NA,"```json
{
    ""noodles"": 100,
    ""zucchini"": 50,
    ""red bell pepper"": 40,
    ""ground meat"": 60,
    ""onion"": 20
}
```",46,"noodles",100,"zucchini",50,"bell pepper",40,"ground (undifferentiated) meat",60,"onion",20,NA,NA,NA,NA,NA,NA,"```json
{
    ""noodles"": 100,
    ""zucchini"": 50,
    ""red bell pepper"": 40,
    ""ground meat"": 60,
    ""onion"": 30
}
```",46,"noodles",100,"zucchini",50,"bell pepper",40,"ground (undifferentiated) meat",60,"onion",30,NA,NA,NA,NA,NA,NA,"```json
{
  ""noodles"": 100,
  ""zucchini"": 50,
  ""red bell pepper"": 50,
  ""ground meat"": 70,
  ""onion"": 30
}
```",46,"noodles",100,"zucchini",50,"bell pepper",50,"ground (undifferentiated) meat",70,"onion",30,NA,NA,NA,NA,NA,NA,"```json
{
  ""noodles"": 100,
  ""zucchini"": 50,
  ""red bell pepper"": 40,
  ""ground meat"": 60,
  ""onion"": 30
}
```",46,"noodles",100,"zucchini",50,"bell pepper",40,"ground (undifferentiated) meat",60,"onion",30,NA,NA,NA,NA,NA,NA,"```json
{
  ""noodles"": 100,
  ""zucchini"": 50,
  ""red bell pepper"": 40,
  ""ground meat"": 60,
  ""onion"": 30
}
```",46,"noodles",100,"zucchini",50,"bell pepper",40,"ground (undifferentiated) meat",60,"onion",30,NA,NA,NA,NA,NA,NA,221,75,87.5,80,40,NA,NA,NA,221,75,87.5,80,40,NA,NA,NA,221,75,87.5,80,40,NA,NA,NA,221,75,87.5,80,40,NA,NA,NA,221,75,87.5,80,40,NA,NA,NA,503.5,-110.5,110.5,503.5,-110.5,110.5,503.5,-110.5,110.5,503.5,-110.5,110.5,503.5,-110.5,110.5,300,93,93,300,93,93,300,93,93,300,93,93,300,93,93,270,123,123,280,113,113,300,93,93,280,113,113,280,113,113,3,2,3,2,3,2,3,2,3,2,3,2,3,2,3,2,3,2,3,2,3,2,3,2,3,2,3,2,3,2
"Noodles with minced chicken and Asian sauce","Meike","Tuesday","NoodlesChicken",3,"40","25",634,926,292,"Noedles met kipgehakt en aziatische saus","https://www.hellofresh.nl/recipes/noedels-met-kipgehakt-en-aziatische-saus-5fd0c5b7943827314d7b7d77","Meike_Tue_NoodlesChicken_Pers3_Moment1.jpg",3,"garlic","seasoning","zucchini","bell pepper","peppers","poultry","sauce","sauce","noodles","nuts or raisins","fats or oils",NA,NA,NA,NA,"3 Garlic cloves; 30g Ginger; 1.5  Zucchini; 1.5  bellpepper; 0.75  Red Pepper; 300g Minced Chicken; 3 bags Sweet Asian Sauce; 30ml Soy Sauce; 150g Noodles; 30g Cashew; 1.5 tablespoon sunflower oil","Garlic ; Ginger;  Zucchini;  bellpepper;   Red Pepper;  Minced Chicken; bags Sweet Asian Sauce; Soy Sauce;  Noodles; Cashew;  sunflower oil",292,292,"```json
{
    ""noodles"": ""1 cup"",
    ""red bell pepper"": ""0.5 cup"",
    ""zucchini"": ""0.5 cup"",
    ""ground meat"": ""0.25 cup""
}
```",49,"noodles","1 cup","bell pepper","0.5 cup","zucchini","0.5 cup","ground (undifferentiated) meat","0.25 cup",NA,NA,NA,NA,NA,NA,NA,NA,"```json
{
    ""noodles"": ""1 cup"",
    ""red bell pepper"": ""0.5 cup"",
    ""zucchini"": ""0.5 cup"",
    ""ground meat"": ""0.25 cup""
}
```",49,"noodles","1 cup","bell pepper","0.5 cup","zucchini","0.5 cup","ground (undifferentiated) meat","0.25 cup",NA,NA,NA,NA,NA,NA,NA,NA,"```json
{
    ""noodles"": ""1.5 cups"",
    ""red bell pepper"": ""0.5 cups"",
    ""zucchini"": ""0.5 cups"",
    ""ground meat"": ""0.25 cups""
}
```",49,"noodles","1.5 cups","bell pepper","0.5 cups","zucchini","0.5 cups","ground (undifferentiated) meat","0.25 cups",NA,NA,NA,NA,NA,NA,NA,NA,"```json
{
    ""noodles"": ""1.5 cups"",
    ""red bell pepper"": ""0.5 cups"",
    ""zucchini"": ""0.5 cups"",
    ""ground meat"": ""0.25 cups""
}
```",49,"noodles","1.5 cups","bell pepper","0.5 cups","zucchini","0.5 cups","ground (undifferentiated) meat","0.25 cups",NA,NA,NA,NA,NA,NA,NA,NA,"```json
{
    ""noodles"": ""1.5 cups"",
    ""red bell pepper"": ""0.5 cups"",
    ""zucchini"": ""0.5 cups"",
    ""ground meat"": ""0.25 cups""
}
```",49,"noodles","1.5 cups","bell pepper","0.5 cups","zucchini","0.5 cups","ground (undifferentiated) meat","0.25 cups",NA,NA,NA,NA,NA,NA,NA,NA,"```json
{
  ""Noodles"": 150,
  ""Red Bell Peppers"": 50,
  ""Zucchini"": 40,
  ""Ground Meat"": 60
}
```",49,"noodles",150,"bell pepper",50,"zucchini",40,"ground (undifferentiated) meat",60,NA,NA,NA,NA,NA,NA,NA,NA,"```json
{
  ""Noodles"": 150,
  ""Red Bell Peppers"": 50,
  ""Zucchini"": 40,
  ""Ground Meat"": 60
}
```",49,"noodles",150,"bell pepper",50,"zucchini",40,"ground (undifferentiated) meat",60,NA,NA,NA,NA,NA,NA,NA,NA,"```json
{
  ""Noodles"": 150,
  ""Red Bell Peppers"": 50,
  ""Zucchini"": 40,
  ""Ground Meat"": 60
}
```",49,"noodles",150,"bell pepper",50,"zucchini",40,"ground (undifferentiated) meat",60,NA,NA,NA,NA,NA,NA,NA,NA,"```json
{
  ""Noodles"": 150,
  ""Red Bell Peppers"": 50,
  ""Zucchini"": 40,
  ""Ground Meat"": 60
}
```",49,"noodles",150,"bell pepper",50,"zucchini",40,"ground (undifferentiated) meat",60,NA,NA,NA,NA,NA,NA,NA,NA,"```json
{
  ""Noodles"": 150,
  ""Red Bell Peppers"": 50,
  ""Zucchini"": 40,
  ""Ground Meat"": 60
}
```",49,"noodles",150,"bell pepper",50,"zucchini",40,"ground (undifferentiated) meat",60,NA,NA,NA,NA,NA,NA,NA,NA,"```json
{
    ""Noodles"": 150,
    ""Red Bell Peppers"": 50,
    ""Zucchini"": 40,
    ""Ground Meat"": 60
}
```",49,"noodles",150,"bell pepper",50,"zucchini",40,"ground (undifferentiated) meat",60,NA,NA,NA,NA,NA,NA,NA,NA,"```json
{
    ""Noodles"": 150,
    ""Red Bell Peppers"": 50,
    ""Zucchini"": 40,
    ""Ground Meat"": 60
}
```",49,"noodles",150,"bell pepper",50,"zucchini",40,"ground (undifferentiated) meat",60,NA,NA,NA,NA,NA,NA,NA,NA,"```json
{
    ""Noodles"": 150,
    ""Red Bell Peppers"": 50,
    ""Zucchini"": 40,
    ""Ground Meat"": 60
}
```",49,"noodles",150,"bell pepper",50,"zucchini",40,"ground (undifferentiated) meat",60,NA,NA,NA,NA,NA,NA,NA,NA,"```json
{
    ""Noodles"": 150,
    ""Red Bell Peppers"": 50,
    ""Zucchini"": 40,
    ""Ground Meat"": 60
}
```",49,"noodles",150,"bell pepper",50,"zucchini",40,"ground (undifferentiated) meat",60,NA,NA,NA,NA,NA,NA,NA,NA,"```json
{
    ""Noodles"": 150,
    ""Red Bell Peppers"": 50,
    ""Zucchini"": 40,
    ""Ground Meat"": 60
}
```",49,"noodles",150,"bell pepper",50,"zucchini",40,"ground (undifferentiated) meat",60,NA,NA,NA,NA,NA,NA,NA,NA,221,87.5,75,40,NA,NA,NA,NA,221,87.5,75,40,NA,NA,NA,NA,331.5,87.5,75,40,NA,NA,NA,NA,331.5,87.5,75,40,NA,NA,NA,NA,331.5,87.5,75,40,NA,NA,NA,NA,423.5,-131.5,131.5,423.5,-131.5,131.5,534,-242,242,534,-242,242,534,-242,242,300,-8,8,300,-8,8,300,-8,8,300,-8,8,300,-8,8,300,-8,8,300,-8,8,300,-8,8,300,-8,8,300,-8,8,3,1,3,1,3,1,3,1,3,1,3,1,3,1,3,1,3,1,3,1,3,1,3,1,3,1,3,1,3,1
"Noodles with minced chicken and Asian sauce","Meike","Tuesday","NoodlesChicken",1,"20","25",584,771,187,"Noedles met kipgehakt en aziatische saus","https://www.hellofresh.nl/recipes/noedels-met-kipgehakt-en-aziatische-saus-5fd0c5b7943827314d7b7d78","Meike_Tue_NoodlesChicken_Pers1_Moment2.jpg",3,"garlic","seasoning","zucchini","bell pepper","peppers","poultry","sauce","sauce","noodles","nuts or raisins","fats or oils",NA,NA,NA,NA,"3 Garlic cloves; 30g Ginger; 1.5  Zucchini; 1.5  bellpepper; 0.75  Red Pepper; 300g Minced Chicken; 3 bags Sweet Asian Sauce; 30ml Soy Sauce; 150g Noodles; 30g Cashew; 1.5 tablespoon sunflower oil","Garlic ; Ginger;  Zucchini;  bellpepper;   Red Pepper;  Minced Chicken; bags Sweet Asian Sauce; Soy Sauce;  Noodles; Cashew;  sunflower oil",187,187,"```json
{
    ""noodles"": ""1 cup"",
    ""red bell pepper"": ""0.5 cup"",
    ""zucchini"": ""0.25 cup"",
    ""ground meat"": ""0.25 cup"",
    ""onion"": ""0.25 cup""
}
```",44,"noodles","1 cup","bell pepper","0.5 cup","zucchini","0.25 cup","ground (undifferentiated) meat","0.25 cup","onion","0.25 cup",NA,NA,NA,NA,NA,NA,"```json
{
    ""noodles"": ""1 cup"",
    ""red bell pepper"": ""0.5 cup"",
    ""zucchini"": ""0.25 cup"",
    ""ground meat"": ""0.25 cup"",
    ""onion"": ""0.25 cup""
}
```",44,"noodles","1 cup","bell pepper","0.5 cup","zucchini","0.25 cup","ground (undifferentiated) meat","0.25 cup","onion","0.25 cup",NA,NA,NA,NA,NA,NA,"```json
{
    ""noodles"": ""1 cup"",
    ""red bell peppers"": ""0.5 cup"",
    ""zucchini"": ""0.25 cup"",
    ""ground meat"": ""0.25 cup"",
    ""onions"": ""0.25 cup""
}
```",44,"noodles","1 cup","bell pepper","0.5 cup","zucchini","0.25 cup","ground (undifferentiated) meat","0.25 cup","onion","0.25 cup",NA,NA,NA,NA,NA,NA,"```json
{
    ""noodles"": ""1 cup"",
    ""red bell pepper"": ""0.5 cup"",
    ""zucchini"": ""0.25 cup"",
    ""ground meat"": ""0.25 cup"",
    ""onion"": ""0.25 cup""
}
```",44,"noodles","1 cup","bell pepper","0.5 cup","zucchini","0.25 cup","ground (undifferentiated) meat","0.25 cup","onion","0.25 cup",NA,NA,NA,NA,NA,NA,"```json
{
    ""noodles"": ""1 cup"",
    ""red bell pepper"": ""0.5 cup"",
    ""zucchini"": ""0.25 cup"",
    ""ground meat"": ""0.25 cup"",
    ""onion"": ""0.25 cup""
}
```",44,"noodles","1 cup","bell pepper","0.5 cup","zucchini","0.25 cup","ground (undifferentiated) meat","0.25 cup","onion","0.25 cup",NA,NA,NA,NA,NA,NA,"```json
{
    ""Noodles"": 50,
    ""Red Bell Peppers"": 30,
    ""Zucchini"": 20,
    ""Ground Meat"": 20,
    ""Onions"": 10
}
```",44,"noodles",50,"bell pepper",30,"zucchini",20,"ground (undifferentiated) meat",20,"onion",10,NA,NA,NA,NA,NA,NA,"```json
{
  ""Noodles"": 50,
  ""Red Bell Peppers"": 30,
  ""Zucchini"": 20,
  ""Ground Meat"": 20,
  ""Onions"": 10
}
```",44,"noodles",50,"bell pepper",30,"zucchini",20,"ground (undifferentiated) meat",20,"onion",10,NA,NA,NA,NA,NA,NA,"```json
{
    ""Noodles"": 50,
    ""Red Bell Peppers"": 30,
    ""Zucchini"": 20,
    ""Ground Meat"": 20,
    ""Onions"": 10
}
```",44,"noodles",50,"bell pepper",30,"zucchini",20,"ground (undifferentiated) meat",20,"onion",10,NA,NA,NA,NA,NA,NA,"```json
{
    ""Noodles"": 50,
    ""Red Bell Peppers"": 30,
    ""Zucchini"": 20,
    ""Ground Meat"": 20,
    ""Onions"": 10
}
```",44,"noodles",50,"bell pepper",30,"zucchini",20,"ground (undifferentiated) meat",20,"onion",10,NA,NA,NA,NA,NA,NA,"```json
{
    ""Noodles"": 50,
    ""Red Bell Peppers"": 30,
    ""Zucchini"": 20,
    ""Ground Meat"": 20,
    ""Onions"": 10
}
```",44,"noodles",50,"bell pepper",30,"zucchini",20,"ground (undifferentiated) meat",20,"onion",10,NA,NA,NA,NA,NA,NA,"```json
{
  ""Noodles"": 50,
  ""Red Bell Peppers"": 30,
  ""Zucchini"": 20,
  ""Ground Meat"": 20,
  ""Onions"": 10
}
```",44,"noodles",50,"bell pepper",30,"zucchini",20,"ground (undifferentiated) meat",20,"onion",10,NA,NA,NA,NA,NA,NA,"```json
{
    ""Noodles"": 50,
    ""Red Bell Peppers"": 30,
    ""Zucchini"": 20,
    ""Ground Meat"": 20,
    ""Onions"": 10
}
```",44,"noodles",50,"bell pepper",30,"zucchini",20,"ground (undifferentiated) meat",20,"onion",10,NA,NA,NA,NA,NA,NA,"```json
{
    ""Noodles"": 80,
    ""Red Bell Peppers"": 30,
    ""Zucchini"": 20,
    ""Ground Meat"": 25,
    ""Onions"": 15
}
```",44,"noodles",80,"bell pepper",30,"zucchini",20,"ground (undifferentiated) meat",25,"onion",15,NA,NA,NA,NA,NA,NA,"```json
{
    ""Noodles"": 50,
    ""Red Bell Peppers"": 30,
    ""Zucchini"": 20,
    ""Ground Meat"": 20,
    ""Onions"": 10
}
```",44,"noodles",50,"bell pepper",30,"zucchini",20,"ground (undifferentiated) meat",20,"onion",10,NA,NA,NA,NA,NA,NA,"```json
{
    ""Noodles"": 80,
    ""Red Bell Peppers"": 30,
    ""Zucchini"": 20,
    ""Ground Meat"": 20,
    ""Onions"": 10
}
```",44,"noodles",80,"bell pepper",30,"zucchini",20,"ground (undifferentiated) meat",20,"onion",10,NA,NA,NA,NA,NA,NA,221,87.5,37.5,40,40,NA,NA,NA,221,87.5,37.5,40,40,NA,NA,NA,221,87.5,37.5,40,40,NA,NA,NA,221,87.5,37.5,40,40,NA,NA,NA,221,87.5,37.5,40,40,NA,NA,NA,426,-239,239,426,-239,239,426,-239,239,426,-239,239,426,-239,239,130,57,57,130,57,57,130,57,57,130,57,57,130,57,57,130,57,57,130,57,57,170,17,17,130,57,57,160,27,27,3,2,3,2,3,2,3,2,3,2,3,2,3,2,3,2,3,2,3,2,3,2,3,2,3,2,3,2,3,2
"Noodles with minced chicken and Asian sauce","Meike","Tuesday","NoodlesChicken",2,"30","25",567,884,317,"Noedles met kipgehakt en aziatische saus","https://www.hellofresh.nl/recipes/noedels-met-kipgehakt-en-aziatische-saus-5fd0c5b7943827314d7b7d79","Meike_Tue_NoodlesChicken_Pers2_Moment2.jpg",3,"garlic","seasoning","zucchini","bell pepper","peppers","poultry","sauce","sauce","noodles","nuts or raisins","fats or oils",NA,NA,NA,NA,"3 Garlic cloves; 30g Ginger; 1.5  Zucchini; 1.5  bellpepper; 0.75  Red Pepper; 300g Minced Chicken; 3 bags Sweet Asian Sauce; 30ml Soy Sauce; 150g Noodles; 30g Cashew; 1.5 tablespoon sunflower oil","Garlic ; Ginger;  Zucchini;  bellpepper;   Red Pepper;  Minced Chicken; bags Sweet Asian Sauce; Soy Sauce;  Noodles; Cashew;  sunflower oil",317,317,"```json
{
    ""noodles"": ""1 cup"",
    ""red bell pepper"": ""0.5 cup"",
    ""zucchini"": ""0.5 cup"",
    ""ground meat"": ""0.5 cup"",
    ""onion"": ""2 tablespoons""
}
```",47,"noodles","1 cup","bell pepper","0.5 cup","zucchini","0.5 cup","ground (undifferentiated) meat","0.5 cup","onion","2 tablespoons",NA,NA,NA,NA,NA,NA,"```json
{
    ""noodles"": ""1 cup"",
    ""red bell pepper"": ""0.5 cup"",
    ""zucchini"": ""0.5 cup"",
    ""ground meat"": ""0.5 cup"",
    ""onion"": ""2 tablespoons""
}
```",47,"noodles","1 cup","bell pepper","0.5 cup","zucchini","0.5 cup","ground (undifferentiated) meat","0.5 cup","onion","2 tablespoons",NA,NA,NA,NA,NA,NA,"```json
{
    ""noodles"": ""1 cup"",
    ""red bell pepper"": ""0.5 cup"",
    ""zucchini"": ""0.5 cup"",
    ""ground meat"": ""0.5 cup"",
    ""onion"": ""2 tablespoons""
}
```",47,"noodles","1 cup","bell pepper","0.5 cup","zucchini","0.5 cup","ground (undifferentiated) meat","0.5 cup","onion","2 tablespoons",NA,NA,NA,NA,NA,NA,"```json
{
    ""noodles"": ""1 cup"",
    ""red bell pepper"": ""0.5 cup"",
    ""zucchini"": ""0.5 cup"",
    ""ground meat"": ""0.5 cup"",
    ""onion"": ""0.25 cup""
}
```",47,"noodles","1 cup","bell pepper","0.5 cup","zucchini","0.5 cup","ground (undifferentiated) meat","0.5 cup","onion","0.25 cup",NA,NA,NA,NA,NA,NA,"```json
{
    ""noodles"": ""1 cup"",
    ""red bell pepper"": ""0.5 cup"",
    ""zucchini"": ""0.5 cup"",
    ""ground meat"": ""0.5 cup"",
    ""onion"": ""2 tablespoons""
}
```",47,"noodles","1 cup","bell pepper","0.5 cup","zucchini","0.5 cup","ground (undifferentiated) meat","0.5 cup","onion","2 tablespoons",NA,NA,NA,NA,NA,NA,"```json
{
    ""Noodles"": 80,
    ""Red Bell Pepper"": 50,
    ""Zucchini"": 40,
    ""Ground Meat"": 60,
    ""Onion"": 20
}
```",47,"noodles",80,"bell pepper",50,"zucchini",40,"ground (undifferentiated) meat",60,"onion",20,NA,NA,NA,NA,NA,NA,"```json
{
    ""noodles"": 50,
    ""red bell pepper"": 30,
    ""zucchini"": 30,
    ""ground meat"": 40,
    ""onion"": 20
}
```",47,"noodles",50,"bell pepper",30,"zucchini",30,"ground (undifferentiated) meat",40,"onion",20,NA,NA,NA,NA,NA,NA,"```json
{
    ""Noodles"": 50,
    ""Red Bell Pepper"": 30,
    ""Zucchini"": 30,
    ""Ground Meat"": 40,
    ""Onion"": 20
}
```",47,"noodles",50,"bell pepper",30,"zucchini",30,"ground (undifferentiated) meat",40,"onion",20,NA,NA,NA,NA,NA,NA,"```json
{
    ""Noodles"": 50,
    ""Red Bell Pepper"": 30,
    ""Zucchini"": 30,
    ""Ground Meat"": 40,
    ""Onion"": 20
}
```",47,"noodles",50,"bell pepper",30,"zucchini",30,"ground (undifferentiated) meat",40,"onion",20,NA,NA,NA,NA,NA,NA,"```json
{
    ""Noodles"": 80,
    ""Red Bell Pepper"": 50,
    ""Zucchini"": 40,
    ""Ground Meat"": 60,
    ""Onion"": 20
}
```",47,"noodles",80,"bell pepper",50,"zucchini",40,"ground (undifferentiated) meat",60,"onion",20,NA,NA,NA,NA,NA,NA,"```json
{
    ""Noodles"": 80,
    ""Red Bell Peppers"": 50,
    ""Zucchini"": 40,
    ""Ground Meat"": 60,
    ""Onions"": 20
}
```",47,"noodles",80,"bell pepper",50,"zucchini",40,"ground (undifferentiated) meat",60,"onion",20,NA,NA,NA,NA,NA,NA,"```json
{
    ""Noodles"": 80,
    ""Red Bell Pepper"": 50,
    ""Zucchini"": 40,
    ""Ground Meat"": 60,
    ""Onion"": 20
}
```",47,"noodles",80,"bell pepper",50,"zucchini",40,"ground (undifferentiated) meat",60,"onion",20,NA,NA,NA,NA,NA,NA,"```json
{
  ""noodles"": 80,
  ""red bell pepper"": 50,
  ""zucchini"": 40,
  ""ground meat"": 60,
  ""onion"": 20
}
```",47,"noodles",80,"bell pepper",50,"zucchini",40,"ground (undifferentiated) meat",60,"onion",20,NA,NA,NA,NA,NA,NA,"```json
{
    ""Noodles"": 80,
    ""Red Bell Peppers"": 50,
    ""Zucchini"": 40,
    ""Ground Meat"": 60,
    ""Onions"": 20
}
```",47,"noodles",80,"bell pepper",50,"zucchini",40,"ground (undifferentiated) meat",60,"onion",20,NA,NA,NA,NA,NA,NA,"```json
{
    ""noodles"": 80,
    ""red bell pepper"": 50,
    ""zucchini"": 40,
    ""ground meat"": 60,
    ""onion"": 20
}
```",47,"noodles",80,"bell pepper",50,"zucchini",40,"ground (undifferentiated) meat",60,"onion",20,NA,NA,NA,NA,NA,NA,221,87.5,75,80,20,NA,NA,NA,221,87.5,75,80,20,NA,NA,NA,221,87.5,75,80,20,NA,NA,NA,221,87.5,75,80,40,NA,NA,NA,221,87.5,75,80,20,NA,NA,NA,483.5,-166.5,166.5,483.5,-166.5,166.5,483.5,-166.5,166.5,503.5,-186.5,186.5,483.5,-166.5,166.5,250,67,67,170,147,147,170,147,147,170,147,147,250,67,67,250,67,67,250,67,67,250,67,67,250,67,67,250,67,67,3,2,3,2,3,2,3,2,3,2,3,2,3,2,3,2,3,2,3,2,3,2,3,2,3,2,3,2,3,2
"Noodles with minced chicken and Asian sauce","Meike","Tuesday","NoodlesChicken",3,"20","25",634,866,232,"Noedles met kipgehakt en aziatische saus","https://www.hellofresh.nl/recipes/noedels-met-kipgehakt-en-aziatische-saus-5fd0c5b7943827314d7b7d80","Meike_Tue_NoodlesChicken_Pers3_Moment2.jpg",3,"garlic","seasoning","zucchini","bell pepper","peppers","poultry","sauce","sauce","noodles","nuts or raisins","fats or oils",NA,NA,NA,NA,"3 Garlic cloves; 30g Ginger; 1.5  Zucchini; 1.5  bellpepper; 0.75  Red Pepper; 300g Minced Chicken; 3 bags Sweet Asian Sauce; 30ml Soy Sauce; 150g Noodles; 30g Cashew; 1.5 tablespoon sunflower oil","Garlic ; Ginger;  Zucchini;  bellpepper;   Red Pepper;  Minced Chicken; bags Sweet Asian Sauce; Soy Sauce;  Noodles; Cashew;  sunflower oil",232,232,"```json
{
    ""noodles"": ""1 cup"",
    ""zucchini"": ""0.5 cup"",
    ""red bell pepper"": ""0.5 cup"",
    ""ground meat"": ""0.5 cup"",
    ""sauce"": ""0.25 cup""
}
```",50,"noodles","1 cup","zucchini","0.5 cup","bell pepper","0.5 cup","ground (undifferentiated) meat","0.5 cup","sauce","0.25 cup",NA,NA,NA,NA,NA,NA,"```json
{
    ""noodles"": ""1 cup"",
    ""red bell pepper"": ""0.5 cup"",
    ""zucchini"": ""0.5 cup"",
    ""ground meat"": ""0.5 cup"",
    ""sauce"": ""0.25 cup""
}
```",50,"noodles","1 cup","bell pepper","0.5 cup","zucchini","0.5 cup","ground (undifferentiated) meat","0.5 cup","sauce","0.25 cup",NA,NA,NA,NA,NA,NA,"```json
{
    ""noodles"": ""1 cup"",
    ""zucchini"": ""0.5 cup"",
    ""red bell pepper"": ""0.5 cup"",
    ""ground meat"": ""0.5 cup"",
    ""sauce"": ""0.25 cup""
}
```",50,"noodles","1 cup","zucchini","0.5 cup","bell pepper","0.5 cup","ground (undifferentiated) meat","0.5 cup","sauce","0.25 cup",NA,NA,NA,NA,NA,NA,"```json
{
    ""noodles"": ""1 cup"",
    ""zucchini"": ""0.5 cup"",
    ""red bell pepper"": ""0.5 cup"",
    ""ground meat"": ""0.5 cup"",
    ""sauce"": ""0.25 cup""
}
```",50,"noodles","1 cup","zucchini","0.5 cup","bell pepper","0.5 cup","ground (undifferentiated) meat","0.5 cup","sauce","0.25 cup",NA,NA,NA,NA,NA,NA,"```json
{
    ""noodles"": ""1 cup"",
    ""red bell pepper"": ""0.5 cup"",
    ""zucchini"": ""0.5 cup"",
    ""ground meat"": ""0.5 cup"",
    ""sauce"": ""0.25 cup""
}
```",50,"noodles","1 cup","bell pepper","0.5 cup","zucchini","0.5 cup","ground (undifferentiated) meat","0.5 cup","sauce","0.25 cup",NA,NA,NA,NA,NA,NA,"```json
{
    ""Noodles"": 100,
    ""Red Bell Peppers"": 50,
    ""Zucchini"": 40,
    ""Ground Meat"": 60,
    ""Sauce"": 30
}
```",50,"noodles",100,"bell pepper",50,"zucchini",40,"ground (undifferentiated) meat",60,"sauce",30,NA,NA,NA,NA,NA,NA,"```json
{
    ""Noodles"": 100,
    ""Red Bell Peppers"": 50,
    ""Zucchini"": 50,
    ""Ground Meat"": 70,
    ""Sauce"": 30
}
```",50,"noodles",100,"bell pepper",50,"zucchini",50,"ground (undifferentiated) meat",70,"sauce",30,NA,NA,NA,NA,NA,NA,"```json
{
  ""noodles"": 100,
  ""red bell pepper"": 50,
  ""zucchini"": 40,
  ""ground meat"": 60,
  ""sauce"": 30
}
```",50,"noodles",100,"bell pepper",50,"zucchini",40,"ground (undifferentiated) meat",60,"sauce",30,NA,NA,NA,NA,NA,NA,"```json
{
  ""Noodles"": 100,
  ""Red Bell Pepper"": 50,
  ""Zucchini"": 40,
  ""Ground Meat"": 60,
  ""Sauce"": 30
}
```",50,"noodles",100,"bell pepper",50,"zucchini",40,"ground (undifferentiated) meat",60,"sauce",30,NA,NA,NA,NA,NA,NA,"```json
{
  ""Noodles"": 100,
  ""Red Bell Peppers"": 50,
  ""Zucchini"": 40,
  ""Ground Meat"": 60,
  ""Sauce"": 30
}
```",50,"noodles",100,"bell pepper",50,"zucchini",40,"ground (undifferentiated) meat",60,"sauce",30,NA,NA,NA,NA,NA,NA,"```json
{
    ""noodles"": 100,
    ""zucchini"": 50,
    ""red bell pepper"": 40,
    ""ground meat"": 60,
    ""sauce"": 30
}
```",50,"noodles",100,"zucchini",50,"bell pepper",40,"ground (undifferentiated) meat",60,"sauce",30,NA,NA,NA,NA,NA,NA,"```json
{
    ""Noodles"": 100,
    ""Red Bell Peppers"": 50,
    ""Zucchini"": 40,
    ""Ground Meat"": 60,
    ""Sauce"": 30
}
```",50,"noodles",100,"bell pepper",50,"zucchini",40,"ground (undifferentiated) meat",60,"sauce",30,NA,NA,NA,NA,NA,NA,"```json
{
    ""Noodles"": 100,
    ""Red Bell Pepper"": 50,
    ""Zucchini"": 40,
    ""Ground Meat"": 60,
    ""Sauce"": 30
}
```",50,"noodles",100,"bell pepper",50,"zucchini",40,"ground (undifferentiated) meat",60,"sauce",30,NA,NA,NA,NA,NA,NA,"```json
{
    ""Noodles"": 100,
    ""Red Bell Peppers"": 50,
    ""Zucchini"": 40,
    ""Ground Meat"": 60,
    ""Sauce"": 30
}
```",50,"noodles",100,"bell pepper",50,"zucchini",40,"ground (undifferentiated) meat",60,"sauce",30,NA,NA,NA,NA,NA,NA,"```json
{
    ""noodles"": 100,
    ""zucchini"": 50,
    ""red bell pepper"": 40,
    ""ground meat"": 60,
    ""sauce"": 30
}
```",50,"noodles",100,"zucchini",50,"bell pepper",40,"ground (undifferentiated) meat",60,"sauce",30,NA,NA,NA,NA,NA,NA,221,75,87.5,80,60,NA,NA,NA,221,87.5,75,80,60,NA,NA,NA,221,75,87.5,80,60,NA,NA,NA,221,75,87.5,80,60,NA,NA,NA,221,87.5,75,80,60,NA,NA,NA,523.5,-291.5,291.5,523.5,-291.5,291.5,523.5,-291.5,291.5,523.5,-291.5,291.5,523.5,-291.5,291.5,280,-48,48,300,-68,68,280,-48,48,280,-48,48,280,-48,48,280,-48,48,280,-48,48,280,-48,48,280,-48,48,280,-48,48,4,1,4,1,4,1,4,1,4,1,4,1,4,1,4,1,4,1,4,1,4,1,4,1,4,1,4,1,4,1
"Noodles with minced chicken and Asian sauce","Meike","Tuesday","NoodlesChicken",1,"finished","25",584,587,3,"Noedles met kipgehakt en aziatische saus","https://www.hellofresh.nl/recipes/noedels-met-kipgehakt-en-aziatische-saus-5fd0c5b7943827314d7b7d81","Meike_Tue_NoodlesChicken_Pers1_Moment3.jpg",3,"garlic","seasoning","zucchini","bell pepper","peppers","poultry","sauce","sauce","noodles","nuts or raisins","fats or oils",NA,NA,NA,NA,"3 Garlic cloves; 30g Ginger; 1.5  Zucchini; 1.5  bellpepper; 0.75  Red Pepper; 300g Minced Chicken; 3 bags Sweet Asian Sauce; 30ml Soy Sauce; 150g Noodles; 30g Cashew; 1.5 tablespoon sunflower oil","Garlic ; Ginger;  Zucchini;  bellpepper;   Red Pepper;  Minced Chicken; bags Sweet Asian Sauce; Soy Sauce;  Noodles; Cashew;  sunflower oil",3,3,"```json
{
  ""Remnants"": ""1 teaspoon""
}
```",45,NA,"1 teaspoon",NA,NA,NA,NA,NA,NA,NA,NA,NA,NA,NA,NA,NA,NA,"```json
{
  ""Remnants"": ""1 teaspoon""
}
```",45,NA,"1 teaspoon",NA,NA,NA,NA,NA,NA,NA,NA,NA,NA,NA,NA,NA,NA,"```json
{
  ""Remnants"": ""1 teaspoon""
}
```",45,NA,"1 teaspoon",NA,NA,NA,NA,NA,NA,NA,NA,NA,NA,NA,NA,NA,NA,"```json
{
  ""Remnants"": ""1 teaspoon""
}
```",45,NA,"1 teaspoon",NA,NA,NA,NA,NA,NA,NA,NA,NA,NA,NA,NA,NA,NA,"```json
{
  ""Remnants"": ""1 teaspoon""
}
```",45,NA,"1 teaspoon",NA,NA,NA,NA,NA,NA,NA,NA,NA,NA,NA,NA,NA,NA,"```json
{
  ""Remnants"": 5
}
```",45,NA,5,NA,NA,NA,NA,NA,NA,NA,NA,NA,NA,NA,NA,NA,NA,"```json
{
  ""Remnants"": 5
}
```",45,NA,5,NA,NA,NA,NA,NA,NA,NA,NA,NA,NA,NA,NA,NA,NA,"```json
{
  ""Remnants"": 5
}
```",45,NA,5,NA,NA,NA,NA,NA,NA,NA,NA,NA,NA,NA,NA,NA,NA,"```json
{
  ""Remnants"": 5
}
```",45,NA,5,NA,NA,NA,NA,NA,NA,NA,NA,NA,NA,NA,NA,NA,NA,"```json
{
  ""Remnants"": 5
}
```",45,NA,5,NA,NA,NA,NA,NA,NA,NA,NA,NA,NA,NA,NA,NA,NA,"```json
{
  ""Remnants"": 5
}
```",45,NA,5,NA,NA,NA,NA,NA,NA,NA,NA,NA,NA,NA,NA,NA,NA,"```json
{
  ""Remnants"": 0 grams
}
```",45,NA,0,NA,NA,NA,NA,NA,NA,NA,NA,NA,NA,NA,NA,NA,NA,"```json
{
  ""Remnants"": 0 grams
}
```",45,NA,0,NA,NA,NA,NA,NA,NA,NA,NA,NA,NA,NA,NA,NA,NA,"```json
{
  ""Remnants"": 0 grams
}
```",45,NA,0,NA,NA,NA,NA,NA,NA,NA,NA,NA,NA,NA,NA,NA,NA,"```json
{
  ""Remnants"": 0 grams
}
```",45,NA,0,NA,NA,NA,NA,NA,NA,NA,NA,NA,NA,NA,NA,NA,NA,2,NA,NA,NA,NA,NA,NA,NA,2,NA,NA,NA,NA,NA,NA,NA,2,NA,NA,NA,NA,NA,NA,NA,2,NA,NA,NA,NA,NA,NA,NA,2,NA,NA,NA,NA,NA,NA,NA,2,1,1,2,1,1,2,1,1,2,1,1,2,1,1,5,-2,2,5,-2,2,5,-2,2,5,-2,2,5,-2,2,5,-2,2,0,3,3,0,3,3,0,3,3,0,3,3,0,0,0,0,0,0,0,0,0,0,0,0,0,0,0,0,0,0,0,0,0,0,0,0,0,0,0,0,0,0
"Noodles with minced chicken and Asian sauce","Meike","Tuesday","NoodlesChicken",2,"finished","25",567,792,225,"Noedles met kipgehakt en aziatische saus","https://www.hellofresh.nl/recipes/noedels-met-kipgehakt-en-aziatische-saus-5fd0c5b7943827314d7b7d82","Meike_Tue_NoodlesChicken_Pers2_Moment3.jpg",3,"garlic","seasoning","zucchini","bell pepper","peppers","poultry","sauce","sauce","noodles","nuts or raisins","fats or oils",NA,NA,NA,NA,"3 Garlic cloves; 30g Ginger; 1.5  Zucchini; 1.5  bellpepper; 0.75  Red Pepper; 300g Minced Chicken; 3 bags Sweet Asian Sauce; 30ml Soy Sauce; 150g Noodles; 30g Cashew; 1.5 tablespoon sunflower oil","Garlic ; Ginger;  Zucchini;  bellpepper;   Red Pepper;  Minced Chicken; bags Sweet Asian Sauce; Soy Sauce;  Noodles; Cashew;  sunflower oil",225,225,"```json
{
    ""noodles"": ""1 cup"",
    ""red bell pepper"": ""0.5 cup"",
    ""zucchini"": ""0.5 cup"",
    ""ground meat"": ""0.5 cup"",
    ""onion"": ""0.25 cup""
}
```",48,"noodles","1 cup","bell pepper","0.5 cup","zucchini","0.5 cup","ground (undifferentiated) meat","0.5 cup","onion","0.25 cup",NA,NA,NA,NA,NA,NA,"```json
{
    ""noodles"": ""1 cup"",
    ""red bell pepper"": ""0.5 cup"",
    ""zucchini"": ""0.5 cup"",
    ""ground meat"": ""0.5 cup"",
    ""onion"": ""0.25 cup""
}
```",48,"noodles","1 cup","bell pepper","0.5 cup","zucchini","0.5 cup","ground (undifferentiated) meat","0.5 cup","onion","0.25 cup",NA,NA,NA,NA,NA,NA,"```json
{
    ""noodles"": ""1 cup"",
    ""red bell pepper"": ""0.5 cup"",
    ""zucchini"": ""0.5 cup"",
    ""ground meat"": ""0.5 cup"",
    ""onion"": ""0.25 cup""
}
```",48,"noodles","1 cup","bell pepper","0.5 cup","zucchini","0.5 cup","ground (undifferentiated) meat","0.5 cup","onion","0.25 cup",NA,NA,NA,NA,NA,NA,"```json
{
    ""noodles"": ""1 cup"",
    ""red bell pepper"": ""0.5 cup"",
    ""zucchini"": ""0.5 cup"",
    ""ground meat"": ""0.5 cup"",
    ""onion"": ""0.25 cup""
}
```",48,"noodles","1 cup","bell pepper","0.5 cup","zucchini","0.5 cup","ground (undifferentiated) meat","0.5 cup","onion","0.25 cup",NA,NA,NA,NA,NA,NA,"```json
{
    ""noodles"": ""1 cup"",
    ""red bell pepper"": ""0.5 cup"",
    ""zucchini"": ""0.5 cup"",
    ""ground meat"": ""0.5 cup"",
    ""onion"": ""0.25 cup""
}
```",48,"noodles","1 cup","bell pepper","0.5 cup","zucchini","0.5 cup","ground (undifferentiated) meat","0.5 cup","onion","0.25 cup",NA,NA,NA,NA,NA,NA,"```json
{
    ""Noodles"": 100,
    ""Red Bell Pepper"": 50,
    ""Zucchini"": 40,
    ""Ground Meat"": 60,
    ""Onion"": 30
}
```",48,"noodles",100,"bell pepper",50,"zucchini",40,"ground (undifferentiated) meat",60,"onion",30,NA,NA,NA,NA,NA,NA,"```json
{
    ""Noodles"": 100,
    ""Red Bell Pepper"": 50,
    ""Zucchini"": 40,
    ""Ground Meat"": 60,
    ""Onion"": 30
}
```",48,"noodles",100,"bell pepper",50,"zucchini",40,"ground (undifferentiated) meat",60,"onion",30,NA,NA,NA,NA,NA,NA,"```json
{
    ""Noodles"": 100,
    ""Red Bell Pepper"": 50,
    ""Zucchini"": 40,
    ""Ground Meat"": 60,
    ""Onion"": 30
}
```",48,"noodles",100,"bell pepper",50,"zucchini",40,"ground (undifferentiated) meat",60,"onion",30,NA,NA,NA,NA,NA,NA,"```json
{
    ""Noodles"": 100,
    ""Red Bell Pepper"": 50,
    ""Zucchini"": 40,
    ""Ground Meat"": 60,
    ""Onion"": 30
}
```",48,"noodles",100,"bell pepper",50,"zucchini",40,"ground (undifferentiated) meat",60,"onion",30,NA,NA,NA,NA,NA,NA,"```json
{
  ""Noodles"": 100,
  ""Red Bell Peppers"": 50,
  ""Zucchini"": 40,
  ""Ground Meat"": 60,
  ""Onions"": 30
}
```",48,"noodles",100,"bell pepper",50,"zucchini",40,"ground (undifferentiated) meat",60,"onion",30,NA,NA,NA,NA,NA,NA,"```json
{
    ""Noodles"": 100,
    ""Red Bell Pepper"": 50,
    ""Zucchini"": 40,
    ""Ground Meat"": 60,
    ""Onion"": 30
}
```",48,"noodles",100,"bell pepper",50,"zucchini",40,"ground (undifferentiated) meat",60,"onion",30,NA,NA,NA,NA,NA,NA,"```json
{
    ""Noodles"": 80,
    ""Red Bell Peppers"": 50,
    ""Zucchini"": 40,
    ""Ground Meat"": 60,
    ""Onions"": 30
}
```",48,"noodles",80,"bell pepper",50,"zucchini",40,"ground (undifferentiated) meat",60,"onion",30,NA,NA,NA,NA,NA,NA,"```json
{
    ""noodles"": 100,
    ""red bell pepper"": 50,
    ""zucchini"": 40,
    ""ground meat"": 60,
    ""onion"": 30
}
```",48,"noodles",100,"bell pepper",50,"zucchini",40,"ground (undifferentiated) meat",60,"onion",30,NA,NA,NA,NA,NA,NA,"```json
{
    ""noodles"": 100,
    ""red bell pepper"": 50,
    ""zucchini"": 40,
    ""ground meat"": 60,
    ""onion"": 30
}
```",48,"noodles",100,"bell pepper",50,"zucchini",40,"ground (undifferentiated) meat",60,"onion",30,NA,NA,NA,NA,NA,NA,"```json
{
    ""Noodles"": 80,
    ""Red Bell Pepper"": 50,
    ""Zucchini"": 40,
    ""Ground Meat"": 60,
    ""Onion"": 30
}
```",48,"noodles",80,"bell pepper",50,"zucchini",40,"ground (undifferentiated) meat",60,"onion",30,NA,NA,NA,NA,NA,NA,221,87.5,75,80,40,NA,NA,NA,221,87.5,75,80,40,NA,NA,NA,221,87.5,75,80,40,NA,NA,NA,221,87.5,75,80,40,NA,NA,NA,221,87.5,75,80,40,NA,NA,NA,503.5,-278.5,278.5,503.5,-278.5,278.5,503.5,-278.5,278.5,503.5,-278.5,278.5,503.5,-278.5,278.5,280,-55,55,280,-55,55,280,-55,55,280,-55,55,280,-55,55,280,-55,55,260,-35,35,280,-55,55,280,-55,55,260,-35,35,3,2,3,2,3,2,3,2,3,2,3,2,3,2,3,2,3,2,3,2,3,2,3,2,3,2,3,2,3,2
"Noodles with minced chicken and Asian sauce","Meike","Tuesday","NoodlesChicken",3,"finished","25",634,718,84,"Noedles met kipgehakt en aziatische saus","https://www.hellofresh.nl/recipes/noedels-met-kipgehakt-en-aziatische-saus-5fd0c5b7943827314d7b7d83","Meike_Tue_NoodlesChicken_Pers3_Moment3.jpg",3,"garlic","seasoning","zucchini","bell pepper","peppers","poultry","sauce","sauce","noodles","nuts or raisins","fats or oils",NA,NA,NA,NA,"3 Garlic cloves; 30g Ginger; 1.5  Zucchini; 1.5  bellpepper; 0.75  Red Pepper; 300g Minced Chicken; 3 bags Sweet Asian Sauce; 30ml Soy Sauce; 150g Noodles; 30g Cashew; 1.5 tablespoon sunflower oil","Garlic ; Ginger;  Zucchini;  bellpepper;   Red Pepper;  Minced Chicken; bags Sweet Asian Sauce; Soy Sauce;  Noodles; Cashew;  sunflower oil",84,84,"```json
{
    ""noodles"": ""0.5 cups"",
    ""red bell pepper"": ""0.25 cups"",
    ""ground meat"": ""0.25 cups"",
    ""zucchini slice"": ""1 piece"",
    ""sauce"": ""0.5 cups""
}
```",51,"noodles","0.5 cups","bell pepper","0.25 cups","ground (undifferentiated) meat","0.25 cups","zucchini","1 piece","sauce","0.5 cups",NA,NA,NA,NA,NA,NA,"```json
{
    ""noodles"": ""0.5 cups"",
    ""red bell pepper"": ""0.25 cups"",
    ""ground meat"": ""0.25 cups"",
    ""zucchini slice"": ""1 piece"",
    ""sauce"": ""2 tablespoons""
}
```",51,"noodles","0.5 cups","bell pepper","0.25 cups","ground (undifferentiated) meat","0.25 cups","zucchini","1 piece","sauce","2 tablespoons",NA,NA,NA,NA,NA,NA,"```json
{
    ""noodles"": ""0.5 cups"",
    ""red bell pepper"": ""0.25 cups"",
    ""ground meat"": ""0.25 cups"",
    ""zucchini slice"": ""1 piece"",
    ""sauce"": ""2 tablespoons""
}
```",51,"noodles","0.5 cups","bell pepper","0.25 cups","ground (undifferentiated) meat","0.25 cups","zucchini","1 piece","sauce","2 tablespoons",NA,NA,NA,NA,NA,NA,"```json
{
    ""noodles"": ""0.5 cups"",
    ""red bell pepper"": ""0.25 cups"",
    ""ground meat"": ""0.25 cups"",
    ""zucchini slice"": ""1 piece"",
    ""sauce"": ""0.5 cups""
}
```",51,"noodles","0.5 cups","bell pepper","0.25 cups","ground (undifferentiated) meat","0.25 cups","zucchini","1 piece","sauce","0.5 cups",NA,NA,NA,NA,NA,NA,"```json
{
    ""noodles"": ""0.5 cups"",
    ""red bell pepper"": ""0.25 cups"",
    ""ground meat"": ""0.25 cups"",
    ""zucchini slice"": ""1 piece"",
    ""sauce"": ""2 tablespoons""
}
```",51,"noodles","0.5 cups","bell pepper","0.25 cups","ground (undifferentiated) meat","0.25 cups","zucchini","1 piece","sauce","2 tablespoons",NA,NA,NA,NA,NA,NA,"```json
{
    ""Noodles"": 30,
    ""Red Bell Pepper"": 20,
    ""Ground Meat"": 15,
    ""Zucchini Slice"": 5,
    ""Broth"": 50
}
```",51,"noodles",30,"bell pepper",20,"ground (undifferentiated) meat",15,"zucchini",5,"water or broth",50,NA,NA,NA,NA,NA,NA,"```json
{
    ""Noodles"": 50,
    ""Red Bell Pepper"": 30,
    ""Ground Meat"": 40,
    ""Zucchini Slice"": 5,
    ""Sauce"": 20
}
```",51,"noodles",50,"bell pepper",30,"ground (undifferentiated) meat",40,"zucchini",5,"sauce",20,NA,NA,NA,NA,NA,NA,"```json
{
    ""Noodles"": 50,
    ""Red Bell Pepper"": 30,
    ""Ground Meat"": 40,
    ""Zucchini Slice"": 5,
    ""Broth"": 20
}
```",51,"noodles",50,"bell pepper",30,"ground (undifferentiated) meat",40,"zucchini",5,"water or broth",20,NA,NA,NA,NA,NA,NA,"```json
{
    ""Noodles"": 30,
    ""Red Bell Pepper"": 20,
    ""Ground Meat"": 15,
    ""Zucchini Slice"": 5,
    ""Broth"": 50
}
```",51,"noodles",30,"bell pepper",20,"ground (undifferentiated) meat",15,"zucchini",5,"water or broth",50,NA,NA,NA,NA,NA,NA,"```json
{
    ""Noodles"": 30,
    ""Red Bell Pepper"": 20,
    ""Ground Meat"": 15,
    ""Zucchini Slice"": 5,
    ""Sauce"": 10
}
```",51,"noodles",30,"bell pepper",20,"ground (undifferentiated) meat",15,"zucchini",5,"sauce",10,NA,NA,NA,NA,NA,NA,"```json
{
    ""Noodles"": 30,
    ""Red Bell Pepper"": 20,
    ""Ground Meat"": 15,
    ""Zucchini Slice"": 5,
    ""Broth"": 50
}
```",51,"noodles",30,"bell pepper",20,"ground (undifferentiated) meat",15,"zucchini",5,"water or broth",50,NA,NA,NA,NA,NA,NA,"```json
{
    ""Noodles"": 30,
    ""Red Bell Pepper"": 20,
    ""Ground Meat"": 15,
    ""Zucchini Slice"": 5,
    ""Broth"": 50
}
```",51,"noodles",30,"bell pepper",20,"ground (undifferentiated) meat",15,"zucchini",5,"water or broth",50,NA,NA,NA,NA,NA,NA,"```json
{
    ""Noodles"": 30,
    ""Red Bell Pepper"": 20,
    ""Ground Meat"": 15,
    ""Zucchini Slice"": 5,
    ""Broth"": 50
}
```",51,"noodles",30,"bell pepper",20,"ground (undifferentiated) meat",15,"zucchini",5,"water or broth",50,NA,NA,NA,NA,NA,NA,"```json
{
    ""Noodles"": 30,
    ""Red Bell Pepper"": 20,
    ""Ground Meat"": 15,
    ""Zucchini"": 5,
    ""Broth"": 50
}
```",51,"noodles",30,"bell pepper",20,"ground (undifferentiated) meat",15,"zucchini",5,"water or broth",50,NA,NA,NA,NA,NA,NA,"```json
{
    ""Noodles"": 30,
    ""Red Bell Pepper"": 20,
    ""Ground Meat"": 15,
    ""Zucchini"": 5,
    ""Broth"": 50
}
```",51,"noodles",30,"bell pepper",20,"ground (undifferentiated) meat",15,"zucchini",5,"water or broth",50,NA,NA,NA,NA,NA,NA,110.5,43.75,40,20,120,NA,NA,NA,110.5,43.75,40,20,30,NA,NA,NA,110.5,43.75,40,20,30,NA,NA,NA,110.5,43.75,40,20,120,NA,NA,NA,110.5,43.75,40,20,30,NA,NA,NA,334.25,-250.25,250.25,244.25,-160.25,160.25,244.25,-160.25,160.25,334.25,-250.25,250.25,244.25,-160.25,160.25,120,-36,36,145,-61,61,145,-61,61,120,-36,36,80,4,4,120,-36,36,120,-36,36,120,-36,36,120,-36,36,120,-36,36,4,1,4,1,4,1,4,1,4,1,3,2,4,1,3,2,3,2,4,1,3,2,3,2,3,2,3,2,3,2
"One-tray chicken breast in apricot marinade
with Brussels sprouts, sweet potato and gochujang mayo dip","Mariam","45585","HähnchenbrustAprikosen",1,"50%-30%","26,3",677,851,174,"One-Tray Hähnchenbrust in Aprikosen-Marinade
mit Rosenkohl, Süßkartoffel und Gochujang-Mayo-Dip","https://www.hellofresh.de/recipes/asiatisches-stir-fry-vom-blech-mit-hahnchenbrust-64e860854e40d5c6cb1a51ee","Mitja_Sun_Meal3_1.jpg",2,"poultry","potatoes or fries","seeds or other toppings","root vegetables","garlic","sauce","spices","sauce","dairy (cream)","fats or oils",NA,NA,NA,NA,NA,"250g Chicken Breast; 1  Sweet Potato; 150g Brussels Sprouts; 2  Carrot; 1  Garlic cloves; 50g Apricot Chutney; 25g Gochujang; 12.5ml Soy Sauce; 50g Mayonnaise; 1.5 tablespoon oil"," Chicken Breast;  Sweet Potato;  Brussels Sprouts;  Carrot;  Garlic ; Apricot Chutney; Gochujang; .Soy Sauce; Mayonnaise;  oil",174,174,"```json
{
    ""Chicken"": ""1 piece"",
    ""Brussels Sprouts"": ""5 pieces"",
    ""Sweet Potatoes"": ""0.5 cups"",
    ""Carrots"": ""0.25 cups"",
    ""Sauce"": ""2 tablespoons""
}
```",64,"poultry","1 piece","seeds or other toppings","5 pieces","potatoes or fries","0.5 cups","root vegetables","0.25 cups","sauce","2 tablespoons",NA,NA,NA,NA,NA,NA,"```json
{
    ""Chicken"": ""1 piece"",
    ""Brussels Sprouts"": ""5 pieces"",
    ""Sweet Potatoes"": ""0.5 cups"",
    ""Carrots"": ""0.25 cups"",
    ""Sauce"": ""2 tablespoons""
}
```",64,"poultry","1 piece","seeds or other toppings","5 pieces","potatoes or fries","0.5 cups","root vegetables","0.25 cups","sauce","2 tablespoons",NA,NA,NA,NA,NA,NA,"```json
{
    ""Chicken"": ""1 piece"",
    ""Brussels Sprouts"": ""5 pieces"",
    ""Sweet Potatoes"": ""0.5 cups"",
    ""Carrots"": ""0.25 cups"",
    ""Sauce"": ""2 tablespoons""
}
```",64,"poultry","1 piece","seeds or other toppings","5 pieces","potatoes or fries","0.5 cups","root vegetables","0.25 cups","sauce","2 tablespoons",NA,NA,NA,NA,NA,NA,"```json
{
    ""Chicken"": ""1 piece"",
    ""Brussels Sprouts"": ""5 pieces"",
    ""Sweet Potatoes"": ""0.5 cups"",
    ""Carrots"": ""0.25 cups"",
    ""Sauce"": ""2 tablespoons""
}
```",64,"poultry","1 piece","seeds or other toppings","5 pieces","potatoes or fries","0.5 cups","root vegetables","0.25 cups","sauce","2 tablespoons",NA,NA,NA,NA,NA,NA,"```json
{
    ""Chicken"": ""1 piece"",
    ""Brussels Sprouts"": ""5 pieces"",
    ""Carrots"": ""0.5 cup"",
    ""Sweet Potatoes"": ""0.5 cup"",
    ""Sauce"": ""2 tablespoons""
}
```",64,"poultry","1 piece","seeds or other toppings","5 pieces","root vegetables","0.5 cup","potatoes or fries","0.5 cup","sauce","2 tablespoons",NA,NA,NA,NA,NA,NA,"```json
{
    ""Chicken"": 50,
    ""Brussels Sprouts"": 20,
    ""Carrots"": 30,
    ""Sweet Potatoes"": 40,
    ""Sauce"": 30
}
```",64,"poultry",50,"seeds or other toppings",20,"root vegetables",30,"potatoes or fries",40,"sauce",30,NA,NA,NA,NA,NA,NA,"```json
{
    ""Chicken"": 50,
    ""Brussels Sprouts"": 20,
    ""Carrots"": 30,
    ""Sweet Potatoes"": 40,
    ""Sauce"": 20
}
```",64,"poultry",50,"seeds or other toppings",20,"root vegetables",30,"potatoes or fries",40,"sauce",20,NA,NA,NA,NA,NA,NA,"```json
{
    ""Chicken"": 50,
    ""Brussels Sprouts"": 30,
    ""Sweet Potatoes"": 40,
    ""Carrots"": 20,
    ""Sauce"": 30
}
```",64,"poultry",50,"seeds or other toppings",30,"potatoes or fries",40,"root vegetables",20,"sauce",30,NA,NA,NA,NA,NA,NA,"```json
{
    ""Chicken"": 50,
    ""Brussels Sprouts"": 30,
    ""Sweet Potatoes"": 40,
    ""Carrots"": 20,
    ""Sauce"": 30
}
```",64,"poultry",50,"seeds or other toppings",30,"potatoes or fries",40,"root vegetables",20,"sauce",30,NA,NA,NA,NA,NA,NA,"```json
{
    ""Chicken"": 50,
    ""Brussels Sprouts"": 20,
    ""Carrots"": 30,
    ""Sweet Potatoes"": 40,
    ""Sauce"": 30
}
```",64,"poultry",50,"seeds or other toppings",20,"root vegetables",30,"potatoes or fries",40,"sauce",30,NA,NA,NA,NA,NA,NA,"```json
{
    ""Chicken"": 50,
    ""Brussels Sprouts"": 20,
    ""Sweet Potatoes"": 30,
    ""Carrots"": 20,
    ""Sauce"": 15
}
```",64,"poultry",50,"seeds or other toppings",20,"potatoes or fries",30,"root vegetables",20,"sauce",15,NA,NA,NA,NA,NA,NA,"```json
{
    ""Chicken"": 50,
    ""Brussels Sprouts"": 20,
    ""Sweet Potatoes"": 30,
    ""Carrots"": 20,
    ""Sauce"": 15
}
```",64,"poultry",50,"seeds or other toppings",20,"potatoes or fries",30,"root vegetables",20,"sauce",15,NA,NA,NA,NA,NA,NA,"```json
{
    ""Chicken"": 50,
    ""Brussels Sprouts"": 20,
    ""Sweet Potatoes"": 30,
    ""Carrots"": 20,
    ""Sauce"": 15
}
```",64,"poultry",50,"seeds or other toppings",20,"potatoes or fries",30,"root vegetables",20,"sauce",15,NA,NA,NA,NA,NA,NA,"```json
{
    ""Chicken"": 50,
    ""Brussels Sprouts"": 20,
    ""Sweet Potatoes"": 30,
    ""Carrots"": 20,
    ""Sauce"": 30
}
```",64,"poultry",50,"seeds or other toppings",20,"potatoes or fries",30,"root vegetables",20,"sauce",30,NA,NA,NA,NA,NA,NA,"```json
{
    ""Chicken"": 50,
    ""Brussels Sprouts"": 20,
    ""Carrots"": 30,
    ""Sweet Potatoes"": 40,
    ""Sauce"": 30
}
```",64,"poultry",50,"seeds or other toppings",20,"root vegetables",30,"potatoes or fries",40,"sauce",30,NA,NA,NA,NA,NA,NA,30,75,105,32.5,30,NA,NA,NA,30,75,105,32.5,30,NA,NA,NA,30,75,105,32.5,30,NA,NA,NA,30,75,105,32.5,30,NA,NA,NA,30,75,65,105,30,NA,NA,NA,272.5,-98.5,98.5,272.5,-98.5,98.5,272.5,-98.5,98.5,272.5,-98.5,98.5,305,-131,131,170,4,4,160,14,14,170,4,4,170,4,4,170,4,4,135,39,39,135,39,39,135,39,39,150,24,24,170,4,4,5,0,5,0,5,0,5,0,5,0,5,0,5,0,5,0,5,0,5,0,5,0,5,0,5,0,5,0,5,0
"One-tray chicken breast in apricot marinade
with Brussels sprouts, sweet potato and gochujang mayo dip","Mariam","45585","HähnchenbrustAprikosen",1,"10%-30%","26,3",677,770,93,"One-Tray Hähnchenbrust in Aprikosen-Marinade
mit Rosenkohl, Süßkartoffel und Gochujang-Mayo-Dip","https://www.hellofresh.de/recipes/asiatisches-stir-fry-vom-blech-mit-hahnchenbrust-64e860854e40d5c6cb1a51ee","Mitja_Sun_Meal3_2.jpg",2,"poultry","potatoes or fries","seeds or other toppings","root vegetables","garlic","sauce","spices","sauce","dairy (cream)","fats or oils",NA,NA,NA,NA,NA,"250g Chicken Breast; 1  Sweet Potato; 150g Brussels Sprouts; 2  Carrot; 1  Garlic cloves; 50g Apricot Chutney; 25g Gochujang; 12.5ml Soy Sauce; 50g Mayonnaise; 1.5 tablespoon oil"," Chicken Breast;  Sweet Potato;  Brussels Sprouts;  Carrot;  Garlic ; Apricot Chutney; Gochujang; .Soy Sauce; Mayonnaise;  oil",93,93,"```json
{
    ""Chicken"": ""1 piece"",
    ""Brussels Sprouts"": ""3 pieces"",
    ""Sweet Potato"": ""2 pieces"",
    ""Sauce/Gravy"": ""2 tablespoons""
}
```",65,"poultry","1 piece","seeds or other toppings","3 pieces","potatoes or fries","2 pieces","fats or oils","2 tablespoons",NA,NA,NA,NA,NA,NA,NA,NA,"```json
{
    ""Chicken"": ""1 piece"",
    ""Brussels Sprouts"": ""2 pieces"",
    ""Sweet Potato"": ""2 pieces"",
    ""Sauce/Gravy"": ""2 tablespoons""
}
```",65,"poultry","1 piece","seeds or other toppings","2 pieces","potatoes or fries","2 pieces","fats or oils","2 tablespoons",NA,NA,NA,NA,NA,NA,NA,NA,"```json
{
    ""Chicken"": ""1 piece"",
    ""Brussels Sprouts"": ""3 pieces"",
    ""Sweet Potato"": ""2 pieces"",
    ""Sauce/Gravy"": ""2 tablespoons""
}
```",65,"poultry","1 piece","seeds or other toppings","3 pieces","potatoes or fries","2 pieces","fats or oils","2 tablespoons",NA,NA,NA,NA,NA,NA,NA,NA,"```json
{
    ""Chicken"": ""1 piece"",
    ""Brussels Sprouts"": ""3 pieces"",
    ""Sweet Potato"": ""2 pieces"",
    ""Sauce/Gravy"": ""2 tablespoons""
}
```",65,"poultry","1 piece","seeds or other toppings","3 pieces","potatoes or fries","2 pieces","fats or oils","2 tablespoons",NA,NA,NA,NA,NA,NA,NA,NA,"```json
{
    ""Chicken"": ""1 piece"",
    ""Brussels Sprouts"": ""3 pieces"",
    ""Sweet Potato"": ""2 pieces"",
    ""Sauce/Gravy"": ""2 tablespoons""
}
```",65,"poultry","1 piece","seeds or other toppings","3 pieces","potatoes or fries","2 pieces","fats or oils","2 tablespoons",NA,NA,NA,NA,NA,NA,NA,NA,"```json
{
    ""Chicken"": 30,
    ""Sweet Potatoes"": 20,
    ""Brussels Sprouts"": 10,
    ""Sauce"": 15
}
```",65,"poultry",30,"potatoes or fries",20,"seeds or other toppings",10,"sauce",15,NA,NA,NA,NA,NA,NA,NA,NA,"```json
{
  ""Chicken"": 30,
  ""Sweet Potatoes"": 20,
  ""Brussels Sprouts"": 10,
  ""Sauce"": 15
}
```",65,"poultry",30,"potatoes or fries",20,"seeds or other toppings",10,"sauce",15,NA,NA,NA,NA,NA,NA,NA,NA,"```json
{
    ""Chicken"": 30,
    ""Sweet Potatoes"": 20,
    ""Brussels Sprouts"": 10,
    ""Sauce"": 15
}
```",65,"poultry",30,"potatoes or fries",20,"seeds or other toppings",10,"sauce",15,NA,NA,NA,NA,NA,NA,NA,NA,"```json
{
    ""Chicken"": 30,
    ""Sweet Potatoes"": 20,
    ""Brussels Sprouts"": 10,
    ""Sauce"": 15
}
```",65,"poultry",30,"potatoes or fries",20,"seeds or other toppings",10,"sauce",15,NA,NA,NA,NA,NA,NA,NA,NA,"```json
{
    ""Chicken"": 30,
    ""Sweet Potatoes"": 20,
    ""Brussels Sprouts"": 10,
    ""Sauce"": 15
}
```",65,"poultry",30,"potatoes or fries",20,"seeds or other toppings",10,"sauce",15,NA,NA,NA,NA,NA,NA,NA,NA,"```json
{
  ""Chicken"": 30,
  ""Brussels Sprouts"": 10,
  ""Sweet Potato"": 15,
  ""Sauce"": 5
}
```",65,"poultry",30,"seeds or other toppings",10,"potatoes or fries",15,"sauce",5,NA,NA,NA,NA,NA,NA,NA,NA,"```json
{
  ""Chicken"": 30,
  ""Brussels Sprouts"": 10,
  ""Sweet Potato"": 15,
  ""Sauce"": 5
}
```",65,"poultry",30,"seeds or other toppings",10,"potatoes or fries",15,"sauce",5,NA,NA,NA,NA,NA,NA,NA,NA,"```json
{
  ""Chicken"": 30,
  ""Brussels Sprouts"": 10,
  ""Sweet Potato"": 15,
  ""Sauce"": 5
}
```",65,"poultry",30,"seeds or other toppings",10,"potatoes or fries",15,"sauce",5,NA,NA,NA,NA,NA,NA,NA,NA,"```json
{
  ""Chicken"": 30,
  ""Brussels Sprouts"": 10,
  ""Sweet Potato"": 15,
  ""Sauce"": 5
}
```",65,"poultry",30,"seeds or other toppings",10,"potatoes or fries",15,"sauce",5,NA,NA,NA,NA,NA,NA,NA,NA,"```json
{
  ""Chicken"": 30,
  ""Brussels Sprouts"": 10,
  ""Sweet Potato"": 15,
  ""Sauce"": 5
}
```",65,"poultry",30,"seeds or other toppings",10,"potatoes or fries",15,"sauce",5,NA,NA,NA,NA,NA,NA,NA,NA,30,45,30,30,NA,NA,NA,NA,30,30,30,30,NA,NA,NA,NA,30,45,30,30,NA,NA,NA,NA,30,45,30,30,NA,NA,NA,NA,30,45,30,30,NA,NA,NA,NA,135,-42,42,120,-27,27,135,-42,42,135,-42,42,135,-42,42,75,18,18,75,18,18,75,18,18,75,18,18,75,18,18,60,33,33,60,33,33,60,33,33,60,33,33,60,33,33,4,0,4,0,4,0,4,0,4,0,4,0,4,0,4,0,4,0,4,0,4,0,4,0,4,0,4,0,4,0
"One-tray chicken breast in apricot marinade
with Brussels sprouts, sweet potato and gochujang mayo dip","Mariam","45585","HähnchenbrustAprikosen",1,"finished","26,3",677,695,18,"One-Tray Hähnchenbrust in Aprikosen-Marinade
mit Rosenkohl, Süßkartoffel und Gochujang-Mayo-Dip","https://www.hellofresh.de/recipes/asiatisches-stir-fry-vom-blech-mit-hahnchenbrust-64e860854e40d5c6cb1a51ee","Mitja_Sun_Meal3_3.jpg",2,"poultry","potatoes or fries","seeds or other toppings","root vegetables","garlic","sauce","spices","sauce","dairy (cream)","fats or oils",NA,NA,NA,NA,NA,"250g Chicken Breast; 1  Sweet Potato; 150g Brussels Sprouts; 2  Carrot; 1  Garlic cloves; 50g Apricot Chutney; 25g Gochujang; 12.5ml Soy Sauce; 50g Mayonnaise; 1.5 tablespoon oil"," Chicken Breast;  Sweet Potato;  Brussels Sprouts;  Carrot;  Garlic ; Apricot Chutney; Gochujang; .Soy Sauce; Mayonnaise;  oil",18,18,"```json
{
  ""Remnants"": ""2 teaspoons""
}
```",66,NA,"2 teaspoons",NA,NA,NA,NA,NA,NA,NA,NA,NA,NA,NA,NA,NA,NA,"```json
{
  ""Remnants"": ""2 teaspoons""
}
```",66,NA,"2 teaspoons",NA,NA,NA,NA,NA,NA,NA,NA,NA,NA,NA,NA,NA,NA,"```json
{
  ""Remnants"": ""2 teaspoons""
}
```",66,NA,"2 teaspoons",NA,NA,NA,NA,NA,NA,NA,NA,NA,NA,NA,NA,NA,NA,"```json
{
  ""Remnants"": ""2 teaspoons""
}
```",66,NA,"2 teaspoons",NA,NA,NA,NA,NA,NA,NA,NA,NA,NA,NA,NA,NA,NA,"```json
{
  ""Remnants"": ""2 teaspoons""
}
```",66,NA,"2 teaspoons",NA,NA,NA,NA,NA,NA,NA,NA,NA,NA,NA,NA,NA,NA,"```json
{
  ""Remnants"": 0
}
```",66,NA,0,NA,NA,NA,NA,NA,NA,NA,NA,NA,NA,NA,NA,NA,NA,"```json
{
  ""Remnants"": 0
}
```",66,NA,0,NA,NA,NA,NA,NA,NA,NA,NA,NA,NA,NA,NA,NA,NA,"```json
{
  ""Remnants"": 0
}
```",66,NA,0,NA,NA,NA,NA,NA,NA,NA,NA,NA,NA,NA,NA,NA,NA,"```json
{
  ""Remnants"": 0
}
```",66,NA,0,NA,NA,NA,NA,NA,NA,NA,NA,NA,NA,NA,NA,NA,NA,"```json
{
  ""Remnants"": 0
}
```",66,NA,0,NA,NA,NA,NA,NA,NA,NA,NA,NA,NA,NA,NA,NA,NA,"```json
{""Remnants"": 0 grams}
```",66,NA,NA,NA,NA,NA,NA,NA,NA,NA,NA,NA,NA,NA,NA,NA,NA,"```json
{""Remnants"": 0 grams}
```",66,NA,NA,NA,NA,NA,NA,NA,NA,NA,NA,NA,NA,NA,NA,NA,NA,"```json
{""Remnants"": 0 grams}
```",66,NA,NA,NA,NA,NA,NA,NA,NA,NA,NA,NA,NA,NA,NA,NA,NA,"```json
{""Remnants"": 0 grams}
```",66,NA,NA,NA,NA,NA,NA,NA,NA,NA,NA,NA,NA,NA,NA,NA,NA,"```json
{""Remnants"": 0 grams}
```",66,NA,NA,NA,NA,NA,NA,NA,NA,NA,NA,NA,NA,NA,NA,NA,NA,4,NA,NA,NA,NA,NA,NA,NA,4,NA,NA,NA,NA,NA,NA,NA,4,NA,NA,NA,NA,NA,NA,NA,4,NA,NA,NA,NA,NA,NA,NA,4,NA,NA,NA,NA,NA,NA,NA,4,14,14,4,14,14,4,14,14,4,14,14,4,14,14,0,18,18,0,18,18,0,18,18,0,18,18,0,18,18,0,18,18,0,18,18,0,18,18,0,18,18,0,18,18,0,0,0,0,0,0,0,0,0,0,0,0,0,0,0,0,0,0,0,0,0,0,0,0,0,0,0,0,0,0
"One-tray chicken breast in apricot marinade
with Brussels sprouts, sweet potato and gochujang mayo dip","Mariam","45585","HähnchenbrustAprikosen",2,"50%-30%","26,3",675,814,139,"One-Tray Hähnchenbrust in Aprikosen-Marinade
mit Rosenkohl, Süßkartoffel und Gochujang-Mayo-Dip","https://www.hellofresh.de/recipes/asiatisches-stir-fry-vom-blech-mit-hahnchenbrust-64e860854e40d5c6cb1a51ee","Mariam_Sun_Meal3_1.jpg",2,"poultry","potatoes or fries","seeds or other toppings","root vegetables","garlic","sauce","spices","sauce","dairy (cream)","fats or oils",NA,NA,NA,NA,NA,"250g Chicken Breast; 1  Sweet Potato; 150g Brussels Sprouts; 2  Carrot; 1  Garlic cloves; 50g Apricot Chutney; 25g Gochujang; 12.5ml Soy Sauce; 50g Mayonnaise; 1.5 tablespoon oil"," Chicken Breast;  Sweet Potato;  Brussels Sprouts;  Carrot;  Garlic ; Apricot Chutney; Gochujang; .Soy Sauce; Mayonnaise;  oil",139,139,"```json
{
    ""Chicken"": ""1 piece"",
    ""Roasted Vegetables"": ""1/2 cup"",
    ""Sauce"": ""2 tablespoons""
}
```",28,"poultry","1 piece","vegetable mix","1/2 cup","sauce","2 tablespoons",NA,NA,NA,NA,NA,NA,NA,NA,NA,NA,"```json
{
    ""Chicken"": ""1 piece"",
    ""Roasted Vegetables"": ""1/2 cup"",
    ""Sauce"": ""2 tablespoons""
}
```",28,"poultry","1 piece","vegetable mix","1/2 cup","sauce","2 tablespoons",NA,NA,NA,NA,NA,NA,NA,NA,NA,NA,"```json
{
    ""Chicken"": ""1 piece"",
    ""Roasted Vegetables"": ""1/2 cup"",
    ""Sauce"": ""2 tablespoons""
}
```",28,"poultry","1 piece","vegetable mix","1/2 cup","sauce","2 tablespoons",NA,NA,NA,NA,NA,NA,NA,NA,NA,NA,"```json
{
    ""Chicken"": ""1 piece"",
    ""Roasted Vegetables"": ""1/2 cup"",
    ""Sauce"": ""2 tablespoons""
}
```",28,"poultry","1 piece","vegetable mix","1/2 cup","sauce","2 tablespoons",NA,NA,NA,NA,NA,NA,NA,NA,NA,NA,"```json
{
    ""Chicken"": ""1 piece"",
    ""Roasted Vegetables"": ""1/2 cup"",
    ""Sauce"": ""2 tablespoons"",
    ""Remnants"": ""2 teaspoons""
}
```",28,"poultry","1 piece","vegetable mix","1/2 cup","sauce","2 tablespoons",NA,"2 teaspoons",NA,NA,NA,NA,NA,NA,NA,NA,"```json
{
    ""Chicken"": 30,
    ""Roasted Vegetables"": 40,
    ""Sauce"": 10
}
```",28,"poultry",30,"vegetable mix",40,"sauce",10,NA,NA,NA,NA,NA,NA,NA,NA,NA,NA,"```json
{
    ""Chicken"": 30,
    ""Roasted Vegetables"": 40,
    ""Sauce"": 15
}
```",28,"poultry",30,"vegetable mix",40,"sauce",15,NA,NA,NA,NA,NA,NA,NA,NA,NA,NA,"```json
{
    ""Chicken"": 30,
    ""Roasted Vegetables"": 40,
    ""Sauce"": 15
}
```",28,"poultry",30,"vegetable mix",40,"sauce",15,NA,NA,NA,NA,NA,NA,NA,NA,NA,NA,"```json
{
    ""Chicken"": 30,
    ""Roasted Vegetables"": 50,
    ""Sauce"": 20
}
```",28,"poultry",30,"vegetable mix",50,"sauce",20,NA,NA,NA,NA,NA,NA,NA,NA,NA,NA,"```json
{
    ""Chicken"": 30,
    ""Roasted Vegetables"": 40,
    ""Sauce"": 10,
    ""Remnants"": 5
}
```",28,"poultry",30,"vegetable mix",40,"sauce",10,NA,5,NA,NA,NA,NA,NA,NA,NA,NA,"```json
{
    ""Chicken"": 30,
    ""Roasted Vegetables"": 40,
    ""Sauce"": 15
}
```",28,"poultry",30,"vegetable mix",40,"sauce",15,NA,NA,NA,NA,NA,NA,NA,NA,NA,NA,"```json
{
  ""Chicken"": 30,
  ""Roasted Vegetables"": 40,
  ""Sauce"": 15,
  ""Remnants"": 10
}
```",28,"poultry",30,"vegetable mix",40,"sauce",15,NA,10,NA,NA,NA,NA,NA,NA,NA,NA,"```json
{
    ""Chicken"": 30,
    ""Roasted Vegetables"": 40,
    ""Sauce"": 15
}
```",28,"poultry",30,"vegetable mix",40,"sauce",15,NA,NA,NA,NA,NA,NA,NA,NA,NA,NA,"```json
{
  ""Chicken"": 30,
  ""Roasted Vegetables"": 40,
  ""Sauce"": 15,
  ""Remnants"": 10
}
```",28,"poultry",30,"vegetable mix",40,"sauce",15,NA,10,NA,NA,NA,NA,NA,NA,NA,NA,"```json
{
  ""Chicken"": 30,
  ""Roasted Vegetables"": 40,
  ""Sauce"": 15,
  ""Remnants"": 10
}
```",28,"poultry",30,"vegetable mix",40,"sauce",15,NA,10,NA,NA,NA,NA,NA,NA,NA,NA,30,37.5,30,NA,NA,NA,NA,NA,30,37.5,30,NA,NA,NA,NA,NA,30,37.5,30,NA,NA,NA,NA,NA,30,37.5,30,NA,NA,NA,NA,NA,30,37.5,30,4,NA,NA,NA,NA,97.5,41.5,41.5,97.5,41.5,41.5,97.5,41.5,41.5,97.5,41.5,41.5,101.5,37.5,37.5,80,59,59,85,54,54,85,54,54,100,39,39,85,54,54,85,54,54,95,44,44,85,54,54,95,44,44,95,44,44,2,1,2,1,2,1,2,1,2,1,2,1,2,1,2,1,2,1,2,1,2,1,2,1,2,1,2,1,2,1
"One-tray chicken breast in apricot marinade
with Brussels sprouts, sweet potato and gochujang mayo dip","Mariam","45585","HähnchenbrustAprikosen",2,"10%-30%","26,3",675,754,79,"One-Tray Hähnchenbrust in Aprikosen-Marinade
mit Rosenkohl, Süßkartoffel und Gochujang-Mayo-Dip","https://www.hellofresh.de/recipes/asiatisches-stir-fry-vom-blech-mit-hahnchenbrust-64e860854e40d5c6cb1a51ee","Mariam_Sun_Meal3_2.jpg",2,"poultry","potatoes or fries","seeds or other toppings","root vegetables","garlic","sauce","spices","sauce","dairy (cream)","fats or oils",NA,NA,NA,NA,NA,"250g Chicken Breast; 1  Sweet Potato; 150g Brussels Sprouts; 2  Carrot; 1  Garlic cloves; 50g Apricot Chutney; 25g Gochujang; 12.5ml Soy Sauce; 50g Mayonnaise; 1.5 tablespoon oil"," Chicken Breast;  Sweet Potato;  Brussels Sprouts;  Carrot;  Garlic ; Apricot Chutney; Gochujang; .Soy Sauce; Mayonnaise;  oil",79,79,"```json
{
    ""Remnants"": ""2 teaspoons""
}
```",29,NA,"2 teaspoons",NA,NA,NA,NA,NA,NA,NA,NA,NA,NA,NA,NA,NA,NA,"```json
{
    ""Remnants"": ""2 teaspoons""
}
```",29,NA,"2 teaspoons",NA,NA,NA,NA,NA,NA,NA,NA,NA,NA,NA,NA,NA,NA,"```json
{
    ""Remnants"": ""2 tablespoons""
}
```",29,NA,"2 tablespoons",NA,NA,NA,NA,NA,NA,NA,NA,NA,NA,NA,NA,NA,NA,"```json
{
    ""Remnants"": ""2 teaspoons""
}
```",29,NA,"2 teaspoons",NA,NA,NA,NA,NA,NA,NA,NA,NA,NA,NA,NA,NA,NA,"```json
{
    ""Remnants"": ""2 teaspoons""
}
```",29,NA,"2 teaspoons",NA,NA,NA,NA,NA,NA,NA,NA,NA,NA,NA,NA,NA,NA,"```json
{
    ""Meat"": 30,
    ""Roasted Vegetables"": 20,
    ""Sauce"": 10
}
```",29,"ground (undifferentiated) meat",30,"vegetable mix",20,"sauce",10,NA,NA,NA,NA,NA,NA,NA,NA,NA,NA,"```json
{
  ""Remnants"": 0
}
```",29,NA,0,NA,NA,NA,NA,NA,NA,NA,NA,NA,NA,NA,NA,NA,NA,"```json
{
  ""Remnants"": 0
}
```",29,NA,0,NA,NA,NA,NA,NA,NA,NA,NA,NA,NA,NA,NA,NA,NA,"```json
{
  ""Remnants"": 0
}
```",29,NA,0,NA,NA,NA,NA,NA,NA,NA,NA,NA,NA,NA,NA,NA,NA,"```json
{
  ""Remnants"": 0
}
```",29,NA,0,NA,NA,NA,NA,NA,NA,NA,NA,NA,NA,NA,NA,NA,NA,"```json
{
  ""Remnants"": 0
}
```",29,NA,0,NA,NA,NA,NA,NA,NA,NA,NA,NA,NA,NA,NA,NA,NA,"```json
{
  ""Remnants"": 0
}
```",29,NA,0,NA,NA,NA,NA,NA,NA,NA,NA,NA,NA,NA,NA,NA,NA,"```json
{
  ""Remnants"": 0
}
```",29,NA,0,NA,NA,NA,NA,NA,NA,NA,NA,NA,NA,NA,NA,NA,NA,"```json
{
  ""Remnants"": 0
}
```",29,NA,0,NA,NA,NA,NA,NA,NA,NA,NA,NA,NA,NA,NA,NA,NA,"```json
{
  ""Remnants"": 0
}
```",29,NA,0,NA,NA,NA,NA,NA,NA,NA,NA,NA,NA,NA,NA,NA,NA,4,NA,NA,NA,NA,NA,NA,NA,4,NA,NA,NA,NA,NA,NA,NA,30,NA,NA,NA,NA,NA,NA,NA,4,NA,NA,NA,NA,NA,NA,NA,4,NA,NA,NA,NA,NA,NA,NA,4,75,75,4,75,75,30,49,49,4,75,75,4,75,75,60,19,19,0,79,79,0,79,79,0,79,79,0,79,79,0,79,79,0,79,79,0,79,79,0,79,79,0,79,79,0,0,0,0,0,0,0,0,0,0,1,2,0,0,0,0,0,0,0,0,0,0,0,0,0,0,0,0,0,0
"One-tray chicken breast in apricot marinade
with Brussels sprouts, sweet potato and gochujang mayo dip","Mariam","45585","HähnchenbrustAprikosen",2,"finished","26,3",675,681,6,"One-Tray Hähnchenbrust in Aprikosen-Marinade
mit Rosenkohl, Süßkartoffel und Gochujang-Mayo-Dip","https://www.hellofresh.de/recipes/asiatisches-stir-fry-vom-blech-mit-hahnchenbrust-64e860854e40d5c6cb1a51ee","Mariam_Sun_Meal3_3.jpg",2,"poultry","potatoes or fries","seeds or other toppings","root vegetables","garlic","sauce","spices","sauce","dairy (cream)","fats or oils",NA,NA,NA,NA,NA,"250g Chicken Breast; 1  Sweet Potato; 150g Brussels Sprouts; 2  Carrot; 1  Garlic cloves; 50g Apricot Chutney; 25g Gochujang; 12.5ml Soy Sauce; 50g Mayonnaise; 1.5 tablespoon oil"," Chicken Breast;  Sweet Potato;  Brussels Sprouts;  Carrot;  Garlic ; Apricot Chutney; Gochujang; .Soy Sauce; Mayonnaise;  oil",6,6,"```json
{
  ""Remnants"": ""2 teaspoons""
}
```",30,NA,"2 teaspoons",NA,NA,NA,NA,NA,NA,NA,NA,NA,NA,NA,NA,NA,NA,"```json
{
  ""Remnants"": ""2 teaspoons""
}
```",30,NA,"2 teaspoons",NA,NA,NA,NA,NA,NA,NA,NA,NA,NA,NA,NA,NA,NA,"```json
{
  ""Remnants"": ""2 teaspoons""
}
```",30,NA,"2 teaspoons",NA,NA,NA,NA,NA,NA,NA,NA,NA,NA,NA,NA,NA,NA,"```json
{
  ""Remnants"": ""2 teaspoons""
}
```",30,NA,"2 teaspoons",NA,NA,NA,NA,NA,NA,NA,NA,NA,NA,NA,NA,NA,NA,"```json
{
  ""Remnants"": ""2 teaspoons""
}
```",30,NA,"2 teaspoons",NA,NA,NA,NA,NA,NA,NA,NA,NA,NA,NA,NA,NA,NA,"```json
{
  ""Remnants"": 0
}
```",30,NA,0,NA,NA,NA,NA,NA,NA,NA,NA,NA,NA,NA,NA,NA,NA,"```json
{
  ""Remnants"": 0
}
```",30,NA,0,NA,NA,NA,NA,NA,NA,NA,NA,NA,NA,NA,NA,NA,NA,"```json
{
  ""Remnants"": 0
}
```",30,NA,0,NA,NA,NA,NA,NA,NA,NA,NA,NA,NA,NA,NA,NA,NA,"```json
{
  ""Remnants"": 0
}
```",30,NA,0,NA,NA,NA,NA,NA,NA,NA,NA,NA,NA,NA,NA,NA,NA,"```json
{
  ""Remnants"": 0
}
```",30,NA,0,NA,NA,NA,NA,NA,NA,NA,NA,NA,NA,NA,NA,NA,NA,"```json
{
  ""Remnants"": 0
}
```",30,NA,0,NA,NA,NA,NA,NA,NA,NA,NA,NA,NA,NA,NA,NA,NA,"```json
{
  ""Remnants"": 0
}
```",30,NA,0,NA,NA,NA,NA,NA,NA,NA,NA,NA,NA,NA,NA,NA,NA,"```json
{""Remnants"": 0 grams}
```",30,NA,NA,NA,NA,NA,NA,NA,NA,NA,NA,NA,NA,NA,NA,NA,NA,"```json
{
  ""Remnants"": 0
}
```",30,NA,0,NA,NA,NA,NA,NA,NA,NA,NA,NA,NA,NA,NA,NA,NA,"```json
{""Remnants"": 0 grams}
```",30,NA,NA,NA,NA,NA,NA,NA,NA,NA,NA,NA,NA,NA,NA,NA,NA,4,NA,NA,NA,NA,NA,NA,NA,4,NA,NA,NA,NA,NA,NA,NA,4,NA,NA,NA,NA,NA,NA,NA,4,NA,NA,NA,NA,NA,NA,NA,4,NA,NA,NA,NA,NA,NA,NA,4,2,2,4,2,2,4,2,2,4,2,2,4,2,2,0,6,6,0,6,6,0,6,6,0,6,6,0,6,6,0,6,6,0,6,6,0,6,6,0,6,6,0,6,6,0,0,0,0,0,0,0,0,0,0,0,0,0,0,0,0,0,0,0,0,0,0,0,0,0,0,0,0,0,0
"Orzo with roasted vegetables and whole wheat garlic bread","Erica","Saturday","OrzoGroente",1,"1","26.7",714,911,197,"Orzo met geroosterde groenten en volkoren knoflookbrood","https://www.hellofresh.nl/recipes/orzo-met-geroosterde-groenten-en-volkoren-knoflookbrood-6669a42fbd13e7439ddc08f0","Erica_OrzoGroente_1_1.jpg",3,"herbs","peppers","zucchini","eggplant","pasta","onion","garlic","tomatoes","cheese","bread(crumbs)","fats or oils","spices","vinaigrette",NA,NA,"15g Basil; 2  Red Pointed Pepper; 2  Zucchini; 1 Eggplant; 115g Orzo; 1  Onion; 3 Garlic cloves; 300g Passata; 75g White Cheese; 1.5  Ciabatta; 6 tablespoon olive oil; 1.5 teaspoon sugar; 1.5 tablespoon balsamico","Basil;  Red Pointed Pepper;  Zucchini; Eggplant;  Orzo;  Onion; Garlic ;  Passata; White Cheese;  Ciabatta;  olive oil;  sugar;  balsamico",197,197,"```json
{
    ""bread"": ""1 piece"",
    ""orzo"": ""0.5 cups"",
    ""eggplant"": ""0.25 cups"",
    ""zucchini"": ""0.25 cups"",
    ""red bell pepper"": ""0.25 cups"",
    ""basil"": ""5 leaves"",
    ""feta cheese"": ""2 tablespoons"",
    ""tomato sauce"": ""0.5 cups""
}
```",19,"bread(crumbs)","1 piece","pasta","0.5 cups","eggplant","0.25 cups","zucchini","0.25 cups","bell pepper","0.25 cups","herbs","5 leaves","cheese","2 tablespoons","tomatoes","0.5 cups","```json
{
    ""bread"": ""1 piece"",
    ""orzo"": ""0.5 cups"",
    ""eggplant"": ""0.25 cups"",
    ""zucchini"": ""0.25 cups"",
    ""red bell pepper"": ""0.25 cups"",
    ""basil"": ""5 leaves"",
    ""feta cheese"": ""2 tablespoons"",
    ""tomato sauce"": ""0.5 cups""
}
```",19,"bread(crumbs)","1 piece","pasta","0.5 cups","eggplant","0.25 cups","zucchini","0.25 cups","bell pepper","0.25 cups","herbs","5 leaves","cheese","2 tablespoons","tomatoes","0.5 cups","```json
{
    ""bread"": ""1 piece"",
    ""orzo"": ""0.5 cups"",
    ""eggplant"": ""0.25 cups"",
    ""zucchini"": ""0.25 cups"",
    ""red bell pepper"": ""0.25 cups"",
    ""basil"": ""5 leaves"",
    ""feta cheese"": ""2 tablespoons"",
    ""tomato sauce"": ""0.5 cups""
}
```",19,"bread(crumbs)","1 piece","pasta","0.5 cups","eggplant","0.25 cups","zucchini","0.25 cups","bell pepper","0.25 cups","herbs","5 leaves","cheese","2 tablespoons","tomatoes","0.5 cups","```json
{
    ""bread"": ""1 piece"",
    ""orzo"": ""0.5 cups"",
    ""eggplant"": ""0.25 cups"",
    ""zucchini"": ""0.25 cups"",
    ""red bell pepper"": ""0.25 cups"",
    ""basil"": ""5 leaves"",
    ""feta cheese"": ""1 tablespoon"",
    ""tomato sauce"": ""0.25 cups""
}
```",19,"bread(crumbs)","1 piece","pasta","0.5 cups","eggplant","0.25 cups","zucchini","0.25 cups","bell pepper","0.25 cups","herbs","5 leaves","cheese","1 tablespoon","tomatoes","0.25 cups","```json
{
    ""bread"": ""1 piece"",
    ""orzo"": ""0.5 cups"",
    ""eggplant"": ""0.25 cups"",
    ""zucchini"": ""0.25 cups"",
    ""red bell pepper"": ""0.25 cups"",
    ""basil"": ""5 leaves"",
    ""feta cheese"": ""2 tablespoons"",
    ""tomato sauce"": ""0.5 cups""
}
```",19,"bread(crumbs)","1 piece","pasta","0.5 cups","eggplant","0.25 cups","zucchini","0.25 cups","bell pepper","0.25 cups","herbs","5 leaves","cheese","2 tablespoons","tomatoes","0.5 cups","```json
{
  ""bread"": 30,
  ""orzo"": 40,
  ""eggplant"": 20,
  ""zucchini"": 20,
  ""red bell pepper"": 15,
  ""tomato sauce"": 30,
  ""feta cheese"": 10,
  ""basil"": 5
}
```",19,"bread(crumbs)",30,"pasta",40,"eggplant",20,"zucchini",20,"bell pepper",15,"tomatoes",30,"cheese",10,"herbs",5,"```json
{
    ""bread"": 30,
    ""orzo"": 40,
    ""red bell pepper"": 20,
    ""zucchini"": 30,
    ""eggplant"": 30,
    ""basil"": 5,
    ""feta cheese"": 10,
    ""tomato sauce"": 50
}
```",19,"bread(crumbs)",30,"pasta",40,"bell pepper",20,"zucchini",30,"eggplant",30,"herbs",5,"cheese",10,"tomatoes",50,"```json
{
    ""bread"": 30,
    ""orzo"": 40,
    ""red bell pepper"": 20,
    ""zucchini"": 30,
    ""eggplant"": 30,
    ""basil"": 5,
    ""feta cheese"": 10,
    ""tomato sauce"": 50
}
```",19,"bread(crumbs)",30,"pasta",40,"bell pepper",20,"zucchini",30,"eggplant",30,"herbs",5,"cheese",10,"tomatoes",50,"```json
{
    ""bread"": 30,
    ""orzo"": 40,
    ""eggplant"": 30,
    ""zucchini"": 30,
    ""red bell pepper"": 20,
    ""basil"": 5,
    ""feta cheese"": 10,
    ""tomato sauce"": 50
}
```",19,"bread(crumbs)",30,"pasta",40,"eggplant",30,"zucchini",30,"bell pepper",20,"herbs",5,"cheese",10,"tomatoes",50,"```json
{
    ""bread"": 30,
    ""orzo"": 40,
    ""red bell pepper"": 20,
    ""zucchini"": 30,
    ""eggplant"": 30,
    ""basil"": 5,
    ""feta cheese"": 10,
    ""tomato sauce"": 50
}
```",19,"bread(crumbs)",30,"pasta",40,"bell pepper",20,"zucchini",30,"eggplant",30,"herbs",5,"cheese",10,"tomatoes",50,"```json
{
    ""Bread"": 30,
    ""Eggplant"": 20,
    ""Zucchini"": 20,
    ""Red Bell Pepper"": 15,
    ""Orzo"": 25,
    ""Tomato Sauce"": 30,
    ""Feta Cheese"": 10,
    ""Basil"": 5
}
```",19,"bread(crumbs)",30,"eggplant",20,"zucchini",20,"bell pepper",15,"pasta",25,"tomatoes",30,"cheese",10,"herbs",5,"```json
{
    ""Bread"": 30,
    ""Eggplant"": 20,
    ""Zucchini"": 20,
    ""Red Bell Pepper"": 15,
    ""Orzo"": 25,
    ""Tomato Sauce"": 30,
    ""Feta Cheese"": 10,
    ""Basil"": 5
}
```",19,"bread(crumbs)",30,"eggplant",20,"zucchini",20,"bell pepper",15,"pasta",25,"tomatoes",30,"cheese",10,"herbs",5,"```json
{
    ""Bread"": 30,
    ""Orzo"": 40,
    ""Eggplant"": 30,
    ""Zucchini"": 30,
    ""Red Bell Pepper"": 20,
    ""Tomato Sauce"": 50,
    ""Feta Cheese"": 10,
    ""Basil"": 5
}
```",19,"bread(crumbs)",30,"pasta",40,"eggplant",30,"zucchini",30,"bell pepper",20,"tomatoes",50,"cheese",10,"herbs",5,"```json
{
    ""Bread"": 30,
    ""Eggplant"": 20,
    ""Zucchini"": 20,
    ""Red Bell Pepper"": 15,
    ""Orzo"": 25,
    ""Tomato Sauce"": 30,
    ""Feta Cheese"": 10,
    ""Basil"": 5
}
```",19,"bread(crumbs)",30,"eggplant",20,"zucchini",20,"bell pepper",15,"pasta",25,"tomatoes",30,"cheese",10,"herbs",5,"```json
{
    ""Bread"": 30,
    ""Eggplant"": 20,
    ""Zucchini"": 20,
    ""Red Bell Pepper"": 15,
    ""Orzo"": 25,
    ""Tomato Sauce"": 30,
    ""Feta Cheese"": 10,
    ""Basil"": 5
}
```",19,"bread(crumbs)",30,"eggplant",20,"zucchini",20,"bell pepper",15,"pasta",25,"tomatoes",30,"cheese",10,"herbs",5,30,100,20.5,37.5,43.75,5,30,129,30,100,20.5,37.5,43.75,5,30,129,30,100,20.5,37.5,43.75,5,30,129,30,100,20.5,37.5,43.75,5,15,64.5,30,100,20.5,37.5,43.75,5,30,129,395.75,-198.75,198.75,395.75,-198.75,198.75,395.75,-198.75,198.75,316.25,-119.25,119.25,395.75,-198.75,198.75,170,27,27,215,-18,18,215,-18,18,215,-18,18,215,-18,18,155,42,42,155,42,42,215,-18,18,155,42,42,155,42,42,7,1,7,1,7,1,7,1,7,1,7,1,7,1,7,1,7,1,7,1,7,1,7,1,7,1,7,1,7,1
"Orzo with roasted vegetables and whole wheat garlic bread","Erica","Saturday","OrzoGroente",2,"1","26.7",732,1118,386,"Orzo met geroosterde groenten en volkoren knoflookbrood","https://www.hellofresh.nl/recipes/orzo-met-geroosterde-groenten-en-volkoren-knoflookbrood-6669a42fbd13e7439ddc08f0","Erica_OrzoGroente_2_1.jpg",3,"herbs","peppers","zucchini","eggplant","pasta","onion","garlic","tomatoes","cheese","bread(crumbs)","fats or oils","spices","vinaigrette",NA,NA,"15g Basil; 2  Red Pointed Pepper; 2  Zucchini; 1 Eggplant; 115g Orzo; 1  Onion; 3 Garlic cloves; 300g Passata; 75g White Cheese; 1.5  Ciabatta; 6 tablespoon olive oil; 1.5 teaspoon sugar; 1.5 tablespoon balsamico","Basil;  Red Pointed Pepper;  Zucchini; Eggplant;  Orzo;  Onion; Garlic ;  Passata; White Cheese;  Ciabatta;  olive oil;  sugar;  balsamico",386,386,"```json
{
    ""orzo"": ""1/4 cup"",
    ""zucchini"": ""1/4 cup"",
    ""eggplant"": ""1/4 cup"",
    ""red bell pepper"": ""1/8 cup"",
    ""basil leaves"": ""5 pieces"",
    ""feta cheese"": ""1 tablespoon"",
    ""tomato sauce"": ""2 tablespoons""
}
```",22,"pasta","1/4 cup","zucchini","1/4 cup","eggplant","1/4 cup","bell pepper","1/8 cup","herbs","5 pieces","cheese","1 tablespoon","tomatoes","2 tablespoons",NA,NA,"```json
{
    ""orzo"": ""0.5 cups"",
    ""zucchini"": ""0.25 cups"",
    ""eggplant"": ""0.25 cups"",
    ""red bell pepper"": ""0.25 cups"",
    ""basil leaves"": ""5 pieces"",
    ""feta cheese"": ""2 tablespoons"",
    ""tomato sauce"": ""2 tablespoons""
}
```",22,"pasta","0.5 cups","zucchini","0.25 cups","eggplant","0.25 cups","bell pepper","0.25 cups","herbs","5 pieces","cheese","2 tablespoons","tomatoes","2 tablespoons",NA,NA,"```json
{
    ""orzo"": ""0.5 cups"",
    ""zucchini"": ""0.25 cups"",
    ""eggplant"": ""0.25 cups"",
    ""red bell pepper"": ""0.25 cups"",
    ""basil leaves"": ""5 pieces"",
    ""feta cheese"": ""2 tablespoons"",
    ""tomato sauce"": ""2 tablespoons""
}
```",22,"pasta","0.5 cups","zucchini","0.25 cups","eggplant","0.25 cups","bell pepper","0.25 cups","herbs","5 pieces","cheese","2 tablespoons","tomatoes","2 tablespoons",NA,NA,"```json
{
    ""orzo"": ""0.5 cups"",
    ""zucchini"": ""0.25 cups"",
    ""eggplant"": ""0.25 cups"",
    ""red bell pepper"": ""0.25 cups"",
    ""basil leaves"": ""5 pieces"",
    ""feta cheese"": ""2 tablespoons"",
    ""tomato sauce"": ""2 tablespoons""
}
```",22,"pasta","0.5 cups","zucchini","0.25 cups","eggplant","0.25 cups","bell pepper","0.25 cups","herbs","5 pieces","cheese","2 tablespoons","tomatoes","2 tablespoons",NA,NA,"```json
{
    ""orzo"": ""0.5 cups"",
    ""zucchini"": ""0.25 cups"",
    ""eggplant"": ""0.25 cups"",
    ""red bell pepper"": ""0.25 cups"",
    ""basil leaves"": ""5 pieces"",
    ""feta cheese"": ""2 tablespoons"",
    ""tomato sauce"": ""2 tablespoons""
}
```",22,"pasta","0.5 cups","zucchini","0.25 cups","eggplant","0.25 cups","bell pepper","0.25 cups","herbs","5 pieces","cheese","2 tablespoons","tomatoes","2 tablespoons",NA,NA,"```json
{
    ""Orzo"": 30,
    ""Zucchini"": 20,
    ""Eggplant"": 20,
    ""Red Bell Pepper"": 15,
    ""Basil"": 5,
    ""Feta Cheese"": 10,
    ""Tomato Sauce"": 10
}
```",22,"pasta",30,"zucchini",20,"eggplant",20,"bell pepper",15,"herbs",5,"cheese",10,"tomatoes",10,NA,NA,"```json
{
    ""Orzo"": 30,
    ""Zucchini"": 20,
    ""Eggplant"": 20,
    ""Red Bell Pepper"": 15,
    ""Basil"": 5,
    ""Feta Cheese"": 10,
    ""Tomato Sauce"": 10
}
```",22,"pasta",30,"zucchini",20,"eggplant",20,"bell pepper",15,"herbs",5,"cheese",10,"tomatoes",10,NA,NA,"```json
{
    ""Orzo"": 30,
    ""Zucchini"": 20,
    ""Eggplant"": 20,
    ""Red Bell Pepper"": 15,
    ""Basil"": 5,
    ""Feta Cheese"": 10,
    ""Tomato Sauce"": 10
}
```",22,"pasta",30,"zucchini",20,"eggplant",20,"bell pepper",15,"herbs",5,"cheese",10,"tomatoes",10,NA,NA,"```json
{
    ""Orzo"": 30,
    ""Zucchini"": 20,
    ""Eggplant"": 20,
    ""Red Bell Pepper"": 15,
    ""Basil"": 5,
    ""Feta Cheese"": 10,
    ""Tomato Sauce"": 10
}
```",22,"pasta",30,"zucchini",20,"eggplant",20,"bell pepper",15,"herbs",5,"cheese",10,"tomatoes",10,NA,NA,"```json
{
    ""Orzo"": 30,
    ""Zucchini"": 20,
    ""Eggplant"": 20,
    ""Red Bell Pepper"": 15,
    ""Basil"": 5,
    ""Feta Cheese"": 10,
    ""Tomato Sauce"": 10
}
```",22,"pasta",30,"zucchini",20,"eggplant",20,"bell pepper",15,"herbs",5,"cheese",10,"tomatoes",10,NA,NA,"```json
{
    ""Orzo"": 30,
    ""Zucchini"": 20,
    ""Eggplant"": 20,
    ""Red Bell Pepper"": 15,
    ""Basil"": 5,
    ""Feta Cheese"": 10,
    ""Tomato Sauce"": 10
}
```",22,"pasta",30,"zucchini",20,"eggplant",20,"bell pepper",15,"herbs",5,"cheese",10,"tomatoes",10,NA,NA,"```json
{
    ""orzo"": 30,
    ""zucchini"": 20,
    ""eggplant"": 20,
    ""red bell pepper"": 15,
    ""basil"": 5,
    ""feta cheese"": 10,
    ""tomato sauce"": 10
}
```",22,"pasta",30,"zucchini",20,"eggplant",20,"bell pepper",15,"herbs",5,"cheese",10,"tomatoes",10,NA,NA,"```json
{
    ""Orzo"": 30,
    ""Zucchini"": 20,
    ""Eggplant"": 20,
    ""Red Bell Pepper"": 15,
    ""Basil"": 5,
    ""Feta Cheese"": 10,
    ""Tomato Sauce"": 10
}
```",22,"pasta",30,"zucchini",20,"eggplant",20,"bell pepper",15,"herbs",5,"cheese",10,"tomatoes",10,NA,NA,"```json
{
    ""orzo"": 30,
    ""zucchini"": 20,
    ""eggplant"": 15,
    ""red bell pepper"": 10,
    ""basil"": 5,
    ""feta cheese"": 10,
    ""tomato sauce"": 10
}
```",22,"pasta",30,"zucchini",20,"eggplant",15,"bell pepper",10,"herbs",5,"cheese",10,"tomatoes",10,NA,NA,"```json
{
    ""Orzo"": 30,
    ""Zucchini"": 20,
    ""Eggplant"": 20,
    ""Red Bell Pepper"": 15,
    ""Basil"": 5,
    ""Feta Cheese"": 10,
    ""Tomato Sauce"": 10
}
```",22,"pasta",30,"zucchini",20,"eggplant",20,"bell pepper",15,"herbs",5,"cheese",10,"tomatoes",10,NA,NA,50,37.5,20.5,21.875,5,15,30,NA,100,37.5,20.5,43.75,5,30,30,NA,100,37.5,20.5,43.75,5,30,30,NA,100,37.5,20.5,43.75,5,30,30,NA,100,37.5,20.5,43.75,5,30,30,NA,179.875,206.125,206.125,266.75,119.25,119.25,266.75,119.25,119.25,266.75,119.25,119.25,266.75,119.25,119.25,110,276,276,110,276,276,110,276,276,110,276,276,110,276,276,110,276,276,110,276,276,110,276,276,100,286,286,110,276,276,6,1,6,1,6,1,6,1,6,1,6,1,6,1,6,1,6,1,6,1,6,1,6,1,6,1,6,1,6,1
"Orzo with roasted vegetables and whole wheat garlic bread","Erica","Saturday","OrzoGroente",1,"2","26.7",714,798,84,"Orzo met geroosterde groenten en volkoren knoflookbrood","https://www.hellofresh.nl/recipes/orzo-met-geroosterde-groenten-en-volkoren-knoflookbrood-6669a42fbd13e7439ddc08f0","Erica_OrzoGroente_1_2.jpg",3,"herbs","peppers","zucchini","eggplant","pasta","onion","garlic","tomatoes","cheese","bread(crumbs)","fats or oils","spices","vinaigrette",NA,NA,"15g Basil; 2  Red Pointed Pepper; 2  Zucchini; 1 Eggplant; 115g Orzo; 1  Onion; 3 Garlic cloves; 300g Passata; 75g White Cheese; 1.5  Ciabatta; 6 tablespoon olive oil; 1.5 teaspoon sugar; 1.5 tablespoon balsamico","Basil;  Red Pointed Pepper;  Zucchini; Eggplant;  Orzo;  Onion; Garlic ;  Passata; White Cheese;  Ciabatta;  olive oil;  sugar;  balsamico",84,84,"```json
{
    ""orzo"": ""1/4 cup"",
    ""zucchini"": ""3 pieces"",
    ""red bell pepper"": ""1 piece"",
    ""eggplant"": ""2 pieces"",
    ""basil"": ""2 leaves"",
    ""tomato sauce"": ""2 tablespoons"",
    ""goat cheese"": ""1 teaspoon""
}
```",20,"pasta","1/4 cup","zucchini","3 pieces","bell pepper","1 piece","eggplant","2 pieces","herbs","2 leaves","tomatoes","2 tablespoons","cheese","1 teaspoon",NA,NA,"```json
{
    ""orzo"": ""1/4 cup"",
    ""zucchini"": ""3 pieces"",
    ""red bell pepper"": ""2 pieces"",
    ""eggplant"": ""2 pieces"",
    ""basil"": ""2 leaves"",
    ""tomato sauce"": ""2 tablespoons"",
    ""goat cheese"": ""1 teaspoon""
}
```",20,"pasta","1/4 cup","zucchini","3 pieces","bell pepper","2 pieces","eggplant","2 pieces","herbs","2 leaves","tomatoes","2 tablespoons","cheese","1 teaspoon",NA,NA,"```json
{
    ""orzo"": ""1/4 cup"",
    ""zucchini"": ""3 pieces"",
    ""red bell pepper"": ""2 pieces"",
    ""eggplant"": ""2 pieces"",
    ""basil"": ""2 leaves"",
    ""tomato sauce"": ""2 tablespoons"",
    ""goat cheese"": ""1 teaspoon""
}
```",20,"pasta","1/4 cup","zucchini","3 pieces","bell pepper","2 pieces","eggplant","2 pieces","herbs","2 leaves","tomatoes","2 tablespoons","cheese","1 teaspoon",NA,NA,"```json
{
    ""orzo"": ""1/4 cup"",
    ""zucchini"": ""3 pieces"",
    ""red bell pepper"": ""1 piece"",
    ""eggplant"": ""2 pieces"",
    ""basil"": ""2 leaves"",
    ""tomato sauce"": ""2 tablespoons"",
    ""goat cheese"": ""1 teaspoon""
}
```",20,"pasta","1/4 cup","zucchini","3 pieces","bell pepper","1 piece","eggplant","2 pieces","herbs","2 leaves","tomatoes","2 tablespoons","cheese","1 teaspoon",NA,NA,"```json
{
    ""orzo"": ""1/4 cup"",
    ""zucchini"": ""3 pieces"",
    ""red bell pepper"": ""2 strips"",
    ""eggplant"": ""2 pieces"",
    ""basil"": ""2 leaves"",
    ""tomato sauce"": ""2 tablespoons"",
    ""goat cheese"": ""1 teaspoon""
}
```",20,"pasta","1/4 cup","zucchini","3 pieces","bell pepper","2 strips","eggplant","2 pieces","herbs","2 leaves","tomatoes","2 tablespoons","cheese","1 teaspoon",NA,NA,"```json
{
    ""Orzo pasta"": 15,
    ""Zucchini"": 10,
    ""Red bell pepper"": 5,
    ""Eggplant"": 10,
    ""Tomato sauce"": 5,
    ""Basil leaves"": 1,
    ""Ricotta cheese"": 5
}
```",20,"pasta",15,"zucchini",10,"bell pepper",5,"eggplant",10,"tomatoes",5,"herbs",1,"cheese",5,NA,NA,"```json
{
    ""Orzo"": 10,
    ""Zucchini"": 15,
    ""Red Bell Pepper"": 5,
    ""Eggplant"": 10,
    ""Tomato Sauce"": 5,
    ""Basil"": 1,
    ""Ricotta Cheese"": 5
}
```",20,"pasta",10,"zucchini",15,"bell pepper",5,"eggplant",10,"tomatoes",5,"herbs",1,"cheese",5,NA,NA,"```json
{
    ""Orzo"": 15,
    ""Zucchini"": 10,
    ""Red Bell Pepper"": 5,
    ""Eggplant"": 10,
    ""Tomato Sauce"": 5,
    ""Basil"": 1,
    ""Ricotta Cheese"": 5
}
```",20,"pasta",15,"zucchini",10,"bell pepper",5,"eggplant",10,"tomatoes",5,"herbs",1,"cheese",5,NA,NA,"```json
{
    ""Orzo"": 10,
    ""Red Bell Pepper"": 5,
    ""Zucchini"": 10,
    ""Eggplant"": 10,
    ""Tomato Sauce"": 5,
    ""Basil"": 1,
    ""Ricotta Cheese"": 5
}
```",20,"pasta",10,"bell pepper",5,"zucchini",10,"eggplant",10,"tomatoes",5,"herbs",1,"cheese",5,NA,NA,"```json
{
    ""Orzo"": 10,
    ""Zucchini"": 15,
    ""Red Bell Pepper"": 5,
    ""Eggplant"": 10,
    ""Tomato Sauce"": 5,
    ""Basil"": 1,
    ""Ricotta Cheese"": 5
}
```",20,"pasta",10,"zucchini",15,"bell pepper",5,"eggplant",10,"tomatoes",5,"herbs",1,"cheese",5,NA,NA,"```json
{
    ""orzo"": 15,
    ""zucchini"": 10,
    ""red bell pepper"": 5,
    ""eggplant"": 10,
    ""basil"": 1,
    ""tomato sauce"": 5,
    ""goat cheese"": 5
}
```",20,"pasta",15,"zucchini",10,"bell pepper",5,"eggplant",10,"herbs",1,"tomatoes",5,"cheese",5,NA,NA,"```json
{
    ""orzo"": 15,
    ""zucchini"": 10,
    ""red bell pepper"": 5,
    ""eggplant"": 10,
    ""basil"": 1,
    ""tomato sauce"": 5,
    ""goat cheese"": 5
}
```",20,"pasta",15,"zucchini",10,"bell pepper",5,"eggplant",10,"herbs",1,"tomatoes",5,"cheese",5,NA,NA,"```json
{
    ""Orzo"": 15,
    ""Zucchini"": 10,
    ""Red Bell Pepper"": 5,
    ""Eggplant"": 10,
    ""Tomato Sauce"": 5,
    ""Basil"": 1,
    ""Feta Cheese"": 5
}
```",20,"pasta",15,"zucchini",10,"bell pepper",5,"eggplant",10,"tomatoes",5,"herbs",1,"cheese",5,NA,NA,"```json
{
    ""Orzo"": 15,
    ""Zucchini"": 10,
    ""Red Bell Pepper"": 5,
    ""Eggplant"": 10,
    ""Tomato Sauce"": 5,
    ""Basil"": 1,
    ""Feta Cheese"": 5
}
```",20,"pasta",15,"zucchini",10,"bell pepper",5,"eggplant",10,"tomatoes",5,"herbs",1,"cheese",5,NA,NA,"```json
{
    ""orzo"": 15,
    ""zucchini"": 10,
    ""red bell pepper"": 5,
    ""eggplant"": 10,
    ""basil"": 1,
    ""tomato sauce"": 5,
    ""goat cheese"": 5
}
```",20,"pasta",15,"zucchini",10,"bell pepper",5,"eggplant",10,"herbs",1,"tomatoes",5,"cheese",5,NA,NA,50,60,9,116,2,30,6,NA,50,60,18,116,2,30,6,NA,50,60,18,116,2,30,6,NA,50,60,9,116,2,30,6,NA,50,60,15,116,2,30,6,NA,273,-189,189,282,-198,198,282,-198,198,273,-189,189,279,-195,195,51,33,33,51,33,33,51,33,33,46,38,38,51,33,33,51,33,33,51,33,33,51,33,33,51,33,33,51,33,33,6,1,6,1,6,1,6,1,6,1,6,1,6,1,6,1,6,1,6,1,6,1,6,1,6,1,6,1,6,1
"Orzo with roasted vegetables and whole wheat garlic bread","Erica","Saturday","OrzoGroente",2,"2","26.7",732,914,182,"Orzo met geroosterde groenten en volkoren knoflookbrood","https://www.hellofresh.nl/recipes/orzo-met-geroosterde-groenten-en-volkoren-knoflookbrood-6669a42fbd13e7439ddc08f0","Erica_OrzoGroente_2_2.jpg",3,"herbs","peppers","zucchini","eggplant","pasta","onion","garlic","tomatoes","cheese","bread(crumbs)","fats or oils","spices","vinaigrette",NA,NA,"15g Basil; 2  Red Pointed Pepper; 2  Zucchini; 1 Eggplant; 115g Orzo; 1  Onion; 3 Garlic cloves; 300g Passata; 75g White Cheese; 1.5  Ciabatta; 6 tablespoon olive oil; 1.5 teaspoon sugar; 1.5 tablespoon balsamico","Basil;  Red Pointed Pepper;  Zucchini; Eggplant;  Orzo;  Onion; Garlic ;  Passata; White Cheese;  Ciabatta;  olive oil;  sugar;  balsamico",182,182,"```json
{
    ""zucchini"": ""5 pieces"",
    ""red bell pepper"": ""3 pieces"",
    ""eggplant"": ""4 pieces"",
    ""orzo"": ""2 tablespoons"",
    ""basil"": ""2 leaves"",
    ""tomato sauce"": ""1 tablespoon""
}
```",23,"zucchini","5 pieces","bell pepper","3 pieces","eggplant","4 pieces","pasta","2 tablespoons","herbs","2 leaves","tomatoes","1 tablespoon",NA,NA,NA,NA,"```json
{
    ""zucchini"": ""5 pieces"",
    ""red bell pepper"": ""3 pieces"",
    ""eggplant"": ""4 pieces"",
    ""orzo pasta"": ""2 tablespoons"",
    ""basil"": ""2 leaves"",
    ""tomato sauce"": ""2 teaspoons""
}
```",23,"zucchini","5 pieces","bell pepper","3 pieces","eggplant","4 pieces","pasta","2 tablespoons","herbs","2 leaves","tomatoes","2 teaspoons",NA,NA,NA,NA,"```json
{
    ""zucchini"": ""5 pieces"",
    ""red bell pepper"": ""3 pieces"",
    ""eggplant"": ""4 pieces"",
    ""orzo"": ""2 tablespoons"",
    ""basil"": ""2 leaves"",
    ""tomato sauce"": ""2 teaspoons""
}
```",23,"zucchini","5 pieces","bell pepper","3 pieces","eggplant","4 pieces","pasta","2 tablespoons","herbs","2 leaves","tomatoes","2 teaspoons",NA,NA,NA,NA,"```json
{
    ""zucchini"": ""5 pieces"",
    ""red bell pepper"": ""3 pieces"",
    ""eggplant"": ""4 pieces"",
    ""orzo pasta"": ""2 tablespoons"",
    ""basil"": ""2 leaves"",
    ""tomato sauce"": ""2 teaspoons""
}
```",23,"zucchini","5 pieces","bell pepper","3 pieces","eggplant","4 pieces","pasta","2 tablespoons","herbs","2 leaves","tomatoes","2 teaspoons",NA,NA,NA,NA,"```json
{
    ""zucchini"": ""5 pieces"",
    ""red bell pepper"": ""3 pieces"",
    ""eggplant"": ""4 pieces"",
    ""orzo"": ""2 tablespoons"",
    ""tomato sauce"": ""2 teaspoons"",
    ""basil"": ""2 leaves""
}
```",23,"zucchini","5 pieces","bell pepper","3 pieces","eggplant","4 pieces","pasta","2 tablespoons","tomatoes","2 teaspoons","herbs","2 leaves",NA,NA,NA,NA,"```json
{
    ""Zucchini"": 20,
    ""Red Bell Pepper"": 10,
    ""Eggplant"": 15,
    ""Orzo Pasta"": 15,
    ""Tomato Sauce"": 5,
    ""Basil"": 2
}
```",23,"zucchini",20,"bell pepper",10,"eggplant",15,"pasta",15,"tomatoes",5,"herbs",2,NA,NA,NA,NA,"```json
{
    ""Zucchini"": 20,
    ""Red Bell Pepper"": 10,
    ""Eggplant"": 15,
    ""Orzo Pasta"": 15,
    ""Tomato Sauce"": 5,
    ""Basil"": 2
}
```",23,"zucchini",20,"bell pepper",10,"eggplant",15,"pasta",15,"tomatoes",5,"herbs",2,NA,NA,NA,NA,"```json
{
    ""Zucchini"": 20,
    ""Red Bell Pepper"": 10,
    ""Eggplant"": 15,
    ""Orzo Pasta"": 15,
    ""Tomato Sauce"": 5,
    ""Basil"": 2
}
```",23,"zucchini",20,"bell pepper",10,"eggplant",15,"pasta",15,"tomatoes",5,"herbs",2,NA,NA,NA,NA,"```json
{
    ""Zucchini"": 20,
    ""Red Bell Pepper"": 10,
    ""Eggplant"": 15,
    ""Orzo Pasta"": 15,
    ""Tomato Sauce"": 5,
    ""Basil"": 2
}
```",23,"zucchini",20,"bell pepper",10,"eggplant",15,"pasta",15,"tomatoes",5,"herbs",2,NA,NA,NA,NA,"```json
{
    ""Zucchini"": 20,
    ""Red Bell Pepper"": 10,
    ""Eggplant"": 15,
    ""Orzo Pasta"": 15,
    ""Tomato Sauce"": 5,
    ""Basil"": 2
}
```",23,"zucchini",20,"bell pepper",10,"eggplant",15,"pasta",15,"tomatoes",5,"herbs",2,NA,NA,NA,NA,"```json
{
  ""Zucchini"": 15,
  ""Red Bell Pepper"": 5,
  ""Eggplant"": 10,
  ""Orzo Pasta"": 10,
  ""Tomato Sauce"": 5
}
```",23,"zucchini",15,"bell pepper",5,"eggplant",10,"pasta",10,"tomatoes",5,NA,NA,NA,NA,NA,NA,"```json
{
  ""Zucchini"": 20,
  ""Red Bell Pepper"": 10,
  ""Eggplant"": 15,
  ""Orzo Pasta"": 15,
  ""Tomato Sauce"": 5,
  ""Basil"": 1
}
```",23,"zucchini",20,"bell pepper",10,"eggplant",15,"pasta",15,"tomatoes",5,"herbs",1,NA,NA,NA,NA,"```json
{
  ""Zucchini"": 15,
  ""Red Bell Pepper"": 10,
  ""Eggplant"": 10,
  ""Orzo Pasta"": 20,
  ""Tomato Sauce"": 5,
  ""Basil"": 2
}
```",23,"zucchini",15,"bell pepper",10,"eggplant",10,"pasta",20,"tomatoes",5,"herbs",2,NA,NA,NA,NA,"```json
{
    ""Zucchini"": 20,
    ""Red Bell Pepper"": 10,
    ""Eggplant"": 15,
    ""Orzo Pasta"": 15,
    ""Tomato Sauce"": 5,
    ""Basil"": 1
}
```",23,"zucchini",20,"bell pepper",10,"eggplant",15,"pasta",15,"tomatoes",5,"herbs",1,NA,NA,NA,NA,"```json
{
  ""zucchini"": 20,
  ""red bell pepper"": 10,
  ""eggplant"": 15,
  ""orzo pasta"": 15,
  ""tomato sauce"": 10,
  ""basil"": 2
}
```",23,"zucchini",20,"bell pepper",10,"eggplant",15,"pasta",15,"tomatoes",10,"herbs",2,NA,NA,NA,NA,100,27,232,25,2,15,NA,NA,100,27,232,25,2,10,NA,NA,100,27,232,25,2,10,NA,NA,100,27,232,25,2,10,NA,NA,100,27,232,25,10,2,NA,NA,401,-219,219,396,-214,214,396,-214,214,396,-214,214,396,-214,214,67,115,115,67,115,115,67,115,115,67,115,115,67,115,115,45,137,137,66,116,116,62,120,120,66,116,116,72,110,110,5,1,5,1,5,1,5,1,5,1,5,1,5,1,5,1,5,1,5,1,4,1,5,1,5,1,5,1,5,1
"Orzo with roasted vegetables and whole wheat garlic bread","Erica","Saturday","OrzoGroente",1,"3","26.7",714,716,2,"Orzo met geroosterde groenten en volkoren knoflookbrood","https://www.hellofresh.nl/recipes/orzo-met-geroosterde-groenten-en-volkoren-knoflookbrood-6669a42fbd13e7439ddc08f0","Erica_OrzoGroente_1_3.jpg",3,"herbs","peppers","zucchini","eggplant","pasta","onion","garlic","tomatoes","cheese","bread(crumbs)","fats or oils","spices","vinaigrette",NA,NA,"15g Basil; 2  Red Pointed Pepper; 2  Zucchini; 1 Eggplant; 115g Orzo; 1  Onion; 3 Garlic cloves; 300g Passata; 75g White Cheese; 1.5  Ciabatta; 6 tablespoon olive oil; 1.5 teaspoon sugar; 1.5 tablespoon balsamico","Basil;  Red Pointed Pepper;  Zucchini; Eggplant;  Orzo;  Onion; Garlic ;  Passata; White Cheese;  Ciabatta;  olive oil;  sugar;  balsamico",2,2,"```json
{""Remnants"": ""1 teaspoon""}
```",21,NA,NA,NA,NA,NA,NA,NA,NA,NA,NA,NA,NA,NA,NA,NA,NA,"```json
{""Remnants"": ""1 teaspoon""}
```",21,NA,NA,NA,NA,NA,NA,NA,NA,NA,NA,NA,NA,NA,NA,NA,NA,"```json
{""Remnants"": ""1 teaspoon""}
```",21,NA,NA,NA,NA,NA,NA,NA,NA,NA,NA,NA,NA,NA,NA,NA,NA,"```json
{""Remnants"": ""1 teaspoon""}
```",21,NA,NA,NA,NA,NA,NA,NA,NA,NA,NA,NA,NA,NA,NA,NA,NA,"```json
{""Remnants"": ""1 teaspoon""}
```",21,NA,NA,NA,NA,NA,NA,NA,NA,NA,NA,NA,NA,NA,NA,NA,NA,"```json
{""Remnants"": 0 grams}
```",21,NA,NA,NA,NA,NA,NA,NA,NA,NA,NA,NA,NA,NA,NA,NA,NA,"```json
{""Remnants"": 0 grams}
```",21,NA,NA,NA,NA,NA,NA,NA,NA,NA,NA,NA,NA,NA,NA,NA,NA,"```json
{""Remnants"": 0 grams}
```",21,NA,NA,NA,NA,NA,NA,NA,NA,NA,NA,NA,NA,NA,NA,NA,NA,"```json
{""Remnants"": 0 grams}
```",21,NA,NA,NA,NA,NA,NA,NA,NA,NA,NA,NA,NA,NA,NA,NA,NA,"```json
{""Remnants"": 0 grams}
```",21,NA,NA,NA,NA,NA,NA,NA,NA,NA,NA,NA,NA,NA,NA,NA,NA,"```json
{""Remnants"": 0 grams}
```",21,NA,NA,NA,NA,NA,NA,NA,NA,NA,NA,NA,NA,NA,NA,NA,NA,"```json
{""Remnants"": 0 grams}
```",21,NA,NA,NA,NA,NA,NA,NA,NA,NA,NA,NA,NA,NA,NA,NA,NA,"```json
{""Remnants"": 0 grams}
```",21,NA,NA,NA,NA,NA,NA,NA,NA,NA,NA,NA,NA,NA,NA,NA,NA,"```json
{""Remnants"": 0 grams}
```",21,NA,NA,NA,NA,NA,NA,NA,NA,NA,NA,NA,NA,NA,NA,NA,NA,"```json
{""Remnants"": 0 grams}
```",21,NA,NA,NA,NA,NA,NA,NA,NA,NA,NA,NA,NA,NA,NA,NA,NA,NA,NA,NA,NA,NA,NA,NA,NA,NA,NA,NA,NA,NA,NA,NA,NA,NA,NA,NA,NA,NA,NA,NA,NA,NA,NA,NA,NA,NA,NA,NA,NA,NA,NA,NA,NA,NA,NA,NA,NA,0,2,2,0,2,2,0,2,2,0,2,2,0,2,2,0,2,2,0,2,2,0,2,2,0,2,2,0,2,2,0,2,2,0,2,2,0,2,2,0,2,2,0,2,2,0,0,0,0,0,0,0,0,0,0,0,0,0,0,0,0,0,0,0,0,0,0,0,0,0,0,0,0,0,0
"Orzo with roasted vegetables and whole wheat garlic bread","Erica","Saturday","OrzoGroente",2,"3","26.7",732,735,3,"Orzo met geroosterde groenten en volkoren knoflookbrood","https://www.hellofresh.nl/recipes/orzo-met-geroosterde-groenten-en-volkoren-knoflookbrood-6669a42fbd13e7439ddc08f0","Erica_OrzoGroente_2_3.jpg",3,"herbs","peppers","zucchini","eggplant","pasta","onion","garlic","tomatoes","cheese","bread(crumbs)","fats or oils","spices","vinaigrette",NA,NA,"15g Basil; 2  Red Pointed Pepper; 2  Zucchini; 1 Eggplant; 115g Orzo; 1  Onion; 3 Garlic cloves; 300g Passata; 75g White Cheese; 1.5  Ciabatta; 6 tablespoon olive oil; 1.5 teaspoon sugar; 1.5 tablespoon balsamico","Basil;  Red Pointed Pepper;  Zucchini; Eggplant;  Orzo;  Onion; Garlic ;  Passata; White Cheese;  Ciabatta;  olive oil;  sugar;  balsamico",3,3,"```json
{""Remnants"": ""1 teaspoon""}
```",24,NA,NA,NA,NA,NA,NA,NA,NA,NA,NA,NA,NA,NA,NA,NA,NA,"```json
{""Remnants"": ""1 teaspoon""}
```",24,NA,NA,NA,NA,NA,NA,NA,NA,NA,NA,NA,NA,NA,NA,NA,NA,"```json
{""Remnants"": ""1 teaspoon""}
```",24,NA,NA,NA,NA,NA,NA,NA,NA,NA,NA,NA,NA,NA,NA,NA,NA,"```json
{""Remnants"": ""1 teaspoon""}
```",24,NA,NA,NA,NA,NA,NA,NA,NA,NA,NA,NA,NA,NA,NA,NA,NA,"```json
{""Remnants"": ""1 teaspoon""}
```",24,NA,NA,NA,NA,NA,NA,NA,NA,NA,NA,NA,NA,NA,NA,NA,NA,"```json
{""Remnants"": 0 grams}
```",24,NA,NA,NA,NA,NA,NA,NA,NA,NA,NA,NA,NA,NA,NA,NA,NA,"```json
{""Remnants"": 0 grams}
```",24,NA,NA,NA,NA,NA,NA,NA,NA,NA,NA,NA,NA,NA,NA,NA,NA,"```json
{""Remnants"": 0 grams}
```",24,NA,NA,NA,NA,NA,NA,NA,NA,NA,NA,NA,NA,NA,NA,NA,NA,"```json
{""Remnants"": 0 grams}
```",24,NA,NA,NA,NA,NA,NA,NA,NA,NA,NA,NA,NA,NA,NA,NA,NA,"```json
{""Remnants"": 0 grams}
```",24,NA,NA,NA,NA,NA,NA,NA,NA,NA,NA,NA,NA,NA,NA,NA,NA,"```json
{""Remnants"": 0 grams}
```",24,NA,NA,NA,NA,NA,NA,NA,NA,NA,NA,NA,NA,NA,NA,NA,NA,"```json
{""Remnants"": 0 grams}
```",24,NA,NA,NA,NA,NA,NA,NA,NA,NA,NA,NA,NA,NA,NA,NA,NA,"```json
{""Remnants"": 0 grams}
```",24,NA,NA,NA,NA,NA,NA,NA,NA,NA,NA,NA,NA,NA,NA,NA,NA,"```json
{""Remnants"": 0 grams}
```",24,NA,NA,NA,NA,NA,NA,NA,NA,NA,NA,NA,NA,NA,NA,NA,NA,"```json
{""Remnants"": 0 grams}
```",24,NA,NA,NA,NA,NA,NA,NA,NA,NA,NA,NA,NA,NA,NA,NA,NA,NA,NA,NA,NA,NA,NA,NA,NA,NA,NA,NA,NA,NA,NA,NA,NA,NA,NA,NA,NA,NA,NA,NA,NA,NA,NA,NA,NA,NA,NA,NA,NA,NA,NA,NA,NA,NA,NA,NA,NA,0,3,3,0,3,3,0,3,3,0,3,3,0,3,3,0,3,3,0,3,3,0,3,3,0,3,3,0,3,3,0,3,3,0,3,3,0,3,3,0,3,3,0,3,3,0,0,0,0,0,0,0,0,0,0,0,0,0,0,0,0,0,0,0,0,0,0,0,0,0,0,0,0,0,0
"Potato stir-fry with fried egg and mushrooms","Erica","Monday","Aardappelroerbak",1,"1","22.5",507,723,216,"Aardappelroerbak met spiegelei en champignons","https://www.hellofresh.nl/recipes/aardappelroerbak-met-spiegelei-en-kaas-658d7dd0f9d1ffb514ddb85b","Erica_Aardappelroerbak_1_1.jpg",3,"potatoes or fries","legumes","garlic","onion","mushrooms","cheese","eggs","herbs","root vegetables","fats or oils",NA,NA,NA,NA,NA,"600g Potatoes; 100g Green Beans; 1.5  Garlic cloves; 1.5  Onion; 250g Mushrooms; 150g Gouda Cheese; 3 Egg; 7.5g Parsley; 2 Carrot; 3.75 tablespoon butter"," Potatoes;  Green Beans;  Garlic ;  Onion;  Mushrooms;  Gouda Cheese; Egg;  Parsley; Carrot;   butter",216,216,"```json
{
    ""Egg"": 1,
    ""Carrots"": ""0.5 cups"",
    ""Potatoes"": ""0.5 cups"",
    ""Mushrooms"": ""0.25 cups"",
    ""Onions"": ""0.25 cups"",
    ""Green Beans"": ""0.25 cups"",
    ""Parsley"": ""1 tablespoon""
}
```",1,"eggs","1","root vegetables","0.5 cups","potatoes or fries","0.5 cups","mushrooms","0.25 cups","onion","0.25 cups","legumes","0.25 cups","herbs","1 tablespoon",NA,NA,"```json
{
    ""Egg"": 1 piece,
    ""Carrots"": 0.5 cups,
    ""Potatoes"": 0.5 cups,
    ""Mushrooms"": 0.25 cups,
    ""Onions"": 0.25 cups,
    ""Parsley"": 1 tablespoon
}
```",1,"eggs","1 piece","root vegetables","0.5 cups","potatoes or fries","0.5 cups","mushrooms","0.25 cups","onion","0.25 cups","herbs","1 tablespoon",NA,NA,NA,NA,"```json
{
    ""Egg"": 1,
    ""Carrots"": 0.5 cups,
    ""Potatoes"": 0.5 cups,
    ""Mushrooms"": 0.25 cups,
    ""Onions"": 0.25 cups,
    ""Parsley"": 1 tablespoon
}
```",1,"eggs","1","root vegetables","0.5 cups","potatoes or fries","0.5 cups","mushrooms","0.25 cups","onion","0.25 cups","herbs","1 tablespoon",NA,NA,NA,NA,"```json
{
    ""Egg"": 1 piece,
    ""Carrots"": 0.5 cups,
    ""Potatoes"": 0.5 cups,
    ""Mushrooms"": 0.25 cups,
    ""Onions"": 0.25 cups,
    ""Green beans"": 0.25 cups,
    ""Parsley"": 1 tablespoon
}
```",1,"eggs","1 piece","root vegetables","0.5 cups","potatoes or fries","0.5 cups","mushrooms","0.25 cups","onion","0.25 cups","legumes","0.25 cups","herbs","1 tablespoon",NA,NA,"```json
{
    ""Egg"": 1,
    ""Carrots"": ""0.5 cups"",
    ""Potatoes"": ""0.5 cups"",
    ""Mushrooms"": ""0.25 cups"",
    ""Onions"": ""0.25 cups"",
    ""Green Beans"": ""0.25 cups"",
    ""Parsley"": ""1 tablespoon""
}
```",1,"eggs","1","root vegetables","0.5 cups","potatoes or fries","0.5 cups","mushrooms","0.25 cups","onion","0.25 cups","legumes","0.25 cups","herbs","1 tablespoon",NA,NA,"```json
{
  ""Egg"": 60,
  ""Carrots"": 50,
  ""Potatoes"": 50,
  ""Mushrooms"": 40,
  ""Onions"": 30,
  ""Parsley"": 5
}
```",1,"eggs",60,"root vegetables",50,"potatoes or fries",50,"mushrooms",40,"onion",30,"herbs",5,NA,NA,NA,NA,"```json
{
    ""Egg"": 60,
    ""Carrots"": 50,
    ""Potatoes"": 50,
    ""Mushrooms"": 40,
    ""Onions"": 30,
    ""Green Beans"": 20,
    ""Parsley"": 5
}
```",1,"eggs",60,"root vegetables",50,"potatoes or fries",50,"mushrooms",40,"onion",30,"legumes",20,"herbs",5,NA,NA,"```json
{
  ""egg"": 60,
  ""carrots"": 50,
  ""potatoes"": 50,
  ""mushrooms"": 40,
  ""onions"": 30,
  ""green beans"": 20,
  ""parsley"": 5
}
```",1,"eggs",60,"root vegetables",50,"potatoes or fries",50,"mushrooms",40,"onion",30,"legumes",20,"herbs",5,NA,NA,"```json
{
  ""Egg"": 60,
  ""Carrots"": 50,
  ""Potatoes"": 50,
  ""Mushrooms"": 40,
  ""Onions"": 30,
  ""Parsley"": 5
}
```",1,"eggs",60,"root vegetables",50,"potatoes or fries",50,"mushrooms",40,"onion",30,"herbs",5,NA,NA,NA,NA,"```json
{
  ""egg"": 60,
  ""carrots"": 50,
  ""potatoes"": 50,
  ""mushrooms"": 40,
  ""onions"": 30,
  ""green beans"": 20,
  ""parsley"": 5
}
```",1,"eggs",60,"root vegetables",50,"potatoes or fries",50,"mushrooms",40,"onion",30,"legumes",20,"herbs",5,NA,NA,"```json
{
    ""Egg"": 60,
    ""Carrots"": 50,
    ""Potatoes"": 50,
    ""Mushrooms"": 40,
    ""Onions"": 30,
    ""Parsley"": 5
}
```",1,"eggs",60,"root vegetables",50,"potatoes or fries",50,"mushrooms",40,"onion",30,"herbs",5,NA,NA,NA,NA,"```json
{
    ""Egg"": 60,
    ""Carrots"": 50,
    ""Potatoes"": 50,
    ""Mushrooms"": 40,
    ""Onions"": 30,
    ""Green Beans"": 20,
    ""Parsley"": 5
}
```",1,"eggs",60,"root vegetables",50,"potatoes or fries",50,"mushrooms",40,"onion",30,"legumes",20,"herbs",5,NA,NA,"```json
{
    ""Egg"": 60,
    ""Carrots"": 50,
    ""Potatoes"": 50,
    ""Mushrooms"": 40,
    ""Onions"": 30,
    ""Green Beans"": 20,
    ""Parsley"": 5
}
```",1,"eggs",60,"root vegetables",50,"potatoes or fries",50,"mushrooms",40,"onion",30,"legumes",20,"herbs",5,NA,NA,"```json
{
    ""Egg"": 60,
    ""Carrots"": 50,
    ""Potatoes"": 50,
    ""Mushrooms"": 40,
    ""Onions"": 30,
    ""Green Beans"": 20,
    ""Parsley"": 5
}
```",1,"eggs",60,"root vegetables",50,"potatoes or fries",50,"mushrooms",40,"onion",30,"legumes",20,"herbs",5,NA,NA,"```json
{
    ""Egg"": 60,
    ""Carrots"": 50,
    ""Potatoes"": 50,
    ""Mushrooms"": 40,
    ""Onions"": 30,
    ""Green Beans"": 20,
    ""Parsley"": 5
}
```",1,"eggs",60,"root vegetables",50,"potatoes or fries",50,"mushrooms",40,"onion",30,"legumes",20,"herbs",5,NA,NA,50,65,105,17.5,40,18.75,9,NA,50,65,105,17.5,40,9,NA,NA,50,65,105,17.5,40,9,NA,NA,50,65,105,17.5,40,18.75,9,NA,50,65,105,17.5,40,18.75,9,NA,305.25,-89.25,89.25,286.5,-70.5,70.5,286.5,-70.5,70.5,305.25,-89.25,89.25,305.25,-89.25,89.25,235,-19,19,255,-39,39,255,-39,39,235,-19,19,255,-39,39,235,-19,19,255,-39,39,255,-39,39,255,-39,39,255,-39,39,7,0,6,0,6,0,7,0,7,0,6,0,7,0,7,0,6,0,7,0,6,0,7,0,7,0,7,0,7,0
"Potato stir-fry with fried egg and mushrooms","Erica","Monday","Aardappelroerbak",2,"1","22.5",511,684,173,"Aardappelroerbak met spiegelei en champignons","https://www.hellofresh.nl/recipes/aardappelroerbak-met-spiegelei-en-kaas-658d7dd0f9d1ffb514ddb85b","Erica_Aardappelroerbak_2_1.jpg",3,"potatoes or fries","legumes","garlic","onion","mushrooms","cheese","eggs","herbs","root vegetables","fats or oils",NA,NA,NA,NA,NA,"600g Potatoes; 100g Green Beans; 1.5  Garlic cloves; 1.5  Onion; 250g Mushrooms; 150g Gouda Cheese; 3 Egg; 7.5g Parsley; 2 Carrot; 3.75 tablespoon butter"," Potatoes;  Green Beans;  Garlic ;  Onion;  Mushrooms;  Gouda Cheese; Egg;  Parsley; Carrot;   butter",173,173,"```json
{
    ""potatoes"": ""0.5 cups"",
    ""carrots"": ""0.5 cups"",
    ""green beans"": ""0.25 cups"",
    ""onions"": ""0.25 cups"",
    ""parsley"": ""1 tablespoon""
}
```",4,"potatoes or fries","0.5 cups","root vegetables","0.5 cups","legumes","0.25 cups","onion","0.25 cups","herbs","1 tablespoon",NA,NA,NA,NA,NA,NA,"```json
{
    ""potatoes"": ""0.5 cups"",
    ""carrots"": ""0.5 cups"",
    ""green beans"": ""0.25 cups"",
    ""onions"": ""0.25 cups"",
    ""parsley"": ""1 tablespoon""
}
```",4,"potatoes or fries","0.5 cups","root vegetables","0.5 cups","legumes","0.25 cups","onion","0.25 cups","herbs","1 tablespoon",NA,NA,NA,NA,NA,NA,"```json
{
    ""potatoes"": ""0.5 cups"",
    ""carrots"": ""0.5 cups"",
    ""green beans"": ""0.25 cups"",
    ""onions"": ""0.25 cups"",
    ""parsley"": ""1 tablespoon""
}
```",4,"potatoes or fries","0.5 cups","root vegetables","0.5 cups","legumes","0.25 cups","onion","0.25 cups","herbs","1 tablespoon",NA,NA,NA,NA,NA,NA,"```json
{
    ""potatoes"": ""0.5 cups"",
    ""carrots"": ""0.5 cups"",
    ""green beans"": ""0.25 cups"",
    ""onions"": ""0.25 cups"",
    ""parsley"": ""1 tablespoon""
}
```",4,"potatoes or fries","0.5 cups","root vegetables","0.5 cups","legumes","0.25 cups","onion","0.25 cups","herbs","1 tablespoon",NA,NA,NA,NA,NA,NA,"```json
{
    ""potatoes"": ""0.5 cups"",
    ""carrots"": ""0.5 cups"",
    ""green beans"": ""0.25 cups"",
    ""onions"": ""0.25 cups"",
    ""parsley"": ""1 tablespoon""
}
```",4,"potatoes or fries","0.5 cups","root vegetables","0.5 cups","legumes","0.25 cups","onion","0.25 cups","herbs","1 tablespoon",NA,NA,NA,NA,NA,NA,"```json
{
    ""Potatoes"": 50,
    ""Carrots"": 30,
    ""Green Beans"": 20,
    ""Onions"": 15,
    ""Parsley"": 5
}
```",4,"potatoes or fries",50,"root vegetables",30,"legumes",20,"onion",15,"herbs",5,NA,NA,NA,NA,NA,NA,"```json
{
    ""Potatoes"": 50,
    ""Carrots"": 30,
    ""Green Beans"": 20,
    ""Onions"": 15,
    ""Parsley"": 5
}
```",4,"potatoes or fries",50,"root vegetables",30,"legumes",20,"onion",15,"herbs",5,NA,NA,NA,NA,NA,NA,"```json
{
    ""Potatoes"": 50,
    ""Carrots"": 30,
    ""Green Beans"": 20,
    ""Onions"": 15,
    ""Parsley"": 5
}
```",4,"potatoes or fries",50,"root vegetables",30,"legumes",20,"onion",15,"herbs",5,NA,NA,NA,NA,NA,NA,"```json
{
    ""Potatoes"": 50,
    ""Carrots"": 30,
    ""Green Beans"": 20,
    ""Onions"": 15,
    ""Parsley"": 5
}
```",4,"potatoes or fries",50,"root vegetables",30,"legumes",20,"onion",15,"herbs",5,NA,NA,NA,NA,NA,NA,"```json
{
  ""Potatoes"": 50,
  ""Carrots"": 30,
  ""Green Beans"": 20,
  ""Onions"": 15,
  ""Parsley"": 5
}
```",4,"potatoes or fries",50,"root vegetables",30,"legumes",20,"onion",15,"herbs",5,NA,NA,NA,NA,NA,NA,"```json
{
    ""Potatoes"": 50,
    ""Carrots"": 30,
    ""Green Beans"": 20,
    ""Onions"": 15,
    ""Parsley"": 5
}
```",4,"potatoes or fries",50,"root vegetables",30,"legumes",20,"onion",15,"herbs",5,NA,NA,NA,NA,NA,NA,"```json
{
    ""Carrots"": 30,
    ""Potatoes"": 40,
    ""Green Beans"": 20,
    ""Onions"": 15,
    ""Parsley"": 5
}
```",4,"root vegetables",30,"potatoes or fries",40,"legumes",20,"onion",15,"herbs",5,NA,NA,NA,NA,NA,NA,"```json
{
    ""Potatoes"": 40,
    ""Carrots"": 30,
    ""Green Beans"": 20,
    ""Onions"": 15,
    ""Parsley"": 5
}
```",4,"potatoes or fries",40,"root vegetables",30,"legumes",20,"onion",15,"herbs",5,NA,NA,NA,NA,NA,NA,"```json
{
    ""Potatoes"": 50,
    ""Carrots"": 30,
    ""Green Beans"": 20,
    ""Onions"": 15,
    ""Parsley"": 5
}
```",4,"potatoes or fries",50,"root vegetables",30,"legumes",20,"onion",15,"herbs",5,NA,NA,NA,NA,NA,NA,"```json
{
    ""Potatoes"": 40,
    ""Carrots"": 30,
    ""Green Beans"": 20,
    ""Onions"": 15,
    ""Parsley"": 5
}
```",4,"potatoes or fries",40,"root vegetables",30,"legumes",20,"onion",15,"herbs",5,NA,NA,NA,NA,NA,NA,105,65,18.75,40,9,NA,NA,NA,105,65,18.75,40,9,NA,NA,NA,105,65,18.75,40,9,NA,NA,NA,105,65,18.75,40,9,NA,NA,NA,105,65,18.75,40,9,NA,NA,NA,237.75,-64.75,64.75,237.75,-64.75,64.75,237.75,-64.75,64.75,237.75,-64.75,64.75,237.75,-64.75,64.75,120,53,53,120,53,53,120,53,53,120,53,53,120,53,53,120,53,53,110,63,63,110,63,63,120,53,53,110,63,63,5,0,5,0,5,0,5,0,5,0,5,0,5,0,5,0,5,0,5,0,5,0,5,0,5,0,5,0,5,0
"Potato stir-fry with fried egg and mushrooms","Erica","Monday","Aardappelroerbak",3,"1","22.5",506,794,288,"Aardappelroerbak met spiegelei en champignons","https://www.hellofresh.nl/recipes/aardappelroerbak-met-spiegelei-en-kaas-658d7dd0f9d1ffb514ddb85b","Erica_Aardappelroerbak_3_1.jpg",3,"potatoes or fries","legumes","garlic","onion","mushrooms","cheese","eggs","herbs","root vegetables","fats or oils",NA,NA,NA,NA,NA,"600g Potatoes; 100g Green Beans; 1.5  Garlic cloves; 1.5  Onion; 250g Mushrooms; 150g Gouda Cheese; 3 Egg; 7.5g Parsley; 2 Carrot; 3.75 tablespoon butter"," Potatoes;  Green Beans;  Garlic ;  Onion;  Mushrooms;  Gouda Cheese; Egg;  Parsley; Carrot;   butter",288,288,"```json
{
    ""Potatoes"": ""1 cup"",
    ""Carrots"": ""0.5 cup"",
    ""Green Beans"": ""0.25 cup"",
    ""Mushrooms"": ""0.25 cup"",
    ""Onions"": ""0.5 cup"",
    ""Sauce"": ""2 tablespoons""
}
```",7,"potatoes or fries","1 cup","root vegetables","0.5 cup","legumes","0.25 cup","mushrooms","0.25 cup","onion","0.5 cup","sauce","2 tablespoons",NA,NA,NA,NA,"```json
{
    ""Potatoes"": ""1 cup"",
    ""Carrots"": ""0.5 cup"",
    ""Green Beans"": ""0.25 cup"",
    ""Mushrooms"": ""0.25 cup"",
    ""Onions"": ""0.5 cup""
}
```",7,"potatoes or fries","1 cup","root vegetables","0.5 cup","legumes","0.25 cup","mushrooms","0.25 cup","onion","0.5 cup",NA,NA,NA,NA,NA,NA,"```json
{
    ""Potatoes"": ""1 cup"",
    ""Carrots"": ""0.5 cup"",
    ""Green Beans"": ""0.25 cup"",
    ""Mushrooms"": ""0.25 cup"",
    ""Onions"": ""0.5 cup"",
    ""Sauce"": ""2 tablespoons""
}
```",7,"potatoes or fries","1 cup","root vegetables","0.5 cup","legumes","0.25 cup","mushrooms","0.25 cup","onion","0.5 cup","sauce","2 tablespoons",NA,NA,NA,NA,"```json
{
    ""Potatoes"": ""1 cup"",
    ""Carrots"": ""0.5 cup"",
    ""Green Beans"": ""0.25 cup"",
    ""Mushrooms"": ""0.25 cup"",
    ""Onions"": ""0.5 cup""
}
```",7,"potatoes or fries","1 cup","root vegetables","0.5 cup","legumes","0.25 cup","mushrooms","0.25 cup","onion","0.5 cup",NA,NA,NA,NA,NA,NA,"```json
{
    ""Potatoes"": ""1 cup"",
    ""Carrots"": ""0.5 cup"",
    ""Green Beans"": ""0.25 cup"",
    ""Mushrooms"": ""0.25 cup"",
    ""Onions"": ""0.5 cup""
}
```",7,"potatoes or fries","1 cup","root vegetables","0.5 cup","legumes","0.25 cup","mushrooms","0.25 cup","onion","0.5 cup",NA,NA,NA,NA,NA,NA,"```json
{
    ""Potatoes"": 100,
    ""Carrots"": 50,
    ""Green Beans"": 20,
    ""Mushrooms"": 30,
    ""Onions"": 40
}
```",7,"potatoes or fries",100,"root vegetables",50,"legumes",20,"mushrooms",30,"onion",40,NA,NA,NA,NA,NA,NA,"```json
{
  ""Potatoes"": 100,
  ""Carrots"": 50,
  ""Green Beans"": 20,
  ""Mushrooms"": 30,
  ""Onions"": 40,
  ""Sauce"": 20
}
```",7,"potatoes or fries",100,"root vegetables",50,"legumes",20,"mushrooms",30,"onion",40,"sauce",20,NA,NA,NA,NA,"```json
{
    ""Potatoes"": 100,
    ""Carrots"": 50,
    ""Green Beans"": 20,
    ""Mushrooms"": 30,
    ""Onions"": 40
}
```",7,"potatoes or fries",100,"root vegetables",50,"legumes",20,"mushrooms",30,"onion",40,NA,NA,NA,NA,NA,NA,"```json
{
    ""Potatoes"": 100,
    ""Carrots"": 50,
    ""Green Beans"": 20,
    ""Mushrooms"": 30,
    ""Onions"": 40,
    ""Sauce"": 20
}
```",7,"potatoes or fries",100,"root vegetables",50,"legumes",20,"mushrooms",30,"onion",40,"sauce",20,NA,NA,NA,NA,"```json
{
    ""Potatoes"": 100,
    ""Carrots"": 50,
    ""Green Beans"": 20,
    ""Mushrooms"": 30,
    ""Onions"": 40
}
```",7,"potatoes or fries",100,"root vegetables",50,"legumes",20,"mushrooms",30,"onion",40,NA,NA,NA,NA,NA,NA,"```json
{
    ""Potatoes"": 80,
    ""Carrots"": 40,
    ""Green Beans"": 20,
    ""Mushrooms"": 30,
    ""Onions"": 50,
    ""Sauce"": 10
}
```",7,"potatoes or fries",80,"root vegetables",40,"legumes",20,"mushrooms",30,"onion",50,"sauce",10,NA,NA,NA,NA,"```json
{
  ""Potatoes"": 80,
  ""Carrots"": 40,
  ""Green Beans"": 20,
  ""Mushrooms"": 30,
  ""Onions"": 50,
  ""Sauce"": 10
}
```",7,"potatoes or fries",80,"root vegetables",40,"legumes",20,"mushrooms",30,"onion",50,"sauce",10,NA,NA,NA,NA,"```json
{
  ""Potatoes"": 80,
  ""Carrots"": 40,
  ""Green Beans"": 20,
  ""Mushrooms"": 30,
  ""Onions"": 50,
  ""Sauce"": 10
}
```",7,"potatoes or fries",80,"root vegetables",40,"legumes",20,"mushrooms",30,"onion",50,"sauce",10,NA,NA,NA,NA,"```json
{
    ""Potatoes"": 80,
    ""Carrots"": 40,
    ""Green Beans"": 20,
    ""Mushrooms"": 30,
    ""Onions"": 30,
    ""Sauce"": 10
}
```",7,"potatoes or fries",80,"root vegetables",40,"legumes",20,"mushrooms",30,"onion",30,"sauce",10,NA,NA,NA,NA,"```json
{
  ""Potatoes"": 80,
  ""Carrots"": 40,
  ""Green Beans"": 20,
  ""Mushrooms"": 30,
  ""Onions"": 50,
  ""Sauce"": 10
}
```",7,"potatoes or fries",80,"root vegetables",40,"legumes",20,"mushrooms",30,"onion",50,"sauce",10,NA,NA,NA,NA,210,65,18.75,17.5,80,30,NA,NA,210,65,18.75,17.5,80,NA,NA,NA,210,65,18.75,17.5,80,30,NA,NA,210,65,18.75,17.5,80,NA,NA,NA,210,65,18.75,17.5,80,NA,NA,NA,421.25,-133.25,133.25,391.25,-103.25,103.25,421.25,-133.25,133.25,391.25,-103.25,103.25,391.25,-103.25,103.25,240,48,48,260,28,28,240,48,48,260,28,28,240,48,48,230,58,58,230,58,58,230,58,58,210,78,78,230,58,58,5,1,5,0,5,1,5,0,5,0,5,0,5,1,5,0,5,1,5,0,5,1,5,1,5,1,5,1,5,1
"Potato stir-fry with fried egg and mushrooms","Erica","Monday","Aardappelroerbak",1,"2","22.5",507,587,80,"Aardappelroerbak met spiegelei en champignons","https://www.hellofresh.nl/recipes/aardappelroerbak-met-spiegelei-en-kaas-658d7dd0f9d1ffb514ddb85b","Erica_Aardappelroerbak_1_2.jpg",3,"potatoes or fries","legumes","garlic","onion","mushrooms","cheese","eggs","herbs","root vegetables","fats or oils",NA,NA,NA,NA,NA,"600g Potatoes; 100g Green Beans; 1.5  Garlic cloves; 1.5  Onion; 250g Mushrooms; 150g Gouda Cheese; 3 Egg; 7.5g Parsley; 2 Carrot; 3.75 tablespoon butter"," Potatoes;  Green Beans;  Garlic ;  Onion;  Mushrooms;  Gouda Cheese; Egg;  Parsley; Carrot;   butter",80,80,"```json
{
    ""carrots"": ""1/4 cup"",
    ""potatoes"": ""1/8 cup"",
    ""onions"": ""1/8 cup"",
    ""mushrooms"": ""1 tablespoon"",
    ""parsley"": ""1 teaspoon"",
    ""egg yolk"": ""1 piece""
}
```",2,"root vegetables","1/4 cup","potatoes or fries","1/8 cup","onion","1/8 cup","mushrooms","1 tablespoon","herbs","1 teaspoon","eggs","1 piece",NA,NA,NA,NA,"```json
{
    ""carrots"": ""1/4 cup"",
    ""potatoes"": ""1/8 cup"",
    ""onions"": ""1/8 cup"",
    ""mushrooms"": ""1 tablespoon"",
    ""parsley"": ""1 teaspoon"",
    ""egg yolk"": ""1 piece""
}
```",2,"root vegetables","1/4 cup","potatoes or fries","1/8 cup","onion","1/8 cup","mushrooms","1 tablespoon","herbs","1 teaspoon","eggs","1 piece",NA,NA,NA,NA,"```json
{
    ""carrots"": ""1/4 cup"",
    ""potatoes"": ""1/8 cup"",
    ""onions"": ""1/8 cup"",
    ""mushrooms"": ""1 tablespoon"",
    ""parsley"": ""1 teaspoon"",
    ""egg yolk"": ""1 piece"",
    ""remnants"": ""1 teaspoon""
}
```",2,"root vegetables","1/4 cup","potatoes or fries","1/8 cup","onion","1/8 cup","mushrooms","1 tablespoon","herbs","1 teaspoon","eggs","1 piece",NA,"1 teaspoon",NA,NA,"```json
{
    ""carrots"": ""1/4 cup"",
    ""potatoes"": ""1/8 cup"",
    ""onions"": ""1/8 cup"",
    ""mushrooms"": ""1 tablespoon"",
    ""parsley"": ""1 teaspoon"",
    ""egg yolk"": ""1 piece"",
    ""remnants"": ""1 teaspoon""
}
```",2,"root vegetables","1/4 cup","potatoes or fries","1/8 cup","onion","1/8 cup","mushrooms","1 tablespoon","herbs","1 teaspoon","eggs","1 piece",NA,"1 teaspoon",NA,NA,"```json
{
    ""carrots"": ""1/4 cup"",
    ""potatoes"": ""1/8 cup"",
    ""onions"": ""1/8 cup"",
    ""mushrooms"": ""1 tablespoon"",
    ""parsley"": ""1 teaspoon"",
    ""egg yolk"": ""1 piece"",
    ""remnants"": ""1 teaspoon""
}
```",2,"root vegetables","1/4 cup","potatoes or fries","1/8 cup","onion","1/8 cup","mushrooms","1 tablespoon","herbs","1 teaspoon","eggs","1 piece",NA,"1 teaspoon",NA,NA,"```json
{
  ""Carrots"": 20,
  ""Potatoes"": 15,
  ""Onions"": 10,
  ""Egg yolk"": 10,
  ""Herbs"": 2,
  ""Remnants"": 5
}
```",2,"root vegetables",20,"potatoes or fries",15,"onion",10,"eggs",10,"herbs",2,NA,5,NA,NA,NA,NA,"```json
{
    ""Carrots"": 20,
    ""Potatoes"": 15,
    ""Onions"": 10,
    ""Egg yolk"": 10,
    ""Herbs"": 2,
    ""Remnants"": 5
}
```",2,"root vegetables",20,"potatoes or fries",15,"onion",10,"eggs",10,"herbs",2,NA,5,NA,NA,NA,NA,"```json
{
    ""Carrots"": 20,
    ""Potatoes"": 15,
    ""Onions"": 10,
    ""Egg Yolk"": 10,
    ""Herbs"": 2,
    ""Remnants"": 5
}
```",2,"root vegetables",20,"potatoes or fries",15,"onion",10,"eggs",10,"herbs",2,NA,5,NA,NA,NA,NA,"```json
{
    ""Carrots"": 20,
    ""Potatoes"": 15,
    ""Onions"": 10,
    ""Egg Yolk"": 10,
    ""Herbs"": 2,
    ""Remnants"": 5
}
```",2,"root vegetables",20,"potatoes or fries",15,"onion",10,"eggs",10,"herbs",2,NA,5,NA,NA,NA,NA,"```json
{
    ""Carrots"": 20,
    ""Potatoes"": 15,
    ""Onions"": 10,
    ""Egg yolk"": 10,
    ""Herbs"": 2,
    ""Remnants"": 5
}
```",2,"root vegetables",20,"potatoes or fries",15,"onion",10,"eggs",10,"herbs",2,NA,5,NA,NA,NA,NA,"```json
{
    ""Carrots"": 15,
    ""Potatoes"": 10,
    ""Onions"": 5,
    ""Egg Yolk"": 10,
    ""Herbs"": 1,
    ""Remnants"": 5
}
```",2,"root vegetables",15,"potatoes or fries",10,"onion",5,"eggs",10,"herbs",1,NA,5,NA,NA,NA,NA,"```json
{
    ""Carrots"": 15,
    ""Potatoes"": 10,
    ""Onions"": 5,
    ""Egg yolk"": 10,
    ""Herbs"": 1,
    ""Remnants"": 5
}
```",2,"root vegetables",15,"potatoes or fries",10,"onion",5,"eggs",10,"herbs",1,NA,5,NA,NA,NA,NA,"```json
{
    ""carrots"": 15,
    ""potatoes"": 10,
    ""onions"": 5,
    ""mushrooms"": 5,
    ""egg yolk"": 10,
    ""herbs"": 1
}
```",2,"root vegetables",15,"potatoes or fries",10,"onion",5,"mushrooms",5,"eggs",10,"herbs",1,NA,NA,NA,NA,"```json
{
    ""Carrots"": 15,
    ""Potatoes"": 10,
    ""Onions"": 5,
    ""Egg Yolk"": 10,
    ""Herbs"": 1
}
```",2,"root vegetables",15,"potatoes or fries",10,"onion",5,"eggs",10,"herbs",1,NA,NA,NA,NA,NA,NA,"```json
{
    ""Carrots"": 15,
    ""Potatoes"": 10,
    ""Onions"": 5,
    ""Egg Yolk"": 10,
    ""Herbs"": 1,
    ""Remnants"": 5
}
```",2,"root vegetables",15,"potatoes or fries",10,"onion",5,"eggs",10,"herbs",1,NA,5,NA,NA,NA,NA,32.5,26.25,20,5,3,50,NA,NA,32.5,26.25,20,5,3,50,NA,NA,32.5,26.25,20,5,3,50,2,NA,32.5,26.25,20,5,3,50,2,NA,32.5,26.25,20,5,3,50,2,NA,136.75,-56.75,56.75,136.75,-56.75,56.75,138.75,-58.75,58.75,138.75,-58.75,58.75,138.75,-58.75,58.75,62,18,18,62,18,18,62,18,18,62,18,18,62,18,18,46,34,34,46,34,34,46,34,34,41,39,39,46,34,34,6,0,6,0,6,0,6,0,6,0,5,0,5,0,5,0,5,0,5,0,5,0,5,0,6,0,5,0,5,0
"Potato stir-fry with fried egg and mushrooms","Erica","Monday","Aardappelroerbak",2,"2","22.5",511,562,51,"Aardappelroerbak met spiegelei en champignons","https://www.hellofresh.nl/recipes/aardappelroerbak-met-spiegelei-en-kaas-658d7dd0f9d1ffb514ddb85b","Erica_Aardappelroerbak_2_2.jpg",3,"potatoes or fries","legumes","garlic","onion","mushrooms","cheese","eggs","herbs","root vegetables","fats or oils",NA,NA,NA,NA,NA,"600g Potatoes; 100g Green Beans; 1.5  Garlic cloves; 1.5  Onion; 250g Mushrooms; 150g Gouda Cheese; 3 Egg; 7.5g Parsley; 2 Carrot; 3.75 tablespoon butter"," Potatoes;  Green Beans;  Garlic ;  Onion;  Mushrooms;  Gouda Cheese; Egg;  Parsley; Carrot;   butter",51,51,"```json
{
    ""ingredients"": {
        ""green beans"": ""2 pieces"",
        ""carrots"": ""3 pieces"",
        ""mushrooms"": ""2 pieces"",
        ""zucchini"": ""1 piece"",
        ""onions"": ""1 tablespoon"",
        ""parsley"": ""1 teaspoon"",
        ""cheese"": ""1 piece""
    }
}
```",5,"legumes","2 pieces","root vegetables","3 pieces","mushrooms","2 pieces","zucchini","1 piece","onion","1 tablespoon","herbs","1 teaspoon","cheese","1 piece",NA,NA,"```json
{
    ""ingredients"": {
        ""green beans"": ""2 pieces"",
        ""carrots"": ""3 slices"",
        ""mushrooms"": ""2 pieces"",
        ""zucchini"": ""1 piece"",
        ""onions"": ""1 tablespoon"",
        ""parsley"": ""1 teaspoon"",
        ""cheese"": ""1 piece""
    }
}
```",5,"legumes","2 pieces","root vegetables","3 slices","mushrooms","2 pieces","zucchini","1 piece","onion","1 tablespoon","herbs","1 teaspoon","cheese","1 piece",NA,NA,"```json
{
    ""ingredients"": {
        ""green beans"": ""2 pieces"",
        ""carrots"": ""3 slices"",
        ""mushrooms"": ""2 pieces"",
        ""zucchini"": ""1 piece"",
        ""onions"": ""1 tablespoon"",
        ""parsley"": ""1 teaspoon"",
        ""cheese"": ""1 piece""
    }
}
```",5,"legumes","2 pieces","root vegetables","3 slices","mushrooms","2 pieces","zucchini","1 piece","onion","1 tablespoon","herbs","1 teaspoon","cheese","1 piece",NA,NA,"```json
{
    ""ingredients"": {
        ""green beans"": ""2 pieces"",
        ""carrots"": ""3 slices"",
        ""mushrooms"": ""2 pieces"",
        ""zucchini"": ""1 piece"",
        ""onions"": ""1 tablespoon"",
        ""parsley"": ""1 teaspoon"",
        ""cheese"": ""1 piece""
    }
}
```",5,"legumes","2 pieces","root vegetables","3 slices","mushrooms","2 pieces","zucchini","1 piece","onion","1 tablespoon","herbs","1 teaspoon","cheese","1 piece",NA,NA,"```json
{
    ""ingredients"": {
        ""green beans"": ""2 pieces"",
        ""carrots"": ""3 pieces"",
        ""mushrooms"": ""3 pieces"",
        ""zucchini"": ""1 piece"",
        ""onions"": ""1 tablespoon"",
        ""parsley"": ""1 teaspoon"",
        ""cheese"": ""1 piece""
    }
}
```",5,"legumes","2 pieces","root vegetables","3 pieces","mushrooms","3 pieces","zucchini","1 piece","onion","1 tablespoon","herbs","1 teaspoon","cheese","1 piece",NA,NA,"```json
{
  ""Remnants"": 0
}
```",5,NA,0,NA,NA,NA,NA,NA,NA,NA,NA,NA,NA,NA,NA,NA,NA,"```json
{
  ""Remnants"": 0
}
```",5,NA,0,NA,NA,NA,NA,NA,NA,NA,NA,NA,NA,NA,NA,NA,NA,"```json
{
  ""Remnants"": 0
}
```",5,NA,0,NA,NA,NA,NA,NA,NA,NA,NA,NA,NA,NA,NA,NA,NA,"```json
{
  ""Remnants"": 0
}
```",5,NA,0,NA,NA,NA,NA,NA,NA,NA,NA,NA,NA,NA,NA,NA,NA,"```json
{
  ""Remnants"": 0
}
```",5,NA,0,NA,NA,NA,NA,NA,NA,NA,NA,NA,NA,NA,NA,NA,NA,"```json
{
  ""Remnants"": 0
}
```",5,NA,0,NA,NA,NA,NA,NA,NA,NA,NA,NA,NA,NA,NA,NA,NA,"```json
{
  ""Remnants"": 0
}
```",5,NA,0,NA,NA,NA,NA,NA,NA,NA,NA,NA,NA,NA,NA,NA,NA,"```json
{
  ""Remnants"": 0
}
```",5,NA,0,NA,NA,NA,NA,NA,NA,NA,NA,NA,NA,NA,NA,NA,NA,"```json
{
  ""Remnants"": 0
}
```",5,NA,0,NA,NA,NA,NA,NA,NA,NA,NA,NA,NA,NA,NA,NA,NA,"```json
{
  ""Remnants"": 0
}
```",5,NA,0,NA,NA,NA,NA,NA,NA,NA,NA,NA,NA,NA,NA,NA,NA,12,30,36,20,10,3,21,NA,12,NA,36,20,10,3,21,NA,12,NA,36,20,10,3,21,NA,12,NA,36,20,10,3,21,NA,12,30,54,20,10,3,21,NA,132,-81,81,102,-51,51,102,-51,51,102,-51,51,150,-99,99,0,51,51,0,51,51,0,51,51,0,51,51,0,51,51,0,51,51,0,51,51,0,51,51,0,51,51,0,51,51,6,1,6,1,6,1,6,1,6,1,0,0,0,0,0,0,0,0,0,0,0,0,0,0,0,0,0,0,0,0
"Potato stir-fry with fried egg and mushrooms","Erica","Monday","Aardappelroerbak",1,"3","22.5",507,508,1,"Aardappelroerbak met spiegelei en champignons","https://www.hellofresh.nl/recipes/aardappelroerbak-met-spiegelei-en-kaas-658d7dd0f9d1ffb514ddb85b","Erica_Aardappelroerbak_1_3.jpg",3,"potatoes or fries","legumes","garlic","onion","mushrooms","cheese","eggs","herbs","root vegetables","fats or oils",NA,NA,NA,NA,NA,"600g Potatoes; 100g Green Beans; 1.5  Garlic cloves; 1.5  Onion; 250g Mushrooms; 150g Gouda Cheese; 3 Egg; 7.5g Parsley; 2 Carrot; 3.75 tablespoon butter"," Potatoes;  Green Beans;  Garlic ;  Onion;  Mushrooms;  Gouda Cheese; Egg;  Parsley; Carrot;   butter",1,1,"```json
{
  ""Remnants"": ""1 teaspoon""
}
```",3,NA,"1 teaspoon",NA,NA,NA,NA,NA,NA,NA,NA,NA,NA,NA,NA,NA,NA,"```json
{""Remnants"": ""1 teaspoon""}
```",3,NA,NA,NA,NA,NA,NA,NA,NA,NA,NA,NA,NA,NA,NA,NA,NA,"```json
{""Remnants"": ""1 teaspoon""}
```",3,NA,NA,NA,NA,NA,NA,NA,NA,NA,NA,NA,NA,NA,NA,NA,NA,"```json
{""Remnants"": ""1 teaspoon""}
```",3,NA,NA,NA,NA,NA,NA,NA,NA,NA,NA,NA,NA,NA,NA,NA,NA,"```json
{""Remnants"": ""2 teaspoons""}
```",3,NA,NA,NA,NA,NA,NA,NA,NA,NA,NA,NA,NA,NA,NA,NA,NA,"```json
{""Remnants"": 0 grams}
```",3,NA,NA,NA,NA,NA,NA,NA,NA,NA,NA,NA,NA,NA,NA,NA,NA,"{ ""Remnants"": 0 grams }",3,NA,NA,NA,NA,NA,NA,NA,NA,NA,NA,NA,NA,NA,NA,NA,NA,"```json
{""Remnants"": 0 grams}
```",3,NA,NA,NA,NA,NA,NA,NA,NA,NA,NA,NA,NA,NA,NA,NA,NA,"```json
{""Remnants"": 0 grams}
```",3,NA,NA,NA,NA,NA,NA,NA,NA,NA,NA,NA,NA,NA,NA,NA,NA,"```json
{""Remnants"": 0 grams}
```",3,NA,NA,NA,NA,NA,NA,NA,NA,NA,NA,NA,NA,NA,NA,NA,NA,"```json
{""Remnants"": 0 grams}
```",3,NA,NA,NA,NA,NA,NA,NA,NA,NA,NA,NA,NA,NA,NA,NA,NA,"```json
{""Remnants"": 0 grams}
```",3,NA,NA,NA,NA,NA,NA,NA,NA,NA,NA,NA,NA,NA,NA,NA,NA,"```json
{""Remnants"": 0 grams}
```",3,NA,NA,NA,NA,NA,NA,NA,NA,NA,NA,NA,NA,NA,NA,NA,NA,"```json
{""Remnants"": 0 grams}
```",3,NA,NA,NA,NA,NA,NA,NA,NA,NA,NA,NA,NA,NA,NA,NA,NA,"```json
{""Remnants"": 0 grams}
```",3,NA,NA,NA,NA,NA,NA,NA,NA,NA,NA,NA,NA,NA,NA,NA,NA,2,NA,NA,NA,NA,NA,NA,NA,NA,NA,NA,NA,NA,NA,NA,NA,NA,NA,NA,NA,NA,NA,NA,NA,NA,NA,NA,NA,NA,NA,NA,NA,NA,NA,NA,NA,NA,NA,NA,NA,2,-1,1,0,1,1,0,1,1,0,1,1,0,1,1,0,1,1,0,1,1,0,1,1,0,1,1,0,1,1,0,1,1,0,1,1,0,1,1,0,1,1,0,1,1,0,0,0,0,0,0,0,0,0,0,0,0,0,0,0,0,0,0,0,0,0,0,0,0,0,0,0,0,0,0
"Potato stir-fry with fried egg and mushrooms","Erica","Monday","Aardappelroerbak",2,"3","22.5",511,513,2,"Aardappelroerbak met spiegelei en champignons","https://www.hellofresh.nl/recipes/aardappelroerbak-met-spiegelei-en-kaas-658d7dd0f9d1ffb514ddb85b","Erica_Aardappelroerbak_2_3.jpg",3,"potatoes or fries","legumes","garlic","onion","mushrooms","cheese","eggs","herbs","root vegetables","fats or oils",NA,NA,NA,NA,NA,"600g Potatoes; 100g Green Beans; 1.5  Garlic cloves; 1.5  Onion; 250g Mushrooms; 150g Gouda Cheese; 3 Egg; 7.5g Parsley; 2 Carrot; 3.75 tablespoon butter"," Potatoes;  Green Beans;  Garlic ;  Onion;  Mushrooms;  Gouda Cheese; Egg;  Parsley; Carrot;   butter",2,2,"```json
{""Remnants"": ""2 teaspoons""}
```",6,NA,NA,NA,NA,NA,NA,NA,NA,NA,NA,NA,NA,NA,NA,NA,NA,"```json
{""Remnants"": ""1 teaspoon""}
```",6,NA,NA,NA,NA,NA,NA,NA,NA,NA,NA,NA,NA,NA,NA,NA,NA,"```json
{""Remnants"": ""1 teaspoon""}
```",6,NA,NA,NA,NA,NA,NA,NA,NA,NA,NA,NA,NA,NA,NA,NA,NA,"```json
{""Remnants"": ""1 teaspoon""}
```",6,NA,NA,NA,NA,NA,NA,NA,NA,NA,NA,NA,NA,NA,NA,NA,NA,"```json
{""Remnants"": ""1 teaspoon""}
```",6,NA,NA,NA,NA,NA,NA,NA,NA,NA,NA,NA,NA,NA,NA,NA,NA,"```json
{""Remnants"": 0 grams}
```",6,NA,NA,NA,NA,NA,NA,NA,NA,NA,NA,NA,NA,NA,NA,NA,NA,"```json
{""Remnants"": 0 grams}
```",6,NA,NA,NA,NA,NA,NA,NA,NA,NA,NA,NA,NA,NA,NA,NA,NA,"```json
{""Remnants"": 0 grams}
```",6,NA,NA,NA,NA,NA,NA,NA,NA,NA,NA,NA,NA,NA,NA,NA,NA,"```json
{""Remnants"": 0 grams}
```",6,NA,NA,NA,NA,NA,NA,NA,NA,NA,NA,NA,NA,NA,NA,NA,NA,"```json
{""Remnants"": 0 grams}
```",6,NA,NA,NA,NA,NA,NA,NA,NA,NA,NA,NA,NA,NA,NA,NA,NA,"```json
{""Remnants"": 0 grams}
```",6,NA,NA,NA,NA,NA,NA,NA,NA,NA,NA,NA,NA,NA,NA,NA,NA,"```json
{""Remnants"": 0 grams}
```",6,NA,NA,NA,NA,NA,NA,NA,NA,NA,NA,NA,NA,NA,NA,NA,NA,"```json
{""Remnants"": 0 grams}
```",6,NA,NA,NA,NA,NA,NA,NA,NA,NA,NA,NA,NA,NA,NA,NA,NA,"```json
{""Remnants"": 0 grams}
```",6,NA,NA,NA,NA,NA,NA,NA,NA,NA,NA,NA,NA,NA,NA,NA,NA,"```json
{""Remnants"": 0 grams}
```",6,NA,NA,NA,NA,NA,NA,NA,NA,NA,NA,NA,NA,NA,NA,NA,NA,NA,NA,NA,NA,NA,NA,NA,NA,NA,NA,NA,NA,NA,NA,NA,NA,NA,NA,NA,NA,NA,NA,NA,NA,NA,NA,NA,NA,NA,NA,NA,NA,NA,NA,NA,NA,NA,NA,NA,NA,0,2,2,0,2,2,0,2,2,0,2,2,0,2,2,0,2,2,0,2,2,0,2,2,0,2,2,0,2,2,0,2,2,0,2,2,0,2,2,0,2,2,0,2,2,0,0,0,0,0,0,0,0,0,0,0,0,0,0,0,0,0,0,0,0,0,0,0,0,0,0,0,0,0,0
"Potato stir-fry with fried egg and mushrooms","Erica","Monday","Aardappelroerbak",3,"2","22.5",506,671,165,"Aardappelroerbak met spiegelei en champignons","https://www.hellofresh.nl/recipes/aardappelroerbak-met-spiegelei-en-kaas-658d7dd0f9d1ffb514ddb85b","Erica_Aardappelroerbak_3_2.jpg",3,"potatoes or fries","legumes","garlic","onion","mushrooms","cheese","eggs","herbs","root vegetables","fats or oils",NA,NA,NA,NA,NA,"600g Potatoes; 100g Green Beans; 1.5  Garlic cloves; 1.5  Onion; 250g Mushrooms; 150g Gouda Cheese; 3 Egg; 7.5g Parsley; 2 Carrot; 3.75 tablespoon butter"," Potatoes;  Green Beans;  Garlic ;  Onion;  Mushrooms;  Gouda Cheese; Egg;  Parsley; Carrot;   butter",165,165,"```json
{
    ""Potatoes"": ""3 pieces"",
    ""Carrots"": ""5 pieces"",
    ""Green Beans"": ""4 pieces"",
    ""Mushrooms"": ""2 pieces"",
    ""Onions"": ""2 tablespoons"",
    ""Cheese"": ""1 tablespoon""
}
```",8,"potatoes or fries","3 pieces","root vegetables","5 pieces","legumes","4 pieces","mushrooms","2 pieces","onion","2 tablespoons","cheese","1 tablespoon",NA,NA,NA,NA,"```json
{
    ""Potatoes"": ""3 pieces"",
    ""Carrots"": ""5 pieces"",
    ""Green Beans"": ""4 pieces"",
    ""Mushrooms"": ""2 pieces"",
    ""Onions"": ""2 tablespoons"",
    ""Cheese"": ""1 tablespoon""
}
```",8,"potatoes or fries","3 pieces","root vegetables","5 pieces","legumes","4 pieces","mushrooms","2 pieces","onion","2 tablespoons","cheese","1 tablespoon",NA,NA,NA,NA,"```json
{
    ""Potatoes"": ""1 piece"",
    ""Carrots"": ""3 pieces"",
    ""Green Beans"": ""2 pieces"",
    ""Mushrooms"": ""2 pieces"",
    ""Onions"": ""2 tablespoons"",
    ""Cheese"": ""1 tablespoon""
}
```",8,"potatoes or fries","1 piece","root vegetables","3 pieces","legumes","2 pieces","mushrooms","2 pieces","onion","2 tablespoons","cheese","1 tablespoon",NA,NA,NA,NA,"```json
{
    ""potatoes"": ""3 pieces"",
    ""carrots"": ""5 pieces"",
    ""green beans"": ""4 pieces"",
    ""onions"": ""2 tablespoons"",
    ""mushrooms"": ""2 pieces"",
    ""sauce"": ""2 tablespoons""
}
```",8,"potatoes or fries","3 pieces","root vegetables","5 pieces","legumes","4 pieces","onion","2 tablespoons","mushrooms","2 pieces","sauce","2 tablespoons",NA,NA,NA,NA,"```json
{
    ""potatoes"": ""3 pieces"",
    ""carrots"": ""5 pieces"",
    ""green beans"": ""4 pieces"",
    ""onions"": ""2 tablespoons"",
    ""mushrooms"": ""2 pieces"",
    ""sauce"": ""1 tablespoon""
}
```",8,"potatoes or fries","3 pieces","root vegetables","5 pieces","legumes","4 pieces","onion","2 tablespoons","mushrooms","2 pieces","sauce","1 tablespoon",NA,NA,NA,NA,"```json
{
  ""Potatoes"": 30,
  ""Carrots"": 20,
  ""Green Beans"": 15,
  ""Onions"": 10,
  ""Mushrooms"": 10,
  ""Cheese"": 5
}
```",8,"potatoes or fries",30,"root vegetables",20,"legumes",15,"onion",10,"mushrooms",10,"cheese",5,NA,NA,NA,NA,"```json
{
  ""Potatoes"": 30,
  ""Carrots"": 20,
  ""Green Beans"": 10,
  ""Onions"": 15,
  ""Mushrooms"": 10,
  ""Cheese"": 5
}
```",8,"potatoes or fries",30,"root vegetables",20,"legumes",10,"onion",15,"mushrooms",10,"cheese",5,NA,NA,NA,NA,"```json
{
  ""Potatoes"": 30,
  ""Carrots"": 20,
  ""Green Beans"": 10,
  ""Onions"": 15,
  ""Mushrooms"": 10,
  ""Cheese"": 5
}
```",8,"potatoes or fries",30,"root vegetables",20,"legumes",10,"onion",15,"mushrooms",10,"cheese",5,NA,NA,NA,NA,"```json
{
  ""Potatoes"": 30,
  ""Carrots"": 20,
  ""Green Beans"": 15,
  ""Onions"": 10,
  ""Mushrooms"": 10,
  ""Cheese"": 5
}
```",8,"potatoes or fries",30,"root vegetables",20,"legumes",15,"onion",10,"mushrooms",10,"cheese",5,NA,NA,NA,NA,"```json
{
  ""Potatoes"": 30,
  ""Carrots"": 20,
  ""Green Beans"": 10,
  ""Onions"": 15,
  ""Mushrooms"": 10,
  ""Cheese"": 5
}
```",8,"potatoes or fries",30,"root vegetables",20,"legumes",10,"onion",15,"mushrooms",10,"cheese",5,NA,NA,NA,NA,"```json
{
    ""Potatoes"": 30,
    ""Carrots"": 20,
    ""Green Beans"": 10,
    ""Onions"": 15,
    ""Mushrooms"": 10,
    ""Cheese"": 5
}
```",8,"potatoes or fries",30,"root vegetables",20,"legumes",10,"onion",15,"mushrooms",10,"cheese",5,NA,NA,NA,NA,"```json
{
  ""Carrots"": 30,
  ""Green Beans"": 20,
  ""Mushrooms"": 15,
  ""Onions"": 25,
  ""Potatoes"": 20,
  ""Cheese"": 10
}
```",8,"root vegetables",30,"legumes",20,"mushrooms",15,"onion",25,"potatoes or fries",20,"cheese",10,NA,NA,NA,NA,"```json
{
  ""carrots"": 30,
  ""green beans"": 20,
  ""onions"": 15,
  ""mushrooms"": 10,
  ""potatoes"": 25,
  ""cheese"": 10
}
```",8,"root vegetables",30,"legumes",20,"onion",15,"mushrooms",10,"potatoes or fries",25,"cheese",10,NA,NA,NA,NA,"```json
{
    ""Potatoes"": 30,
    ""Carrots"": 20,
    ""Green Beans"": 15,
    ""Onions"": 10,
    ""Mushrooms"": 10,
    ""Cheese"": 5
}
```",8,"potatoes or fries",30,"root vegetables",20,"legumes",15,"onion",10,"mushrooms",10,"cheese",5,NA,NA,NA,NA,"```json
{
    ""Carrots"": 30,
    ""Green Beans"": 20,
    ""Onions"": 15,
    ""Mushrooms"": 10,
    ""Potatoes"": 25,
    ""Cheese"": 10
}
```",8,"root vegetables",30,"legumes",20,"onion",15,"mushrooms",10,"potatoes or fries",25,"cheese",10,NA,NA,NA,NA,45,50,24,36,20,15,NA,NA,45,50,24,36,20,15,NA,NA,15,30,12,36,20,15,NA,NA,45,50,24,20,36,30,NA,NA,45,50,24,20,36,15,NA,NA,190,-25,25,190,-25,25,128,37,37,205,-40,40,190,-25,25,90,75,75,90,75,75,90,75,75,90,75,75,90,75,75,90,75,75,120,45,45,110,55,55,90,75,75,110,55,55,6,0,6,0,6,0,5,1,5,1,6,0,6,0,6,0,6,0,6,0,6,0,6,0,6,0,6,0,6,0
"Potato stir-fry with fried egg and mushrooms","Erica","Monday","Aardappelroerbak",3,"3","22.5",506,508,2,"Aardappelroerbak met spiegelei en champignons","https://www.hellofresh.nl/recipes/aardappelroerbak-met-spiegelei-en-kaas-658d7dd0f9d1ffb514ddb85b","Erica_Aardappelroerbak_3_3.jpg",3,"potatoes or fries","legumes","garlic","onion","mushrooms","cheese","eggs","herbs","root vegetables","fats or oils",NA,NA,NA,NA,NA,"600g Potatoes; 100g Green Beans; 1.5  Garlic cloves; 1.5  Onion; 250g Mushrooms; 150g Gouda Cheese; 3 Egg; 7.5g Parsley; 2 Carrot; 3.75 tablespoon butter"," Potatoes;  Green Beans;  Garlic ;  Onion;  Mushrooms;  Gouda Cheese; Egg;  Parsley; Carrot;   butter",2,2,"```json
{""Remnants"": ""1 teaspoon""}
```",9,NA,NA,NA,NA,NA,NA,NA,NA,NA,NA,NA,NA,NA,NA,NA,NA,"```json
{""Remnants"": ""2 teaspoons""}
```",9,NA,NA,NA,NA,NA,NA,NA,NA,NA,NA,NA,NA,NA,NA,NA,NA,"```json
{""Remnants"": ""2 teaspoons""}
```",9,NA,NA,NA,NA,NA,NA,NA,NA,NA,NA,NA,NA,NA,NA,NA,NA,"```json
{""Remnants"": ""1 teaspoon""}
```",9,NA,NA,NA,NA,NA,NA,NA,NA,NA,NA,NA,NA,NA,NA,NA,NA,"```json
{""Remnants"": ""1 teaspoon""}
```",9,NA,NA,NA,NA,NA,NA,NA,NA,NA,NA,NA,NA,NA,NA,NA,NA,"```json
{""Remnants"": 0 grams}
```",9,NA,NA,NA,NA,NA,NA,NA,NA,NA,NA,NA,NA,NA,NA,NA,NA,"```json
{""Remnants"": 0 grams}
```",9,NA,NA,NA,NA,NA,NA,NA,NA,NA,NA,NA,NA,NA,NA,NA,NA,"```json
{""Remnants"": 0 grams}
```",9,NA,NA,NA,NA,NA,NA,NA,NA,NA,NA,NA,NA,NA,NA,NA,NA,"```json
{""Remnants"": 0 grams}
```",9,NA,NA,NA,NA,NA,NA,NA,NA,NA,NA,NA,NA,NA,NA,NA,NA,"```json
{""Remnants"": 0 grams}
```",9,NA,NA,NA,NA,NA,NA,NA,NA,NA,NA,NA,NA,NA,NA,NA,NA,"```json
{""Remnants"": 0 grams}
```",9,NA,NA,NA,NA,NA,NA,NA,NA,NA,NA,NA,NA,NA,NA,NA,NA,"```json
{""Remnants"": 0 grams}
```",9,NA,NA,NA,NA,NA,NA,NA,NA,NA,NA,NA,NA,NA,NA,NA,NA,"```json
{""Remnants"": 0 grams}
```",9,NA,NA,NA,NA,NA,NA,NA,NA,NA,NA,NA,NA,NA,NA,NA,NA,"```json
{""Remnants"": 0 grams}
```",9,NA,NA,NA,NA,NA,NA,NA,NA,NA,NA,NA,NA,NA,NA,NA,NA,"```json
{""Remnants"": 0 grams}
```",9,NA,NA,NA,NA,NA,NA,NA,NA,NA,NA,NA,NA,NA,NA,NA,NA,NA,NA,NA,NA,NA,NA,NA,NA,NA,NA,NA,NA,NA,NA,NA,NA,NA,NA,NA,NA,NA,NA,NA,NA,NA,NA,NA,NA,NA,NA,NA,NA,NA,NA,NA,NA,NA,NA,NA,NA,0,2,2,0,2,2,0,2,2,0,2,2,0,2,2,0,2,2,0,2,2,0,2,2,0,2,2,0,2,2,0,2,2,0,2,2,0,2,2,0,2,2,0,2,2,0,0,0,0,0,0,0,0,0,0,0,0,0,0,0,0,0,0,0,0,0,0,0,0,0,0,0,0,0,0
"Prawns in Mediterranean marinade on orzo","Mariam","45581","ShrimpOrzo",1,"50-30","26,3",669,882,213,"Garnelen in mediterraner Marinade auf Orzo","https://www.hellofresh.de/recipes/garnelen-in-mediterraner-marinade-auf-orzo-salat-65b24289d1da3988cdd86720","Mitja_Wed_Meal1_1.jpg",2,"(shell)fish","pasta","cucumbers","tomatoes","garlic","tomatoes","dairy (cream)","spices","spices","fats or oils","fats or oils","water or broth",NA,NA,NA,"150g Shrimps; 180g orzo; 1  Cucumber; 2 Tomatoes; 2  Garlic cloves; 50g Tomato Pesto; 75g Yoghurt; 1 gram oregano; 2 gram spice mix; 1 tablespoon oil; 1 tablespoon olive oil; 350ml water"," Shrimps;  orzo;  Cucumber; Tomatoes;  Garlic ; Tomato Pesto; Yoghurt;  oregano;  spice mix;  oil;  olive oil; water",213,213,"```json
{
    ""orzo"": ""1 cup"",
    ""shrimp"": ""3 pieces"",
    ""zucchini"": ""0.5 cup"",
    ""red bell pepper"": ""0.25 cup"",
    ""white sauce"": ""2 tablespoons""
}
```",67,"pasta","1 cup","(shell)fish","3 pieces","zucchini","0.5 cup","bell pepper","0.25 cup","sauce","2 tablespoons",NA,NA,NA,NA,NA,NA,"```json
{
    ""orzo"": ""1 cup"",
    ""shrimp"": ""3 pieces"",
    ""zucchini"": ""0.5 cup"",
    ""red bell pepper"": ""0.25 cup"",
    ""white sauce"": ""2 tablespoons""
}
```",67,"pasta","1 cup","(shell)fish","3 pieces","zucchini","0.5 cup","bell pepper","0.25 cup","sauce","2 tablespoons",NA,NA,NA,NA,NA,NA,"```json
{
    ""orzo"": ""1 cup"",
    ""shrimp"": ""3 pieces"",
    ""zucchini"": ""0.5 cup"",
    ""red bell pepper"": ""0.25 cup"",
    ""white sauce"": ""2 tablespoons""
}
```",67,"pasta","1 cup","(shell)fish","3 pieces","zucchini","0.5 cup","bell pepper","0.25 cup","sauce","2 tablespoons",NA,NA,NA,NA,NA,NA,"```json
{
    ""orzo"": ""1 cup"",
    ""shrimp"": ""3 pieces"",
    ""zucchini"": ""0.5 cup"",
    ""red bell pepper"": ""0.25 cup"",
    ""sauce"": ""2 tablespoons""
}
```",67,"pasta","1 cup","(shell)fish","3 pieces","zucchini","0.5 cup","bell pepper","0.25 cup","sauce","2 tablespoons",NA,NA,NA,NA,NA,NA,"```json
{
    ""orzo"": ""1 cup"",
    ""shrimp"": ""3 pieces"",
    ""zucchini"": ""0.5 cup"",
    ""red bell pepper"": ""0.25 cup"",
    ""white sauce"": ""2 tablespoons""
}
```",67,"pasta","1 cup","(shell)fish","3 pieces","zucchini","0.5 cup","bell pepper","0.25 cup","sauce","2 tablespoons",NA,NA,NA,NA,NA,NA,"```json
{
    ""Orzo"": 50,
    ""Shrimp"": 20,
    ""Zucchini"": 15,
    ""Red Bell Pepper"": 10,
    ""White Sauce"": 20
}
```",67,"pasta",50,"(shell)fish",20,"zucchini",15,"bell pepper",10,"sauce",20,NA,NA,NA,NA,NA,NA,"```json
{
  ""Orzo"": 50,
  ""Shrimp"": 20,
  ""Zucchini"": 15,
  ""Red Bell Pepper"": 10,
  ""White Sauce"": 20
}
```",67,"pasta",50,"(shell)fish",20,"zucchini",15,"bell pepper",10,"sauce",20,NA,NA,NA,NA,NA,NA,"```json
{
    ""Orzo pasta"": 50,
    ""Shrimp"": 20,
    ""Zucchini"": 15,
    ""Red bell pepper"": 10,
    ""White sauce"": 20
}
```",67,"pasta",50,"(shell)fish",20,"zucchini",15,"bell pepper",10,"sauce",20,NA,NA,NA,NA,NA,NA,"```json
{
  ""Orzo"": 50,
  ""Shrimp"": 20,
  ""Zucchini"": 15,
  ""Tomato"": 10,
  ""Sauce"": 20
}
```",67,"pasta",50,"(shell)fish",20,"zucchini",15,"tomatoes",10,"sauce",20,NA,NA,NA,NA,NA,NA,"```json
{
    ""Orzo pasta"": 50,
    ""Shrimp"": 20,
    ""Zucchini"": 15,
    ""Red bell pepper"": 10,
    ""White sauce"": 20
}
```",67,"pasta",50,"(shell)fish",20,"zucchini",15,"bell pepper",10,"sauce",20,NA,NA,NA,NA,NA,NA,"```json
{
    ""Orzo"": 80,
    ""Shrimp"": 20,
    ""Zucchini"": 15,
    ""Tomato"": 10,
    ""Sauce"": 20
}
```",67,"pasta",80,"(shell)fish",20,"zucchini",15,"tomatoes",10,"sauce",20,NA,NA,NA,NA,NA,NA,"```json
{
    ""Orzo pasta"": 80,
    ""Shrimp"": 20,
    ""Zucchini"": 15,
    ""Red bell pepper"": 10,
    ""White sauce"": 20
}
```",67,"pasta",80,"(shell)fish",20,"zucchini",15,"bell pepper",10,"sauce",20,NA,NA,NA,NA,NA,NA,"```json
{
    ""Orzo pasta"": 80,
    ""Shrimp"": 20,
    ""Zucchini"": 15,
    ""Red bell pepper"": 10,
    ""White sauce"": 20
}
```",67,"pasta",80,"(shell)fish",20,"zucchini",15,"bell pepper",10,"sauce",20,NA,NA,NA,NA,NA,NA,"```json
{
    ""Orzo"": 80,
    ""Shrimp"": 20,
    ""Zucchini"": 15,
    ""Red Bell Pepper"": 10,
    ""White Sauce"": 30
}
```",67,"pasta",80,"(shell)fish",20,"zucchini",15,"bell pepper",10,"sauce",30,NA,NA,NA,NA,NA,NA,"```json
{
    ""Orzo"": 80,
    ""Shrimp"": 20,
    ""Zucchini"": 15,
    ""Red Bell Pepper"": 10,
    ""White Sauce"": 30
}
```",67,"pasta",80,"(shell)fish",20,"zucchini",15,"bell pepper",10,"sauce",30,NA,NA,NA,NA,NA,NA,200,45,75,43.75,30,NA,NA,NA,200,45,75,43.75,30,NA,NA,NA,200,45,75,43.75,30,NA,NA,NA,200,45,75,43.75,30,NA,NA,NA,200,45,75,43.75,30,NA,NA,NA,393.75,-180.75,180.75,393.75,-180.75,180.75,393.75,-180.75,180.75,393.75,-180.75,180.75,393.75,-180.75,180.75,115,98,98,115,98,98,115,98,98,115,98,98,115,98,98,145,68,68,145,68,68,145,68,68,155,58,58,155,58,58,2,3,2,3,2,3,2,3,2,3,2,3,2,3,2,3,3,2,2,3,3,2,2,3,2,3,2,3,2,3
"Prawns in Mediterranean marinade on orzo","Mariam","45581","ShrimpOrzo",1,"10%-30%","26,3",669,754,85,"Garnelen in mediterraner Marinade auf Orzo","https://www.hellofresh.de/recipes/garnelen-in-mediterraner-marinade-auf-orzo-salat-65b24289d1da3988cdd86721","Mitja_Wed_Meal1_2.jpg",2,"(shell)fish","pasta","cucumbers","tomatoes","garlic","tomatoes","dairy (cream)","spices","spices","fats or oils","fats or oils","water or broth",NA,NA,NA,"150g Shrimps; 180g orzo; 1  Cucumber; 2 Tomatoes; 2  Garlic cloves; 50g Tomato Pesto; 75g Yoghurt; 1 gram oregano; 2 gram spice mix; 1 tablespoon oil; 1 tablespoon olive oil; 350ml water"," Shrimps;  orzo;  Cucumber; Tomatoes;  Garlic ; Tomato Pesto; Yoghurt;  oregano;  spice mix;  oil;  olive oil; water",85,85,"```json
{
    ""orzo"": ""2 tablespoons"",
    ""cucumber_slices"": ""3 pieces"",
    ""tomato_slice"": ""1 piece"",
    ""shrimp"": ""1 piece"",
    ""sauce"": ""2 tablespoons""
}
```",68,"pasta","2 tablespoons","cucumbers","3 pieces","tomatoes","1 piece","(shell)fish","1 piece","sauce","2 tablespoons",NA,NA,NA,NA,NA,NA,"```json
{
    ""orzo"": ""2 tablespoons"",
    ""cucumber_slices"": ""3 pieces"",
    ""tomato_slice"": ""1 piece"",
    ""shrimp"": ""1 piece"",
    ""sauce"": ""2 tablespoons""
}
```",68,"pasta","2 tablespoons","cucumbers","3 pieces","tomatoes","1 piece","(shell)fish","1 piece","sauce","2 tablespoons",NA,NA,NA,NA,NA,NA,"```json
{
    ""orzo"": ""2 tablespoons"",
    ""cucumber_slices"": ""3 pieces"",
    ""tomato_slice"": ""1 piece"",
    ""shrimp"": ""1 piece"",
    ""sauce"": ""2 tablespoons""
}
```",68,"pasta","2 tablespoons","cucumbers","3 pieces","tomatoes","1 piece","(shell)fish","1 piece","sauce","2 tablespoons",NA,NA,NA,NA,NA,NA,"```json
{
    ""orzo"": ""2 tablespoons"",
    ""cucumber_slices"": ""3 pieces"",
    ""tomato_slice"": ""1 piece"",
    ""shrimp"": ""1 piece"",
    ""sauce"": ""2 tablespoons""
}
```",68,"pasta","2 tablespoons","cucumbers","3 pieces","tomatoes","1 piece","(shell)fish","1 piece","sauce","2 tablespoons",NA,NA,NA,NA,NA,NA,"```json
{
    ""orzo"": ""2 tablespoons"",
    ""cucumber_slices"": ""3 pieces"",
    ""tomato_slice"": ""1 piece"",
    ""shrimp"": ""1 piece"",
    ""sauce"": ""2 tablespoons""
}
```",68,"pasta","2 tablespoons","cucumbers","3 pieces","tomatoes","1 piece","(shell)fish","1 piece","sauce","2 tablespoons",NA,NA,NA,NA,NA,NA,"```json
{
    ""Orzo"": 10,
    ""Cucumber"": 5,
    ""Tomato"": 5,
    ""Shrimp"": 5,
    ""Sauce"": 10
}
```",68,"pasta",10,"cucumbers",5,"tomatoes",5,"(shell)fish",5,"sauce",10,NA,NA,NA,NA,NA,NA,"```json
{
    ""Orzo"": 10,
    ""Cucumber"": 5,
    ""Tomato"": 5,
    ""Shrimp"": 5,
    ""Sauce"": 10
}
```",68,"pasta",10,"cucumbers",5,"tomatoes",5,"(shell)fish",5,"sauce",10,NA,NA,NA,NA,NA,NA,"```json
{
    ""Orzo"": 10,
    ""Cucumber"": 5,
    ""Tomato"": 5,
    ""Shrimp"": 5,
    ""Sauce"": 10
}
```",68,"pasta",10,"cucumbers",5,"tomatoes",5,"(shell)fish",5,"sauce",10,NA,NA,NA,NA,NA,NA,"```json
{
    ""Orzo"": 10,
    ""Cucumber"": 5,
    ""Tomato"": 5,
    ""Shrimp"": 5,
    ""Sauce"": 10
}
```",68,"pasta",10,"cucumbers",5,"tomatoes",5,"(shell)fish",5,"sauce",10,NA,NA,NA,NA,NA,NA,"```json
{
    ""Orzo"": 15,
    ""Cucumber"": 10,
    ""Tomato"": 5,
    ""Shrimp"": 10,
    ""Sauce"": 20
}
```",68,"pasta",15,"cucumbers",10,"tomatoes",5,"(shell)fish",10,"sauce",20,NA,NA,NA,NA,NA,NA,"```json
{
  ""Orzo"": 10,
  ""Cucumber"": 5,
  ""Tomato"": 5,
  ""Shrimp"": 5,
  ""Sauce"": 10
}
```",68,"pasta",10,"cucumbers",5,"tomatoes",5,"(shell)fish",5,"sauce",10,NA,NA,NA,NA,NA,NA,"```json
{
    ""Orzo"": 10,
    ""Cucumber"": 5,
    ""Tomato"": 5,
    ""Shrimp"": 5,
    ""Sauce"": 10
}
```",68,"pasta",10,"cucumbers",5,"tomatoes",5,"(shell)fish",5,"sauce",10,NA,NA,NA,NA,NA,NA,"```json
{
    ""Orzo"": 10,
    ""Cucumber"": 5,
    ""Tomato"": 5,
    ""Shrimp"": 5,
    ""Sauce"": 10
}
```",68,"pasta",10,"cucumbers",5,"tomatoes",5,"(shell)fish",5,"sauce",10,NA,NA,NA,NA,NA,NA,"```json
{
    ""Orzo"": 10,
    ""Cucumber"": 5,
    ""Tomato"": 5,
    ""Shrimp"": 5,
    ""Sauce"": 10
}
```",68,"pasta",10,"cucumbers",5,"tomatoes",5,"(shell)fish",5,"sauce",10,NA,NA,NA,NA,NA,NA,"```json
{
    ""Orzo"": 10,
    ""Cucumber"": 5,
    ""Tomato"": 5,
    ""Shrimp"": 5,
    ""Sauce"": 10
}
```",68,"pasta",10,"cucumbers",5,"tomatoes",5,"(shell)fish",5,"sauce",10,NA,NA,NA,NA,NA,NA,25,30,10,15,30,NA,NA,NA,25,30,10,15,30,NA,NA,NA,25,30,10,15,30,NA,NA,NA,25,30,10,15,30,NA,NA,NA,25,30,10,15,30,NA,NA,NA,110,-25,25,110,-25,25,110,-25,25,110,-25,25,110,-25,25,35,50,50,35,50,50,35,50,50,35,50,50,60,25,25,35,50,50,35,50,50,35,50,50,35,50,50,35,50,50,4,1,4,1,4,1,4,1,4,1,4,1,4,1,4,1,4,1,4,1,4,1,4,1,4,1,4,1,4,1
"Prawns in Mediterranean marinade on orzo","Mariam","45581","ShrimpOrzo",1,"finished","26,3",669,674,5,"Garnelen in mediterraner Marinade auf Orzo","https://www.hellofresh.de/recipes/garnelen-in-mediterraner-marinade-auf-orzo-salat-65b24289d1da3988cdd86722","Mitja_Wed_Meal1_3.jpg",2,"(shell)fish","pasta","cucumbers","tomatoes","garlic","tomatoes","dairy (cream)","spices","spices","fats or oils","fats or oils","water or broth",NA,NA,NA,"150g Shrimps; 180g orzo; 1  Cucumber; 2 Tomatoes; 2  Garlic cloves; 50g Tomato Pesto; 75g Yoghurt; 1 gram oregano; 2 gram spice mix; 1 tablespoon oil; 1 tablespoon olive oil; 350ml water"," Shrimps;  orzo;  Cucumber; Tomatoes;  Garlic ; Tomato Pesto; Yoghurt;  oregano;  spice mix;  oil;  olive oil; water",5,5,"```json
{""Remnants"": ""2 teaspoons""}
```",69,NA,NA,NA,NA,NA,NA,NA,NA,NA,NA,NA,NA,NA,NA,NA,NA,"```json
{""Remnants"": ""2 teaspoons""}
```",69,NA,NA,NA,NA,NA,NA,NA,NA,NA,NA,NA,NA,NA,NA,NA,NA,"```json
{""Remnants"": ""2 teaspoons""}
```",69,NA,NA,NA,NA,NA,NA,NA,NA,NA,NA,NA,NA,NA,NA,NA,NA,"```json
{
  ""Remnants"": ""2 teaspoons""
}
```",69,NA,"2 teaspoons",NA,NA,NA,NA,NA,NA,NA,NA,NA,NA,NA,NA,NA,NA,"```json
{""Remnants"": ""2 teaspoons""}
```",69,NA,NA,NA,NA,NA,NA,NA,NA,NA,NA,NA,NA,NA,NA,NA,NA,"```json
{""Remnants"": 0 grams}
```",69,NA,NA,NA,NA,NA,NA,NA,NA,NA,NA,NA,NA,NA,NA,NA,NA,"```json
{""Remnants"": 0 grams}
```",69,NA,NA,NA,NA,NA,NA,NA,NA,NA,NA,NA,NA,NA,NA,NA,NA,"```json
{""Remnants"": 0 grams}
```",69,NA,NA,NA,NA,NA,NA,NA,NA,NA,NA,NA,NA,NA,NA,NA,NA,"```json
{""Remnants"": 0 grams}
```",69,NA,NA,NA,NA,NA,NA,NA,NA,NA,NA,NA,NA,NA,NA,NA,NA,"```json
{""Remnants"": 0 grams}
```",69,NA,NA,NA,NA,NA,NA,NA,NA,NA,NA,NA,NA,NA,NA,NA,NA,"```json
{""Remnants"": 0 grams}
```",69,NA,NA,NA,NA,NA,NA,NA,NA,NA,NA,NA,NA,NA,NA,NA,NA,"```json
{""Remnants"": 0 grams}
```",69,NA,NA,NA,NA,NA,NA,NA,NA,NA,NA,NA,NA,NA,NA,NA,NA,"```json
{""Remnants"": 0 grams}
```",69,NA,NA,NA,NA,NA,NA,NA,NA,NA,NA,NA,NA,NA,NA,NA,NA,"```json
{""Remnants"": 0 grams}
```",69,NA,NA,NA,NA,NA,NA,NA,NA,NA,NA,NA,NA,NA,NA,NA,NA,"```json
{""Remnants"": 0 grams}
```",69,NA,NA,NA,NA,NA,NA,NA,NA,NA,NA,NA,NA,NA,NA,NA,NA,NA,NA,NA,NA,NA,NA,NA,NA,NA,NA,NA,NA,NA,NA,NA,NA,NA,NA,NA,NA,NA,NA,NA,NA,4,NA,NA,NA,NA,NA,NA,NA,NA,NA,NA,NA,NA,NA,NA,NA,0,5,5,0,5,5,0,5,5,4,1,1,0,5,5,0,5,5,0,5,5,0,5,5,0,5,5,0,5,5,0,5,5,0,5,5,0,5,5,0,5,5,0,5,5,0,0,0,0,0,0,0,0,0,0,0,0,0,0,0,0,0,0,0,0,0,0,0,0,0,0,0,0,0,0
"Prawns in Mediterranean marinade on orzo","Mariam","45581","ShrimpOrzo",2,"50%-30%","26,3",668,916,248,"Garnelen in mediterraner Marinade auf Orzo","https://www.hellofresh.de/recipes/garnelen-in-mediterraner-marinade-auf-orzo-salat-65b24289d1da3988cdd86723","Mariam_Wed_Meal1_1.jpg",2,"(shell)fish","pasta","cucumbers","tomatoes","garlic","tomatoes","dairy (cream)","spices","spices","fats or oils","fats or oils","water or broth",NA,NA,NA,"150g Shrimps; 180g orzo; 1  Cucumber; 2 Tomatoes; 2  Garlic cloves; 50g Tomato Pesto; 75g Yoghurt; 1 gram oregano; 2 gram spice mix; 1 tablespoon oil; 1 tablespoon olive oil; 350ml water"," Shrimps;  orzo;  Cucumber; Tomatoes;  Garlic ; Tomato Pesto; Yoghurt;  oregano;  spice mix;  oil;  olive oil; water",248,248,"```json
{
    ""orzo"": ""1 cup"",
    ""shrimp"": ""3 pieces"",
    ""scallops"": ""1 piece"",
    ""tomato"": ""0.5 pieces"",
    ""cucumber"": ""0.25 pieces"",
    ""yogurt sauce"": ""0.5 cup""
}
```",31,"pasta","1 cup","(shell)fish","3 pieces","(shell)fish","1 piece","tomatoes","0.5 pieces","cucumbers","0.25 pieces","dairy (cream)","0.5 cup",NA,NA,NA,NA,"```json
{
    ""orzo"": ""1 cup"",
    ""shrimp"": ""3 pieces"",
    ""scallops"": ""1 piece"",
    ""tomato"": ""0.5 pieces"",
    ""cucumber"": ""0.25 pieces"",
    ""yogurt sauce"": ""0.5 cup""
}
```",31,"pasta","1 cup","(shell)fish","3 pieces","(shell)fish","1 piece","tomatoes","0.5 pieces","cucumbers","0.25 pieces","dairy (cream)","0.5 cup",NA,NA,NA,NA,"```json
{
    ""orzo"": ""0.5 cups"",
    ""shrimp"": ""3 pieces"",
    ""scallops"": ""1 piece"",
    ""tomato"": ""0.25 cups"",
    ""cucumber"": ""0.25 cups"",
    ""yogurt sauce"": ""0.5 cups""
}
```",31,"pasta","0.5 cups","(shell)fish","3 pieces","(shell)fish","1 piece","tomatoes","0.25 cups","cucumbers","0.25 cups","dairy (cream)","0.5 cups",NA,NA,NA,NA,"```json
{
    ""orzo"": ""1 cup"",
    ""shrimp"": ""3 pieces"",
    ""scallops"": ""1 piece"",
    ""tomato"": ""0.5 pieces"",
    ""cucumber"": ""0.25 pieces"",
    ""yogurt sauce"": ""0.5 cup""
}
```",31,"pasta","1 cup","(shell)fish","3 pieces","(shell)fish","1 piece","tomatoes","0.5 pieces","cucumbers","0.25 pieces","dairy (cream)","0.5 cup",NA,NA,NA,NA,"```json
{
    ""orzo"": ""0.5 cups"",
    ""shrimp"": ""3 pieces"",
    ""scallops"": ""1 piece"",
    ""tomato"": ""0.25 pieces"",
    ""cucumber"": ""0.25 pieces"",
    ""yogurt sauce"": ""0.5 cups""
}
```",31,"pasta","0.5 cups","(shell)fish","3 pieces","(shell)fish","1 piece","tomatoes","0.25 pieces","cucumbers","0.25 pieces","dairy (cream)","0.5 cups",NA,NA,NA,NA,"```json
{
    ""Orzo pasta"": 80,
    ""Shrimp"": 30,
    ""Scallops"": 20,
    ""Tomato"": 20,
    ""Cucumber"": 15,
    ""Yogurt sauce"": 50
}
```",31,"pasta",80,"(shell)fish",30,"(shell)fish",20,"tomatoes",20,"cucumbers",15,"dairy (cream)",50,NA,NA,NA,NA,"```json
{
    ""Orzo pasta"": 50,
    ""Shrimp"": 30,
    ""Scallops"": 20,
    ""Tomato"": 20,
    ""Cucumber"": 15,
    ""Yogurt sauce"": 40
}
```",31,"pasta",50,"(shell)fish",30,"(shell)fish",20,"tomatoes",20,"cucumbers",15,"dairy (cream)",40,NA,NA,NA,NA,"```json
{
  ""Orzo"": 50,
  ""Shrimp"": 30,
  ""Scallops"": 20,
  ""Tomato"": 20,
  ""Cucumber"": 15,
  ""Yogurt Sauce"": 40
}
```",31,"pasta",50,"(shell)fish",30,"(shell)fish",20,"tomatoes",20,"cucumbers",15,"dairy (cream)",40,NA,NA,NA,NA,"```json
{
    ""Orzo pasta"": 50,
    ""Shrimp"": 30,
    ""Scallops"": 20,
    ""Tomato"": 20,
    ""Cucumber"": 15,
    ""Yogurt sauce"": 40
}
```",31,"pasta",50,"(shell)fish",30,"(shell)fish",20,"tomatoes",20,"cucumbers",15,"dairy (cream)",40,NA,NA,NA,NA,"```json
{
    ""Orzo pasta"": 50,
    ""Shrimp"": 30,
    ""Scallops"": 20,
    ""Tomato"": 20,
    ""Cucumber"": 15,
    ""Yogurt sauce"": 40
}
```",31,"pasta",50,"(shell)fish",30,"(shell)fish",20,"tomatoes",20,"cucumbers",15,"dairy (cream)",40,NA,NA,NA,NA,"```json
{
    ""Orzo"": 50,
    ""Shrimp"": 30,
    ""Scallops"": 20,
    ""Tomato"": 15,
    ""Cucumber"": 10,
    ""Yogurt Sauce"": 40
}
```",31,"pasta",50,"(shell)fish",30,"(shell)fish",20,"tomatoes",15,"cucumbers",10,"dairy (cream)",40,NA,NA,NA,NA,"```json
{
    ""orzo"": 50,
    ""shrimp"": 30,
    ""scallops"": 20,
    ""tomato"": 20,
    ""cucumber"": 15,
    ""yogurt sauce"": 40
}
```",31,"pasta",50,"(shell)fish",30,"(shell)fish",20,"tomatoes",20,"cucumbers",15,"dairy (cream)",40,NA,NA,NA,NA,"```json
{
    ""Orzo"": 50,
    ""Shrimp"": 30,
    ""Scallops"": 20,
    ""Tomato"": 20,
    ""Cucumber"": 15,
    ""Yogurt Sauce"": 40
}
```",31,"pasta",50,"(shell)fish",30,"(shell)fish",20,"tomatoes",20,"cucumbers",15,"dairy (cream)",40,NA,NA,NA,NA,"```json
{
    ""orzo"": 50,
    ""shrimp"": 30,
    ""scallops"": 20,
    ""tomato"": 20,
    ""cucumber"": 15,
    ""yogurt sauce"": 40
}
```",31,"pasta",50,"(shell)fish",30,"(shell)fish",20,"tomatoes",20,"cucumbers",15,"dairy (cream)",40,NA,NA,NA,NA,"```json
{
    ""Orzo pasta"": 80,
    ""Shrimp"": 30,
    ""Scallops"": 20,
    ""Tomato"": 20,
    ""Cucumber"": 15,
    ""Yogurt sauce"": 50
}
```",31,"pasta",80,"(shell)fish",30,"(shell)fish",20,"tomatoes",20,"cucumbers",15,"dairy (cream)",50,NA,NA,NA,NA,200,45,13,5,2.5,120,NA,NA,200,45,13,5,2.5,120,NA,NA,100,45,13,45,26,120,NA,NA,200,45,13,5,2.5,120,NA,NA,100,45,13,2.5,2.5,120,NA,NA,385.5,-137.5,137.5,385.5,-137.5,137.5,349,-101,101,385.5,-137.5,137.5,283,-35,35,215,33,33,175,73,73,175,73,73,175,73,73,175,73,73,165,83,83,175,73,73,175,73,73,175,73,73,215,33,33,5,0,5,0,5,0,5,0,5,0,5,0,5,0,5,0,5,0,5,0,5,0,5,0,5,0,5,0,5,0
"Prawns in Mediterranean marinade on orzo","Mariam","45581","ShrimpOrzo",2,"10%-30%","26,3",668,793,125,"Garnelen in mediterraner Marinade auf Orzo","https://www.hellofresh.de/recipes/garnelen-in-mediterraner-marinade-auf-orzo-salat-65b24289d1da3988cdd86724","Mariam_Wed_Meal1_2.jpg",2,"(shell)fish","pasta","cucumbers","tomatoes","garlic","tomatoes","dairy (cream)","spices","spices","fats or oils","fats or oils","water or broth",NA,NA,NA,"150g Shrimps; 180g orzo; 1  Cucumber; 2 Tomatoes; 2  Garlic cloves; 50g Tomato Pesto; 75g Yoghurt; 1 gram oregano; 2 gram spice mix; 1 tablespoon oil; 1 tablespoon olive oil; 350ml water"," Shrimps;  orzo;  Cucumber; Tomatoes;  Garlic ; Tomato Pesto; Yoghurt;  oregano;  spice mix;  oil;  olive oil; water",125,125,"```json
{
    ""orzo"": ""2 tablespoons"",
    ""shrimp"": ""2 pieces"",
    ""cucumber"": ""3 slices"",
    ""tomato"": ""2 slices"",
    ""sauce"": ""1 tablespoon""
}
```",32,"pasta","2 tablespoons","(shell)fish","2 pieces","cucumbers","3 slices","tomatoes","2 slices","sauce","1 tablespoon",NA,NA,NA,NA,NA,NA,"```json
{
    ""orzo"": ""1 tablespoon"",
    ""shrimp"": ""2 pieces"",
    ""cucumber"": ""2 slices"",
    ""tomato"": ""2 slices"",
    ""sauce"": ""2 tablespoons""
}
```",32,"pasta","1 tablespoon","(shell)fish","2 pieces","cucumbers","2 slices","tomatoes","2 slices","sauce","2 tablespoons",NA,NA,NA,NA,NA,NA,"```json
{
    ""orzo"": ""1 tablespoon"",
    ""shrimp"": ""2 pieces"",
    ""cucumber"": ""2 slices"",
    ""tomato"": ""2 slices"",
    ""sauce"": ""2 tablespoons""
}
```",32,"pasta","1 tablespoon","(shell)fish","2 pieces","cucumbers","2 slices","tomatoes","2 slices","sauce","2 tablespoons",NA,NA,NA,NA,NA,NA,"```json
{
    ""orzo"": ""1 tablespoon"",
    ""shrimp"": ""2 pieces"",
    ""cucumber"": ""2 slices"",
    ""tomato"": ""2 slices"",
    ""sauce"": ""2 tablespoons""
}
```",32,"pasta","1 tablespoon","(shell)fish","2 pieces","cucumbers","2 slices","tomatoes","2 slices","sauce","2 tablespoons",NA,NA,NA,NA,NA,NA,"```json
{
    ""orzo"": ""1 tablespoon"",
    ""shrimp"": ""2 pieces"",
    ""cucumber"": ""2 slices"",
    ""tomato"": ""2 slices"",
    ""sauce"": ""2 tablespoons""
}
```",32,"pasta","1 tablespoon","(shell)fish","2 pieces","cucumbers","2 slices","tomatoes","2 slices","sauce","2 tablespoons",NA,NA,NA,NA,NA,NA,"```json
{
    ""Orzo"": 20,
    ""Shrimp"": 15,
    ""Cucumber"": 10,
    ""Tomato"": 10,
    ""Sauce"": 5
}
```",32,"pasta",20,"(shell)fish",15,"cucumbers",10,"tomatoes",10,"sauce",5,NA,NA,NA,NA,NA,NA,"```json
{
    ""Orzo pasta"": 20,
    ""Shrimp"": 10,
    ""Cucumber"": 5,
    ""Tomato"": 5,
    ""Sauce remnants"": 10
}
```",32,"pasta",20,"(shell)fish",10,"cucumbers",5,"tomatoes",5,"sauce",10,NA,NA,NA,NA,NA,NA,"```json
{
    ""Orzo pasta"": 20,
    ""Shrimp"": 15,
    ""Cucumber"": 10,
    ""Tomato"": 10,
    ""Sauce remnants"": 5
}
```",32,"pasta",20,"(shell)fish",15,"cucumbers",10,"tomatoes",10,"sauce",5,NA,NA,NA,NA,NA,NA,"```json
{
    ""Orzo pasta"": 20,
    ""Shrimp"": 10,
    ""Cucumber"": 5,
    ""Tomato"": 5,
    ""Sauce remnants"": 10
}
```",32,"pasta",20,"(shell)fish",10,"cucumbers",5,"tomatoes",5,"sauce",10,NA,NA,NA,NA,NA,NA,"```json
{
    ""Orzo pasta"": 20,
    ""Shrimp"": 10,
    ""Cucumber"": 5,
    ""Tomato"": 5,
    ""Sauce remnants"": 5
}
```",32,"pasta",20,"(shell)fish",10,"cucumbers",5,"tomatoes",5,"sauce",5,NA,NA,NA,NA,NA,NA,"```json
{
    ""Orzo"": 15,
    ""Shrimp"": 10,
    ""Cucumber"": 5,
    ""Tomato"": 5,
    ""Sauce"": 10
}
```",32,"pasta",15,"(shell)fish",10,"cucumbers",5,"tomatoes",5,"sauce",10,NA,NA,NA,NA,NA,NA,"```json
{
    ""Orzo"": 15,
    ""Shrimp"": 10,
    ""Cucumber"": 5,
    ""Tomato"": 5,
    ""Sauce"": 10
}
```",32,"pasta",15,"(shell)fish",10,"cucumbers",5,"tomatoes",5,"sauce",10,NA,NA,NA,NA,NA,NA,"```json
{
    ""Orzo"": 15,
    ""Shrimp"": 10,
    ""Cucumber"": 5,
    ""Tomato"": 5,
    ""Sauce"": 10
}
```",32,"pasta",15,"(shell)fish",10,"cucumbers",5,"tomatoes",5,"sauce",10,NA,NA,NA,NA,NA,NA,"```json
{
    ""Orzo"": 15,
    ""Shrimp"": 10,
    ""Cucumber"": 5,
    ""Tomato"": 5,
    ""Sauce"": 10
}
```",32,"pasta",15,"(shell)fish",10,"cucumbers",5,"tomatoes",5,"sauce",10,NA,NA,NA,NA,NA,NA,"```json
{
    ""Orzo"": 15,
    ""Shrimp"": 10,
    ""Cucumber"": 5,
    ""Tomato"": 5,
    ""Sauce"": 10
}
```",32,"pasta",15,"(shell)fish",10,"cucumbers",5,"tomatoes",5,"sauce",10,NA,NA,NA,NA,NA,NA,25,30,21,20,15,NA,NA,NA,12.5,30,14,20,30,NA,NA,NA,12.5,30,14,20,30,NA,NA,NA,12.5,30,14,20,30,NA,NA,NA,12.5,30,14,20,30,NA,NA,NA,111,14,14,106.5,18.5,18.5,106.5,18.5,18.5,106.5,18.5,18.5,106.5,18.5,18.5,60,65,65,50,75,75,60,65,65,50,75,75,45,80,80,45,80,80,45,80,80,45,80,80,45,80,80,45,80,80,4,1,4,1,4,1,4,1,4,1,4,1,4,1,4,1,4,1,4,1,4,1,4,1,4,1,4,1,4,1
"Prawns in Mediterranean marinade on orzo","Mariam","45581","ShrimpOrzo",2,"finished","26,3",668,673,5,"Garnelen in mediterraner Marinade auf Orzo","https://www.hellofresh.de/recipes/garnelen-in-mediterraner-marinade-auf-orzo-salat-65b24289d1da3988cdd86725","Mariam_Wed_Meal1_3.jpg",2,"(shell)fish","pasta","cucumbers","tomatoes","garlic","tomatoes","dairy (cream)","spices","spices","fats or oils","fats or oils","water or broth",NA,NA,NA,"150g Shrimps; 180g orzo; 1  Cucumber; 2 Tomatoes; 2  Garlic cloves; 50g Tomato Pesto; 75g Yoghurt; 1 gram oregano; 2 gram spice mix; 1 tablespoon oil; 1 tablespoon olive oil; 350ml water"," Shrimps;  orzo;  Cucumber; Tomatoes;  Garlic ; Tomato Pesto; Yoghurt;  oregano;  spice mix;  oil;  olive oil; water",5,5,"```json
{""Remnants"": ""1 teaspoon""}
```",33,NA,NA,NA,NA,NA,NA,NA,NA,NA,NA,NA,NA,NA,NA,NA,NA,"```json
{""Remnants"": ""1 teaspoon""}
```",33,NA,NA,NA,NA,NA,NA,NA,NA,NA,NA,NA,NA,NA,NA,NA,NA,"```json
{""Remnants"": ""1 teaspoon""}
```",33,NA,NA,NA,NA,NA,NA,NA,NA,NA,NA,NA,NA,NA,NA,NA,NA,"```json
{""Remnants"": ""1 teaspoon""}
```",33,NA,NA,NA,NA,NA,NA,NA,NA,NA,NA,NA,NA,NA,NA,NA,NA,"```json
{""Remnants"": ""1 teaspoon""}
```",33,NA,NA,NA,NA,NA,NA,NA,NA,NA,NA,NA,NA,NA,NA,NA,NA,"```json
{""Remnants"": 0 grams}
```",33,NA,NA,NA,NA,NA,NA,NA,NA,NA,NA,NA,NA,NA,NA,NA,NA,"```json
{""Remnants"": 0 grams}
```",33,NA,NA,NA,NA,NA,NA,NA,NA,NA,NA,NA,NA,NA,NA,NA,NA,"```json
{""Remnants"": 0 grams}
```",33,NA,NA,NA,NA,NA,NA,NA,NA,NA,NA,NA,NA,NA,NA,NA,NA,"```json
{""Remnants"": 0 grams}
```",33,NA,NA,NA,NA,NA,NA,NA,NA,NA,NA,NA,NA,NA,NA,NA,NA,"```json
{""Remnants"": 0 grams}
```",33,NA,NA,NA,NA,NA,NA,NA,NA,NA,NA,NA,NA,NA,NA,NA,NA,"```json
{""Remnants"": 0 grams}
```",33,NA,NA,NA,NA,NA,NA,NA,NA,NA,NA,NA,NA,NA,NA,NA,NA,"```json
{""Remnants"": 0 grams}
```",33,NA,NA,NA,NA,NA,NA,NA,NA,NA,NA,NA,NA,NA,NA,NA,NA,"```json
{""Remnants"": 0 grams}
```",33,NA,NA,NA,NA,NA,NA,NA,NA,NA,NA,NA,NA,NA,NA,NA,NA,"```json
{""Remnants"": 0 grams}
```",33,NA,NA,NA,NA,NA,NA,NA,NA,NA,NA,NA,NA,NA,NA,NA,NA,"```json
{""Remnants"": 0 grams}
```",33,NA,NA,NA,NA,NA,NA,NA,NA,NA,NA,NA,NA,NA,NA,NA,NA,NA,NA,NA,NA,NA,NA,NA,NA,NA,NA,NA,NA,NA,NA,NA,NA,NA,NA,NA,NA,NA,NA,NA,NA,NA,NA,NA,NA,NA,NA,NA,NA,NA,NA,NA,NA,NA,NA,NA,NA,0,5,5,0,5,5,0,5,5,0,5,5,0,5,5,0,5,5,0,5,5,0,5,5,0,5,5,0,5,5,0,5,5,0,5,5,0,5,5,0,5,5,0,5,5,0,0,0,0,0,0,0,0,0,0,0,0,0,0,0,0,0,0,0,0,0,0,0,0,0,0,0,0,0,0
"skandi hake in cream and mustard sauce with lemon rice and cucumber salad","Nina","45583","Fish",1,"50-30%","26.8",658,833,175,"skandi hake in cream and mustard sauce with lemon rice and cucumber salad","https://www.hellofresh.de/recipes/skandi-seehecht-in-sahne-senf-sosse-64916bcb7c7d6edb8b03aee2","Nina_Day2_fish1_50.jpg",3,"(shell)fish","rice","cucumbers","onion","lemon or lime","herbs","dairy (cream)","vinaigrette","water or broth","fats or oils","spices",NA,NA,NA,NA,"375g Hake; 225g Rice; 1  Cucumber; 2  Shallot; 2 Lemon; 10g Dill; 200g Cream; 20ml Mustard; 600ml Water; 1.5 tablespoon oil; 1.5 teaspoon sugar"," Hake;  Rice;  Cucumber;  Shallot; Lemon; Dill;  Cream; Mustard; Water;  oil;  sugar",175,175,"```json
{
    ""rice"": ""0.5 cups"",
    ""cucumber"": ""2 slices"",
    ""creamy sauce"": ""2 tablespoons"",
    ""herbs"": ""1 teaspoon""
}
```",82,"rice","0.5 cups","cucumbers","2 slices","dairy (cream)","2 tablespoons","herbs","1 teaspoon",NA,NA,NA,NA,NA,NA,NA,NA,"```json
{
    ""rice"": ""0.5 cups"",
    ""cucumber"": ""2 slices"",
    ""creamy sauce"": ""2 tablespoons"",
    ""chicken pieces"": ""0.25 cups"",
    ""herbs"": ""1 teaspoon""
}
```",82,"rice","0.5 cups","cucumbers","2 slices","dairy (cream)","2 tablespoons","poultry","0.25 cups","herbs","1 teaspoon",NA,NA,NA,NA,NA,NA,"```json
{
    ""rice"": ""0.5 cups"",
    ""cucumber"": ""2 slices"",
    ""creamy sauce"": ""2 tablespoons"",
    ""chicken pieces"": ""0.25 cups"",
    ""herbs"": ""1 teaspoon""
}
```",82,"rice","0.5 cups","cucumbers","2 slices","dairy (cream)","2 tablespoons","poultry","0.25 cups","herbs","1 teaspoon",NA,NA,NA,NA,NA,NA,"```json
{
    ""rice"": ""0.5 cups"",
    ""cucumber"": ""2 slices"",
    ""creamy sauce"": ""2 tablespoons"",
    ""chicken pieces"": ""0.25 cups"",
    ""herbs"": ""1 teaspoon""
}
```",82,"rice","0.5 cups","cucumbers","2 slices","dairy (cream)","2 tablespoons","poultry","0.25 cups","herbs","1 teaspoon",NA,NA,NA,NA,NA,NA,"```json
{
    ""rice"": ""0.5 cups"",
    ""cucumber"": ""2 slices"",
    ""creamy sauce"": ""2 tablespoons"",
    ""chicken pieces"": ""0.25 cups"",
    ""herbs"": ""1 teaspoon""
}
```",82,"rice","0.5 cups","cucumbers","2 slices","dairy (cream)","2 tablespoons","poultry","0.25 cups","herbs","1 teaspoon",NA,NA,NA,NA,NA,NA,"```json
{
  ""Rice"": 50,
  ""Cucumber"": 10,
  ""Creamy Sauce"": 30,
  ""Herbs"": 5
}
```",82,"rice",50,"cucumbers",10,"dairy (cream)",30,"herbs",5,NA,NA,NA,NA,NA,NA,NA,NA,"```json
{
    ""Rice"": 50,
    ""Cucumber"": 10,
    ""Creamy Sauce with Herbs"": 30,
    ""Chicken Pieces"": 20
}
```",82,"rice",50,"cucumbers",10,"dairy (cream)",30,"poultry",20,NA,NA,NA,NA,NA,NA,NA,NA,"```json
{
  ""Rice"": 50,
  ""Cucumber"": 10,
  ""Creamy Sauce"": 30,
  ""Herbs"": 5
}
```",82,"rice",50,"cucumbers",10,"dairy (cream)",30,"herbs",5,NA,NA,NA,NA,NA,NA,NA,NA,"```json
{
  ""Rice"": 50,
  ""Cucumber"": 10,
  ""Creamy Sauce with Herbs"": 30,
  ""Chicken Pieces"": 20
}
```",82,"rice",50,"cucumbers",10,"dairy (cream)",30,"poultry",20,NA,NA,NA,NA,NA,NA,NA,NA,"```json
{
    ""Rice"": 50,
    ""Cucumber"": 10,
    ""Chicken in Cream Sauce"": 40
}
```",82,"rice",50,"cucumbers",10,"poultry",40,NA,NA,NA,NA,NA,NA,NA,NA,NA,NA,"```json
{
    ""Rice"": 50,
    ""Cucumber"": 10,
    ""Chicken in Cream Sauce"": 40,
    ""Herbs"": 5
}
```",82,"rice",50,"cucumbers",10,"poultry",40,"herbs",5,NA,NA,NA,NA,NA,NA,NA,NA,"```json
{
    ""Rice"": 50,
    ""Cucumber"": 10,
    ""Creamy Sauce"": 30,
    ""Chicken"": 20,
    ""Herbs"": 5
}
```",82,"rice",50,"cucumbers",10,"dairy (cream)",30,"poultry",20,"herbs",5,NA,NA,NA,NA,NA,NA,"```json
{
    ""Rice"": 50,
    ""Cucumber"": 10,
    ""Creamy Sauce"": 30,
    ""Chicken"": 20,
    ""Herbs"": 5
}
```",82,"rice",50,"cucumbers",10,"dairy (cream)",30,"poultry",20,"herbs",5,NA,NA,NA,NA,NA,NA,"```json
{
  ""Rice"": 50,
  ""Cucumber"": 10,
  ""Creamy Sauce"": 30,
  ""Herbs"": 5
}
```",82,"rice",50,"cucumbers",10,"dairy (cream)",30,"herbs",5,NA,NA,NA,NA,NA,NA,NA,NA,"```json
{
    ""Rice"": 50,
    ""Cucumber"": 10,
    ""Chicken in Cream Sauce"": 60,
    ""Herbs"": 5
}
```",82,"rice",50,"cucumbers",10,"poultry",60,"herbs",5,NA,NA,NA,NA,NA,NA,NA,NA,90,14,28,1,NA,NA,NA,NA,90,14,28,40,1,NA,NA,NA,90,14,28,40,1,NA,NA,NA,90,14,28,40,1,NA,NA,NA,90,14,28,40,1,NA,NA,NA,133,42,42,173,2,2,173,2,2,173,2,2,173,2,2,95,80,80,110,65,65,95,80,80,110,65,65,100,75,75,105,70,70,115,60,60,115,60,60,95,80,80,125,50,50,4,0,4,1,4,1,4,1,4,1,4,0,3,1,4,0,3,1,2,1,3,1,4,1,4,1,4,0,3,1
"skandi hake in cream and mustard sauce with lemon rice and cucumber salad","Nina","45583","Fish",1,"30-10%","26.8",658,710,52,"skandi hake in cream and mustard sauce with lemon rice and cucumber salad","https://www.hellofresh.de/recipes/skandi-seehecht-in-sahne-senf-sosse-64916bcb7c7d6edb8b03aee3","Nina_Day2_fish1_30.jpg",3,"(shell)fish","rice","cucumbers","onion","lemon or lime","herbs","dairy (cream)","vinaigrette","water or broth","fats or oils","spices",NA,NA,NA,NA,"375g Hake; 225g Rice; 1  Cucumber; 2  Shallot; 2 Lemon; 10g Dill; 200g Cream; 20ml Mustard; 600ml Water; 1.5 tablespoon oil; 1.5 teaspoon sugar"," Hake;  Rice;  Cucumber;  Shallot; Lemon; Dill;  Cream; Mustard; Water;  oil;  sugar",52,52,"```json
{
    ""Rice"": ""0.5 cups"",
    ""Sauce remnants"": ""2 teaspoons"",
    ""Herbs"": ""0.5 teaspoons""
}
```",81,"rice","0.5 cups","sauce","2 teaspoons","herbs","0.5 teaspoons",NA,NA,NA,NA,NA,NA,NA,NA,NA,NA,"```json
{
    ""Rice"": ""0.5 cups"",
    ""Sauce"": ""2 tablespoons"",
    ""Herbs"": ""1 teaspoon""
}
```",81,"rice","0.5 cups","sauce","2 tablespoons","herbs","1 teaspoon",NA,NA,NA,NA,NA,NA,NA,NA,NA,NA,"```json
{
    ""Rice"": ""0.5 cups"",
    ""Sauce"": ""2 tablespoons"",
    ""Herbs"": ""1 teaspoon""
}
```",81,"rice","0.5 cups","sauce","2 tablespoons","herbs","1 teaspoon",NA,NA,NA,NA,NA,NA,NA,NA,NA,NA,"```json
{
  ""Rice"": ""0.5 cups"",
  ""Sauce remnants"": ""2 teaspoons"",
  ""Herbs"": ""1 teaspoon""
}
```",81,"rice","0.5 cups","sauce","2 teaspoons","herbs","1 teaspoon",NA,NA,NA,NA,NA,NA,NA,NA,NA,NA,"```json
{
  ""Rice"": ""0.5 cups"",
  ""Sauce"": ""2 tablespoons"",
  ""Herbs"": ""1 teaspoon""
}
```",81,"rice","0.5 cups","sauce","2 tablespoons","herbs","1 teaspoon",NA,NA,NA,NA,NA,NA,NA,NA,NA,NA,"```json
{
  ""Rice"": 20,
  ""Sauce remnants"": 5,
  ""Herbs"": 1
}
```",81,"rice",20,"sauce",5,"herbs",1,NA,NA,NA,NA,NA,NA,NA,NA,NA,NA,"```json
{
  ""Rice"": 20,
  ""Sauce"": 5,
  ""Herbs"": 2
}
```",81,"rice",20,"sauce",5,"herbs",2,NA,NA,NA,NA,NA,NA,NA,NA,NA,NA,"```json
{
  ""Rice"": 20,
  ""Sauce remnants"": 5,
  ""Herbs"": 1
}
```",81,"rice",20,"sauce",5,"herbs",1,NA,NA,NA,NA,NA,NA,NA,NA,NA,NA,"```json
{
  ""Rice"": 20,
  ""Sauce remnants"": 5,
  ""Herbs"": 1
}
```",81,"rice",20,"sauce",5,"herbs",1,NA,NA,NA,NA,NA,NA,NA,NA,NA,NA,"```json
{
  ""Rice"": 20,
  ""Sauce"": 5,
  ""Herbs"": 2
}
```",81,"rice",20,"sauce",5,"herbs",2,NA,NA,NA,NA,NA,NA,NA,NA,NA,NA,"```json
{
  ""Rice"": 20,
  ""Sauce remnants"": 5,
  ""Herbs"": 2
}
```",81,"rice",20,"sauce",5,"herbs",2,NA,NA,NA,NA,NA,NA,NA,NA,NA,NA,"```json
{
  ""Rice"": 20,
  ""Sauce"": 5,
  ""Herbs"": 2
}
```",81,"rice",20,"sauce",5,"herbs",2,NA,NA,NA,NA,NA,NA,NA,NA,NA,NA,"```json
{
  ""Rice"": 20,
  ""Sauce"": 5,
  ""Herbs"": 2
}
```",81,"rice",20,"sauce",5,"herbs",2,NA,NA,NA,NA,NA,NA,NA,NA,NA,NA,"```json
{
  ""Rice"": 20,
  ""Sauce remnants"": 5,
  ""Herbs"": 2
}
```",81,"rice",20,"sauce",5,"herbs",2,NA,NA,NA,NA,NA,NA,NA,NA,NA,NA,"```json
{
  ""Rice"": 20,
  ""Sauce"": 5,
  ""Herbs"": 2
}
```",81,"rice",20,"sauce",5,"herbs",2,NA,NA,NA,NA,NA,NA,NA,NA,NA,NA,90,4,0.5,NA,NA,NA,NA,NA,90,30,1,NA,NA,NA,NA,NA,90,30,1,NA,NA,NA,NA,NA,90,4,1,NA,NA,NA,NA,NA,90,30,1,NA,NA,NA,NA,NA,94.5,-42.5,42.5,121,-69,69,121,-69,69,95,-43,43,121,-69,69,26,26,26,27,25,25,26,26,26,26,26,26,27,25,25,27,25,25,27,25,25,27,25,25,27,25,25,27,25,25,2,1,2,1,2,1,2,1,2,1,2,1,2,1,2,1,2,1,2,1,2,1,2,1,2,1,2,1,2,1
"skandi hake in cream and mustard sauce with lemon rice and cucumber salad","Nina","45583","Fish",1,"finished","26.8",658,664,6,"skandi hake in cream and mustard sauce with lemon rice and cucumber salad","https://www.hellofresh.de/recipes/skandi-seehecht-in-sahne-senf-sosse-64916bcb7c7d6edb8b03aee4","Nina_Day2_fish1_0.jpg",3,"(shell)fish","rice","cucumbers","onion","lemon or lime","herbs","dairy (cream)","vinaigrette","water or broth","fats or oils","spices",NA,NA,NA,NA,"375g Hake; 225g Rice; 1  Cucumber; 2  Shallot; 2 Lemon; 10g Dill; 200g Cream; 20ml Mustard; 600ml Water; 1.5 tablespoon oil; 1.5 teaspoon sugar"," Hake;  Rice;  Cucumber;  Shallot; Lemon; Dill;  Cream; Mustard; Water;  oil;  sugar",6,6,"```json
{
  ""Remnants"": ""1 teaspoon""
}
```",80,NA,"1 teaspoon",NA,NA,NA,NA,NA,NA,NA,NA,NA,NA,NA,NA,NA,NA,"```json
{
  ""Remnants"": ""1 teaspoon""
}
```",80,NA,"1 teaspoon",NA,NA,NA,NA,NA,NA,NA,NA,NA,NA,NA,NA,NA,NA,"```json
{
  ""Remnants"": ""1 teaspoon""
}
```",80,NA,"1 teaspoon",NA,NA,NA,NA,NA,NA,NA,NA,NA,NA,NA,NA,NA,NA,"```json
{
  ""Remnants"": ""1 teaspoon""
}
```",80,NA,"1 teaspoon",NA,NA,NA,NA,NA,NA,NA,NA,NA,NA,NA,NA,NA,NA,"```json
{
  ""Remnants"": ""1 teaspoon""
}
```",80,NA,"1 teaspoon",NA,NA,NA,NA,NA,NA,NA,NA,NA,NA,NA,NA,NA,NA,"```json
{
  ""Remnants"": 0 grams
}
```",80,NA,0,NA,NA,NA,NA,NA,NA,NA,NA,NA,NA,NA,NA,NA,NA,"```json
{
  ""Remnants"": 0 grams
}
```",80,NA,0,NA,NA,NA,NA,NA,NA,NA,NA,NA,NA,NA,NA,NA,NA,"```json
{
  ""Remnants"": 0 grams
}
```",80,NA,0,NA,NA,NA,NA,NA,NA,NA,NA,NA,NA,NA,NA,NA,NA,"```json
{""Remnants"": 0 grams}
```",80,NA,NA,NA,NA,NA,NA,NA,NA,NA,NA,NA,NA,NA,NA,NA,NA,"```json
{
  ""Remnants"": 0 grams
}
```",80,NA,0,NA,NA,NA,NA,NA,NA,NA,NA,NA,NA,NA,NA,NA,NA,"```json
{""Remnants"": 0 grams}
```",80,NA,NA,NA,NA,NA,NA,NA,NA,NA,NA,NA,NA,NA,NA,NA,NA,"```json
{
  ""Remnants"": 0
}
```",80,NA,0,NA,NA,NA,NA,NA,NA,NA,NA,NA,NA,NA,NA,NA,NA,"```json
{""Remnants"": 0 grams}
```",80,NA,NA,NA,NA,NA,NA,NA,NA,NA,NA,NA,NA,NA,NA,NA,NA,"```json
{""Remnants"": 0 grams}
```",80,NA,NA,NA,NA,NA,NA,NA,NA,NA,NA,NA,NA,NA,NA,NA,NA,"```json
{""Remnants"": 0 grams}
```",80,NA,NA,NA,NA,NA,NA,NA,NA,NA,NA,NA,NA,NA,NA,NA,NA,2,NA,NA,NA,NA,NA,NA,NA,2,NA,NA,NA,NA,NA,NA,NA,2,NA,NA,NA,NA,NA,NA,NA,2,NA,NA,NA,NA,NA,NA,NA,2,NA,NA,NA,NA,NA,NA,NA,2,4,4,2,4,4,2,4,4,2,4,4,2,4,4,0,6,6,0,6,6,0,6,6,0,6,6,0,6,6,0,6,6,0,6,6,0,6,6,0,6,6,0,6,6,0,0,0,0,0,0,0,0,0,0,0,0,0,0,0,0,0,0,0,0,0,0,0,0,0,0,0,0,0,0
"skandi hake in cream and mustard sauce with lemon rice and cucumber salad","Nina","45583","Fish",2,"50-30%","25",634,835,201,"skandi hake in cream and mustard sauce with lemon rice and cucumber salad","https://www.hellofresh.de/recipes/skandi-seehecht-in-sahne-senf-sosse-64916bcb7c7d6edb8b03aee5","Nina_Day2_fish2_50.jpg",3,"(shell)fish","rice","cucumbers","onion","lemon or lime","herbs","dairy (cream)","vinaigrette","water or broth","fats or oils","spices",NA,NA,NA,NA,"375g Hake; 225g Rice; 1  Cucumber; 2  Shallot; 2 Lemon; 10g Dill; 200g Cream; 20ml Mustard; 600ml Water; 1.5 tablespoon oil; 1.5 teaspoon sugar"," Hake;  Rice;  Cucumber;  Shallot; Lemon; Dill;  Cream; Mustard; Water;  oil;  sugar",201,201,"```json
{
    ""rice"": ""0.5 cups"",
    ""cucumber_slices"": ""0.25 cups"",
    ""chicken_in_sauce"": ""0.25 cups"",
    ""herbs"": ""1 tablespoon""
}
```",83,"rice","0.5 cups","cucumbers","0.25 cups","poultry","0.25 cups","herbs","1 tablespoon",NA,NA,NA,NA,NA,NA,NA,NA,"```json
{
    ""rice"": ""0.5 cups"",
    ""cucumber slices"": ""0.25 cups"",
    ""creamy sauce"": ""2 tablespoons"",
    ""herbs"": ""1 teaspoon"",
    ""chicken pieces"": ""0.25 cups""
}
```",83,"rice","0.5 cups","cucumbers","0.25 cups","dairy (cream)","2 tablespoons","herbs","1 teaspoon","poultry","0.25 cups",NA,NA,NA,NA,NA,NA,"```json
{
    ""rice"": ""0.5 cups"",
    ""cucumber_slices"": ""0.25 cups"",
    ""chicken_in_sauce"": ""0.25 cups"",
    ""herbs"": ""1 tablespoon""
}
```",83,"rice","0.5 cups","cucumbers","0.25 cups","poultry","0.25 cups","herbs","1 tablespoon",NA,NA,NA,NA,NA,NA,NA,NA,"```json
{
    ""rice"": ""0.5 cups"",
    ""cucumber slices"": ""0.25 cups"",
    ""chicken in sauce"": ""0.25 cups"",
    ""herbs"": ""1 tablespoon""
}
```",83,"rice","0.5 cups","cucumbers","0.25 cups","poultry","0.25 cups","herbs","1 tablespoon",NA,NA,NA,NA,NA,NA,NA,NA,"```json
{
    ""rice"": ""0.5 cups"",
    ""cucumber slices"": ""0.25 cups"",
    ""chicken in sauce"": ""0.25 cups"",
    ""herbs"": ""1 tablespoon""
}
```",83,"rice","0.5 cups","cucumbers","0.25 cups","poultry","0.25 cups","herbs","1 tablespoon",NA,NA,NA,NA,NA,NA,NA,NA,"```json
{
    ""Rice"": 40,
    ""Cucumber"": 30,
    ""Chicken"": 20,
    ""Sauce"": 10
}
```",83,"rice",40,"cucumbers",30,"poultry",20,"sauce",10,NA,NA,NA,NA,NA,NA,NA,NA,"```json
{
    ""Rice"": 40,
    ""Cucumber"": 30,
    ""Chicken"": 20,
    ""Sauce"": 10,
    ""Herbs"": 5
}
```",83,"rice",40,"cucumbers",30,"poultry",20,"sauce",10,"herbs",5,NA,NA,NA,NA,NA,NA,"```json
{
    ""Rice"": 40,
    ""Cucumber"": 30,
    ""Chicken"": 20,
    ""Sauce"": 10,
    ""Herbs"": 5
}
```",83,"rice",40,"cucumbers",30,"poultry",20,"sauce",10,"herbs",5,NA,NA,NA,NA,NA,NA,"```json
{
    ""Rice"": 40,
    ""Cucumber"": 30,
    ""Chicken"": 20,
    ""Sauce"": 10,
    ""Herbs"": 5
}
```",83,"rice",40,"cucumbers",30,"poultry",20,"sauce",10,"herbs",5,NA,NA,NA,NA,NA,NA,"```json
{
    ""Rice"": 40,
    ""Cucumber"": 30,
    ""Chicken"": 20,
    ""Sauce"": 10,
    ""Herbs"": 5
}
```",83,"rice",40,"cucumbers",30,"poultry",20,"sauce",10,"herbs",5,NA,NA,NA,NA,NA,NA,"```json
{
  ""Rice"": 50,
  ""Cucumber"": 30,
  ""Chicken in Sauce"": 40,
  ""Herbs"": 5
}
```",83,"rice",50,"cucumbers",30,"poultry",40,"herbs",5,NA,NA,NA,NA,NA,NA,NA,NA,"```json
{
    ""Rice"": 40,
    ""Cucumber"": 30,
    ""Chicken"": 20,
    ""Sauce"": 15,
    ""Herbs"": 5
}
```",83,"rice",40,"cucumbers",30,"poultry",20,"sauce",15,"herbs",5,NA,NA,NA,NA,NA,NA,"```json
{
    ""Rice"": 40,
    ""Cucumber"": 30,
    ""Chicken"": 20,
    ""Sauce"": 15,
    ""Herbs"": 5
}
```",83,"rice",40,"cucumbers",30,"poultry",20,"sauce",15,"herbs",5,NA,NA,NA,NA,NA,NA,"```json
{
  ""Rice"": 50,
  ""Cucumber"": 30,
  ""Chicken in Sauce"": 40,
  ""Herbs"": 5
}
```",83,"rice",50,"cucumbers",30,"poultry",40,"herbs",5,NA,NA,NA,NA,NA,NA,NA,NA,"```json
{
  ""Rice"": 50,
  ""Cucumber"": 30,
  ""Chicken (in sauce)"": 40,
  ""Herbs (parsley/dill)"": 5
}
```",83,"rice",50,"cucumbers",30,"poultry",40,"herbs",5,NA,NA,NA,NA,NA,NA,NA,NA,90,26,40,8,NA,NA,NA,NA,90,26,28,1,40,NA,NA,NA,90,26,40,8,NA,NA,NA,NA,90,26,40,8,NA,NA,NA,NA,90,26,40,8,NA,NA,NA,NA,164,37,37,185,16,16,164,37,37,164,37,37,164,37,37,100,101,101,105,96,96,105,96,96,105,96,96,105,96,96,125,76,76,110,91,91,110,91,91,125,76,76,125,76,76,3,1,4,1,3,1,3,1,3,1,2,2,3,2,3,2,3,2,3,2,3,1,3,2,3,2,3,1,3,1
"skandi hake in cream and mustard sauce with lemon rice and cucumber salad","Nina","45583","Fish",3,"50-30%","26.8",573,768,195,"skandi hake in cream and mustard sauce with lemon rice and cucumber salad","https://www.hellofresh.de/recipes/skandi-seehecht-in-sahne-senf-sosse-64916bcb7c7d6edb8b03aee8","Nina_Day2_fish3_50.jpg",3,"(shell)fish","rice","cucumbers","onion","lemon or lime","herbs","dairy (cream)","vinaigrette","water or broth","fats or oils","spices",NA,NA,NA,NA,"375g Hake; 225g Rice; 1  Cucumber; 2  Shallot; 2 Lemon; 10g Dill; 200g Cream; 20ml Mustard; 600ml Water; 1.5 tablespoon oil; 1.5 teaspoon sugar"," Hake;  Rice;  Cucumber;  Shallot; Lemon; Dill;  Cream; Mustard; Water;  oil;  sugar",195,195,"```json
{
    ""rice"": ""0.5 cups"",
    ""fish"": ""2 pieces"",
    ""cucumber_slices"": ""5 pieces"",
    ""sauce"": ""2 tablespoons""
}
```",86,"rice","0.5 cups","(shell)fish","2 pieces","cucumbers","5 pieces","sauce","2 tablespoons",NA,NA,NA,NA,NA,NA,NA,NA,"```json
{
    ""rice"": ""0.5 cups"",
    ""fish"": ""2 pieces"",
    ""cucumber_slices"": ""5 pieces"",
    ""sauce"": ""2 tablespoons""
}
```",86,"rice","0.5 cups","(shell)fish","2 pieces","cucumbers","5 pieces","sauce","2 tablespoons",NA,NA,NA,NA,NA,NA,NA,NA,"```json
{
    ""rice"": ""0.5 cups"",
    ""fish"": ""2 pieces"",
    ""cucumber_slices"": ""5 pieces"",
    ""sauce"": ""2 tablespoons""
}
```",86,"rice","0.5 cups","(shell)fish","2 pieces","cucumbers","5 pieces","sauce","2 tablespoons",NA,NA,NA,NA,NA,NA,NA,NA,"```json
{
    ""rice"": ""0.5 cups"",
    ""fish"": ""2 pieces"",
    ""cucumber_slices"": ""5 pieces"",
    ""sauce"": ""2 tablespoons""
}
```",86,"rice","0.5 cups","(shell)fish","2 pieces","cucumbers","5 pieces","sauce","2 tablespoons",NA,NA,NA,NA,NA,NA,NA,NA,"```json
{
    ""rice"": ""0.5 cups"",
    ""fish"": ""2 pieces"",
    ""cucumber_slices"": ""5 pieces"",
    ""sauce"": ""2 tablespoons""
}
```",86,"rice","0.5 cups","(shell)fish","2 pieces","cucumbers","5 pieces","sauce","2 tablespoons",NA,NA,NA,NA,NA,NA,NA,NA,"```json
{
  ""Rice"": 80,
  ""Fish"": 60,
  ""Sauce"": 30,
  ""Cucumber"": 50
}
```",86,"rice",80,"(shell)fish",60,"sauce",30,"cucumbers",50,NA,NA,NA,NA,NA,NA,NA,NA,"```json
{
  ""Rice"": 80,
  ""Fish"": 60,
  ""Sauce"": 30,
  ""Cucumber"": 50
}
```",86,"rice",80,"(shell)fish",60,"sauce",30,"cucumbers",50,NA,NA,NA,NA,NA,NA,NA,NA,"```json
{
  ""Rice"": 80,
  ""Fish"": 60,
  ""Sauce"": 30,
  ""Cucumber"": 50
}
```",86,"rice",80,"(shell)fish",60,"sauce",30,"cucumbers",50,NA,NA,NA,NA,NA,NA,NA,NA,"```json
{
  ""Rice"": 80,
  ""Fish"": 60,
  ""Cucumber"": 50,
  ""Sauce"": 30
}
```",86,"rice",80,"(shell)fish",60,"cucumbers",50,"sauce",30,NA,NA,NA,NA,NA,NA,NA,NA,"```json
{
    ""Rice"": 80,
    ""Fish"": 60,
    ""Sauce"": 30,
    ""Cucumber"": 50
}
```",86,"rice",80,"(shell)fish",60,"sauce",30,"cucumbers",50,NA,NA,NA,NA,NA,NA,NA,NA,"```json
{
    ""Rice"": 80,
    ""Fish"": 60,
    ""Sauce"": 30,
    ""Cucumber"": 50
}
```",86,"rice",80,"(shell)fish",60,"sauce",30,"cucumbers",50,NA,NA,NA,NA,NA,NA,NA,NA,"```json
{
    ""Rice"": 80,
    ""Fish"": 60,
    ""Sauce"": 30,
    ""Cucumber"": 50
}
```",86,"rice",80,"(shell)fish",60,"sauce",30,"cucumbers",50,NA,NA,NA,NA,NA,NA,NA,NA,"```json
{
    ""Rice"": 80,
    ""Fish"": 60,
    ""Sauce"": 30,
    ""Cucumber"": 50
}
```",86,"rice",80,"(shell)fish",60,"sauce",30,"cucumbers",50,NA,NA,NA,NA,NA,NA,NA,NA,"```json
{
    ""Rice"": 80,
    ""Fish"": 60,
    ""Sauce"": 30,
    ""Cucumber"": 50
}
```",86,"rice",80,"(shell)fish",60,"sauce",30,"cucumbers",50,NA,NA,NA,NA,NA,NA,NA,NA,"```json
{
    ""Rice"": 80,
    ""Fish"": 60,
    ""Cucumber"": 50,
    ""Sauce"": 30
}
```",86,"rice",80,"(shell)fish",60,"cucumbers",50,"sauce",30,NA,NA,NA,NA,NA,NA,NA,NA,90,60,50,30,NA,NA,NA,NA,90,60,50,30,NA,NA,NA,NA,90,60,50,30,NA,NA,NA,NA,90,60,50,30,NA,NA,NA,NA,90,60,50,30,NA,NA,NA,NA,230,-35,35,230,-35,35,230,-35,35,230,-35,35,230,-35,35,220,-25,25,220,-25,25,220,-25,25,220,-25,25,220,-25,25,220,-25,25,220,-25,25,220,-25,25,220,-25,25,220,-25,25,3,1,3,1,3,1,3,1,3,1,3,1,3,1,3,1,3,1,3,1,3,1,3,1,3,1,3,1,3,1
"skandi hake in cream and mustard sauce with lemon rice and cucumber salad","Nina","45583","Fish",3,"30-10%","26.8",573,670,97,"skandi hake in cream and mustard sauce with lemon rice and cucumber salad","https://www.hellofresh.de/recipes/skandi-seehecht-in-sahne-senf-sosse-64916bcb7c7d6edb8b03aee9","Nina_Day2_fish3_30.jpg",3,"(shell)fish","rice","cucumbers","onion","lemon or lime","herbs","dairy (cream)","vinaigrette","water or broth","fats or oils","spices",NA,NA,NA,NA,"375g Hake; 225g Rice; 1  Cucumber; 2  Shallot; 2 Lemon; 10g Dill; 200g Cream; 20ml Mustard; 600ml Water; 1.5 tablespoon oil; 1.5 teaspoon sugar"," Hake;  Rice;  Cucumber;  Shallot; Lemon; Dill;  Cream; Mustard; Water;  oil;  sugar",97,97,"```json
{
    ""rice"": ""1/4 cup"",
    ""chicken"": ""1 piece"",
    ""cucumber_slices"": ""5 pieces"",
    ""sauce"": ""1 tablespoon""
}
```",85,"rice","1/4 cup","poultry","1 piece","cucumbers","5 pieces","sauce","1 tablespoon",NA,NA,NA,NA,NA,NA,NA,NA,"```json
{
    ""rice"": ""1/4 cup"",
    ""chicken"": ""1 piece"",
    ""cucumber_slices"": ""5 pieces"",
    ""sauce"": ""1 tablespoon""
}
```",85,"rice","1/4 cup","poultry","1 piece","cucumbers","5 pieces","sauce","1 tablespoon",NA,NA,NA,NA,NA,NA,NA,NA,"```json
{
    ""rice"": ""1/4 cup"",
    ""chicken"": ""1 piece"",
    ""cucumber_slices"": ""5 pieces"",
    ""sauce"": ""1 tablespoon""
}
```",85,"rice","1/4 cup","poultry","1 piece","cucumbers","5 pieces","sauce","1 tablespoon",NA,NA,NA,NA,NA,NA,NA,NA,"```json
{
    ""rice"": ""1/4 cup"",
    ""chicken"": ""1 piece"",
    ""cucumber"": ""5 slices"",
    ""sauce"": ""1 tablespoon""
}
```",85,"rice","1/4 cup","poultry","1 piece","cucumbers","5 slices","sauce","1 tablespoon",NA,NA,NA,NA,NA,NA,NA,NA,"```json
{
    ""rice"": ""1/4 cup"",
    ""chicken"": ""1 piece"",
    ""cucumber"": ""5 slices"",
    ""sauce"": ""1 tablespoon""
}
```",85,"rice","1/4 cup","poultry","1 piece","cucumbers","5 slices","sauce","1 tablespoon",NA,NA,NA,NA,NA,NA,NA,NA,"```json
{
    ""Rice"": 20,
    ""Chicken"": 15,
    ""Cucumber"": 30
}
```",85,"rice",20,"poultry",15,"cucumbers",30,NA,NA,NA,NA,NA,NA,NA,NA,NA,NA,"```json
{
    ""Rice"": 20,
    ""Chicken"": 15,
    ""Cucumber"": 30
}
```",85,"rice",20,"poultry",15,"cucumbers",30,NA,NA,NA,NA,NA,NA,NA,NA,NA,NA,"```json
{
    ""Rice"": 20,
    ""Chicken"": 15,
    ""Cucumber"": 30
}
```",85,"rice",20,"poultry",15,"cucumbers",30,NA,NA,NA,NA,NA,NA,NA,NA,NA,NA,"```json
{
    ""Rice"": 20,
    ""Chicken"": 15,
    ""Cucumber"": 30
}
```",85,"rice",20,"poultry",15,"cucumbers",30,NA,NA,NA,NA,NA,NA,NA,NA,NA,NA,"```json
{
  ""Rice"": 20,
  ""Chicken"": 15,
  ""Cucumber"": 30
}
```",85,"rice",20,"poultry",15,"cucumbers",30,NA,NA,NA,NA,NA,NA,NA,NA,NA,NA,"```json
{
  ""rice"": 20,
  ""chicken"": 15,
  ""cucumber"": 30
}
```",85,"rice",20,"poultry",15,"cucumbers",30,NA,NA,NA,NA,NA,NA,NA,NA,NA,NA,"```json
{
    ""Rice"": 20,
    ""Chicken"": 15,
    ""Cucumber"": 30
}
```",85,"rice",20,"poultry",15,"cucumbers",30,NA,NA,NA,NA,NA,NA,NA,NA,NA,NA,"```json
{
  ""Rice"": 20,
  ""Chicken"": 15,
  ""Cucumber"": 30
}
```",85,"rice",20,"poultry",15,"cucumbers",30,NA,NA,NA,NA,NA,NA,NA,NA,NA,NA,"```json
{
    ""Rice"": 20,
    ""Chicken"": 15,
    ""Cucumber"": 30
}
```",85,"rice",20,"poultry",15,"cucumbers",30,NA,NA,NA,NA,NA,NA,NA,NA,NA,NA,"```json
{
  ""Rice"": 20,
  ""Chicken"": 15,
  ""Cucumber"": 30
}
```",85,"rice",20,"poultry",15,"cucumbers",30,NA,NA,NA,NA,NA,NA,NA,NA,NA,NA,45,30,50,15,NA,NA,NA,NA,45,30,50,15,NA,NA,NA,NA,45,30,50,15,NA,NA,NA,NA,45,30,35,15,NA,NA,NA,NA,45,30,35,15,NA,NA,NA,NA,140,-43,43,140,-43,43,140,-43,43,125,-28,28,125,-28,28,65,32,32,65,32,32,65,32,32,65,32,32,65,32,32,65,32,32,65,32,32,65,32,32,65,32,32,65,32,32,2,2,2,2,2,2,2,2,2,2,2,1,2,1,2,1,2,1,2,1,2,1,2,1,2,1,2,1,2,1
"skandi hake in cream and mustard sauce with lemon rice and cucumber salad","Nina","45583","Fish",3,"finished","26.8",573,632,59,"skandi hake in cream and mustard sauce with lemon rice and cucumber salad","https://www.hellofresh.de/recipes/skandi-seehecht-in-sahne-senf-sosse-64916bcb7c7d6edb8b03aee10","Nina_Day2_fish3_0.jpg",3,"(shell)fish","rice","cucumbers","onion","lemon or lime","herbs","dairy (cream)","vinaigrette","water or broth","fats or oils","spices",NA,NA,NA,NA,"375g Hake; 225g Rice; 1  Cucumber; 2  Shallot; 2 Lemon; 10g Dill; 200g Cream; 20ml Mustard; 600ml Water; 1.5 tablespoon oil; 1.5 teaspoon sugar"," Hake;  Rice;  Cucumber;  Shallot; Lemon; Dill;  Cream; Mustard; Water;  oil;  sugar",59,59,"```json
{
    ""Cucumber slices"": ""1/4 cup"",
    ""Herbs"": ""1 teaspoon"",
    ""Remnants"": ""1 teaspoon""
}
```",84,"cucumbers","1/4 cup","herbs","1 teaspoon",NA,"1 teaspoon",NA,NA,NA,NA,NA,NA,NA,NA,NA,NA,"```json
{
    ""Cucumber slices"": ""0.5 cups"",
    ""Herbs"": ""1 teaspoon"",
    ""Remnants"": ""1 teaspoon""
}
```",84,"cucumbers","0.5 cups","herbs","1 teaspoon",NA,"1 teaspoon",NA,NA,NA,NA,NA,NA,NA,NA,NA,NA,"```json
{
    ""Cucumber slices"": ""1/4 cup"",
    ""Herbs (possibly parsley)"": ""1 teaspoon"",
    ""Remnants"": ""1 teaspoon""
}
```",84,"cucumbers","1/4 cup","herbs","1 teaspoon",NA,"1 teaspoon",NA,NA,NA,NA,NA,NA,NA,NA,NA,NA,"```json
{
    ""Cucumber slices"": ""5 pieces"",
    ""Herbs"": ""1 teaspoon"",
    ""Remnants"": ""2 teaspoons""
}
```",84,"cucumbers","5 pieces","herbs","1 teaspoon",NA,"2 teaspoons",NA,NA,NA,NA,NA,NA,NA,NA,NA,NA,"```json
{
    ""Cucumber slices"": ""5 pieces"",
    ""Herbs"": ""1 teaspoon"",
    ""Remnants"": ""2 teaspoons""
}
```",84,"cucumbers","5 pieces","herbs","1 teaspoon",NA,"2 teaspoons",NA,NA,NA,NA,NA,NA,NA,NA,NA,NA,"```json
{
  ""Cucumber"": 30,
  ""Herbs"": 2,
  ""Remnants"": 5
}
```",84,"cucumbers",30,"herbs",2,NA,5,NA,NA,NA,NA,NA,NA,NA,NA,NA,NA,"```json
{
    ""Cucumber"": 30,
    ""Herbs"": 2,
    ""Remnants"": 5
}
```",84,"cucumbers",30,"herbs",2,NA,5,NA,NA,NA,NA,NA,NA,NA,NA,NA,NA,"```json
{
  ""Cucumber"": 30,
  ""Herbs"": 2,
  ""Remnants"": 5
}
```",84,"cucumbers",30,"herbs",2,NA,5,NA,NA,NA,NA,NA,NA,NA,NA,NA,NA,"```json
{
  ""Cucumber"": 30,
  ""Herbs"": 2,
  ""Remnants"": 5
}
```",84,"cucumbers",30,"herbs",2,NA,5,NA,NA,NA,NA,NA,NA,NA,NA,NA,NA,"```json
{
  ""Cucumber"": 30,
  ""Herbs"": 2,
  ""Remnants"": 5
}
```",84,"cucumbers",30,"herbs",2,NA,5,NA,NA,NA,NA,NA,NA,NA,NA,NA,NA,"```json
{
  ""Cucumber"": 30,
  ""Herbs"": 2,
  ""Remnants"": 5
}
```",84,"cucumbers",30,"herbs",2,NA,5,NA,NA,NA,NA,NA,NA,NA,NA,NA,NA,"```json
{
  ""Cucumber"": 30,
  ""Herbs"": 2,
  ""Remnants"": 5
}
```",84,"cucumbers",30,"herbs",2,NA,5,NA,NA,NA,NA,NA,NA,NA,NA,NA,NA,"```json
{
  ""Cucumber"": 30,
  ""Herbs"": 2,
  ""Remnants"": 5
}
```",84,"cucumbers",30,"herbs",2,NA,5,NA,NA,NA,NA,NA,NA,NA,NA,NA,NA,"```json
{
  ""Cucumber"": 30,
  ""Herbs"": 2,
  ""Remnants"": 5
}
```",84,"cucumbers",30,"herbs",2,NA,5,NA,NA,NA,NA,NA,NA,NA,NA,NA,NA,"```json
{
  ""Cucumber"": 30,
  ""Herbs"": 2,
  ""Remnants"": 5
}
```",84,"cucumbers",30,"herbs",2,NA,5,NA,NA,NA,NA,NA,NA,NA,NA,NA,NA,26,1,2,NA,NA,NA,NA,NA,52,1,2,NA,NA,NA,NA,NA,26,1,2,NA,NA,NA,NA,NA,50,1,4,NA,NA,NA,NA,NA,50,1,4,NA,NA,NA,NA,NA,29,30,30,55,4,4,29,30,30,55,4,4,55,4,4,37,22,22,37,22,22,37,22,22,37,22,22,37,22,22,37,22,22,37,22,22,37,22,22,37,22,22,37,22,22,2,0,2,0,2,0,2,0,2,0,2,0,2,0,2,0,2,0,2,0,2,0,2,0,2,0,2,0,2,0
"Teriyaki fish fillet on ginger-sweet potato mash
with spicy cucumber salad","Mariam","18.10.2024","TeriyakiFishfilet",1,"50%-30%","26,3",683,900,217,"Teriyaki-Fischfilet auf Ingwer-Süßkartoffelstampf
mit scharfem Gurkensalat","https://www.hellofresh.de/recipes/pangasius-in-teriyaki-sosse-662f9c6d7ceb4fe1685f1ab2","Mitja_Fri_Meal2_1.jpg",2,"(shell)fish","potatoes or fries","cucumbers","root vegetables","lemon or lime","onion","seasoning","sauce","water or broth","fats or oils","fats or oils","water or broth",NA,NA,NA,"240g Pangasius; 1  Sweet Potato; 1  Cucumber; 1  Carrot; 1  Lime; 1  Spring Onion; 10g Ginger; 100ml Teriyaki Sauce; 100ml Water; 2 tablespoon olive oil; 1 tablespoon butter; 100 ml water"," Pangasius;  Sweet Potato;  Cucumber;  Carrot;  Lime;  Spring Onion; Ginger; Teriyaki Sauce; Water;  olive oil;  butter; water",217,217,"```json
{
    ""Cucumber slices"": ""0.5 cups"",
    ""Mashed sweet potatoes"": ""0.5 cups"",
    ""Fish fillet"": ""1 piece"",
    ""Lime wedge"": ""1 piece"",
    ""Sauce remnants"": ""2 teaspoons""
}
```",61,"cucumbers","0.5 cups","potatoes or fries","0.5 cups","(shell)fish","1 piece","lemon or lime","1 piece","sauce","2 teaspoons",NA,NA,NA,NA,NA,NA,"```json
{
    ""cucumber_slices"": ""0.5 cups"",
    ""mashed_sweet_potatoes"": ""0.5 cups"",
    ""lime_wedge"": ""1 piece"",
    ""fish_fillet"": ""1 piece"",
    ""sauce"": ""2 tablespoons""
}
```",61,"cucumbers","0.5 cups","potatoes or fries","0.5 cups","lemon or lime","1 piece","(shell)fish","1 piece","sauce","2 tablespoons",NA,NA,NA,NA,NA,NA,"```json
{
    ""cucumber_slices"": ""0.5 cups"",
    ""mashed_sweet_potatoes"": ""0.5 cups"",
    ""lime_wedge"": ""1 piece"",
    ""fish_fillet"": ""1 piece"",
    ""sauce"": ""2 tablespoons""
}
```",61,"cucumbers","0.5 cups","potatoes or fries","0.5 cups","lemon or lime","1 piece","(shell)fish","1 piece","sauce","2 tablespoons",NA,NA,NA,NA,NA,NA,"```json
{
    ""cucumber_slices"": ""0.5 cups"",
    ""mashed_sweet_potatoes"": ""0.5 cups"",
    ""fish_fillet"": ""1 piece"",
    ""lime_wedge"": ""1 piece"",
    ""sauce"": ""2 tablespoons""
}
```",61,"cucumbers","0.5 cups","potatoes or fries","0.5 cups","(shell)fish","1 piece","lemon or lime","1 piece","sauce","2 tablespoons",NA,NA,NA,NA,NA,NA,"```json
{
    ""cucumber_slices"": ""0.5 cups"",
    ""mashed_sweet_potatoes"": ""0.5 cups"",
    ""lime_wedge"": ""1 piece"",
    ""fish_fillet"": ""1 piece"",
    ""sauce"": ""2 tablespoons""
}
```",61,"cucumbers","0.5 cups","potatoes or fries","0.5 cups","lemon or lime","1 piece","(shell)fish","1 piece","sauce","2 tablespoons",NA,NA,NA,NA,NA,NA,"```json
{
    ""Cucumber slices"": 30,
    ""Mashed sweet potatoes"": 50,
    ""Fish fillet"": 40,
    ""Lime wedge"": 10,
    ""Sauce remnants"": 5
}
```",61,"cucumbers",30,"potatoes or fries",50,"(shell)fish",40,"lemon or lime",10,"sauce",5,NA,NA,NA,NA,NA,NA,"```json
{
    ""Cucumber"": 30,
    ""Sweet Potato Mash"": 50,
    ""Fish"": 40,
    ""Lime Wedge"": 10,
    ""Sauce"": 5
}
```",61,"cucumbers",30,"potatoes or fries",50,"(shell)fish",40,"lemon or lime",10,"sauce",5,NA,NA,NA,NA,NA,NA,"```json
{
    ""Cucumber slices"": 30,
    ""Mashed sweet potatoes"": 50,
    ""Fish fillet"": 40,
    ""Lime wedge"": 10,
    ""Sauce remnants"": 5
}
```",61,"cucumbers",30,"potatoes or fries",50,"(shell)fish",40,"lemon or lime",10,"sauce",5,NA,NA,NA,NA,NA,NA,"```json
{
    ""Cucumber slices"": 30,
    ""Mashed sweet potatoes"": 50,
    ""Fish fillet"": 40,
    ""Lime wedge"": 10,
    ""Sauce remnants"": 5
}
```",61,"cucumbers",30,"potatoes or fries",50,"(shell)fish",40,"lemon or lime",10,"sauce",5,NA,NA,NA,NA,NA,NA,"```json
{
    ""Cucumber slices"": 30,
    ""Mashed sweet potatoes"": 50,
    ""Fish fillet"": 40,
    ""Lime wedge"": 10,
    ""Sauce remnants"": 5
}
```",61,"cucumbers",30,"potatoes or fries",50,"(shell)fish",40,"lemon or lime",10,"sauce",5,NA,NA,NA,NA,NA,NA,"```json
{
    ""Cucumber slices"": 30,
    ""Mashed sweet potatoes"": 50,
    ""Fish fillet"": 40,
    ""Lime wedge"": 10,
    ""Sauce remnants"": 5
}
```",61,"cucumbers",30,"potatoes or fries",50,"(shell)fish",40,"lemon or lime",10,"sauce",5,NA,NA,NA,NA,NA,NA,"```json
{
  ""Cucumber"": 30,
  ""Sweet Potato Mash"": 50,
  ""Fish"": 40,
  ""Lime Wedge"": 10,
  ""Sauce"": 5
}
```",61,"cucumbers",30,"potatoes or fries",50,"(shell)fish",40,"lemon or lime",10,"sauce",5,NA,NA,NA,NA,NA,NA,"```json
{
    ""Cucumber"": 30,
    ""Sweet Potato Mash"": 50,
    ""Fish"": 40,
    ""Lime Wedge"": 10,
    ""Sauce"": 5
}
```",61,"cucumbers",30,"potatoes or fries",50,"(shell)fish",40,"lemon or lime",10,"sauce",5,NA,NA,NA,NA,NA,NA,"```json
{
  ""Cucumber"": 30,
  ""Sweet Potato Mash"": 50,
  ""Fish Fillet"": 40,
  ""Lime Wedge"": 10,
  ""Sauce"": 5
}
```",61,"cucumbers",30,"potatoes or fries",50,"(shell)fish",40,"lemon or lime",10,"sauce",5,NA,NA,NA,NA,NA,NA,"```json
{
    ""Cucumber"": 30,
    ""Sweet Potato Mash"": 50,
    ""Fish"": 40,
    ""Lime Wedge"": 10,
    ""Sauce"": 5
}
```",61,"cucumbers",30,"potatoes or fries",50,"(shell)fish",40,"lemon or lime",10,"sauce",5,NA,NA,NA,NA,NA,NA,52,105,30,8.2,4,NA,NA,NA,52,105,8.2,30,30,NA,NA,NA,52,105,8.2,30,30,NA,NA,NA,52,105,30,8.2,30,NA,NA,NA,52,105,8.2,30,30,NA,NA,NA,199.2,17.8,17.8,225.2,-8.19999999999999,8.19999999999999,225.2,-8.19999999999999,8.19999999999999,225.2,-8.19999999999999,8.19999999999999,225.2,-8.19999999999999,8.19999999999999,135,82,82,135,82,82,135,82,82,135,82,82,135,82,82,135,82,82,135,82,82,135,82,82,135,82,82,135,82,82,5,0,5,0,5,0,5,0,5,0,5,0,5,0,5,0,5,0,5,0,5,0,5,0,5,0,5,0,5,0
"Teriyaki fish fillet on ginger-sweet potato mash
with spicy cucumber salad","Mariam","18.10.2024","TeriyakiFishfilet",1,"10%-30%","26,3",683,768,85,"Teriyaki-Fischfilet auf Ingwer-Süßkartoffelstampf
mit scharfem Gurkensalat","https://www.hellofresh.de/recipes/pangasius-in-teriyaki-sosse-662f9c6d7ceb4fe1685f1ab2","Mitja_Fri_Meal2_2.jpg",2,"(shell)fish","potatoes or fries","cucumbers","root vegetables","lemon or lime","onion","seasoning","sauce","water or broth","fats or oils","fats or oils","water or broth",NA,NA,NA,"240g Pangasius; 1  Sweet Potato; 1  Cucumber; 1  Carrot; 1  Lime; 1  Spring Onion; 10g Ginger; 100ml Teriyaki Sauce; 100ml Water; 2 tablespoon olive oil; 1 tablespoon butter; 100 ml water"," Pangasius;  Sweet Potato;  Cucumber;  Carrot;  Lime;  Spring Onion; Ginger; Teriyaki Sauce; Water;  olive oil;  butter; water",85,85,"```json
{
    ""Cucumber"": ""3 slices"",
    ""Mashed Sweet Potato"": ""2 tablespoons"",
    ""Lime"": ""1 wedge"",
    ""Sauce"": ""2 teaspoons""
}
```",62,"cucumbers","3 slices","potatoes or fries","2 tablespoons","lemon or lime","1 wedge","sauce","2 teaspoons",NA,NA,NA,NA,NA,NA,NA,NA,"```json
{
    ""Cucumber"": ""4 slices"",
    ""Mashed Sweet Potato"": ""2 tablespoons"",
    ""Lime"": ""1 wedge"",
    ""Sauce"": ""1 tablespoon""
}
```",62,"cucumbers","4 slices","potatoes or fries","2 tablespoons","lemon or lime","1 wedge","sauce","1 tablespoon",NA,NA,NA,NA,NA,NA,NA,NA,"```json
{
    ""Cucumber"": ""3 slices"",
    ""Mashed Sweet Potato"": ""2 tablespoons"",
    ""Lime"": ""1 wedge"",
    ""Sauce"": ""1 tablespoon"",
    ""Remnants"": ""2 teaspoons""
}
```",62,"cucumbers","3 slices","potatoes or fries","2 tablespoons","lemon or lime","1 wedge","sauce","1 tablespoon",NA,"2 teaspoons",NA,NA,NA,NA,NA,NA,"```json
{
    ""Cucumber"": ""4 slices"",
    ""Mashed Sweet Potato"": ""2 tablespoons"",
    ""Lime"": ""1 wedge"",
    ""Sauce"": ""1 tablespoon""
}
```",62,"cucumbers","4 slices","potatoes or fries","2 tablespoons","lemon or lime","1 wedge","sauce","1 tablespoon",NA,NA,NA,NA,NA,NA,NA,NA,"```json
{
    ""cucumber_slices"": 3,
    ""mashed_sweet_potato"": 2 tablespoons,
    ""lime_wedge"": 1,
    ""sauce"": 1 tablespoon
}
```",62,"cucumbers","3","potatoes or fries","2 tablespoons","lemon or lime","1","sauce","1 tablespoon",NA,NA,NA,NA,NA,NA,NA,NA,"```json
{
    ""Cucumber"": 5,
    ""Mashed Sweet Potato"": 15,
    ""Lime Wedge"": 10,
    ""Sauce"": 5,
    ""Remnants"": 0
}
```",62,"cucumbers",5,"potatoes or fries",15,"lemon or lime",10,"sauce",5,NA,0,NA,NA,NA,NA,NA,NA,"```json
{
    ""Cucumber"": 5,
    ""Mashed Sweet Potato"": 15,
    ""Lime Wedge"": 10,
    ""Sauce"": 5,
    ""Remnants"": 0
}
```",62,"cucumbers",5,"potatoes or fries",15,"lemon or lime",10,"sauce",5,NA,0,NA,NA,NA,NA,NA,NA,"```json
{
    ""Cucumber"": 5,
    ""Mashed Sweet Potato"": 15,
    ""Lime Wedge"": 10,
    ""Sauce"": 5,
    ""Remnants"": 0
}
```",62,"cucumbers",5,"potatoes or fries",15,"lemon or lime",10,"sauce",5,NA,0,NA,NA,NA,NA,NA,NA,"```json
{
    ""Cucumber"": 5,
    ""Mashed Sweet Potato"": 15,
    ""Lime Wedge"": 10,
    ""Sauce"": 5,
    ""Remnants"": 0
}
```",62,"cucumbers",5,"potatoes or fries",15,"lemon or lime",10,"sauce",5,NA,0,NA,NA,NA,NA,NA,NA,"```json
{
    ""Cucumber"": 5,
    ""Mashed Sweet Potato"": 15,
    ""Lime Wedge"": 10,
    ""Sauce"": 5
}
```",62,"cucumbers",5,"potatoes or fries",15,"lemon or lime",10,"sauce",5,NA,NA,NA,NA,NA,NA,NA,NA,"```json
{
    ""Cucumber"": 5,
    ""Mashed Sweet Potato"": 15,
    ""Lime Wedge"": 10,
    ""Sauce"": 5
}
```",62,"cucumbers",5,"potatoes or fries",15,"lemon or lime",10,"sauce",5,NA,NA,NA,NA,NA,NA,NA,NA,"```json
{
    ""Cucumber"": 5,
    ""Mashed Sweet Potato"": 15,
    ""Lime Wedge"": 10,
    ""Sauce"": 5,
    ""Remnants"": 0
}
```",62,"cucumbers",5,"potatoes or fries",15,"lemon or lime",10,"sauce",5,NA,0,NA,NA,NA,NA,NA,NA,"```json
{
    ""Cucumber"": 5,
    ""Mashed Sweet Potato"": 15,
    ""Lime Wedge"": 10,
    ""Sauce"": 5
}
```",62,"cucumbers",5,"potatoes or fries",15,"lemon or lime",10,"sauce",5,NA,NA,NA,NA,NA,NA,NA,NA,"```json
{
    ""Cucumber"": 5,
    ""Mashed Sweet Potato"": 15,
    ""Lime Wedge"": 10,
    ""Sauce"": 5
}
```",62,"cucumbers",5,"potatoes or fries",15,"lemon or lime",10,"sauce",5,NA,NA,NA,NA,NA,NA,NA,NA,"```json
{
    ""Cucumber"": 5,
    ""Mashed Sweet Potato"": 15,
    ""Lime Wedge"": 10,
    ""Sauce"": 5,
    ""Remnants"": 0
}
```",62,"cucumbers",5,"potatoes or fries",15,"lemon or lime",10,"sauce",5,NA,0,NA,NA,NA,NA,NA,NA,21,18,8.2,10,NA,NA,NA,NA,28,18,8.2,15,NA,NA,NA,NA,21,18,8.2,15,4,NA,NA,NA,28,18,8.2,15,NA,NA,NA,NA,21,18,8.2,15,NA,NA,NA,NA,57.2,27.8,27.8,69.2,15.8,15.8,66.2,18.8,18.8,69.2,15.8,15.8,62.2,22.8,22.8,35,50,50,35,50,50,35,50,50,35,50,50,35,50,50,35,50,50,35,50,50,35,50,50,35,50,50,35,50,50,4,0,4,0,4,0,4,0,4,0,4,0,4,0,4,0,4,0,4,0,4,0,4,0,4,0,4,0,4,0
"Teriyaki fish fillet on ginger-sweet potato mash
with spicy cucumber salad","Mariam","18.10.2024","TeriyakiFishfilet",1,"finished","26,3",683,707,24,"Teriyaki-Fischfilet auf Ingwer-Süßkartoffelstampf
mit scharfem Gurkensalat","https://www.hellofresh.de/recipes/pangasius-in-teriyaki-sosse-662f9c6d7ceb4fe1685f1ab2","Mitja_Fri_Meal2_3.jpg",2,"(shell)fish","potatoes or fries","cucumbers","root vegetables","lemon or lime","onion","seasoning","sauce","water or broth","fats or oils","fats or oils","water or broth",NA,NA,NA,"240g Pangasius; 1  Sweet Potato; 1  Cucumber; 1  Carrot; 1  Lime; 1  Spring Onion; 10g Ginger; 100ml Teriyaki Sauce; 100ml Water; 2 tablespoon olive oil; 1 tablespoon butter; 100 ml water"," Pangasius;  Sweet Potato;  Cucumber;  Carrot;  Lime;  Spring Onion; Ginger; Teriyaki Sauce; Water;  olive oil;  butter; water",24,24,"```json
{
  ""Lime"": ""1 piece"",
  ""Sauce"": ""2 teaspoons"",
  ""Remnants"": ""1 teaspoon""
}
```",63,"lemon or lime","1 piece","sauce","2 teaspoons",NA,"1 teaspoon",NA,NA,NA,NA,NA,NA,NA,NA,NA,NA,"```json
{
    ""Lime wedge"": 1,
    ""Sauce remnants"": ""2 teaspoons"",
    ""Chili flakes"": ""1 teaspoon"",
    ""Oil remnants"": ""1 teaspoon""
}
```",63,"lemon or lime","1","sauce","2 teaspoons","spices","1 teaspoon","fats or oils","1 teaspoon",NA,NA,NA,NA,NA,NA,NA,NA,"```json
{
  ""Lime wedge"": 1,
  ""Sauce remnants"": ""2 teaspoons"",
  ""Chili flakes"": ""1 teaspoon"",
  ""Oil remnants"": ""1 teaspoon""
}
```",63,"lemon or lime","1","sauce","2 teaspoons","spices","1 teaspoon","fats or oils","1 teaspoon",NA,NA,NA,NA,NA,NA,NA,NA,"```json
{
  ""Lime wedge"": 1,
  ""Sauce remnants"": ""2 teaspoons"",
  ""Chili flakes"": ""1 teaspoon"",
  ""Oil remnants"": ""1 teaspoon""
}
```",63,"lemon or lime","1","sauce","2 teaspoons","spices","1 teaspoon","fats or oils","1 teaspoon",NA,NA,NA,NA,NA,NA,NA,NA,"```json
{
  ""Ingredients"": {
    ""Lime wedge"": ""1 piece""
  },
  ""Remnants"": ""2 teaspoons""
}
```",63,"lemon or lime","1 piece",NA,"2 teaspoons",NA,NA,NA,NA,NA,NA,NA,NA,NA,NA,NA,NA,"```json
{
  ""Remnants"": 0,
  ""Lime"": 10
}
```",63,NA,0,"lemon or lime",10,NA,NA,NA,NA,NA,NA,NA,NA,NA,NA,NA,NA,"```json
{
  ""Remnants"": 0,
  ""Lime"": 10
}
```",63,NA,0,"lemon or lime",10,NA,NA,NA,NA,NA,NA,NA,NA,NA,NA,NA,NA,"```json
{
  ""Remnants"": 0,
  ""Lime"": 10
}
```",63,NA,0,"lemon or lime",10,NA,NA,NA,NA,NA,NA,NA,NA,NA,NA,NA,NA,"```json
{
  ""Remnants"": 0,
  ""Lime"": 10
}
```",63,NA,0,"lemon or lime",10,NA,NA,NA,NA,NA,NA,NA,NA,NA,NA,NA,NA,"```json
{
  ""Remnants"": 0,
  ""Lime"": 10
}
```",63,NA,0,"lemon or lime",10,NA,NA,NA,NA,NA,NA,NA,NA,NA,NA,NA,NA,"```json
{
  ""Remnants"": 0,
  ""Lime"": 10
}
```",63,NA,0,"lemon or lime",10,NA,NA,NA,NA,NA,NA,NA,NA,NA,NA,NA,NA,"```json
{
  ""Remnants"": 0,
  ""Lime"": 10
}
```",63,NA,0,"lemon or lime",10,NA,NA,NA,NA,NA,NA,NA,NA,NA,NA,NA,NA,"```json
{
  ""Remnants"": 0,
  ""Lime"": 10
}
```",63,NA,0,"lemon or lime",10,NA,NA,NA,NA,NA,NA,NA,NA,NA,NA,NA,NA,"```json
{
  ""Remnants"": 0,
  ""Lime"": 10
}
```",63,NA,0,"lemon or lime",10,NA,NA,NA,NA,NA,NA,NA,NA,NA,NA,NA,NA,"```json
{
  ""Remnants"": 0,
  ""Lime"": 10
}
```",63,NA,0,"lemon or lime",10,NA,NA,NA,NA,NA,NA,NA,NA,NA,NA,NA,NA,8.2,10,2,NA,NA,NA,NA,NA,8.2,4,2,2,NA,NA,NA,NA,8.2,4,2,2,NA,NA,NA,NA,8.2,4,2,2,NA,NA,NA,NA,8.2,4,NA,NA,NA,NA,NA,NA,20.2,3.8,3.8,16.2,7.8,7.8,16.2,7.8,7.8,16.2,7.8,7.8,12.2,11.8,11.8,10,14,14,10,14,14,10,14,14,10,14,14,10,14,14,10,14,14,10,14,14,10,14,14,10,14,14,10,14,14,2,0,3,1,3,1,3,1,1,0,1,0,1,0,1,0,1,0,1,0,1,0,1,0,1,0,1,0,1,0
"Teriyaki fish fillet on ginger-sweet potato mash
with spicy cucumber salad","Mariam","18.10.2024","TeriyakiFishfilet",2,"50%-30%","26,3",676,950,274,"Teriyaki-Fischfilet auf Ingwer-Süßkartoffelstampf
mit scharfem Gurkensalat","https://www.hellofresh.de/recipes/pangasius-in-teriyaki-sosse-662f9c6d7ceb4fe1685f1ab2","Mariam_Fri_Meal2_1.jpg",2,"(shell)fish","potatoes or fries","cucumbers","root vegetables","lemon or lime","onion","seasoning","sauce","water or broth","fats or oils","fats or oils","water or broth",NA,NA,NA,"240g Pangasius; 1  Sweet Potato; 1  Cucumber; 1  Carrot; 1  Lime; 1  Spring Onion; 10g Ginger; 100ml Teriyaki Sauce; 100ml Water; 2 tablespoon olive oil; 1 tablespoon butter; 100 ml water"," Pangasius;  Sweet Potato;  Cucumber;  Carrot;  Lime;  Spring Onion; Ginger; Teriyaki Sauce; Water;  olive oil;  butter; water",274,274,"```json
{
    ""chicken"": ""1 piece"",
    ""cucumber_slices"": ""0.5 cups"",
    ""mashed_sweet_potato"": ""0.75 cups"",
    ""lime_wedge"": ""1 piece"",
    ""sauce"": ""2 tablespoons"",
    ""green_onions"": ""1 tablespoon""
}
```",25,"poultry","1 piece","cucumbers","0.5 cups","potatoes or fries","0.75 cups","lemon or lime","1 piece","sauce","2 tablespoons","onion","1 tablespoon",NA,NA,NA,NA,"```json
{
    ""Chicken"": ""1 piece"",
    ""Cucumber slices"": ""0.5 cups"",
    ""Mashed sweet potatoes"": ""0.75 cups"",
    ""Lime wedge"": ""1 piece"",
    ""Sauce remnants"": ""2 tablespoons""
}
```",25,"poultry","1 piece","cucumbers","0.5 cups","potatoes or fries","0.75 cups","lemon or lime","1 piece","sauce","2 tablespoons",NA,NA,NA,NA,NA,NA,"```json
{
    ""chicken"": ""1 piece"",
    ""cucumber_slices"": ""0.5 cups"",
    ""mashed_sweet_potato"": ""0.75 cups"",
    ""lime_wedge"": ""1 piece"",
    ""sauce"": ""2 tablespoons"",
    ""green_onions"": ""1 tablespoon""
}
```",25,"poultry","1 piece","cucumbers","0.5 cups","potatoes or fries","0.75 cups","lemon or lime","1 piece","sauce","2 tablespoons","onion","1 tablespoon",NA,NA,NA,NA,"```json
{
    ""chicken"": ""1 piece"",
    ""cucumber_slices"": ""0.5 cups"",
    ""mashed_sweet_potato"": ""0.75 cups"",
    ""lime_wedge"": ""1 piece"",
    ""sauce"": ""2 tablespoons"",
    ""green_onions"": ""1 tablespoon""
}
```",25,"poultry","1 piece","cucumbers","0.5 cups","potatoes or fries","0.75 cups","lemon or lime","1 piece","sauce","2 tablespoons","onion","1 tablespoon",NA,NA,NA,NA,"```json
{
    ""chicken"": ""1 piece"",
    ""cucumber_slices"": ""0.5 cups"",
    ""mashed_sweet_potato"": ""0.75 cups"",
    ""lime_wedge"": ""1 piece"",
    ""sauce"": ""2 tablespoons"",
    ""green_onions"": ""1 tablespoon""
}
```",25,"poultry","1 piece","cucumbers","0.5 cups","potatoes or fries","0.75 cups","lemon or lime","1 piece","sauce","2 tablespoons","onion","1 tablespoon",NA,NA,NA,NA,"```json
{
    ""Chicken"": 50,
    ""Cucumber"": 40,
    ""Mashed Sweet Potatoes"": 100,
    ""Lime Wedge"": 10,
    ""Sauce"": 20
}
```",25,"poultry",50,"cucumbers",40,"potatoes or fries",100,"lemon or lime",10,"sauce",20,NA,NA,NA,NA,NA,NA,"```json
{
    ""Chicken"": 50,
    ""Cucumber"": 40,
    ""Mashed Sweet Potatoes"": 100,
    ""Lime Wedge"": 10,
    ""Sauce"": 20
}
```",25,"poultry",50,"cucumbers",40,"potatoes or fries",100,"lemon or lime",10,"sauce",20,NA,NA,NA,NA,NA,NA,"```json
{
    ""Chicken"": 50,
    ""Cucumber"": 40,
    ""Mashed Sweet Potatoes"": 100,
    ""Lime Wedge"": 10,
    ""Sauce"": 20
}
```",25,"poultry",50,"cucumbers",40,"potatoes or fries",100,"lemon or lime",10,"sauce",20,NA,NA,NA,NA,NA,NA,"```json
{
    ""Chicken"": 50,
    ""Cucumber"": 40,
    ""Mashed Sweet Potatoes"": 100,
    ""Lime Wedge"": 10,
    ""Sauce"": 20
}
```",25,"poultry",50,"cucumbers",40,"potatoes or fries",100,"lemon or lime",10,"sauce",20,NA,NA,NA,NA,NA,NA,"```json
{
    ""Chicken"": 50,
    ""Cucumber"": 40,
    ""Mashed Sweet Potatoes"": 100,
    ""Lime Wedge"": 10,
    ""Sauce"": 20
}
```",25,"poultry",50,"cucumbers",40,"potatoes or fries",100,"lemon or lime",10,"sauce",20,NA,NA,NA,NA,NA,NA,"```json
{
    ""Chicken"": 50,
    ""Cucumber"": 40,
    ""Mashed Sweet Potato"": 100,
    ""Lime Wedge"": 10,
    ""Sauce"": 20
}
```",25,"poultry",50,"cucumbers",40,"potatoes or fries",100,"lemon or lime",10,"sauce",20,NA,NA,NA,NA,NA,NA,"```json
{
    ""Chicken"": 50,
    ""Cucumber"": 40,
    ""Mashed Sweet Potatoes"": 100,
    ""Lime Wedge"": 10,
    ""Sauce"": 20
}
```",25,"poultry",50,"cucumbers",40,"potatoes or fries",100,"lemon or lime",10,"sauce",20,NA,NA,NA,NA,NA,NA,"```json
{
    ""Chicken"": 50,
    ""Cucumber"": 40,
    ""Mashed Sweet Potato"": 100,
    ""Lime Wedge"": 10,
    ""Sauce"": 20
}
```",25,"poultry",50,"cucumbers",40,"potatoes or fries",100,"lemon or lime",10,"sauce",20,NA,NA,NA,NA,NA,NA,"```json
{
    ""Chicken"": 50,
    ""Cucumber"": 40,
    ""Mashed Sweet Potato"": 100,
    ""Lime Wedge"": 10,
    ""Sauce"": 20
}
```",25,"poultry",50,"cucumbers",40,"potatoes or fries",100,"lemon or lime",10,"sauce",20,NA,NA,NA,NA,NA,NA,"```json
{
    ""Chicken"": 50,
    ""Cucumber"": 40,
    ""Mashed Sweet Potatoes"": 100,
    ""Lime Wedge"": 10,
    ""Sauce"": 20
}
```",25,"poultry",50,"cucumbers",40,"potatoes or fries",100,"lemon or lime",10,"sauce",20,NA,NA,NA,NA,NA,NA,30,52,157.5,8.2,30,10,NA,NA,30,52,157.5,8.2,30,NA,NA,NA,30,52,157.5,8.2,30,10,NA,NA,30,52,157.5,8.2,30,10,NA,NA,30,52,157.5,8.2,30,10,NA,NA,287.7,-13.7,13.7,277.7,-3.69999999999999,3.69999999999999,287.7,-13.7,13.7,287.7,-13.7,13.7,287.7,-13.7,13.7,220,54,54,220,54,54,220,54,54,220,54,54,220,54,54,220,54,54,220,54,54,220,54,54,220,54,54,220,54,54,5,1,4,1,5,1,5,1,5,1,4,1,4,1,4,1,4,1,4,1,4,1,4,1,4,1,4,1,4,1
"Teriyaki fish fillet on ginger-sweet potato mash
with spicy cucumber salad","Mariam","18.10.2024","TeriyakiFishfilet",2,"10%-30%","26,3",676,851,175,"Teriyaki-Fischfilet auf Ingwer-Süßkartoffelstampf
mit scharfem Gurkensalat","https://www.hellofresh.de/recipes/pangasius-in-teriyaki-sosse-662f9c6d7ceb4fe1685f1ab2","Mariam_Fri_Meal2_2.jpg",2,"(shell)fish","potatoes or fries","cucumbers","root vegetables","lemon or lime","onion","seasoning","sauce","water or broth","fats or oils","fats or oils","water or broth",NA,NA,NA,"240g Pangasius; 1  Sweet Potato; 1  Cucumber; 1  Carrot; 1  Lime; 1  Spring Onion; 10g Ginger; 100ml Teriyaki Sauce; 100ml Water; 2 tablespoon olive oil; 1 tablespoon butter; 100 ml water"," Pangasius;  Sweet Potato;  Cucumber;  Carrot;  Lime;  Spring Onion; Ginger; Teriyaki Sauce; Water;  olive oil;  butter; water",175,175,"```json
{
    ""cucumber_slices"": ""8 pieces"",
    ""lime_wedge"": ""1 piece"",
    ""mashed_sweet_potato"": ""0.5 cups"",
    ""sauce_remnants"": ""2 teaspoons""
}
```",26,"cucumbers","8 pieces","lemon or lime","1 piece","potatoes or fries","0.5 cups","sauce","2 teaspoons",NA,NA,NA,NA,NA,NA,NA,NA,"```json
{
    ""cucumber_slices"": ""8 pieces"",
    ""lime_wedge"": ""1 piece"",
    ""mashed_sweet_potato"": ""0.5 cups"",
    ""sauce_remnants"": ""2 teaspoons""
}
```",26,"cucumbers","8 pieces","lemon or lime","1 piece","potatoes or fries","0.5 cups","sauce","2 teaspoons",NA,NA,NA,NA,NA,NA,NA,NA,"```json
{
    ""cucumber_slices"": ""8 pieces"",
    ""lime_wedge"": ""1 piece"",
    ""mashed_sweet_potato"": ""1/2 cup"",
    ""sauce_remnants"": ""2 teaspoons""
}
```",26,"cucumbers","8 pieces","lemon or lime","1 piece","potatoes or fries","1/2 cup","sauce","2 teaspoons",NA,NA,NA,NA,NA,NA,NA,NA,"```json
{
    ""cucumber_slices"": ""8 pieces"",
    ""lime_wedge"": ""1 piece"",
    ""mashed_sweet_potato"": ""0.5 cups"",
    ""sauce_remnants"": ""2 teaspoons""
}
```",26,"cucumbers","8 pieces","lemon or lime","1 piece","potatoes or fries","0.5 cups","sauce","2 teaspoons",NA,NA,NA,NA,NA,NA,NA,NA,"```json
{
    ""cucumber_slices"": ""8 pieces"",
    ""lime_wedge"": ""1 piece"",
    ""mashed_sweet_potato"": ""0.5 cups"",
    ""sauce_remnants"": ""2 teaspoons""
}
```",26,"cucumbers","8 pieces","lemon or lime","1 piece","potatoes or fries","0.5 cups","sauce","2 teaspoons",NA,NA,NA,NA,NA,NA,NA,NA,"```json
{
    ""Cucumber slices"": 20,
    ""Lime wedge"": 10,
    ""Mashed sweet potatoes"": 50,
    ""Sauce remnants"": 5
}
```",26,"cucumbers",20,"lemon or lime",10,"potatoes or fries",50,"sauce",5,NA,NA,NA,NA,NA,NA,NA,NA,"```json
{
    ""Cucumber slices"": 20,
    ""Lime wedge"": 10,
    ""Mashed sweet potatoes"": 50,
    ""Sauce remnants"": 5
}
```",26,"cucumbers",20,"lemon or lime",10,"potatoes or fries",50,"sauce",5,NA,NA,NA,NA,NA,NA,NA,NA,"```json
{
    ""Cucumber slices"": 20,
    ""Lime wedge"": 10,
    ""Mashed sweet potatoes"": 50,
    ""Sauce remnants"": 5
}
```",26,"cucumbers",20,"lemon or lime",10,"potatoes or fries",50,"sauce",5,NA,NA,NA,NA,NA,NA,NA,NA,"```json
{
    ""Cucumber slices"": 20,
    ""Lime wedge"": 10,
    ""Mashed sweet potatoes"": 50,
    ""Sauce remnants"": 5
}
```",26,"cucumbers",20,"lemon or lime",10,"potatoes or fries",50,"sauce",5,NA,NA,NA,NA,NA,NA,NA,NA,"```json
{
  ""Cucumber slices"": 20,
  ""Lime wedge"": 10,
  ""Mashed sweet potatoes"": 50,
  ""Sauce remnants"": 5
}
```",26,"cucumbers",20,"lemon or lime",10,"potatoes or fries",50,"sauce",5,NA,NA,NA,NA,NA,NA,NA,NA,"```json
{
    ""Cucumber slices"": 20,
    ""Lime wedge"": 10,
    ""Mashed sweet potatoes"": 50,
    ""Sauce remnants"": 0
}
```",26,"cucumbers",20,"lemon or lime",10,"potatoes or fries",50,"sauce",0,NA,NA,NA,NA,NA,NA,NA,NA,"```json
{
    ""Cucumber slices"": 20,
    ""Lime wedge"": 10,
    ""Mashed sweet potatoes"": 50,
    ""Sauce remnants"": 0
}
```",26,"cucumbers",20,"lemon or lime",10,"potatoes or fries",50,"sauce",0,NA,NA,NA,NA,NA,NA,NA,NA,"```json
{
    ""Cucumber slices"": 20,
    ""Lime wedge"": 10,
    ""Mashed sweet potatoes"": 50,
    ""Sauce remnants"": 5
}
```",26,"cucumbers",20,"lemon or lime",10,"potatoes or fries",50,"sauce",5,NA,NA,NA,NA,NA,NA,NA,NA,"```json
{
    ""Cucumber slices"": 20,
    ""Lime wedge"": 10,
    ""Mashed sweet potatoes"": 50,
    ""Sauce remnants"": 5
}
```",26,"cucumbers",20,"lemon or lime",10,"potatoes or fries",50,"sauce",5,NA,NA,NA,NA,NA,NA,NA,NA,"```json
{
    ""Cucumber slices"": 20,
    ""Lime wedge"": 10,
    ""Mashed sweet potatoes"": 50,
    ""Sauce remnants"": 0
}
```",26,"cucumbers",20,"lemon or lime",10,"potatoes or fries",50,"sauce",0,NA,NA,NA,NA,NA,NA,NA,NA,80,8.2,105,4,NA,NA,NA,NA,80,8.2,105,4,NA,NA,NA,NA,80,8.2,105,4,NA,NA,NA,NA,80,8.2,105,4,NA,NA,NA,NA,80,8.2,105,4,NA,NA,NA,NA,197.2,-22.2,22.2,197.2,-22.2,22.2,197.2,-22.2,22.2,197.2,-22.2,22.2,197.2,-22.2,22.2,85,90,90,85,90,90,85,90,90,85,90,90,85,90,90,80,95,95,80,95,95,85,90,90,85,90,90,80,95,95,4,0,4,0,4,0,4,0,4,0,4,0,4,0,4,0,4,0,4,0,4,0,4,0,4,0,4,0,4,0
"Teriyaki fish fillet on ginger-sweet potato mash
with spicy cucumber salad","Mariam","18.10.2024","TeriyakiFishfilet",2,"finished","26,3",676,694,18,"Teriyaki-Fischfilet auf Ingwer-Süßkartoffelstampf
mit scharfem Gurkensalat","https://www.hellofresh.de/recipes/pangasius-in-teriyaki-sosse-662f9c6d7ceb4fe1685f1ab2","Mariam_Fri_Meal2_3.jpg",2,"(shell)fish","potatoes or fries","cucumbers","root vegetables","lemon or lime","onion","seasoning","sauce","water or broth","fats or oils","fats or oils","water or broth",NA,NA,NA,"240g Pangasius; 1  Sweet Potato; 1  Cucumber; 1  Carrot; 1  Lime; 1  Spring Onion; 10g Ginger; 100ml Teriyaki Sauce; 100ml Water; 2 tablespoon olive oil; 1 tablespoon butter; 100 ml water"," Pangasius;  Sweet Potato;  Cucumber;  Carrot;  Lime;  Spring Onion; Ginger; Teriyaki Sauce; Water;  olive oil;  butter; water",18,18,"```json
{
    ""Lime wedge"": 1,
    ""Remnants"": ""1 teaspoon""
}
```",27,"lemon or lime","1",NA,"1 teaspoon",NA,NA,NA,NA,NA,NA,NA,NA,NA,NA,NA,NA,"```json
{
  ""Lime wedge"": 1,
  ""Remnants"": ""1 teaspoon""
}
```",27,"lemon or lime","1",NA,"1 teaspoon",NA,NA,NA,NA,NA,NA,NA,NA,NA,NA,NA,NA,"```json
{
    ""Lime wedge"": 1,
    ""Remnants"": ""1 teaspoon""
}
```",27,"lemon or lime","1",NA,"1 teaspoon",NA,NA,NA,NA,NA,NA,NA,NA,NA,NA,NA,NA,"```json
{
  ""Lime wedge"": 1,
  ""Remnants"": ""1 teaspoon""
}
```",27,"lemon or lime","1",NA,"1 teaspoon",NA,NA,NA,NA,NA,NA,NA,NA,NA,NA,NA,NA,"```json
{
  ""Remnants"": ""1 teaspoon"",
  ""Lime"": ""1 piece""
}
```",27,NA,"1 teaspoon","lemon or lime","1 piece",NA,NA,NA,NA,NA,NA,NA,NA,NA,NA,NA,NA,"```json
{
  ""Lime wedge"": 5,
  ""Sauce remnants"": 2
}
```",27,"lemon or lime",5,"sauce",2,NA,NA,NA,NA,NA,NA,NA,NA,NA,NA,NA,NA,"```json
{
  ""Lime wedge"": 5,
  ""Remnants"": 0
}
```",27,"lemon or lime",5,NA,0,NA,NA,NA,NA,NA,NA,NA,NA,NA,NA,NA,NA,"```json
{
  ""Lime wedge"": 5
}
```",27,"lemon or lime",5,NA,NA,NA,NA,NA,NA,NA,NA,NA,NA,NA,NA,NA,NA,"```json
{
  ""Remnants"": 0,
  ""Lime"": 5
}
```",27,NA,0,"lemon or lime",5,NA,NA,NA,NA,NA,NA,NA,NA,NA,NA,NA,NA,"```json
{
  ""Remnants"": 0,
  ""Lime"": 5
}
```",27,NA,0,"lemon or lime",5,NA,NA,NA,NA,NA,NA,NA,NA,NA,NA,NA,NA,"```json
{
  ""Remnants"": 0,
  ""Lime"": 5
}
```",27,NA,0,"lemon or lime",5,NA,NA,NA,NA,NA,NA,NA,NA,NA,NA,NA,NA,"```json
{
  ""Remnants"": 0,
  ""LimeWedge"": 10
}
```",27,NA,0,"lemon or lime",10,NA,NA,NA,NA,NA,NA,NA,NA,NA,NA,NA,NA,"```json
{
  ""Remnants"": 0,
  ""Lime"": 10
}
```",27,NA,0,"lemon or lime",10,NA,NA,NA,NA,NA,NA,NA,NA,NA,NA,NA,NA,"```json
{
  ""Remnants"": 0,
  ""Lime"": 5
}
```",27,NA,0,"lemon or lime",5,NA,NA,NA,NA,NA,NA,NA,NA,NA,NA,NA,NA,"```json
{
  ""Remnants"": 0,
  ""Lime"": 5
}
```",27,NA,0,"lemon or lime",5,NA,NA,NA,NA,NA,NA,NA,NA,NA,NA,NA,NA,8.2,2,NA,NA,NA,NA,NA,NA,8.2,2,NA,NA,NA,NA,NA,NA,8.2,2,NA,NA,NA,NA,NA,NA,8.2,2,NA,NA,NA,NA,NA,NA,2,8.2,NA,NA,NA,NA,NA,NA,10.2,7.8,7.8,10.2,7.8,7.8,10.2,7.8,7.8,10.2,7.8,7.8,10.2,7.8,7.8,7,11,11,5,13,13,5,13,13,5,13,13,5,13,13,5,13,13,10,8,8,10,8,8,5,13,13,5,13,13,1,0,1,0,1,0,1,0,1,0,2,0,1,0,1,0,1,0,1,0,1,0,1,0,1,0,1,0,1,0
"Whole wheat penne with red pesto tomato sauce","Meike","Wednesday","PastaVeggie",1,"50","25",574,899,325,"Volkoren penne met rodepesto-tomaten saus","https://www.hellofresh.nl/recipes/volkoren-penne-met-rode-pesto-tomatensaus-6482f79c4726b736914e1a6f","Meike_Wed_PastaVeggie_Pers1_Moment1.jpg",3,"pasta","onion","zucchini","root vegetables","garlic","sauce","cheese","herbs","water or broth","fats or oils","tomatoes","tomatoes","tomatoes",NA,NA,"270g Penne; 1.5 Onion; 1.5  Zucchini; 1.5  Carrot; 1.5  Garlic cloves; 120g Red Pesto; 60g Grana Padano Flakes; 15g Basil; 300ml Broth; 3 tablespoon olive oil; 120 g tomatoes; 0.5 tomato puree; 50g tomato paste"," Penne; Onion;  Zucchini;  Carrot;  Garlic ;  Red Pesto; Grana Padano Flakes; Basil; Broth;  olive oil; tomatoes; tomato puree; tomato paste",325,325,"```json
{
  ""penne_pasta"": ""1 cup"",
  ""tomato_sauce"": ""0.5 cup"",
  ""basil"": ""2 tablespoons"",
  ""eggplant"": ""0.25 cup"",
  ""parmesan_cheese"": ""2 tablespoons""
}
```",52,"pasta","1 cup","tomatoes","0.5 cup","herbs","2 tablespoons","eggplant","0.25 cup","cheese","2 tablespoons",NA,NA,NA,NA,NA,NA,"```json
{
    ""penne pasta"": ""1 cup"",
    ""tomato sauce"": ""0.5 cup"",
    ""eggplant"": ""0.25 cup"",
    ""basil"": ""2 tablespoons"",
    ""parmesan cheese"": ""2 tablespoons""
}
```",52,"pasta","1 cup","tomatoes","0.5 cup","eggplant","0.25 cup","herbs","2 tablespoons","cheese","2 tablespoons",NA,NA,NA,NA,NA,NA,"```json
{
    ""penne pasta"": ""1 cup"",
    ""tomato sauce"": ""0.5 cup"",
    ""eggplant"": ""0.25 cup"",
    ""basil"": ""2 tablespoons"",
    ""parmesan cheese"": ""2 tablespoons""
}
```",52,"pasta","1 cup","tomatoes","0.5 cup","eggplant","0.25 cup","herbs","2 tablespoons","cheese","2 tablespoons",NA,NA,NA,NA,NA,NA,"```json
{
    ""penne_pasta"": ""1 cup"",
    ""tomato_sauce"": ""0.5 cup"",
    ""basil"": ""2 tablespoons"",
    ""parmesan_cheese"": ""2 tablespoons"",
    ""eggplant"": ""0.25 cup""
}
```",52,"pasta","1 cup","tomatoes","0.5 cup","herbs","2 tablespoons","cheese","2 tablespoons","eggplant","0.25 cup",NA,NA,NA,NA,NA,NA,"```json
{
    ""pasta"": ""1 cup"",
    ""tomato_sauce"": ""0.5 cup"",
    ""basil"": ""2 tablespoons"",
    ""parmesan_cheese"": ""2 tablespoons"",
    ""eggplant"": ""0.25 cup""
}
```",52,"pasta","1 cup","tomatoes","0.5 cup","herbs","2 tablespoons","cheese","2 tablespoons","eggplant","0.25 cup",NA,NA,NA,NA,NA,NA,"```json
{
  ""Penne Pasta"": 100,
  ""Tomato Sauce"": 50,
  ""Eggplant"": 30,
  ""Basil"": 5,
  ""Parmesan Cheese"": 10
}
```",52,"pasta",100,"tomatoes",50,"eggplant",30,"herbs",5,"cheese",10,NA,NA,NA,NA,NA,NA,"```json
{
  ""Penne Pasta"": 100,
  ""Tomato Sauce"": 50,
  ""Eggplant"": 30,
  ""Basil"": 5,
  ""Parmesan Cheese"": 10
}
```",52,"pasta",100,"tomatoes",50,"eggplant",30,"herbs",5,"cheese",10,NA,NA,NA,NA,NA,NA,"```json
{
  ""Penne Pasta"": 100,
  ""Tomato Sauce"": 50,
  ""Eggplant"": 30,
  ""Basil"": 5,
  ""Parmesan Cheese"": 10
}
```",52,"pasta",100,"tomatoes",50,"eggplant",30,"herbs",5,"cheese",10,NA,NA,NA,NA,NA,NA,"```json
{
  ""Penne Pasta"": 100,
  ""Tomato Sauce"": 50,
  ""Eggplant"": 30,
  ""Basil"": 5,
  ""Parmesan Cheese"": 10
}
```",52,"pasta",100,"tomatoes",50,"eggplant",30,"herbs",5,"cheese",10,NA,NA,NA,NA,NA,NA,"```json
{
  ""Penne Pasta"": 100,
  ""Tomato Sauce"": 50,
  ""Eggplant"": 30,
  ""Basil"": 5,
  ""Parmesan Cheese"": 10
}
```",52,"pasta",100,"tomatoes",50,"eggplant",30,"herbs",5,"cheese",10,NA,NA,NA,NA,NA,NA,"```json
{
  ""penne_pasta"": 80,
  ""tomato_sauce"": 50,
  ""eggplant"": 30,
  ""basil"": 5,
  ""parmesan_cheese"": 10
}
```",52,"pasta",80,"tomatoes",50,"eggplant",30,"herbs",5,"cheese",10,NA,NA,NA,NA,NA,NA,"```json
{
    ""Penne Pasta"": 100,
    ""Tomato Sauce"": 50,
    ""Eggplant"": 30,
    ""Basil"": 5,
    ""Parmesan Cheese"": 10
}
```",52,"pasta",100,"tomatoes",50,"eggplant",30,"herbs",5,"cheese",10,NA,NA,NA,NA,NA,NA,"```json
{
  ""penne_pasta"": 80,
  ""tomato_sauce"": 50,
  ""eggplant"": 30,
  ""basil"": 5,
  ""parmesan_cheese"": 10
}
```",52,"pasta",80,"tomatoes",50,"eggplant",30,"herbs",5,"cheese",10,NA,NA,NA,NA,NA,NA,"```json
{
    ""Penne Pasta"": 100,
    ""Tomato Sauce"": 50,
    ""Eggplant"": 30,
    ""Basil"": 5,
    ""Parmesan Cheese"": 10
}
```",52,"pasta",100,"tomatoes",50,"eggplant",30,"herbs",5,"cheese",10,NA,NA,NA,NA,NA,NA,"```json
{
  ""Penne Pasta"": 100,
  ""Tomato Sauce"": 50,
  ""Eggplant"": 30,
  ""Basil"": 5,
  ""Parmesan Cheese"": 10
}
```",52,"pasta",100,"tomatoes",50,"eggplant",30,"herbs",5,"cheese",10,NA,NA,NA,NA,NA,NA,200,129,18,20.5,30,NA,NA,NA,200,129,20.5,18,30,NA,NA,NA,200,129,20.5,18,30,NA,NA,NA,200,129,18,30,20.5,NA,NA,NA,200,129,18,30,20.5,NA,NA,NA,397.5,-72.5,72.5,397.5,-72.5,72.5,397.5,-72.5,72.5,397.5,-72.5,72.5,397.5,-72.5,72.5,195,130,130,195,130,130,195,130,130,195,130,130,195,130,130,175,150,150,195,130,130,175,150,150,195,130,130,195,130,130,4,1,4,1,4,1,4,1,4,1,4,1,4,1,4,1,4,1,4,1,4,1,4,1,4,1,4,1,4,1
"Whole wheat penne with red pesto tomato sauce","Meike","Wednesday","PastaVeggie",2,"50","25",616,947,331,"Volkoren penne met rodepesto-tomaten saus","https://www.hellofresh.nl/recipes/volkoren-penne-met-rode-pesto-tomatensaus-6482f79c4726b736914e1a6f","Meike_Wed_PastaVeggie_Pers2_Moment1.jpg",3,"pasta","onion","zucchini","root vegetables","garlic","sauce","cheese","herbs","water or broth","fats or oils","tomatoes","tomatoes","tomatoes",NA,NA,"270g Penne; 1.5 Onion; 1.5  Zucchini; 1.5  Carrot; 1.5  Garlic cloves; 120g Red Pesto; 60g Grana Padano Flakes; 15g Basil; 300ml Broth; 3 tablespoon olive oil; 120 g tomatoes; 0.5 tomato puree; 50g tomato paste"," Penne; Onion;  Zucchini;  Carrot;  Garlic ;  Red Pesto; Grana Padano Flakes; Basil; Broth;  olive oil; tomatoes; tomato puree; tomato paste",331,331,"```json
{
    ""Pasta"": ""1 cup"",
    ""Zucchini"": ""0.5 cup"",
    ""Tomato Sauce"": ""0.5 cup"",
    ""Onion"": ""0.25 cup""
}
```",55,"pasta","1 cup","zucchini","0.5 cup","tomatoes","0.5 cup","onion","0.25 cup",NA,NA,NA,NA,NA,NA,NA,NA,"```json
{
    ""Pasta"": ""1 cup"",
    ""Zucchini"": ""0.5 cup"",
    ""Tomato Sauce"": ""0.5 cup"",
    ""Onion"": ""0.25 cup""
}
```",55,"pasta","1 cup","zucchini","0.5 cup","tomatoes","0.5 cup","onion","0.25 cup",NA,NA,NA,NA,NA,NA,NA,NA,"```json
{
    ""Pasta"": ""1 cup"",
    ""Zucchini"": ""0.5 cup"",
    ""Tomato Sauce"": ""0.5 cup"",
    ""Onion"": ""0.25 cup""
}
```",55,"pasta","1 cup","zucchini","0.5 cup","tomatoes","0.5 cup","onion","0.25 cup",NA,NA,NA,NA,NA,NA,NA,NA,"```json
{
    ""pasta"": ""1 cup"",
    ""zucchini"": ""0.5 cup"",
    ""tomato sauce"": ""0.5 cup"",
    ""onion"": ""0.25 cup""
}
```",55,"pasta","1 cup","zucchini","0.5 cup","tomatoes","0.5 cup","onion","0.25 cup",NA,NA,NA,NA,NA,NA,NA,NA,"```json
{
    ""Pasta"": ""1 cup"",
    ""Zucchini"": ""0.5 cup"",
    ""Tomato Sauce"": ""0.5 cup"",
    ""Onion"": ""0.25 cup""
}
```",55,"pasta","1 cup","zucchini","0.5 cup","tomatoes","0.5 cup","onion","0.25 cup",NA,NA,NA,NA,NA,NA,NA,NA,"```json
{
  ""Pasta"": 100,
  ""Zucchini"": 50,
  ""Tomato Sauce"": 80,
  ""Onion"": 30
}
```",55,"pasta",100,"zucchini",50,"tomatoes",80,"onion",30,NA,NA,NA,NA,NA,NA,NA,NA,"```json
{
  ""Pasta"": 100,
  ""Zucchini"": 50,
  ""Tomato Sauce"": 80,
  ""Onion"": 30
}
```",55,"pasta",100,"zucchini",50,"tomatoes",80,"onion",30,NA,NA,NA,NA,NA,NA,NA,NA,"```json
{
  ""Pasta"": 100,
  ""Zucchini"": 50,
  ""Tomato Sauce"": 80,
  ""Onion"": 30
}
```",55,"pasta",100,"zucchini",50,"tomatoes",80,"onion",30,NA,NA,NA,NA,NA,NA,NA,NA,"```json
{
  ""Pasta"": 100,
  ""Zucchini"": 50,
  ""Tomato Sauce"": 80,
  ""Onion"": 30
}
```",55,"pasta",100,"zucchini",50,"tomatoes",80,"onion",30,NA,NA,NA,NA,NA,NA,NA,NA,"```json
{
  ""Pasta"": 100,
  ""Zucchini"": 50,
  ""Tomato Sauce"": 80,
  ""Onion"": 30
}
```",55,"pasta",100,"zucchini",50,"tomatoes",80,"onion",30,NA,NA,NA,NA,NA,NA,NA,NA,"```json
{
  ""Pasta"": 80,
  ""Zucchini"": 40,
  ""Tomato Sauce"": 100,
  ""Onion"": 30
}
```",55,"pasta",80,"zucchini",40,"tomatoes",100,"onion",30,NA,NA,NA,NA,NA,NA,NA,NA,"```json
{
  ""pasta"": 80,
  ""zucchini"": 40,
  ""tomato sauce"": 100,
  ""onion"": 30
}
```",55,"pasta",80,"zucchini",40,"tomatoes",100,"onion",30,NA,NA,NA,NA,NA,NA,NA,NA,"```json
{
    ""Pasta"": 80,
    ""Zucchini"": 40,
    ""Tomato Sauce"": 100,
    ""Onion"": 30
}
```",55,"pasta",80,"zucchini",40,"tomatoes",100,"onion",30,NA,NA,NA,NA,NA,NA,NA,NA,"```json
{
    ""Pasta"": 80,
    ""Zucchini"": 40,
    ""Tomato Sauce"": 100,
    ""Onion"": 30
}
```",55,"pasta",80,"zucchini",40,"tomatoes",100,"onion",30,NA,NA,NA,NA,NA,NA,NA,NA,"```json
{
    ""Pasta"": 80,
    ""Zucchini"": 40,
    ""Tomato Sauce"": 100,
    ""Onion"": 30
}
```",55,"pasta",80,"zucchini",40,"tomatoes",100,"onion",30,NA,NA,NA,NA,NA,NA,NA,NA,200,75,129,40,NA,NA,NA,NA,200,75,129,40,NA,NA,NA,NA,200,75,129,40,NA,NA,NA,NA,200,75,129,40,NA,NA,NA,NA,200,75,129,40,NA,NA,NA,NA,444,-113,113,444,-113,113,444,-113,113,444,-113,113,444,-113,113,260,71,71,260,71,71,260,71,71,260,71,71,260,71,71,250,81,81,250,81,81,250,81,81,250,81,81,250,81,81,4,0,4,0,4,0,4,0,4,0,4,0,4,0,4,0,4,0,4,0,4,0,4,0,4,0,4,0,4,0
"Whole wheat penne with red pesto tomato sauce","Meike","Wednesday","PastaVeggie",3,"50","25",598,904,306,"Volkoren penne met rodepesto-tomaten saus","https://www.hellofresh.nl/recipes/volkoren-penne-met-rode-pesto-tomatensaus-6482f79c4726b736914e1a6f","Meike_Wed_PastaVeggie_Pers3_Moment1.jpg",3,"pasta","onion","zucchini","root vegetables","garlic","sauce","cheese","herbs","water or broth","fats or oils","tomatoes","tomatoes","tomatoes",NA,NA,"270g Penne; 1.5 Onion; 1.5  Zucchini; 1.5  Carrot; 1.5  Garlic cloves; 120g Red Pesto; 60g Grana Padano Flakes; 15g Basil; 300ml Broth; 3 tablespoon olive oil; 120 g tomatoes; 0.5 tomato puree; 50g tomato paste"," Penne; Onion;  Zucchini;  Carrot;  Garlic ;  Red Pesto; Grana Padano Flakes; Basil; Broth;  olive oil; tomatoes; tomato puree; tomato paste",306,306,"```json
{
    ""penne pasta"": ""1.5 cups"",
    ""tomato sauce"": ""1 cup"",
    ""zucchini"": ""0.25 cups"",
    ""basil"": ""1 tablespoon"",
    ""carrot"": ""0.25 cups""
}
```",58,"pasta","1.5 cups","tomatoes","1 cup","zucchini","0.25 cups","herbs","1 tablespoon","root vegetables","0.25 cups",NA,NA,NA,NA,NA,NA,"```json
{
    ""penne_pasta"": ""1.5 cups"",
    ""tomato_sauce"": ""1 cup"",
    ""zucchini_slices"": ""0.25 cups"",
    ""basil"": ""1 tablespoon"",
    ""carrot_slices"": ""0.25 cups""
}
```",58,"pasta","1.5 cups","tomatoes","1 cup","zucchini","0.25 cups","herbs","1 tablespoon","root vegetables","0.25 cups",NA,NA,NA,NA,NA,NA,"```json
{
    ""penne pasta"": ""1.5 cups"",
    ""tomato sauce"": ""1 cup"",
    ""zucchini"": ""0.25 cups"",
    ""basil"": ""1 tablespoon"",
    ""carrot"": ""0.25 cups""
}
```",58,"pasta","1.5 cups","tomatoes","1 cup","zucchini","0.25 cups","herbs","1 tablespoon","root vegetables","0.25 cups",NA,NA,NA,NA,NA,NA,"```json
{
    ""Penne Pasta"": ""1.5 cups"",
    ""Tomato Sauce"": ""1 cup"",
    ""Zucchini"": ""0.25 cups"",
    ""Carrot"": ""0.25 cups"",
    ""Basil"": ""1 tablespoon""
}
```",58,"pasta","1.5 cups","tomatoes","1 cup","zucchini","0.25 cups","root vegetables","0.25 cups","herbs","1 tablespoon",NA,NA,NA,NA,NA,NA,"```json
{
    ""penne_pasta"": ""1.5 cups"",
    ""tomato_sauce"": ""1 cup"",
    ""zucchini_slices"": ""0.25 cup"",
    ""basil"": ""2 tablespoons"",
    ""carrot_slices"": ""0.25 cup""
}
```",58,"pasta","1.5 cups","tomatoes","1 cup","zucchini","0.25 cup","herbs","2 tablespoons","root vegetables","0.25 cup",NA,NA,NA,NA,NA,NA,"```json
{
  ""Penne Pasta"": 150,
  ""Tomato Sauce"": 100,
  ""Zucchini"": 30,
  ""Carrot"": 20,
  ""Basil"": 5
}
```",58,"pasta",150,"tomatoes",100,"zucchini",30,"root vegetables",20,"herbs",5,NA,NA,NA,NA,NA,NA,"```json
{
  ""Penne Pasta"": 150,
  ""Tomato Sauce"": 100,
  ""Zucchini"": 30,
  ""Carrot"": 20,
  ""Basil"": 5
}
```",58,"pasta",150,"tomatoes",100,"zucchini",30,"root vegetables",20,"herbs",5,NA,NA,NA,NA,NA,NA,"```json
{
    ""Penne Pasta"": 150,
    ""Tomato Sauce"": 100,
    ""Zucchini"": 30,
    ""Carrot"": 20,
    ""Basil"": 5
}
```",58,"pasta",150,"tomatoes",100,"zucchini",30,"root vegetables",20,"herbs",5,NA,NA,NA,NA,NA,NA,"```json
{
  ""Penne Pasta"": 150,
  ""Tomato Sauce"": 100,
  ""Zucchini"": 30,
  ""Carrot"": 20,
  ""Basil"": 5
}
```",58,"pasta",150,"tomatoes",100,"zucchini",30,"root vegetables",20,"herbs",5,NA,NA,NA,NA,NA,NA,"```json
{
  ""Penne Pasta"": 150,
  ""Tomato Sauce"": 100,
  ""Zucchini"": 30,
  ""Carrot"": 20,
  ""Basil"": 5
}
```",58,"pasta",150,"tomatoes",100,"zucchini",30,"root vegetables",20,"herbs",5,NA,NA,NA,NA,NA,NA,"```json
{
    ""Penne Pasta"": 150,
    ""Tomato Sauce"": 100,
    ""Zucchini"": 30,
    ""Carrot"": 20,
    ""Basil"": 5
}
```",58,"pasta",150,"tomatoes",100,"zucchini",30,"root vegetables",20,"herbs",5,NA,NA,NA,NA,NA,NA,"```json
{
    ""Penne Pasta"": 150,
    ""Tomato Sauce"": 100,
    ""Zucchini"": 30,
    ""Carrot"": 20,
    ""Basil"": 5
}
```",58,"pasta",150,"tomatoes",100,"zucchini",30,"root vegetables",20,"herbs",5,NA,NA,NA,NA,NA,NA,"```json
{
  ""Penne Pasta"": 150,
  ""Tomato Sauce"": 100,
  ""Zucchini"": 30,
  ""Carrot"": 20,
  ""Basil"": 5
}
```",58,"pasta",150,"tomatoes",100,"zucchini",30,"root vegetables",20,"herbs",5,NA,NA,NA,NA,NA,NA,"```json
{
    ""Penne Pasta"": 150,
    ""Tomato Sauce"": 100,
    ""Zucchini"": 30,
    ""Carrot"": 20,
    ""Basil"": 5
}
```",58,"pasta",150,"tomatoes",100,"zucchini",30,"root vegetables",20,"herbs",5,NA,NA,NA,NA,NA,NA,"```json
{
    ""Penne Pasta"": 150,
    ""Tomato Sauce"": 100,
    ""Zucchini"": 30,
    ""Carrot"": 20,
    ""Basil"": 5
}
```",58,"pasta",150,"tomatoes",100,"zucchini",30,"root vegetables",20,"herbs",5,NA,NA,NA,NA,NA,NA,300,258,37.5,9,32.5,NA,NA,NA,300,258,37.5,9,32.5,NA,NA,NA,300,258,37.5,9,32.5,NA,NA,NA,300,258,37.5,32.5,9,NA,NA,NA,300,258,37.5,18,32.5,NA,NA,NA,637,-331,331,637,-331,331,637,-331,331,637,-331,331,646,-340,340,305,1,1,305,1,1,305,1,1,305,1,1,305,1,1,305,1,1,305,1,1,305,1,1,305,1,1,305,1,1,5,0,5,0,5,0,5,0,5,0,5,0,5,0,5,0,5,0,5,0,5,0,5,0,5,0,5,0,5,0
"Whole wheat penne with red pesto tomato sauce","Meike","Wednesday","PastaVeggie",1,"10","25",574,680,106,"Volkoren penne met rodepesto-tomaten saus","https://www.hellofresh.nl/recipes/volkoren-penne-met-rode-pesto-tomatensaus-6482f79c4726b736914e1a6f","Meike_Wed_PastaVeggie_Pers1_Moment2.jpg",3,"pasta","onion","zucchini","root vegetables","garlic","sauce","cheese","herbs","water or broth","fats or oils","tomatoes","tomatoes","tomatoes",NA,NA,"270g Penne; 1.5 Onion; 1.5  Zucchini; 1.5  Carrot; 1.5  Garlic cloves; 120g Red Pesto; 60g Grana Padano Flakes; 15g Basil; 300ml Broth; 3 tablespoon olive oil; 120 g tomatoes; 0.5 tomato puree; 50g tomato paste"," Penne; Onion;  Zucchini;  Carrot;  Garlic ;  Red Pesto; Grana Padano Flakes; Basil; Broth;  olive oil; tomatoes; tomato puree; tomato paste",106,106,"```json
{
    ""pasta"": ""1/4 cup"",
    ""tomato_sauce"": ""2 tablespoons"",
    ""eggplant"": ""2 pieces"",
    ""basil"": ""1 teaspoon"",
    ""parmesan_cheese"": ""1 teaspoon""
}
```",53,"pasta","1/4 cup","tomatoes","2 tablespoons","eggplant","2 pieces","herbs","1 teaspoon","cheese","1 teaspoon",NA,NA,NA,NA,NA,NA,"```json
{
    ""pasta"": ""1/4 cup"",
    ""tomato_sauce"": ""2 tablespoons"",
    ""eggplant"": ""2 pieces"",
    ""basil"": ""1 teaspoon"",
    ""parmesan_cheese"": ""1 teaspoon""
}
```",53,"pasta","1/4 cup","tomatoes","2 tablespoons","eggplant","2 pieces","herbs","1 teaspoon","cheese","1 teaspoon",NA,NA,NA,NA,NA,NA,"```json
{
    ""pasta"": ""1/4 cup"",
    ""tomato_sauce"": ""2 tablespoons"",
    ""eggplant"": ""2 pieces"",
    ""basil"": ""1 teaspoon"",
    ""parmesan_cheese"": ""1 teaspoon""
}
```",53,"pasta","1/4 cup","tomatoes","2 tablespoons","eggplant","2 pieces","herbs","1 teaspoon","cheese","1 teaspoon",NA,NA,NA,NA,NA,NA,"```json
{
    ""pasta"": ""1/4 cup"",
    ""tomato sauce"": ""2 tablespoons"",
    ""eggplant"": ""2 pieces"",
    ""basil"": ""1 teaspoon"",
    ""parmesan cheese"": ""1 teaspoon""
}
```",53,"pasta","1/4 cup","tomatoes","2 tablespoons","eggplant","2 pieces","herbs","1 teaspoon","cheese","1 teaspoon",NA,NA,NA,NA,NA,NA,"```json
{
    ""pasta"": ""1/4 cup"",
    ""tomato_sauce"": ""2 tablespoons"",
    ""eggplant"": ""2 pieces"",
    ""basil"": ""1 teaspoon"",
    ""parmesan_cheese"": ""1 teaspoon""
}
```",53,"pasta","1/4 cup","tomatoes","2 tablespoons","eggplant","2 pieces","herbs","1 teaspoon","cheese","1 teaspoon",NA,NA,NA,NA,NA,NA,"```json
{
  ""Pasta"": 20,
  ""Tomato Sauce"": 15,
  ""Cheese"": 5,
  ""Basil"": 2,
  ""Vegetables"": 10
}
```",53,"pasta",20,"tomatoes",15,"cheese",5,"herbs",2,"vegetable mix",10,NA,NA,NA,NA,NA,NA,"```json
{
  ""Pasta"": 20,
  ""Tomato Sauce"": 15,
  ""Cheese"": 5,
  ""Basil"": 2,
  ""Vegetables"": 10
}
```",53,"pasta",20,"tomatoes",15,"cheese",5,"herbs",2,"vegetable mix",10,NA,NA,NA,NA,NA,NA,"```json
{
    ""Pasta"": 20,
    ""Tomato Sauce"": 15,
    ""Eggplant"": 10,
    ""Basil"": 2,
    ""Parmesan Cheese"": 3
}
```",53,"pasta",20,"tomatoes",15,"eggplant",10,"herbs",2,"cheese",3,NA,NA,NA,NA,NA,NA,"```json
{
    ""Pasta"": 20,
    ""Tomato Sauce"": 15,
    ""Eggplant"": 10,
    ""Basil"": 2,
    ""Parmesan Cheese"": 5
}
```",53,"pasta",20,"tomatoes",15,"eggplant",10,"herbs",2,"cheese",5,NA,NA,NA,NA,NA,NA,"```json
{
    ""Pasta"": 20,
    ""Tomato Sauce"": 15,
    ""Cheese"": 5,
    ""Basil"": 2,
    ""Vegetables"": 10
}
```",53,"pasta",20,"tomatoes",15,"cheese",5,"herbs",2,"vegetable mix",10,NA,NA,NA,NA,NA,NA,"```json
{
    ""Pasta"": 20,
    ""Tomato Sauce"": 15,
    ""Eggplant"": 10,
    ""Basil"": 2,
    ""Parmesan Cheese"": 3
}
```",53,"pasta",20,"tomatoes",15,"eggplant",10,"herbs",2,"cheese",3,NA,NA,NA,NA,NA,NA,"```json
{
    ""Pasta"": 20,
    ""Tomato Sauce"": 15,
    ""Eggplant"": 10,
    ""Basil"": 2,
    ""Parmesan Cheese"": 3
}
```",53,"pasta",20,"tomatoes",15,"eggplant",10,"herbs",2,"cheese",3,NA,NA,NA,NA,NA,NA,"```json
{
    ""Pasta"": 20,
    ""Tomato Sauce"": 15,
    ""Eggplant"": 10,
    ""Basil"": 2,
    ""Parmesan Cheese"": 5
}
```",53,"pasta",20,"tomatoes",15,"eggplant",10,"herbs",2,"cheese",5,NA,NA,NA,NA,NA,NA,"```json
{
    ""Pasta"": 20,
    ""Tomato Sauce"": 15,
    ""Eggplant"": 10,
    ""Basil"": 2,
    ""Parmesan Cheese"": 5
}
```",53,"pasta",20,"tomatoes",15,"eggplant",10,"herbs",2,"cheese",5,NA,NA,NA,NA,NA,NA,"```json
{
    ""Pasta"": 20,
    ""Tomato Sauce"": 15,
    ""Eggplant"": 10,
    ""Basil"": 2,
    ""Parmesan Cheese"": 3
}
```",53,"pasta",20,"tomatoes",15,"eggplant",10,"herbs",2,"cheese",3,NA,NA,NA,NA,NA,NA,50,30,116,3,6,NA,NA,NA,50,30,116,3,6,NA,NA,NA,50,30,116,3,6,NA,NA,NA,50,30,116,3,6,NA,NA,NA,50,30,116,3,6,NA,NA,NA,205,-99,99,205,-99,99,205,-99,99,205,-99,99,205,-99,99,52,54,54,52,54,54,50,56,56,52,54,54,52,54,54,50,56,56,50,56,56,52,54,54,52,54,54,50,56,56,4,1,4,1,4,1,4,1,4,1,4,1,4,1,4,1,4,1,4,1,4,1,4,1,4,1,4,1,4,1
"Whole wheat penne with red pesto tomato sauce","Meike","Wednesday","PastaVeggie",2,"10","25",616,749,133,"Volkoren penne met rodepesto-tomaten saus","https://www.hellofresh.nl/recipes/volkoren-penne-met-rode-pesto-tomatensaus-6482f79c4726b736914e1a6f","Meike_Wed_PastaVeggie_Pers2_Moment2.jpg",3,"pasta","onion","zucchini","root vegetables","garlic","sauce","cheese","herbs","water or broth","fats or oils","tomatoes","tomatoes","tomatoes",NA,NA,"270g Penne; 1.5 Onion; 1.5  Zucchini; 1.5  Carrot; 1.5  Garlic cloves; 120g Red Pesto; 60g Grana Padano Flakes; 15g Basil; 300ml Broth; 3 tablespoon olive oil; 120 g tomatoes; 0.5 tomato puree; 50g tomato paste"," Penne; Onion;  Zucchini;  Carrot;  Garlic ;  Red Pesto; Grana Padano Flakes; Basil; Broth;  olive oil; tomatoes; tomato puree; tomato paste",133,133,"```json
{
  ""zucchini"": ""0.5 cups"",
  ""red onion"": ""0.25 cups"",
  ""tomato sauce"": ""0.5 cups""
}
```",56,"zucchini","0.5 cups","onion","0.25 cups","tomatoes","0.5 cups",NA,NA,NA,NA,NA,NA,NA,NA,NA,NA,"```json
{
  ""zucchini"": ""0.5 cups"",
  ""red onion"": ""0.25 cups"",
  ""tomato sauce"": ""0.5 cups""
}
```",56,"zucchini","0.5 cups","onion","0.25 cups","tomatoes","0.5 cups",NA,NA,NA,NA,NA,NA,NA,NA,NA,NA,"```json
{
  ""zucchini"": ""5 pieces"",
  ""red onion"": ""3 pieces"",
  ""tomato sauce"": ""0.5 cups""
}
```",56,"zucchini","5 pieces","onion","3 pieces","tomatoes","0.5 cups",NA,NA,NA,NA,NA,NA,NA,NA,NA,NA,"```json
{
  ""zucchini"": ""0.5 cups"",
  ""red onion"": ""0.25 cups"",
  ""tomato sauce"": ""0.5 cups""
}
```",56,"zucchini","0.5 cups","onion","0.25 cups","tomatoes","0.5 cups",NA,NA,NA,NA,NA,NA,NA,NA,NA,NA,"```json
{
  ""Zucchini"": ""5 pieces"",
  ""Red Onion"": ""3 pieces"",
  ""Tomato Sauce"": ""0.5 cups""
}
```",56,"zucchini","5 pieces","onion","3 pieces","tomatoes","0.5 cups",NA,NA,NA,NA,NA,NA,NA,NA,NA,NA,"```json
{
  ""Zucchini"": 30,
  ""Tomato Sauce"": 50,
  ""Red Onion"": 20
}
```",56,"zucchini",30,"tomatoes",50,"onion",20,NA,NA,NA,NA,NA,NA,NA,NA,NA,NA,"```json
{
  ""Zucchini"": 30,
  ""Tomato Sauce"": 50,
  ""Red Onion"": 20
}
```",56,"zucchini",30,"tomatoes",50,"onion",20,NA,NA,NA,NA,NA,NA,NA,NA,NA,NA,"```json
{
  ""Zucchini"": 30,
  ""Tomato Sauce"": 50,
  ""Red Onion"": 20
}
```",56,"zucchini",30,"tomatoes",50,"onion",20,NA,NA,NA,NA,NA,NA,NA,NA,NA,NA,"```json
{
  ""Zucchini"": 30,
  ""Tomato Sauce"": 50,
  ""Red Onion"": 20
}
```",56,"zucchini",30,"tomatoes",50,"onion",20,NA,NA,NA,NA,NA,NA,NA,NA,NA,NA,"```json
{
  ""Zucchini"": 30,
  ""Tomato Sauce"": 50,
  ""Red Onion"": 20
}
```",56,"zucchini",30,"tomatoes",50,"onion",20,NA,NA,NA,NA,NA,NA,NA,NA,NA,NA,"```json
{
  ""Remnants"": 0
}
```",56,NA,0,NA,NA,NA,NA,NA,NA,NA,NA,NA,NA,NA,NA,NA,NA,"```json
{
  ""Remnants"": 0
}
```",56,NA,0,NA,NA,NA,NA,NA,NA,NA,NA,NA,NA,NA,NA,NA,NA,"```json
{
  ""Remnants"": 0
}
```",56,NA,0,NA,NA,NA,NA,NA,NA,NA,NA,NA,NA,NA,NA,NA,NA,"```json
{
  ""Remnants"": 0
}
```",56,NA,0,NA,NA,NA,NA,NA,NA,NA,NA,NA,NA,NA,NA,NA,NA,"```json
{
  ""Remnants"": 0
}
```",56,NA,0,NA,NA,NA,NA,NA,NA,NA,NA,NA,NA,NA,NA,NA,NA,75,40,129,NA,NA,NA,NA,NA,75,40,129,NA,NA,NA,NA,NA,100,21,129,NA,NA,NA,NA,NA,75,40,129,NA,NA,NA,NA,NA,100,21,129,NA,NA,NA,NA,NA,244,-111,111,244,-111,111,250,-117,117,244,-111,111,250,-117,117,100,33,33,100,33,33,100,33,33,100,33,33,100,33,33,0,133,133,0,133,133,0,133,133,0,133,133,0,133,133,3,0,3,0,3,0,3,0,3,0,3,0,3,0,3,0,3,0,3,0,0,0,0,0,0,0,0,0,0,0
"Whole wheat penne with red pesto tomato sauce","Meike","Wednesday","PastaVeggie",3,"10","25",598,745,147,"Volkoren penne met rodepesto-tomaten saus","https://www.hellofresh.nl/recipes/volkoren-penne-met-rode-pesto-tomatensaus-6482f79c4726b736914e1a6f","Meike_Wed_PastaVeggie_Pers3_Moment2.jpg",3,"pasta","onion","zucchini","root vegetables","garlic","sauce","cheese","herbs","water or broth","fats or oils","tomatoes","tomatoes","tomatoes",NA,NA,"270g Penne; 1.5 Onion; 1.5  Zucchini; 1.5  Carrot; 1.5  Garlic cloves; 120g Red Pesto; 60g Grana Padano Flakes; 15g Basil; 300ml Broth; 3 tablespoon olive oil; 120 g tomatoes; 0.5 tomato puree; 50g tomato paste"," Penne; Onion;  Zucchini;  Carrot;  Garlic ;  Red Pesto; Grana Padano Flakes; Basil; Broth;  olive oil; tomatoes; tomato puree; tomato paste",147,147,"```json
{
  ""Penne Pasta"": ""1 cup"",
  ""Tomato Sauce"": ""0.5 cup"",
  ""Cheese"": ""2 tablespoons"",
  ""Herbs"": ""1 teaspoon""
}
```",59,"pasta","1 cup","tomatoes","0.5 cup","cheese","2 tablespoons","herbs","1 teaspoon",NA,NA,NA,NA,NA,NA,NA,NA,"```json
{
    ""Penne Pasta"": ""1 cup"",
    ""Tomato Sauce"": ""0.5 cup"",
    ""Cheese"": ""2 tablespoons"",
    ""Herbs"": ""1 tablespoon""
}
```",59,"pasta","1 cup","tomatoes","0.5 cup","cheese","2 tablespoons","herbs","1 tablespoon",NA,NA,NA,NA,NA,NA,NA,NA,"```json
{
    ""Penne Pasta"": ""1 cup"",
    ""Tomato Sauce"": ""0.5 cup"",
    ""Cheese"": ""2 tablespoons"",
    ""Herbs"": ""1 teaspoon""
}
```",59,"pasta","1 cup","tomatoes","0.5 cup","cheese","2 tablespoons","herbs","1 teaspoon",NA,NA,NA,NA,NA,NA,NA,NA,"```json
{
    ""Penne Pasta"": ""1 cup"",
    ""Tomato Sauce"": ""0.5 cup"",
    ""Cheese"": ""2 tablespoons"",
    ""Herbs"": ""1 tablespoon""
}
```",59,"pasta","1 cup","tomatoes","0.5 cup","cheese","2 tablespoons","herbs","1 tablespoon",NA,NA,NA,NA,NA,NA,NA,NA,"```json
{
    ""Penne Pasta"": ""1 cup"",
    ""Tomato Sauce"": ""0.5 cup"",
    ""Cheese"": ""2 tablespoons"",
    ""Herbs"": ""1 teaspoon""
}
```",59,"pasta","1 cup","tomatoes","0.5 cup","cheese","2 tablespoons","herbs","1 teaspoon",NA,NA,NA,NA,NA,NA,NA,NA,"```json
{
  ""Penne Pasta"": 80,
  ""Tomato Sauce"": 100,
  ""Cheese"": 10,
  ""Herbs"": 5
}
```",59,"pasta",80,"tomatoes",100,"cheese",10,"herbs",5,NA,NA,NA,NA,NA,NA,NA,NA,"```json
{
  ""Penne Pasta"": 80,
  ""Tomato Sauce"": 100,
  ""Cheese"": 10,
  ""Herbs"": 5
}
```",59,"pasta",80,"tomatoes",100,"cheese",10,"herbs",5,NA,NA,NA,NA,NA,NA,NA,NA,"```json
{
  ""Penne Pasta"": 80,
  ""Tomato Sauce"": 100,
  ""Cheese"": 10,
  ""Herbs"": 5
}
```",59,"pasta",80,"tomatoes",100,"cheese",10,"herbs",5,NA,NA,NA,NA,NA,NA,NA,NA,"```json
{
  ""Penne Pasta"": 100,
  ""Tomato Sauce"": 80,
  ""Cheese"": 10,
  ""Herbs"": 5
}
```",59,"pasta",100,"tomatoes",80,"cheese",10,"herbs",5,NA,NA,NA,NA,NA,NA,NA,NA,"```json
{
  ""Penne Pasta"": 100,
  ""Tomato Sauce"": 150,
  ""Cheese"": 20,
  ""Herbs"": 5
}
```",59,"pasta",100,"tomatoes",150,"cheese",20,"herbs",5,NA,NA,NA,NA,NA,NA,NA,NA,"```json
{
    ""Penne Pasta"": 100,
    ""Tomato Sauce"": 150,
    ""Cheese"": 20,
    ""Herbs"": 5
}
```",59,"pasta",100,"tomatoes",150,"cheese",20,"herbs",5,NA,NA,NA,NA,NA,NA,NA,NA,"```json
{
  ""Penne Pasta"": 100,
  ""Tomato Sauce"": 150,
  ""Cheese"": 20,
  ""Herbs"": 5
}
```",59,"pasta",100,"tomatoes",150,"cheese",20,"herbs",5,NA,NA,NA,NA,NA,NA,NA,NA,"```json
{
    ""Penne Pasta"": 100,
    ""Tomato Sauce"": 150,
    ""Cheese"": 20,
    ""Herbs"": 5
}
```",59,"pasta",100,"tomatoes",150,"cheese",20,"herbs",5,NA,NA,NA,NA,NA,NA,NA,NA,"```json
{
  ""Penne Pasta"": 100,
  ""Tomato Sauce"": 150,
  ""Cheese"": 20,
  ""Herbs"": 5
}
```",59,"pasta",100,"tomatoes",150,"cheese",20,"herbs",5,NA,NA,NA,NA,NA,NA,NA,NA,"```json
{
    ""Penne Pasta"": 100,
    ""Tomato Sauce"": 150,
    ""Cheese"": 20,
    ""Herbs"": 5
}
```",59,"pasta",100,"tomatoes",150,"cheese",20,"herbs",5,NA,NA,NA,NA,NA,NA,NA,NA,200,129,30,1,NA,NA,NA,NA,200,129,30,8,NA,NA,NA,NA,200,129,30,1,NA,NA,NA,NA,200,129,30,8,NA,NA,NA,NA,200,129,30,1,NA,NA,NA,NA,360,-213,213,367,-220,220,360,-213,213,367,-220,220,360,-213,213,195,-48,48,195,-48,48,195,-48,48,195,-48,48,275,-128,128,275,-128,128,275,-128,128,275,-128,128,275,-128,128,275,-128,128,4,0,4,0,4,0,4,0,4,0,4,0,4,0,4,0,4,0,4,0,4,0,4,0,4,0,4,0,4,0
"Whole wheat penne with red pesto tomato sauce","Meike","Wednesday","PastaVeggie",1,"finished","25",574,580,6,"Volkoren penne met rodepesto-tomaten saus","https://www.hellofresh.nl/recipes/volkoren-penne-met-rode-pesto-tomatensaus-6482f79c4726b736914e1a6f","Meike_Wed_PastaVeggie_Pers1_Moment3.jpg",3,"pasta","onion","zucchini","root vegetables","garlic","sauce","cheese","herbs","water or broth","fats or oils","tomatoes","tomatoes","tomatoes",NA,NA,"270g Penne; 1.5 Onion; 1.5  Zucchini; 1.5  Carrot; 1.5  Garlic cloves; 120g Red Pesto; 60g Grana Padano Flakes; 15g Basil; 300ml Broth; 3 tablespoon olive oil; 120 g tomatoes; 0.5 tomato puree; 50g tomato paste"," Penne; Onion;  Zucchini;  Carrot;  Garlic ;  Red Pesto; Grana Padano Flakes; Basil; Broth;  olive oil; tomatoes; tomato puree; tomato paste",6,6,"```json
{
  ""Remnants"": ""2 teaspoons""
}
```",54,NA,"2 teaspoons",NA,NA,NA,NA,NA,NA,NA,NA,NA,NA,NA,NA,NA,NA,"```json
{
  ""Remnants"": ""1 teaspoon""
}
```",54,NA,"1 teaspoon",NA,NA,NA,NA,NA,NA,NA,NA,NA,NA,NA,NA,NA,NA,"```json
{
  ""Remnants"": ""1 teaspoon""
}
```",54,NA,"1 teaspoon",NA,NA,NA,NA,NA,NA,NA,NA,NA,NA,NA,NA,NA,NA,"```json
{
  ""Remnants"": ""2 teaspoons""
}
```",54,NA,"2 teaspoons",NA,NA,NA,NA,NA,NA,NA,NA,NA,NA,NA,NA,NA,NA,"```json
{
  ""Remnants"": ""2 teaspoons""
}
```",54,NA,"2 teaspoons",NA,NA,NA,NA,NA,NA,NA,NA,NA,NA,NA,NA,NA,NA,"```json
{""Remnants"": 0 grams}
```",54,NA,NA,NA,NA,NA,NA,NA,NA,NA,NA,NA,NA,NA,NA,NA,NA,"```json
{""Remnants"": 0 grams}
```",54,NA,NA,NA,NA,NA,NA,NA,NA,NA,NA,NA,NA,NA,NA,NA,NA,"```json
{""Remnants"": 0 grams}
```",54,NA,NA,NA,NA,NA,NA,NA,NA,NA,NA,NA,NA,NA,NA,NA,NA,"```json
{""Remnants"": 0 grams}
```",54,NA,NA,NA,NA,NA,NA,NA,NA,NA,NA,NA,NA,NA,NA,NA,NA,"```json
{""Remnants"": 0 grams}
```",54,NA,NA,NA,NA,NA,NA,NA,NA,NA,NA,NA,NA,NA,NA,NA,NA,"```json
{""Remnants"": 0 grams}
```",54,NA,NA,NA,NA,NA,NA,NA,NA,NA,NA,NA,NA,NA,NA,NA,NA,"```json
{""Remnants"": 0 grams}
```",54,NA,NA,NA,NA,NA,NA,NA,NA,NA,NA,NA,NA,NA,NA,NA,NA,"```json
{""Remnants"": 0 grams}
```",54,NA,NA,NA,NA,NA,NA,NA,NA,NA,NA,NA,NA,NA,NA,NA,NA,"```json
{""Remnants"": 0 grams}
```",54,NA,NA,NA,NA,NA,NA,NA,NA,NA,NA,NA,NA,NA,NA,NA,NA,"```json
{""Remnants"": 0 grams}
```",54,NA,NA,NA,NA,NA,NA,NA,NA,NA,NA,NA,NA,NA,NA,NA,NA,4,NA,NA,NA,NA,NA,NA,NA,2,NA,NA,NA,NA,NA,NA,NA,2,NA,NA,NA,NA,NA,NA,NA,4,NA,NA,NA,NA,NA,NA,NA,4,NA,NA,NA,NA,NA,NA,NA,4,2,2,2,4,4,2,4,4,4,2,2,4,2,2,0,6,6,0,6,6,0,6,6,0,6,6,0,6,6,0,6,6,0,6,6,0,6,6,0,6,6,0,6,6,0,0,0,0,0,0,0,0,0,0,0,0,0,0,0,0,0,0,0,0,0,0,0,0,0,0,0,0,0,0
"Whole wheat penne with red pesto tomato sauce","Meike","Wednesday","PastaVeggie",2,"finished","25",616,631,15,"Volkoren penne met rodepesto-tomaten saus","https://www.hellofresh.nl/recipes/volkoren-penne-met-rode-pesto-tomatensaus-6482f79c4726b736914e1a6f","Meike_Wed_PastaVeggie_Pers2_Moment3.jpg",3,"pasta","onion","zucchini","root vegetables","garlic","sauce","cheese","herbs","water or broth","fats or oils","tomatoes","tomatoes","tomatoes",NA,NA,"270g Penne; 1.5 Onion; 1.5  Zucchini; 1.5  Carrot; 1.5  Garlic cloves; 120g Red Pesto; 60g Grana Padano Flakes; 15g Basil; 300ml Broth; 3 tablespoon olive oil; 120 g tomatoes; 0.5 tomato puree; 50g tomato paste"," Penne; Onion;  Zucchini;  Carrot;  Garlic ;  Red Pesto; Grana Padano Flakes; Basil; Broth;  olive oil; tomatoes; tomato puree; tomato paste",15,15,"```json
{""Remnants"": ""2 teaspoons""}
```",57,NA,NA,NA,NA,NA,NA,NA,NA,NA,NA,NA,NA,NA,NA,NA,NA,"```json
{""Remnants"": ""2 teaspoons""}
```",57,NA,NA,NA,NA,NA,NA,NA,NA,NA,NA,NA,NA,NA,NA,NA,NA,"```json
{""Remnants"": ""2 teaspoons""}
```",57,NA,NA,NA,NA,NA,NA,NA,NA,NA,NA,NA,NA,NA,NA,NA,NA,"```json
{""Remnants"": ""2 teaspoons""}
```",57,NA,NA,NA,NA,NA,NA,NA,NA,NA,NA,NA,NA,NA,NA,NA,NA,"```json
{""Remnants"": ""2 teaspoons""}
```",57,NA,NA,NA,NA,NA,NA,NA,NA,NA,NA,NA,NA,NA,NA,NA,NA,"```json
{""Remnants"": 0 grams}
```",57,NA,NA,NA,NA,NA,NA,NA,NA,NA,NA,NA,NA,NA,NA,NA,NA,"```json
{""Remnants"": 0 grams}
```",57,NA,NA,NA,NA,NA,NA,NA,NA,NA,NA,NA,NA,NA,NA,NA,NA,"```json
{""Remnants"": 0 grams}
```",57,NA,NA,NA,NA,NA,NA,NA,NA,NA,NA,NA,NA,NA,NA,NA,NA,"```json
{""Remnants"": 0 grams}
```",57,NA,NA,NA,NA,NA,NA,NA,NA,NA,NA,NA,NA,NA,NA,NA,NA,"```json
{""Remnants"": 5}
```",57,NA,NA,NA,NA,NA,NA,NA,NA,NA,NA,NA,NA,NA,NA,NA,NA,"```json
{""Remnants"": 5}
```",57,NA,NA,NA,NA,NA,NA,NA,NA,NA,NA,NA,NA,NA,NA,NA,NA,"```json
{""Remnants"": 5}
```",57,NA,NA,NA,NA,NA,NA,NA,NA,NA,NA,NA,NA,NA,NA,NA,NA,"```json
{""Remnants"": 5}
```",57,NA,NA,NA,NA,NA,NA,NA,NA,NA,NA,NA,NA,NA,NA,NA,NA,"```json
{""Remnants"": 5}
```",57,NA,NA,NA,NA,NA,NA,NA,NA,NA,NA,NA,NA,NA,NA,NA,NA,"```json
{""Remnants"": 5}
```",57,NA,NA,NA,NA,NA,NA,NA,NA,NA,NA,NA,NA,NA,NA,NA,NA,NA,NA,NA,NA,NA,NA,NA,NA,NA,NA,NA,NA,NA,NA,NA,NA,NA,NA,NA,NA,NA,NA,NA,NA,NA,NA,NA,NA,NA,NA,NA,NA,NA,NA,NA,NA,NA,NA,NA,NA,0,15,15,0,15,15,0,15,15,0,15,15,0,15,15,0,15,15,0,15,15,0,15,15,0,15,15,0,15,15,0,15,15,0,15,15,0,15,15,0,15,15,0,15,15,0,0,0,0,0,0,0,0,0,0,0,0,0,0,0,0,0,0,0,0,0,0,0,0,0,0,0,0,0,0
"Whole wheat penne with red pesto tomato sauce","Meike","Wednesday","PastaVeggie",3,"finished","25",598,624,26,"Volkoren penne met rodepesto-tomaten saus","https://www.hellofresh.nl/recipes/volkoren-penne-met-rode-pesto-tomatensaus-6482f79c4726b736914e1a6f","Meike_Wed_PastaVeggie_Pers3_Moment3.jpg",3,"pasta","onion","zucchini","root vegetables","garlic","sauce","cheese","herbs","water or broth","fats or oils","tomatoes","tomatoes","tomatoes",NA,NA,"270g Penne; 1.5 Onion; 1.5  Zucchini; 1.5  Carrot; 1.5  Garlic cloves; 120g Red Pesto; 60g Grana Padano Flakes; 15g Basil; 300ml Broth; 3 tablespoon olive oil; 120 g tomatoes; 0.5 tomato puree; 50g tomato paste"," Penne; Onion;  Zucchini;  Carrot;  Garlic ;  Red Pesto; Grana Padano Flakes; Basil; Broth;  olive oil; tomatoes; tomato puree; tomato paste",26,26,"```json
{
  ""Remnants"": ""2 tablespoons""
}
```",60,NA,"2 tablespoons",NA,NA,NA,NA,NA,NA,NA,NA,NA,NA,NA,NA,NA,NA,"```json
{
  ""Remnants"": ""2 tablespoons""
}
```",60,NA,"2 tablespoons",NA,NA,NA,NA,NA,NA,NA,NA,NA,NA,NA,NA,NA,NA,"```json
{
  ""Remnants"": ""2 tablespoons""
}
```",60,NA,"2 tablespoons",NA,NA,NA,NA,NA,NA,NA,NA,NA,NA,NA,NA,NA,NA,"```json
{
  ""Remnants"": ""2 tablespoons""
}
```",60,NA,"2 tablespoons",NA,NA,NA,NA,NA,NA,NA,NA,NA,NA,NA,NA,NA,NA,"```json
{""Remnants"": ""2 tablespoons""}
```",60,NA,NA,NA,NA,NA,NA,NA,NA,NA,NA,NA,NA,NA,NA,NA,NA,"```json
{""Remnants"": 0 grams}
```",60,NA,NA,NA,NA,NA,NA,NA,NA,NA,NA,NA,NA,NA,NA,NA,NA,"```json
{""Remnants"": 0 grams}
```",60,NA,NA,NA,NA,NA,NA,NA,NA,NA,NA,NA,NA,NA,NA,NA,NA,"```json
{""Remnants"": 0 grams}
```",60,NA,NA,NA,NA,NA,NA,NA,NA,NA,NA,NA,NA,NA,NA,NA,NA,"```json
{""Remnants"": 0 grams}
```",60,NA,NA,NA,NA,NA,NA,NA,NA,NA,NA,NA,NA,NA,NA,NA,NA,"```json
{""Remnants"": 0 grams}
```",60,NA,NA,NA,NA,NA,NA,NA,NA,NA,NA,NA,NA,NA,NA,NA,NA,"```json
{""Remnants"": 0}
```",60,NA,NA,NA,NA,NA,NA,NA,NA,NA,NA,NA,NA,NA,NA,NA,NA,"```json
{""Remnants"": 0}
```",60,NA,NA,NA,NA,NA,NA,NA,NA,NA,NA,NA,NA,NA,NA,NA,NA,"```json
{""Remnants"": 0}
```",60,NA,NA,NA,NA,NA,NA,NA,NA,NA,NA,NA,NA,NA,NA,NA,NA,"```json
{""Remnants"": 0 grams}
```",60,NA,NA,NA,NA,NA,NA,NA,NA,NA,NA,NA,NA,NA,NA,NA,NA,"```json
{""Remnants"": 0 grams}
```",60,NA,NA,NA,NA,NA,NA,NA,NA,NA,NA,NA,NA,NA,NA,NA,NA,30,NA,NA,NA,NA,NA,NA,NA,30,NA,NA,NA,NA,NA,NA,NA,30,NA,NA,NA,NA,NA,NA,NA,30,NA,NA,NA,NA,NA,NA,NA,NA,NA,NA,NA,NA,NA,NA,NA,30,-4,4,30,-4,4,30,-4,4,30,-4,4,0,26,26,0,26,26,0,26,26,0,26,26,0,26,26,0,26,26,0,26,26,0,26,26,0,26,26,0,26,26,0,26,26,0,0,0,0,0,0,0,0,0,0,0,0,0,0,0,0,0,0,0,0,0,0,0,0,0,0,0,0,0,0
